Open time,Open,High,Low,Close,Volume,Quote asset volume,Number of trades,Taker buy base asset volume
2018-01-01 00:00:00.000000 ,13715.65,13818.55,12750.0,13380.0,8609.915844,114799747.44197056,105595,3961.938946
2018-01-02 00:00:00.000000 ,13382.16,15473.49,12890.02,14675.11,20078.092111,279717107.4337192,177728,11346.326739
2018-01-03 00:00:00.000000 ,14690.0,15307.56,14150.0,14919.51,15905.667639,236116868.33619007,162787,8994.953566
2018-01-04 00:00:00.000000 ,14919.51,15280.0,13918.04,15059.54,21329.649574,312781583.79830784,170310,12680.812951
2018-01-05 00:00:00.000000 ,15059.56,17176.24,14600.0,16960.39,23251.491125,369321956.4868375,192969,13346.622293
2018-01-06 00:00:00.000000 ,16960.39,17143.13,16011.21,17069.79,18571.457508,309216920.9864104,158242,11007.164056
2018-01-07 00:00:00.000000 ,17069.79,17099.96,15610.0,16150.03,12493.125558,206194706.37068355,120269,6779.320508
2018-01-08 00:00:00.000000 ,16218.85,16322.3,12812.0,14902.54,26600.609912,396569997.15746266,208642,13756.844389
2018-01-09 00:00:00.000000 ,14902.54,15500.0,14011.05,14400.0,14315.004253,210630187.45766863,156656,6841.233287
2018-01-10 00:00:00.000000 ,14401.0,14955.66,13131.31,14907.09,17411.001655,244011366.763028,161476,8529.554675
2018-01-11 00:00:00.000000 ,14940.0,14968.68,11400.0,13238.78,33554.723751,446587594.6937379,239416,16422.01998
2018-01-12 00:00:00.000000 ,13238.76,14109.78,12500.0,13740.01,16417.162137,222516076.27145907,134452,8117.312075
2018-01-13 00:00:00.000000 ,13749.95,14580.0,13706.15,14210.0,12221.508528,173086488.54788405,123639,5574.178408
2018-01-14 00:00:00.000000 ,14210.0,14339.5,12569.2,13474.99,17017.894329,226525305.12938112,152364,8288.382911
2018-01-15 00:00:00.000000 ,13477.98,14249.99,13147.79,13539.93,14652.094705,200614554.538343,145362,7431.063272
2018-01-16 00:00:00.000000 ,13500.0,13542.93,9035.0,10900.0,63401.169175,722150828.1494024,418243,30353.401717
2018-01-17 00:00:00.000000 ,10899.99,11680.99,9037.94,10988.79,72331.796646,744154180.1312059,517293,35412.798137
2018-01-18 00:00:00.000000 ,10972.59,11878.82,10435.33,10961.97,48464.434937,541289614.0584047,393112,23814.382845
2018-01-19 00:00:00.000000 ,10960.0,11795.0,10360.0,11474.98,34129.375421,382773499.2265792,273271,16871.416355
2018-01-20 00:00:00.000000 ,11474.98,13099.0,11412.45,12799.94,28768.857827,358561107.78097045,251647,14389.196005
2018-01-21 00:00:00.000000 ,12799.8,12799.8,10965.0,11530.0,41379.773426,485289230.8188924,360207,20574.760061
2018-01-22 00:00:00.000000 ,11530.0,11926.35,9900.24,10760.05,43752.606791,475716514.20869696,363264,21300.575828
2018-01-23 00:00:00.000000 ,10760.05,11399.0,9905.0,10799.18,37473.922552,399419413.2329807,355286,18747.793828
2018-01-24 00:00:00.000000 ,10799.14,11570.48,10500.0,11349.99,27158.587762,299470607.4302002,293429,13087.393088
2018-01-25 00:00:00.000000 ,11349.96,11794.05,10950.21,11175.27,20839.954183,236081364.97365227,221040,10201.386919
2018-01-26 00:00:00.000000 ,11184.7,11643.0,10311.15,11089.0,33056.87196,360482470.17375433,314720,15330.789553
2018-01-27 00:00:00.000000 ,11089.0,11650.0,10842.69,11491.0,18860.768345,212663199.53348225,207478,9208.937963
2018-01-28 00:00:00.000000 ,11499.98,12244.0,11408.0,11879.95,16887.339524,200211582.9434541,206247,7342.786997
2018-01-29 00:00:00.000000 ,11879.95,11975.02,11139.55,11251.0,14170.377538,162110154.87880376,169199,6016.496871
2018-01-30 00:00:00.000000 ,11250.11,11308.42,9900.0,10237.51,25554.372946,268978329.50861526,259212,11388.096419
2018-01-31 00:00:00.000000 ,10230.0,10425.85,9700.0,10285.1,18015.956805,181644207.11316264,201422,8782.584442
2018-02-01 00:00:00.000000 ,10285.1,10335.0,8750.99,9224.52,33564.764311,317636345.9843711,316020,15430.003849
2018-02-02 00:00:00.000000 ,9224.52,9250.0,8010.02,8873.03,49971.626975,434236483.7044874,453411,23113.503584
2018-02-03 00:00:00.000000 ,8873.03,9473.01,8229.0,9199.96,28725.000735,256834729.0599109,327519,14182.838146
2018-02-04 00:00:00.000000 ,9199.96,9368.0,7930.0,8184.81,32014.308449,274912288.421322,356134,13805.29579
2018-02-05 00:00:00.000000 ,8179.99,8382.8,6625.0,6939.99,63403.182579,471166218.7134473,533510,29857.35839
2018-02-06 00:00:00.000000 ,6939.63,7878.0,6000.01,7652.14,100201.500307,684364276.3666689,785996,49565.020794
2018-02-07 00:00:00.000000 ,7655.02,8476.0,7150.01,7599.0,60778.460497,477935038.8117769,514893,30084.836266
2018-02-08 00:00:00.000000 ,7599.0,7844.0,7572.09,7784.02,1521.537318,11770168.04386595,12417,844.258813
2018-02-09 00:00:00.000000 ,7789.9,8738.0,7789.9,8683.92,20482.910825,173348469.81187892,273091,10404.040792
2018-02-10 00:00:00.000000 ,8683.93,9065.78,8120.0,8533.98,49381.512653,423411421.93098,537578,24506.723294
2018-02-11 00:00:00.000000 ,8533.99,8549.0,7726.53,8063.88,45025.187952,366966437.2498885,524626,23180.34192
2018-02-12 00:00:00.000000 ,8063.82,8989.0,8053.0,8903.0,41987.85049,362440826.9943769,477660,20916.949742
2018-02-13 00:00:00.000000 ,8903.0,8950.0,8351.0,8539.9,35454.972956,305165143.6969234,401893,16558.45568
2018-02-14 00:00:00.000000 ,8535.17,9489.6,8533.0,9449.99,40811.952867,370126692.728233,514897,20508.463444
2018-02-15 00:00:00.000000 ,9449.98,10219.5,9301.5,10000.09,52427.596715,512388484.73178285,608349,25805.098892
2018-02-16 00:00:00.000000 ,10000.89,10323.37,9666.0,10159.98,38161.205974,381103299.2238848,405310,18313.004466
2018-02-17 00:00:00.000000 ,10156.07,11075.07,10050.0,11039.55,41882.108407,446012696.1692673,413585,21147.624789
2018-02-18 00:00:00.000000 ,11039.55,11274.0,10080.0,10383.43,61137.380728,649423311.3100228,537534,29593.863774
2018-02-19 00:00:00.000000 ,10375.01,11250.0,10270.33,11153.0,40831.417131,443766562.68306607,366882,20619.877129
2018-02-20 00:00:00.000000 ,11147.11,11786.01,11100.59,11200.99,48153.354288,551573232.2429588,432197,24211.49181
2018-02-21 00:00:00.000000 ,11195.07,11304.03,10200.0,10437.6,68113.818754,731537130.492186,542340,32338.074002
2018-02-22 00:00:00.000000 ,10439.02,10933.44,9679.0,9811.04,67060.166483,682006373.869588,506273,33029.297624
2018-02-23 00:00:00.000000 ,9815.55,10435.0,9570.19,10131.04,57202.70237,571800753.4709765,467480,28031.011368
2018-02-24 00:00:00.000000 ,10131.04,10496.97,9352.0,9694.51,40888.156299,405618586.64803785,337918,18646.870961
2018-02-25 00:00:00.000000 ,9694.51,9847.0,9274.8,9590.0,28373.517586,271286599.1260862,233567,13956.661533
2018-02-26 00:00:00.000000 ,9590.0,10444.32,9350.0,10324.0,34878.292756,347559259.73845184,285276,17045.768706
2018-02-27 00:00:00.000000 ,10321.0,10870.0,10121.0,10569.04,30705.385123,324295371.1414657,240542,15187.083738
2018-02-28 00:00:00.000000 ,10584.33,11098.0,10300.0,10326.76,30800.983782,327914696.13067526,277886,14412.84633
2018-03-01 00:00:00.000000 ,10325.64,11060.41,10240.0,10920.0,25092.55393,268172535.3811293,230428,12785.4045
2018-03-02 00:00:00.000000 ,10923.36,11200.0,10770.0,11039.0,23910.71009,262936307.0078576,211691,11893.333632
2018-03-03 00:00:00.000000 ,11038.99,11544.0,11015.01,11464.48,21287.15328,241749497.9024717,190444,10842.682784
2018-03-04 00:00:00.000000 ,11464.47,11565.0,11050.02,11515.0,17295.918653,194849579.1250208,168359,8197.401595
2018-03-05 00:00:00.000000 ,11515.0,11710.0,11415.01,11454.0,15144.231063,174866951.39806527,164318,7668.823714
2018-03-06 00:00:00.000000 ,11455.0,11455.0,10555.48,10716.48,29515.572363,323842216.64859617,250306,13482.297196
2018-03-07 00:00:00.000000 ,10716.48,10899.0,9389.31,9910.0,50647.67108,514808033.4879209,396721,24022.451231
2018-03-08 00:00:00.000000 ,9910.0,10099.0,9060.0,9271.64,41109.473226,394641280.63843673,336514,20257.455838
2018-03-09 00:00:00.000000 ,9267.07,9410.0,8329.0,9227.0,64112.291407,567082901.1319405,462712,31166.414848
2018-03-10 00:00:00.000000 ,9230.0,9490.0,8667.07,8770.22,37180.012857,341210248.41481787,288066,17639.827276
2018-03-11 00:00:00.000000 ,8770.22,9740.0,8450.0,9533.57,44325.973386,403491260.9275316,333367,21150.206944
2018-03-12 00:00:00.000000 ,9533.57,9888.88,8780.0,9131.34,42230.77793,395562731.86503726,336642,19369.697756
2018-03-13 00:00:00.000000 ,9131.34,9474.0,8823.0,9150.0,40191.409358,367353984.7132836,342734,19856.457047
2018-03-14 00:00:00.000000 ,9151.92,9333.78,7900.28,8170.0,49708.094108,426058009.75594646,399127,22883.329725
2018-03-15 00:00:00.000000 ,8184.01,8430.0,7650.0,8240.98,52291.022277,422130717.47310126,400529,26414.160251
2018-03-16 00:00:00.000000 ,8240.98,8611.64,7900.0,8260.0,38815.409893,322355002.16519487,255807,20049.433993
2018-03-17 00:00:00.000000 ,8260.0,8348.62,7721.99,7824.8,33110.206329,265973111.6176285,292041,15677.257361
2018-03-18 00:00:00.000000 ,7824.01,8317.4,7322.0,8189.99,59488.231711,458311733.5188204,423336,28216.510794
2018-03-19 00:00:00.000000 ,8189.0,8705.23,8088.4,8600.0,55297.084942,462654338.9821279,360414,27263.324764
2018-03-20 00:00:00.000000 ,8595.01,9050.0,8280.0,8909.98,44865.105835,387879393.4706143,298261,22849.035238
2018-03-21 00:00:00.000000 ,8909.96,9177.01,8750.6,8885.0,39972.405371,358157473.3612324,293696,19047.486799
2018-03-22 00:00:00.000000 ,8884.82,9100.0,8465.1,8722.9,40617.556809,354804129.3433086,276449,19567.563618
2018-03-23 00:00:00.000000 ,8720.0,8909.0,8269.0,8898.03,39991.007666,340755592.544531,278571,20106.789387
2018-03-24 00:00:00.000000 ,8898.04,8999.95,8491.0,8546.86,35466.609572,313254829.9051367,270300,17302.10809
2018-03-25 00:00:00.000000 ,8531.25,8669.85,8365.77,8470.15,29001.769316,247023172.30795503,215660,14379.264362
2018-03-26 00:00:00.000000 ,8470.14,8514.89,7831.0,8134.23,44033.59566,358429758.8731952,310462,20957.25692
2018-03-27 00:00:00.000000 ,8134.22,8215.94,7730.0,7795.51,37427.64805,297609656.4404365,266540,18462.382105
2018-03-28 00:00:00.000000 ,7795.51,8109.0,7728.0,7949.3,26401.33167,209186093.1831796,183620,13685.417143
2018-03-29 00:00:00.000000 ,7949.3,7975.0,6941.11,7090.14,54620.915125,405591158.6323181,359537,24584.811548
2018-03-30 00:00:00.000000 ,7090.16,7292.43,6600.1,6840.23,65306.031976,450352009.170998,400057,31944.390579
2018-03-31 00:00:00.000000 ,6840.24,7223.36,6777.0,6923.91,36868.539087,258341534.47236213,240293,19086.033607
2018-04-01 00:00:00.000000 ,6922.0,7049.98,6430.0,6813.01,44071.430463,297470498.81956285,260942,21899.30066
2018-04-02 00:00:00.000000 ,6813.01,7125.0,6765.0,7056.0,32123.560072,224322159.41331607,206780,16365.683591
2018-04-03 00:00:00.000000 ,7063.97,7520.0,7011.01,7405.21,37787.331811,277080072.7617128,248143,19218.850485
2018-04-04 00:00:00.000000 ,7405.21,7427.52,6707.0,6796.1,42227.183804,297443582.7461225,277249,20299.402203
2018-04-05 00:00:00.000000 ,6796.1,6902.0,6566.69,6770.76,39029.73146,263446941.1321242,238476,18991.102712
2018-04-06 00:00:00.000000 ,6770.0,6850.0,6500.0,6601.39,27455.01192,182139799.80865908,162456,13778.063462
2018-04-07 00:00:00.000000 ,6601.39,7070.0,6586.28,6895.8,32269.578267,222323863.54144785,178577,16460.736226
2018-04-08 00:00:00.000000 ,6895.81,7109.13,6880.0,7018.0,21427.673165,149967346.66269,152461,11211.615946
2018-04-09 00:00:00.000000 ,7011.04,7185.0,6611.0,6782.72,34078.297206,234309953.7503344,212669,17046.428596
2018-04-10 00:00:00.000000 ,6781.55,6890.0,6656.0,6843.9,22326.728095,151417844.2663968,147755,11456.447936
2018-04-11 00:00:00.000000 ,6839.56,6990.0,6787.0,6953.79,23997.871177,165264003.41270605,155607,12530.65891
2018-04-12 00:00:00.000000 ,6953.78,8012.23,6743.2,7923.0,64861.595987,485176252.48933566,404588,33198.867785
2018-04-13 00:00:00.000000 ,7922.99,8233.39,7732.0,7877.41,55044.523148,439884522.7119489,351905,27485.083044
2018-04-14 00:00:00.000000 ,7877.48,8186.0,7810.0,7999.01,31621.286357,252868761.32061628,194500,16283.466045
2018-04-15 00:00:00.000000 ,8004.0,8429.54,7999.02,8355.0,27946.720444,230287099.58430216,181778,14619.464101
2018-04-16 00:00:00.000000 ,8355.07,8419.0,7867.0,8064.92,36664.069715,295817536.4749528,226748,17912.938455
2018-04-17 00:00:00.000000 ,8064.92,8173.7,7825.4,7885.02,32152.603567,258221765.57371348,221228,15662.79502
2018-04-18 00:00:00.000000 ,7890.96,8236.43,7868.0,8173.0,26969.04457,217649160.1101789,183472,14559.152289
2018-04-19 00:00:00.000000 ,8173.99,8296.0,8080.0,8278.0,27113.847464,222675105.7884542,196821,13747.595928
2018-04-20 00:00:00.000000 ,8273.84,8930.0,8177.09,8856.98,39795.337485,337288580.42571294,289687,21087.903673
2018-04-21 00:00:00.000000 ,8852.12,9035.0,8565.0,8915.31,40872.229909,358915978.10403395,295374,21145.842391
2018-04-22 00:00:00.000000 ,8915.31,9020.67,8727.68,8787.02,29458.25348,261804372.9093471,229871,14937.899116
2018-04-23 00:00:00.000000 ,8785.7,8985.0,8745.0,8934.01,25838.114709,229754640.59668773,190944,13246.605059
2018-04-24 00:00:00.000000 ,8934.0,9731.01,8922.0,9619.99,46268.790106,431210048.0625035,326608,24784.71044
2018-04-25 00:00:00.000000 ,9618.96,9759.82,8730.0,8869.99,81110.037589,745137762.9688668,477363,38824.013806
2018-04-26 00:00:00.000000 ,8869.99,9307.48,8651.62,9266.0,43300.304245,385046648.1378661,285850,22640.669137
2018-04-27 00:00:00.000000 ,9267.03,9395.0,8889.0,8915.35,37241.347036,342805674.55176014,268471,18517.604275
2018-04-28 00:00:00.000000 ,8915.35,9427.48,8870.0,9348.0,34759.62842,321653866.2001887,257288,18251.631451
2018-04-29 00:00:00.000000 ,9348.0,9570.51,9163.74,9419.0,38149.850035,357004895.9636862,311494,19364.945182
2018-04-30 00:00:00.000000 ,9417.04,9458.64,9124.99,9246.01,35002.033875,325019389.2499412,285951,17461.189029
2018-05-01 00:00:00.000000 ,9246.01,9248.99,8800.49,9071.48,41018.463633,368688349.6216845,268741,20050.167844
2018-05-02 00:00:00.000000 ,9071.48,9268.0,8970.2,9247.84,26123.543961,238421833.7581133,188258,13960.455528
2018-05-03 00:00:00.000000 ,9247.81,9844.0,9168.4,9750.0,38768.388288,366028365.2271445,282581,21093.140343
2018-05-04 00:00:00.000000 ,9750.0,9830.04,9520.85,9713.99,28681.588879,277565997.63316435,210165,14779.499554
2018-05-05 00:00:00.000000 ,9714.0,10020.0,9682.0,9864.0,24990.018345,246807563.50646487,212076,13011.844293
2018-05-06 00:00:00.000000 ,9863.99,9970.0,9417.03,9659.01,27690.351559,267359420.3035901,229309,13297.506959
2018-05-07 00:00:00.000000 ,9661.02,9689.67,9181.0,9365.0,33787.640012,316015961.44182944,230754,15818.0488
2018-05-08 00:00:00.000000 ,9365.0,9475.7,9060.54,9187.56,25533.831889,236418155.6869352,189159,13086.547467
2018-05-09 00:00:00.000000 ,9178.0,9390.0,8965.0,9310.0,25673.524899,235736782.28825977,192337,13597.268159
2018-05-10 00:00:00.000000 ,9310.0,9395.12,8970.0,9002.2,25055.063718,231595002.59561664,221075,12548.13816
2018-05-11 00:00:00.000000 ,9002.21,9016.8,8341.0,8400.0,48227.048061,418859806.4816156,365538,22767.458667
2018-05-12 00:00:00.000000 ,8405.94,8646.88,8153.0,8465.94,40241.32081,337899865.8601308,310305,19545.974195
2018-05-13 00:00:00.000000 ,8475.44,8763.36,8298.0,8679.71,25632.869362,219455683.08035555,215590,12797.047912
2018-05-14 00:00:00.000000 ,8679.71,8879.99,8277.0,8663.34,37389.666533,320583612.23009104,292731,18408.055641
2018-05-15 00:00:00.000000 ,8663.37,8859.99,8401.3,8462.0,28126.956136,242341031.0616692,360379,13977.497647
2018-05-16 00:00:00.000000 ,8462.0,8488.0,8083.01,8330.0,31130.718908,257056552.43007565,300842,15627.101368
2018-05-17 00:00:00.000000 ,8330.0,8464.0,7979.0,8041.46,25439.844799,209489039.34104192,310780,12489.264499
2018-05-18 00:00:00.000000 ,8038.82,8273.21,7911.9,8239.81,23476.158251,189870380.8577869,183913,12352.9627
2018-05-19 00:00:00.000000 ,8238.01,8390.8,8095.73,8233.49,17193.424276,141878775.40909585,134185,8731.948551
2018-05-20 00:00:00.000000 ,8233.49,8609.0,8163.9,8526.98,19957.057109,167440553.7493928,161265,10632.450955
2018-05-21 00:00:00.000000 ,8526.97,8595.31,8305.0,8381.24,21516.596486,181750674.8213496,184158,10738.686399
2018-05-22 00:00:00.000000 ,8386.89,8400.18,7935.11,7977.11,23710.902858,194335432.4375409,192154,11801.527076
2018-05-23 00:00:00.000000 ,7977.12,8031.9,7425.0,7501.95,42910.666774,331238049.64074606,306812,20890.889274
2018-05-24 00:00:00.000000 ,7501.95,7730.73,7266.99,7575.01,37845.446595,284286378.50810045,253694,19012.981252
2018-05-25 00:00:00.000000 ,7578.99,7649.55,7308.15,7457.0,26739.95664,199749585.9695036,239025,13830.870235
2018-05-26 00:00:00.000000 ,7456.99,7620.0,7300.0,7333.96,19464.086071,145636226.4590289,212344,10377.955643
2018-05-27 00:00:00.000000 ,7334.0,7400.0,7231.11,7338.99,18706.945515,136710618.49801704,198341,10258.276953
2018-05-28 00:00:00.000000 ,7338.99,7437.0,7058.02,7099.0,27219.438963,196788994.26580808,233392,14409.48781
2018-05-29 00:00:00.000000 ,7099.0,7540.0,7032.95,7461.29,39407.21183,288070643.9128678,237359,21855.93031
2018-05-30 00:00:00.000000 ,7467.98,7569.0,7260.5,7375.96,32041.583623,237956894.04949045,242079,17205.948916
2018-05-31 00:00:00.000000 ,7382.07,7699.0,7327.51,7485.01,30776.063102,231017579.83413267,274399,17009.013231
2018-06-01 00:00:00.000000 ,7485.01,7608.55,7355.54,7521.01,28259.124078,211458512.1230823,303069,15701.205431
2018-06-02 00:00:00.000000 ,7521.01,7697.33,7437.0,7640.03,26720.690219,203370447.69065264,290131,15540.051124
2018-06-03 00:00:00.000000 ,7636.81,7786.69,7600.0,7714.26,27505.158951,211737376.85348508,349636,15760.910668
2018-06-04 00:00:00.000000 ,7714.26,7760.52,7446.5,7487.0,32258.835115,244167051.18701583,307003,17730.335818
2018-06-05 00:00:00.000000 ,7487.0,7679.49,7358.0,7625.0,31722.973384,237722147.65258065,236865,17315.688399
2018-06-06 00:00:00.000000 ,7626.64,7699.0,7467.05,7658.84,27229.991898,207006657.7801965,257573,15071.587869
2018-06-07 00:00:00.000000 ,7658.79,7765.0,7620.0,7691.08,25062.227202,192949056.8419996,244186,14415.555201
2018-06-08 00:00:00.000000 ,7691.08,7703.5,7531.0,7603.44,23396.804671,178204158.39968467,321734,13038.958337
2018-06-09 00:00:00.000000 ,7603.44,7683.98,7450.0,7491.73,19339.885176,147171153.412775,278971,10653.462123
2018-06-10 00:00:00.000000 ,7491.73,7491.73,6622.81,6764.99,52342.020032,367338754.56308055,471088,25976.246666
2018-06-11 00:00:00.000000 ,6765.0,6922.0,6610.0,6872.0,34552.162303,233056682.85777128,203442,18716.667057
2018-06-12 00:00:00.000000 ,6872.0,6890.51,6435.0,6530.0,36722.211191,245787800.8012235,224658,19299.735508
2018-06-13 00:00:00.000000 ,6530.0,6627.6,6118.68,6292.78,46185.5181,295395681.6623412,266517,25367.243359
2018-06-14 00:00:00.000000 ,6292.78,6720.0,6260.0,6635.98,44478.130837,289074808.78413,256384,23838.218565
2018-06-15 00:00:00.000000 ,6638.67,6666.66,6362.31,6388.9,30018.329905,196192096.14553955,184938,16192.452447
2018-06-16 00:00:00.000000 ,6380.01,6560.0,6320.86,6483.98,22277.241147,143760033.69408152,140470,12750.635784
2018-06-17 00:00:00.000000 ,6482.5,6589.03,6422.0,6449.61,19847.247688,129120718.76299886,129759,11208.656933
2018-06-18 00:00:00.000000 ,6444.06,6794.38,6380.0,6712.46,31821.434995,208570443.95997888,180773,17674.592693
2018-06-19 00:00:00.000000 ,6711.39,6841.74,6653.0,6741.21,24311.421143,163420093.794135,160490,12849.740659
2018-06-20 00:00:00.000000 ,6740.0,6817.23,6551.81,6761.51,26359.752452,175935335.65057912,166074,13647.933531
2018-06-21 00:00:00.000000 ,6763.21,6795.0,6672.57,6718.84,25428.854048,171149859.23602843,159783,15152.496274
2018-06-22 00:00:00.000000 ,6717.69,6733.97,5918.94,6045.0,52157.370833,327460666.9145165,300515,25336.720438
2018-06-23 00:00:00.000000 ,6045.92,6260.0,6008.48,6149.98,26622.788589,162755765.84514263,170164,15110.741399
2018-06-24 00:00:00.000000 ,6149.98,6259.8,5750.0,6136.97,47445.998955,284095336.0578902,275996,25966.417247
2018-06-25 00:00:00.000000 ,6137.95,6350.0,6061.97,6252.0,39164.515306,242859915.8036461,218384,21986.057384
2018-06-26 00:00:00.000000 ,6252.0,6272.54,6035.0,6070.78,19377.240484,119676555.56449406,113431,9824.659592
2018-06-27 00:00:00.000000 ,6065.89,6190.43,5971.0,6133.73,19225.671098,117103011.80356832,99481,10381.014136
2018-06-28 00:00:00.000000 ,6134.73,6173.01,5827.0,5853.98,30585.266026,185247010.87925187,156241,16422.378159
2018-06-29 00:00:00.000000 ,5851.01,6300.0,5780.0,6197.92,33911.287278,201409363.91549844,212542,18727.192128
2018-06-30 00:00:00.000000 ,6197.92,6528.99,6186.03,6390.07,37919.61284,241568568.0310778,230915,20036.025726
2018-07-01 00:00:00.000000 ,6391.08,6441.06,6251.0,6356.81,27562.965974,175096501.49486908,183060,15580.033848
2018-07-02 00:00:00.000000 ,6360.82,6685.0,6271.62,6615.29,36230.452264,235524330.64865333,242589,18966.910907
2018-07-03 00:00:00.000000 ,6615.29,6679.35,6463.01,6513.86,38657.781691,254550438.13768885,232914,20503.625399
2018-07-04 00:00:00.000000 ,6511.01,6784.92,6441.11,6586.98,23571.892777,156277884.33011597,146203,12244.070908
2018-07-05 00:00:00.000000 ,6585.53,6712.0,6453.33,6529.2,35071.972898,230809190.3074052,216533,19214.780702
2018-07-06 00:00:00.000000 ,6529.2,6648.54,6425.0,6609.78,29397.094748,192230903.67599213,193854,16292.945157
2018-07-07 00:00:00.000000 ,6609.79,6818.16,6508.88,6756.98,23973.876886,158034155.17779145,145449,12894.823579
2018-07-08 00:00:00.000000 ,6753.48,6780.0,6667.44,6712.1,24622.947794,165941351.79836008,145349,13146.632642
2018-07-09 00:00:00.000000 ,6712.1,6802.06,6612.24,6662.12,26732.40655,179250573.66648534,147315,14384.135477
2018-07-10 00:00:00.000000 ,6662.78,6681.0,6263.0,6296.91,38560.672702,249099760.1897497,189913,19261.135859
2018-07-11 00:00:00.000000 ,6296.91,6406.0,6278.99,6378.07,28715.498487,182357469.02807087,151869,15667.909412
2018-07-12 00:00:00.000000 ,6378.07,6380.28,6070.0,6250.57,31306.663348,194325733.7875043,150985,16067.766611
2018-07-13 00:00:00.000000 ,6251.4,6350.0,6110.0,6214.57,26375.325286,164467999.80925834,144757,13191.157016
2018-07-14 00:00:00.000000 ,6214.57,6335.0,6178.0,6251.99,17783.071999,110959488.24719918,108052,9833.313029
2018-07-15 00:00:00.000000 ,6250.9,6395.0,6225.4,6353.01,22979.211508,145409822.7448766,114997,13590.240175
2018-07-16 00:00:00.000000 ,6354.15,6747.3,6330.4,6723.35,36204.87708,237104112.45049536,201733,20149.634808
2018-07-17 00:00:00.000000 ,6723.33,7468.99,6652.04,7317.44,52105.423459,364669305.0369064,276178,28049.11657
2018-07-18 00:00:00.000000 ,7317.44,7588.08,7225.38,7381.9,59487.64345,440669913.2083524,327949,31196.382316
2018-07-19 00:00:00.000000 ,7381.88,7576.28,7270.0,7466.21,41218.256437,305198281.13948625,235597,22682.956421
2018-07-20 00:00:00.000000 ,7468.86,7700.0,7273.0,7337.53,46140.313447,342862693.0959096,251391,24006.584622
2018-07-21 00:00:00.000000 ,7337.47,7458.47,7211.0,7398.78,28886.490291,212126417.2287315,164901,16427.382562
2018-07-22 00:00:00.000000 ,7399.25,7582.4,7335.5,7394.79,30270.21844,225619234.83744207,144711,17086.758292
2018-07-23 00:00:00.000000 ,7394.78,7833.0,7375.0,7721.01,41646.346671,320156546.58240986,219776,22756.449926
2018-07-24 00:00:00.000000 ,7721.65,8486.0,7696.0,8397.24,60121.163749,487117211.68189824,326329,32980.508325
2018-07-25 00:00:00.000000 ,8397.24,8491.77,8050.0,8175.64,48257.649124,398119757.80385005,277935,25447.806526
2018-07-26 00:00:00.000000 ,8175.63,8315.69,7850.06,7920.0,43223.481682,352101207.6799552,235681,22366.994995
2018-07-27 00:00:00.000000 ,7920.0,8285.0,7805.0,8188.57,43671.005891,350881696.75270694,227397,23168.935319
2018-07-28 00:00:00.000000 ,8188.57,8246.54,8067.0,8225.04,26215.173839,214357817.0314018,144170,13976.708689
2018-07-29 00:00:00.000000 ,8225.04,8294.51,8115.0,8211.0,25531.226185,209564023.05224952,144331,14226.697109
2018-07-30 00:00:00.000000 ,8210.99,8273.0,7866.0,8173.92,39692.416542,321599782.180698,206911,20676.100069
2018-07-31 00:00:00.000000 ,8171.4,8180.0,7633.0,7730.93,48296.915587,379841367.2024023,239132,24273.184891
2018-08-01 00:00:00.000000 ,7735.67,7750.0,7430.0,7604.58,42582.312932,322252070.44348675,208008,22159.785618
2018-08-02 00:00:00.000000 ,7600.08,7709.46,7455.72,7525.71,37665.696684,285656680.7015636,175627,21216.838126
2018-08-03 00:00:00.000000 ,7525.71,7540.0,7282.44,7418.78,44669.486047,330599837.7285522,226727,23397.041835
2018-08-04 00:00:00.000000 ,7412.27,7494.81,6926.0,7009.84,36288.42601,262282965.4857332,199335,17770.555156
2018-08-05 00:00:00.000000 ,7009.84,7089.87,6882.29,7024.19,32894.849782,229992627.52322164,148658,18335.956341
2018-08-06 00:00:00.000000 ,7024.19,7160.0,6821.0,6934.82,32760.191643,229071781.1153668,177378,17486.151576
2018-08-07 00:00:00.000000 ,6935.0,7150.46,6670.0,6720.06,45438.473501,316365882.1031662,247202,24012.696862
2018-08-08 00:00:00.000000 ,6720.63,6721.54,6123.0,6285.0,59550.536319,382460776.49398136,305603,30204.484969
2018-08-09 00:00:00.000000 ,6283.27,6622.81,6178.6,6529.79,51941.185111,332880900.89059937,248573,28290.848883
2018-08-10 00:00:00.000000 ,6529.79,6575.88,6026.39,6144.01,59034.974902,374699380.94849145,289661,31034.532468
2018-08-11 00:00:00.000000 ,6148.13,6488.0,5971.0,6232.35,47133.418555,291056267.0892287,236173,26083.971425
2018-08-12 00:00:00.000000 ,6222.55,6472.3,6130.0,6308.33,38567.770712,243227298.87942725,190399,20954.747314
2018-08-13 00:00:00.000000 ,6308.56,6545.0,6145.04,6246.35,53895.828783,341552293.0073,239602,29517.276269
2018-08-14 00:00:00.000000 ,6248.25,6250.33,5880.0,6188.08,50186.745091,303179556.3624503,252004,25530.653498
2018-08-15 00:00:00.000000 ,6188.08,6609.0,6172.11,6267.16,68806.687026,439109005.4034304,329413,37144.042168
2018-08-16 00:00:00.000000 ,6265.27,6480.0,6205.6,6311.75,48515.254618,307755605.1624039,228942,26023.549007
2018-08-17 00:00:00.000000 ,6316.0,6585.0,6285.4,6584.49,57851.610803,374472431.7235812,296730,32407.884552
2018-08-18 00:00:00.000000 ,6579.04,6620.0,6288.0,6387.96,53742.322172,345964004.3657212,276121,29469.810485
2018-08-19 00:00:00.000000 ,6387.96,6541.0,6300.0,6477.53,45190.847994,289271954.5532653,190758,25368.613272
2018-08-20 00:00:00.000000 ,6477.53,6530.0,6220.0,6254.84,49435.55526,317617945.7492608,237055,26468.017091
2018-08-21 00:00:00.000000 ,6251.0,6500.0,6235.08,6480.0,41569.947408,265458342.7817206,180578,23219.823973
2018-08-22 00:00:00.000000 ,6479.98,6882.54,6251.2,6360.89,77909.391359,512501182.2029021,326562,40431.002002
2018-08-23 00:00:00.000000 ,6362.57,6576.99,6342.28,6525.01,40358.166825,259786384.55491504,187637,22134.603236
2018-08-24 00:00:00.000000 ,6525.0,6725.0,6440.5,6681.64,38305.675322,251513064.47447148,180167,21280.935824
2018-08-25 00:00:00.000000 ,6686.98,6789.0,6650.61,6733.64,19220.505929,129083702.47542232,122483,9829.849484
2018-08-26 00:00:00.000000 ,6733.64,6775.27,6568.0,6700.0,20107.297208,134117930.3957502,130769,9897.250377
2018-08-27 00:00:00.000000 ,6700.0,6940.51,6646.5,6908.64,37747.078747,254214730.3171242,205441,21458.101843
2018-08-28 00:00:00.000000 ,6907.26,7135.0,6860.0,7076.11,48352.917163,338220284.29016566,252033,26495.589966
2018-08-29 00:00:00.000000 ,7077.0,7133.81,6912.34,7031.22,43252.487392,304565438.4850058,223772,23716.20275
2018-08-30 00:00:00.000000 ,7033.21,7063.63,6784.81,6984.84,44716.77462,309357226.58362526,230848,24453.041781
2018-08-31 00:00:00.000000 ,6984.84,7089.0,6888.0,7011.21,40467.400638,282722730.0613196,203142,21668.412208
2018-09-01 00:00:00.000000 ,7011.21,7275.0,7008.74,7200.01,40323.414093,287299347.7691456,217286,22552.716145
2018-09-02 00:00:00.000000 ,7201.57,7345.45,7127.0,7302.01,39814.840352,288526018.71327895,210282,22422.52063
2018-09-03 00:00:00.000000 ,7302.0,7338.28,7191.63,7263.02,32396.018371,235393601.4251404,173846,16914.880588
2018-09-04 00:00:00.000000 ,7263.0,7410.0,7227.17,7359.06,35300.640518,258978411.271086,183178,19983.177591
2018-09-05 00:00:00.000000 ,7359.05,7397.3,6682.0,6700.0,63715.256267,449463489.0579976,308813,31531.579021
2018-09-06 00:00:00.000000 ,6697.27,6725.0,6265.0,6516.01,60644.464227,390391932.2091176,280845,32332.549533
2018-09-07 00:00:00.000000 ,6516.84,6544.0,6320.0,6395.54,38906.28805,250716129.9051897,194451,21463.035571
2018-09-08 00:00:00.000000 ,6395.54,6478.0,6111.0,6185.05,38215.032171,241711345.37120345,180831,19615.084193
2018-09-09 00:00:00.000000 ,6185.06,6441.0,6141.53,6250.81,37053.92382,233583450.10542047,176709,20804.78067
2018-09-10 00:00:00.000000 ,6252.26,6373.98,6221.0,6312.0,32439.456432,204178349.9698747,165286,18454.695984
2018-09-11 00:00:00.000000 ,6311.99,6404.0,6169.68,6294.91,33104.88859,208346648.80045933,173335,18417.973606
2018-09-12 00:00:00.000000 ,6293.0,6360.0,6192.37,6338.62,31433.645939,197398009.0125667,165590,17211.99689
2018-09-13 00:00:00.000000 ,6338.62,6535.0,6337.4,6487.38,40465.063107,260985165.19184464,215637,21685.302869
2018-09-14 00:00:00.000000 ,6487.39,6584.99,6385.62,6476.63,37173.339277,241466662.6480057,198375,19926.092246
2018-09-15 00:00:00.000000 ,6476.63,6565.45,6466.13,6514.96,25243.656612,164557841.0798692,141362,13631.32786
2018-09-16 00:00:00.000000 ,6514.96,6524.62,6370.0,6505.0,27568.132897,178614079.15149954,145921,15277.360294
2018-09-17 00:00:00.000000 ,6500.08,6533.84,6201.0,6248.69,35987.254738,228970700.7504221,196924,18132.460484
2018-09-18 00:00:00.000000 ,6248.69,6390.0,6224.98,6336.45,32620.86667,205736329.40707865,169055,18134.695327
2018-09-19 00:00:00.000000 ,6336.39,6517.7,6123.0,6391.89,39044.080082,247455364.5237956,198215,21198.526375
2018-09-20 00:00:00.000000 ,6392.0,6540.0,6325.0,6492.0,25189.024728,161844271.63360685,153686,13565.498887
2018-09-21 00:00:00.000000 ,6492.0,6784.86,6491.0,6759.02,51779.343463,345746941.9999864,292494,28398.418773
2018-09-22 00:00:00.000000 ,6759.01,6839.03,6627.0,6723.05,29349.690667,197210670.89197847,145720,16554.964632
2018-09-23 00:00:00.000000 ,6723.05,6788.23,6661.75,6708.0,30286.229773,203479219.38640648,168354,17052.636547
2018-09-24 00:00:00.000000 ,6706.81,6730.0,6557.0,6581.39,35305.73991,234355999.54311827,185297,18662.448471
2018-09-25 00:00:00.000000 ,6581.42,6584.01,6325.02,6447.54,40301.029452,258927200.8310643,219965,21316.072862
2018-09-26 00:00:00.000000 ,6445.11,6557.99,6379.7,6465.12,33484.54207,216859675.30134344,184238,18833.139688
2018-09-27 00:00:00.000000 ,6467.84,6750.0,6434.0,6689.13,33087.428297,216914853.24175173,182590,18395.789811
2018-09-28 00:00:00.000000 ,6689.12,6814.8,6540.88,6634.58,42399.448523,283144987.50423056,211849,23688.506549
2018-09-29 00:00:00.000000 ,6634.58,6636.0,6464.57,6596.38,30255.9597,198424303.60660568,171027,16037.032751
2018-09-30 00:00:00.000000 ,6597.66,6662.0,6533.0,6626.57,27764.724519,183438992.37719536,153447,15201.004317
2018-10-01 00:00:00.000000 ,6626.57,6667.09,6510.0,6611.61,20621.506894,136115256.9683068,129733,11063.811859
2018-10-02 00:00:00.000000 ,6610.0,6640.0,6494.0,6525.79,28245.810088,185725492.2802391,147274,15115.821022
2018-10-03 00:00:00.000000 ,6525.79,6549.0,6430.0,6510.0,28451.969138,184622957.0249073,150607,15296.711506
2018-10-04 00:00:00.000000 ,6510.01,6643.46,6505.09,6593.79,20074.300818,132348680.67600606,96824,11077.852512
2018-10-05 00:00:00.000000 ,6591.69,6697.0,6543.08,6635.65,16096.552392,106264514.65757656,86701,8593.749956
2018-10-06 00:00:00.000000 ,6635.65,6651.0,6566.77,6594.27,10939.505391,72247942.41429408,62065,5212.866094
2018-10-07 00:00:00.000000 ,6596.44,6640.0,6525.0,6615.26,17406.831762,114489082.7536428,82844,8768.20828
2018-10-08 00:00:00.000000 ,6615.26,6715.6,6587.0,6673.01,23123.419541,153704602.4302414,135156,12334.914967
2018-10-09 00:00:00.000000 ,6673.01,6685.38,6607.0,6656.61,15354.779469,102115186.42882323,101956,7606.922999
2018-10-10 00:00:00.000000 ,6656.67,6659.95,6530.0,6631.0,15390.661444,101609680.88217255,99789,6819.654895
2018-10-11 00:00:00.000000 ,6630.21,6633.92,6205.0,6252.68,48712.400332,308153124.4458242,253224,24435.254184
2018-10-12 00:00:00.000000 ,6252.71,6360.0,6209.0,6298.01,29004.071419,183030273.0112748,148077,15890.432857
2018-10-13 00:00:00.000000 ,6298.0,6345.0,6285.07,6332.93,19098.070025,120728650.99596693,108981,9423.156468
2018-10-14 00:00:00.000000 ,6332.92,6416.0,6308.0,6339.34,15627.411314,99527294.08483064,96113,7127.368587
2018-10-15 00:00:00.000000 ,6339.34,7680.0,6300.0,6752.5,90748.031246,627984505.5555727,456913,47214.804053
2018-10-16 00:00:00.000000 ,6752.5,6900.0,6670.0,6759.27,27557.957764,186122772.22286084,175075,14204.011904
2018-10-17 00:00:00.000000 ,6762.76,6811.12,6676.01,6740.89,26641.431379,179641733.16423723,158746,13752.475923
2018-10-18 00:00:00.000000 ,6739.01,6796.0,6567.0,6618.96,20116.521941,134777360.1544343,138002,9735.654593
2018-10-19 00:00:00.000000 ,6618.96,6648.14,6523.0,6528.88,20772.60077,136686215.6690547,112337,11702.532344
2018-10-20 00:00:00.000000 ,6528.88,6617.65,6505.55,6588.4,19240.722247,126325797.49570584,110809,10487.007277
2018-10-21 00:00:00.000000 ,6585.72,6663.9,6580.0,6590.11,6515.357792,43146401.58918715,68018,3352.959844
2018-10-22 00:00:00.000000 ,6590.12,6639.0,6535.27,6581.2,16213.69266,106815019.55165032,101673,8401.545594
2018-10-23 00:00:00.000000 ,6581.2,6595.0,6515.45,6553.51,13856.601756,90969791.0251596,86938,7288.048932
2018-10-24 00:00:00.000000 ,6553.51,6630.0,6547.53,6565.5,11951.543977,78795617.02141578,90762,5551.62038
2018-10-25 00:00:00.000000 ,6566.81,6575.09,6502.8,6528.09,10342.701244,67691945.44596253,75563,5366.160777
2018-10-26 00:00:00.000000 ,6528.13,6600.0,6515.01,6538.63,9443.504156,61792487.79642334,77985,4680.041861
2018-10-27 00:00:00.000000 ,6538.63,6558.35,6463.04,6505.6,7776.907864,50667220.04441258,86848,3826.22774
2018-10-28 00:00:00.000000 ,6505.6,6514.17,6453.0,6489.93,5743.933728,37298357.26271342,71647,2728.508889
2018-10-29 00:00:00.000000 ,6489.93,6505.01,6315.0,6344.5,13827.224067,88484721.03624511,135586,6536.422181
2018-10-30 00:00:00.000000 ,6344.5,6395.0,6317.01,6330.87,8877.175385,56393439.18288881,95116,4547.135696
2018-10-31 00:00:00.000000 ,6330.01,6428.0,6245.02,6371.93,12148.888216,76970488.28166042,111552,6037.752817
2018-11-01 00:00:00.000000 ,6369.52,6442.65,6348.66,6410.0,9099.035841,58031686.8315247,89601,4560.735608
2018-11-02 00:00:00.000000 ,6410.0,6460.34,6388.2,6433.98,9739.440679,62589428.22024873,109482,4961.635216
2018-11-03 00:00:00.000000 ,6432.8,6439.97,6345.0,6387.09,7661.241476,48934237.93991929,83836,3635.868957
2018-11-04 00:00:00.000000 ,6388.0,6525.0,6359.0,6485.85,10592.394943,68169573.18695,126200,5716.258624
2018-11-05 00:00:00.000000 ,6485.85,6504.39,6431.02,6468.99,8987.882156,58127213.13931594,114235,4555.523431
2018-11-06 00:00:00.000000 ,6468.99,6531.31,6445.18,6519.11,11926.565699,77336101.18719475,150475,5734.321131
2018-11-07 00:00:00.000000 ,6522.73,6615.15,6509.0,6578.46,14271.591117,93820576.63463956,151060,7059.087973
2018-11-08 00:00:00.000000 ,6578.46,6594.0,6468.22,6479.84,13259.789282,86450363.67835227,145405,6370.531258
2018-11-09 00:00:00.000000 ,6479.84,6511.53,6391.01,6419.99,11787.616583,75997777.50255908,117043,5993.771062
2018-11-10 00:00:00.000000 ,6419.99,6475.55,6411.0,6433.05,7714.829926,49745307.64123968,97746,3714.135468
2018-11-11 00:00:00.000000 ,6435.16,6462.14,6355.0,6449.81,8213.507117,52709099.31784609,98435,3799.700665
2018-11-12 00:00:00.000000 ,6450.71,6497.0,6421.0,6453.07,10132.782567,65390882.14088421,123144,5162.630429
2018-11-13 00:00:00.000000 ,6451.68,6498.0,6391.15,6457.66,11790.564933,76142983.15196352,150940,6176.466277
2018-11-14 00:00:00.000000 ,6458.98,6482.84,5656.87,5922.41,46478.964003,279632622.8943677,319011,20429.546888
2018-11-15 00:00:00.000000 ,5917.2,5939.54,5403.42,5753.4,47700.829401,270133503.66131264,303825,24424.593996
2018-11-16 00:00:00.000000 ,5757.09,5782.89,5549.25,5655.94,38721.802274,219097215.966752,221493,20864.470681
2018-11-17 00:00:00.000000 ,5650.57,5656.6,5565.43,5628.29,26411.241413,148072393.10210443,171403,14662.946203
2018-11-18 00:00:00.000000 ,5630.49,5738.17,5617.0,5662.0,23844.999347,134893236.9862243,154817,12870.692954
2018-11-19 00:00:00.000000 ,5661.94,5664.0,4855.0,4910.03,70580.892856,368688743.45440894,378495,34832.065477
2018-11-20 00:00:00.000000 ,4913.4,5048.24,4326.0,4558.86,117380.95159,548036628.7293574,596769,60016.157716
2018-11-21 00:00:00.000000 ,4559.91,4787.2,4413.85,4661.07,61071.829475,281264433.4846592,301920,31538.610809
2018-11-22 00:00:00.000000 ,4661.08,4721.77,4335.0,4370.0,34531.119143,157459733.72414753,180335,17104.716369
2018-11-23 00:00:00.000000 ,4370.9,4484.0,4222.94,4420.61,49371.920322,215283656.1153948,227935,25825.008932
2018-11-24 00:00:00.000000 ,4415.63,4527.0,3824.69,3932.44,61693.111006,258702927.69916424,275070,30242.189194
2018-11-25 00:00:00.000000 ,3933.68,4233.0,3652.66,4085.78,101693.975588,398253568.5292384,428171,53212.171
2018-11-26 00:00:00.000000 ,4088.69,4206.0,3701.0,3862.2,94504.865717,373230308.2847775,413339,48232.505531
2018-11-27 00:00:00.000000 ,3864.45,3940.0,3689.12,3875.21,67480.607212,257593168.12182525,288731,36322.283916
2018-11-28 00:00:00.000000 ,3875.63,4394.47,3874.27,4264.85,91983.567949,382697308.297627,386714,47319.594419
2018-11-29 00:00:00.000000 ,4262.06,4450.38,4125.65,4295.84,73980.198669,316809038.40988266,316601,36962.473603
2018-11-30 00:00:00.000000 ,4295.72,4341.36,3943.0,4041.32,67758.446283,278810574.935784,288098,33803.976753
2018-12-01 00:00:00.000000 ,4041.27,4299.99,3963.01,4190.02,44840.073481,186157614.3155972,205472,22425.41131
2018-12-02 00:00:00.000000 ,4190.98,4312.99,4103.04,4161.01,38912.15479,162917339.00647366,178087,19632.485758
2018-12-03 00:00:00.000000 ,4160.55,4179.0,3827.0,3884.01,49094.369163,195055919.54337287,207134,23219.634345
2018-12-04 00:00:00.000000 ,3884.76,4085.0,3781.0,3951.64,48489.551613,191673423.706266,220815,23934.235906
2018-12-05 00:00:00.000000 ,3950.98,3970.0,3745.0,3769.84,44004.799448,169404368.19157183,199011,20500.981593
2018-12-06 00:00:00.000000 ,3768.44,3899.99,3500.0,3508.75,68378.796943,254722331.4949405,293512,32658.461385
2018-12-07 00:00:00.000000 ,3508.75,3549.99,3224.6,3403.55,95145.457442,322364604.2802089,413521,47770.637792
2018-12-08 00:00:00.000000 ,3403.57,3495.0,3222.0,3410.93,55365.949949,187909876.2489473,253650,29371.741091
2018-12-09 00:00:00.000000 ,3411.36,3658.0,3394.04,3545.37,45956.893296,161618597.82859048,194567,23399.945608
2018-12-10 00:00:00.000000 ,3548.49,3610.0,3370.11,3432.88,40989.244553,142507933.07357892,192599,20615.038255
2018-12-11 00:00:00.000000 ,3434.01,3480.0,3324.32,3380.39,35920.864154,121841475.29281934,162266,18443.626714
2018-12-12 00:00:00.000000 ,3379.23,3492.0,3350.0,3445.0,33922.931286,116227185.79240072,152067,18127.198706
2018-12-13 00:00:00.000000 ,3446.38,3460.0,3255.5,3302.06,40040.917013,134817053.72748312,160471,19671.315079
2018-12-14 00:00:00.000000 ,3302.06,3335.39,3177.0,3224.17,44492.983807,145101409.49359843,184525,22546.670128
2018-12-15 00:00:00.000000 ,3225.19,3276.5,3156.26,3211.72,29796.041436,95588793.64058843,139806,16044.57843
2018-12-16 00:00:00.000000 ,3211.71,3294.0,3186.0,3228.67,24628.808538,80068159.40481837,125565,13109.773513
2018-12-17 00:00:00.000000 ,3229.22,3585.0,3216.0,3509.08,66762.216388,228758085.6184612,283815,34567.214438
2018-12-18 00:00:00.000000 ,3509.03,3678.59,3424.47,3652.98,61369.615257,216563775.025232,296433,32075.600521
2018-12-19 00:00:00.000000 ,3653.0,3912.73,3622.55,3662.22,94137.341014,352638213.53853136,434026,48106.758907
2018-12-20 00:00:00.000000 ,3660.01,4120.0,3635.0,4049.62,101543.835986,399967057.78281647,500506,52772.933168
2018-12-21 00:00:00.000000 ,4051.86,4139.99,3764.0,3838.66,82343.850112,325803279.9626696,436187,41365.888997
2018-12-22 00:00:00.000000 ,3840.25,3979.0,3785.0,3948.91,42822.350872,165085567.58556616,249148,22602.324084
2018-12-23 00:00:00.000000 ,3948.91,4021.53,3870.0,3929.71,40117.531529,158756356.8176238,258417,20216.880715
2018-12-24 00:00:00.000000 ,3929.71,4198.0,3924.83,4008.01,64647.809129,264628967.0659108,400403,33124.508698
2018-12-25 00:00:00.000000 ,4010.11,4020.0,3646.41,3745.79,62725.629432,235584302.95256105,356377,31541.976272
2018-12-26 00:00:00.000000 ,3745.56,3837.15,3656.74,3777.74,42629.375817,159705204.50415567,267746,22292.219845
2018-12-27 00:00:00.000000 ,3777.74,3813.98,3535.0,3567.91,44097.392912,161915849.87310502,262733,22249.473824
2018-12-28 00:00:00.000000 ,3567.89,3887.25,3540.04,3839.26,45964.304987,170638519.2472785,251040,24449.924653
2018-12-29 00:00:00.000000 ,3839.0,3892.0,3670.0,3695.32,38874.373903,148205200.1077372,244844,19522.193046
2018-12-30 00:00:00.000000 ,3696.71,3903.5,3657.9,3801.91,33222.369262,124966229.52022897,218929,17427.342285
2018-12-31 00:00:00.000000 ,3803.12,3810.0,3630.33,3702.9,29991.77835,111847216.11708207,190308,15523.796134
2019-01-01 00:00:00.000000 ,3701.23,3810.16,3642.0,3797.14,23741.687033,88149249.09230462,154227,12919.155899
2019-01-02 00:00:00.000000 ,3796.45,3882.14,3750.45,3858.56,35156.463369,133876627.2465106,218538,17921.600114
2019-01-03 00:00:00.000000 ,3857.57,3862.74,3730.0,3766.78,29406.948359,111657372.69526468,199812,14793.083267
2019-01-04 00:00:00.000000 ,3767.2,3823.64,3703.57,3792.01,29519.554671,111034550.64066195,192232,15579.303258
2019-01-05 00:00:00.000000 ,3790.09,3840.99,3751.0,3770.96,30490.667751,115893501.27515878,203673,14908.914175
2019-01-06 00:00:00.000000 ,3771.12,4027.71,3740.0,3987.6,36553.806709,142198812.18914708,240496,19772.887008
2019-01-07 00:00:00.000000 ,3987.62,4017.9,3921.53,3975.45,31869.846264,126830380.4928724,221219,16404.352241
2019-01-08 00:00:00.000000 ,3976.76,4069.8,3903.0,3955.13,38901.423122,154778846.54236615,242898,20047.977601
2019-01-09 00:00:00.000000 ,3955.45,4006.81,3930.04,3966.65,28989.439511,115218950.31554872,209240,14984.33702
2019-01-10 00:00:00.000000 ,3966.06,3996.01,3540.0,3585.88,59402.22851,221789348.03469807,374760,28288.322574
2019-01-11 00:00:00.000000 ,3585.88,3658.0,3465.0,3601.31,38338.654733,137560743.6248598,264996,19907.350586
2019-01-12 00:00:00.000000 ,3601.31,3618.19,3530.0,3583.13,21999.928354,78908770.67658037,175679,11645.598846
2019-01-13 00:00:00.000000 ,3584.1,3611.1,3441.3,3476.81,26385.757454,92882249.46737902,183113,13692.42064
2019-01-14 00:00:00.000000 ,3477.56,3671.87,3467.02,3626.09,35235.211215,125631820.06705056,229452,18416.416902
2019-01-15 00:00:00.000000 ,3626.08,3648.42,3516.62,3553.06,34137.997459,122785440.2288754,231684,17225.622434
2019-01-16 00:00:00.000000 ,3553.06,3645.0,3543.51,3591.84,27480.179977,98504455.20666537,205159,14183.69988
2019-01-17 00:00:00.000000 ,3591.84,3634.7,3530.39,3616.21,29755.440838,106709136.97324342,217797,16010.503395
2019-01-18 00:00:00.000000 ,3613.32,3620.0,3565.75,3594.87,22713.446755,81699723.54479145,177567,12611.083757
2019-01-19 00:00:00.000000 ,3594.87,3720.0,3594.23,3665.3,22171.578123,81354185.90325992,175054,11637.258171
2019-01-20 00:00:00.000000 ,3665.75,3693.73,3475.0,3539.28,27901.938598,99767239.95381454,204941,13875.111381
2019-01-21 00:00:00.000000 ,3539.26,3559.51,3475.5,3526.9,19644.436839,69316548.76685554,160825,10462.020278
2019-01-22 00:00:00.000000 ,3526.88,3608.5,3434.85,3570.93,29336.442967,103804480.11605988,195484,15661.333001
2019-01-23 00:00:00.000000 ,3570.41,3607.98,3514.5,3552.82,24938.842698,88816396.34583545,192892,13136.693253
2019-01-24 00:00:00.000000 ,3552.97,3589.0,3529.22,3569.62,20826.25118,74037052.86632736,162159,10975.97457
2019-01-25 00:00:00.000000 ,3569.07,3587.15,3522.51,3565.29,17608.346671,62634926.45524528,153413,9690.398152
2019-01-26 00:00:00.000000 ,3566.69,3662.94,3545.0,3565.25,19476.532344,69841766.64693148,135369,10203.400315
2019-01-27 00:00:00.000000 ,3565.62,3579.0,3486.0,3550.84,22735.598162,80743416.84653682,163855,11568.567399
2019-01-28 00:00:00.000000 ,3550.05,3557.75,3380.27,3434.15,40405.111401,139258708.7643088,260799,20334.271739
2019-01-29 00:00:00.000000 ,3434.0,3443.45,3349.92,3411.04,29544.928977,100542807.46479908,189650,15626.311231
2019-01-30 00:00:00.000000 ,3410.04,3478.0,3387.1,3458.18,23968.260243,82521122.86191754,180820,13324.339628
2019-01-31 00:00:00.000000 ,3457.5,3489.2,3418.8,3434.1,29607.190253,101928346.97699684,198100,15325.828783
2019-02-01 00:00:00.000000 ,3434.1,3488.0,3401.2,3462.07,25260.476159,87075914.2326683,167520,13533.344628
2019-02-02 00:00:00.000000 ,3462.2,3526.4,3440.29,3504.77,17920.802,62134037.97539881,153234,9637.41923
2019-02-03 00:00:00.000000 ,3504.06,3511.09,3426.0,3458.11,19867.33639,68801620.06241606,138592,10126.716143
2019-02-04 00:00:00.000000 ,3458.11,3484.88,3433.31,3463.22,23131.981108,80024258.22766612,155686,12387.109781
2019-02-05 00:00:00.000000 ,3463.22,3478.97,3448.43,3471.59,25264.41503,87491347.06381486,162066,13642.823084
2019-02-06 00:00:00.000000 ,3471.57,3482.72,3380.0,3405.37,35310.244846,120500703.0051573,207024,18054.008347
2019-02-07 00:00:00.000000 ,3407.0,3426.45,3390.0,3398.4,18665.538638,63611505.78657223,148209,9971.89096
2019-02-08 00:00:00.000000 ,3398.4,3733.58,3373.1,3659.04,47968.058013,170118212.46197885,277242,25500.970345
2019-02-09 00:00:00.000000 ,3660.27,3680.02,3625.13,3665.18,24759.833719,90488500.0676624,192209,13208.14275
2019-02-10 00:00:00.000000 ,3665.18,3684.99,3609.76,3680.06,23250.602634,84696423.96233752,171099,12445.220546
2019-02-11 00:00:00.000000 ,3679.75,3684.9,3615.53,3631.05,24954.614571,90731831.90427426,172626,12713.191666
2019-02-12 00:00:00.000000 ,3631.05,3667.6,3582.34,3631.46,29479.59823,106766439.99436474,198996,14986.119629
2019-02-13 00:00:00.000000 ,3631.51,3670.0,3591.75,3609.4,25773.997648,93350740.94830574,167690,13552.84642
2019-02-14 00:00:00.000000 ,3608.34,3626.4,3568.11,3590.56,21753.501261,78367545.57945932,155215,11271.17502
2019-02-15 00:00:00.000000 ,3590.57,3653.23,3573.45,3602.47,20777.872899,74938358.18352868,151256,10840.396895
2019-02-16 00:00:00.000000 ,3602.49,3648.2,3597.91,3618.41,19565.992751,70894921.80761532,149393,10452.11973
2019-02-17 00:00:00.000000 ,3617.22,3700.11,3604.4,3667.58,25690.227779,93426433.13226132,179511,13004.164676
2019-02-18 00:00:00.000000 ,3667.62,3925.0,3655.0,3898.6,64042.730492,242898012.769226,393515,33934.973171
2019-02-19 00:00:00.000000 ,3897.35,3994.52,3856.0,3907.79,50207.172667,197091641.0474,332281,27008.597566
2019-02-20 00:00:00.000000 ,3907.35,3986.98,3870.66,3969.74,36205.14085,142571564.56112987,250176,19952.700984
2019-02-21 00:00:00.000000 ,3969.74,4016.48,3901.03,3937.31,31103.884728,122714273.87417652,209571,16678.730945
2019-02-22 00:00:00.000000 ,3937.31,3988.0,3926.65,3962.0,23943.16375,94739322.74557024,179588,12932.078494
2019-02-23 00:00:00.000000 ,3962.0,4162.02,3933.15,4117.76,33657.942883,135782959.41827348,231563,17790.396815
2019-02-24 00:00:00.000000 ,4118.0,4198.0,3712.66,3743.56,62224.18689,244146803.51887,410578,30284.980963
2019-02-25 00:00:00.000000 ,3743.56,3872.66,3740.0,3827.92,38102.966245,145285565.2031707,262716,20414.125316
2019-02-26 00:00:00.000000 ,3828.44,3841.51,3777.0,3809.23,28838.748036,109932596.10609365,213897,14790.213311
2019-02-27 00:00:00.000000 ,3809.31,3838.85,3677.17,3818.07,31500.995466,119564023.12004228,201626,16214.235846
2019-02-28 00:00:00.000000 ,3818.04,3888.0,3763.87,3813.69,32561.961044,124703738.39336836,233849,16907.092301
2019-03-01 00:00:00.000000 ,3814.26,3857.0,3813.01,3823.0,23174.57217,88851336.5211179,179860,12773.952595
2019-03-02 00:00:00.000000 ,3822.17,3841.31,3772.25,3819.93,19445.838355,74175357.77882297,149854,10248.945655
2019-03-03 00:00:00.000000 ,3819.97,3835.0,3781.32,3807.75,16718.16541,63791898.99159701,127681,8854.218878
2019-03-04 00:00:00.000000 ,3807.32,3830.0,3670.69,3715.3,34742.84166,129739738.23815794,218615,18023.022407
2019-03-05 00:00:00.000000 ,3716.1,3877.1,3703.55,3857.73,32962.536162,124945530.76214452,202444,17980.127712
2019-03-06 00:00:00.000000 ,3857.58,3907.0,3813.09,3861.84,24775.11883,95417637.5889866,165101,13139.774573
2019-03-07 00:00:00.000000 ,3861.84,3905.4,3840.4,3873.64,26455.257661,102585458.38333896,180520,13365.946213
2019-03-08 00:00:00.000000 ,3873.63,3932.0,3800.0,3864.89,34730.366592,135000852.01035947,211534,17947.934228
2019-03-09 00:00:00.000000 ,3864.88,3971.75,3854.75,3943.04,30979.747653,121353606.96803357,206869,16447.346558
2019-03-10 00:00:00.000000 ,3943.43,3943.43,3881.69,3916.82,23187.561412,90693949.72150733,167920,12518.496386
2019-03-11 00:00:00.000000 ,3915.99,3936.98,3830.0,3871.61,38066.885705,147721971.09446937,209916,19416.221014
2019-03-12 00:00:00.000000 ,3871.61,3905.2,3826.06,3882.73,26921.008622,104393849.44844826,182885,13827.421065
2019-03-13 00:00:00.000000 ,3882.69,3893.56,3840.0,3866.0,24461.008757,94680049.46033752,186572,12839.146505
2019-03-14 00:00:00.000000 ,3866.0,3920.0,3810.43,3877.12,27048.74853,104673038.77602254,196651,14244.455319
2019-03-15 00:00:00.000000 ,3877.12,3939.22,3872.2,3923.76,21740.061498,84919900.71744472,163866,12025.705534
2019-03-16 00:00:00.000000 ,3924.46,4056.98,3921.98,4005.98,28568.376124,114227606.40681696,216198,15580.63108
2019-03-17 00:00:00.000000 ,4005.98,4012.0,3950.01,3981.14,18814.255577,74893913.05776027,146953,9927.116559
2019-03-18 00:00:00.000000 ,3981.85,4037.0,3953.33,3987.81,22454.47801,89526258.38910636,157876,11964.189769
2019-03-19 00:00:00.000000 ,3987.83,4031.0,3970.0,4015.53,19893.741815,79503748.36263466,147394,10745.630565
2019-03-20 00:00:00.000000 ,4017.48,4050.0,3980.5,4043.04,23432.300255,94019734.23326428,175036,12201.214279
2019-03-21 00:00:00.000000 ,4043.04,4069.32,3880.01,3980.64,35997.682119,144010401.50845116,236100,18704.221837
2019-03-22 00:00:00.000000 ,3980.85,4008.0,3968.25,3986.93,20022.606318,79861943.8108997,153703,10561.694577
2019-03-23 00:00:00.000000 ,3987.89,4018.83,3978.01,4006.01,17302.604318,69169819.8628637,143155,9491.144728
2019-03-24 00:00:00.000000 ,4006.01,4006.02,3950.0,3992.18,17179.850648,68524082.74695624,131087,8617.365925
2019-03-25 00:00:00.000000 ,3991.35,3999.3,3888.71,3936.12,33192.890217,131507366.37512892,227739,17050.634827
2019-03-26 00:00:00.000000 ,3935.47,3958.98,3894.0,3948.55,29349.537627,115330070.99071544,192418,15963.905205
2019-03-27 00:00:00.000000 ,3948.77,4048.0,3936.15,4038.05,32364.555852,129681258.0162135,224309,17964.550601
2019-03-28 00:00:00.000000 ,4039.58,4039.7,4002.0,4027.81,20089.293875,80822230.57984656,157060,10111.826276
2019-03-29 00:00:00.000000 ,4028.22,4123.71,4024.03,4103.25,30084.217444,122585822.5865048,203826,16800.509572
2019-03-30 00:00:00.000000 ,4104.24,4140.0,4052.0,4106.97,19509.292601,79853835.581824,162463,10322.148775
2019-03-31 00:00:00.000000 ,4106.99,4116.12,4082.57,4103.95,13525.087433,55472147.12701675,124046,6824.657378
2019-04-01 00:00:00.000000 ,4102.44,4158.7,4067.0,4144.56,25507.067641,105388238.14788891,184268,12915.28932
2019-04-02 00:00:00.000000 ,4144.54,4897.99,4140.54,4857.29,105383.639263,489018726.75750667,609133,55726.141684
2019-04-03 00:00:00.000000 ,4857.19,5275.01,4753.5,4932.6,109890.125743,548900970.9178842,692019,55975.584761
2019-04-04 00:00:00.000000 ,4932.59,5039.08,4777.0,4898.66,61054.254168,301411332.0090243,419141,31203.308354
2019-04-05 00:00:00.000000 ,4898.64,5028.22,4880.62,5004.95,39768.552806,197660830.71096665,292375,21235.636237
2019-04-06 00:00:00.000000 ,5004.96,5205.0,4928.59,5043.89,41770.842313,210963411.61313188,281237,21796.021869
2019-04-07 00:00:00.000000 ,5042.07,5234.0,5026.0,5170.27,37615.486804,192916750.5719041,274084,19504.612832
2019-04-08 00:00:00.000000 ,5170.27,5305.0,5039.0,5236.9,50178.430782,260487077.7675668,350828,25302.165402
2019-04-09 00:00:00.000000 ,5238.38,5238.4,5076.68,5150.0,34067.012311,175633627.31637353,253381,16967.006115
2019-04-10 00:00:00.000000 ,5150.0,5422.0,5135.0,5308.25,40073.620471,210870034.51205528,260967,21269.620949
2019-04-11 00:00:00.000000 ,5307.86,5332.67,4927.0,5017.37,54696.600686,277736905.85749793,369304,26631.112409
2019-04-12 00:00:00.000000 ,5017.37,5080.58,4861.22,5048.01,33276.678614,166485761.0793121,226036,16899.590533
2019-04-13 00:00:00.000000 ,5047.0,5099.0,5004.0,5045.22,17292.456802,87375984.44461507,138674,8692.053259
2019-04-14 00:00:00.000000 ,5047.45,5152.99,5000.0,5131.3,18281.607739,92594930.42710131,131700,10043.911667
2019-04-15 00:00:00.000000 ,5131.28,5167.38,4950.0,5024.95,29057.191581,147687551.9414771,204944,14170.252402
2019-04-16 00:00:00.000000 ,5024.95,5197.72,5003.94,5173.72,24242.229493,123581651.71216355,168550,12804.633768
2019-04-17 00:00:00.000000 ,5173.72,5230.4,5146.8,5202.82,23307.536134,120972345.51821636,179490,12172.531724
2019-04-18 00:00:00.000000 ,5202.41,5287.0,5198.8,5258.44,22619.239001,118573129.86520116,167110,12104.852932
2019-04-19 00:00:00.000000 ,5258.44,5320.0,5175.0,5258.68,24611.236323,128937309.63806376,178148,12889.683344
2019-04-20 00:00:00.000000 ,5258.68,5333.42,5230.1,5291.73,19168.908274,101343660.15324436,157080,10029.272262
2019-04-21 00:00:00.000000 ,5292.91,5314.35,5165.0,5256.14,25549.570939,133929931.15068737,210494,13147.771016
2019-04-22 00:00:00.000000 ,5257.41,5400.0,5208.35,5357.14,29563.852309,156632202.9709961,210361,15828.004851
2019-04-23 00:00:00.000000 ,5357.14,5600.0,5332.41,5493.31,41262.103917,227154061.8577141,282563,21260.014469
2019-04-24 00:00:00.000000 ,5490.91,5582.2,5333.35,5415.0,48224.152413,262493252.9358424,339599,23401.18852
2019-04-25 00:00:00.000000 ,5415.0,5491.84,5102.0,5219.9,49636.089948,265091565.61466023,331089,21401.171965
2019-04-26 00:00:00.000000 ,5220.47,5510.0,5161.62,5314.1,48912.294513,259659705.6513858,333183,25076.718297
2019-04-27 00:00:00.000000 ,5315.0,5342.5,5257.67,5295.69,15422.896935,81749716.42174439,145733,7918.227056
2019-04-28 00:00:00.000000 ,5295.69,5340.0,5259.48,5307.52,14371.433869,76277087.37424076,127730,7160.773725
2019-04-29 00:00:00.000000 ,5309.81,5332.0,5178.8,5238.14,19918.135079,104822151.5144498,178472,9983.622137
2019-04-30 00:00:00.000000 ,5238.14,5339.98,5192.15,5320.81,22238.06823,117309839.23079813,180989,12264.552938
2019-05-01 00:00:00.000000 ,5321.94,5402.0,5316.2,5383.2,17217.473216,92194935.6047804,161488,9636.265899
2019-05-02 00:00:00.000000 ,5383.2,5538.0,5370.0,5492.87,22795.787835,124498567.2076544,181896,11908.895892
2019-05-03 00:00:00.000000 ,5494.81,5844.0,5477.57,5772.69,46297.172849,264435878.9281101,338298,24992.74319
2019-05-04 00:00:00.000000 ,5770.62,5900.0,5587.45,5829.45,39682.408991,228942582.4507792,283145,21037.299477
2019-05-05 00:00:00.000000 ,5829.83,5839.9,5696.0,5775.62,23822.543775,137653160.7660216,185365,11824.087921
2019-05-06 00:00:00.000000 ,5773.18,5805.0,5619.14,5747.79,25256.596325,144358553.85462248,230431,12922.62549
2019-05-07 00:00:00.000000 ,5749.92,6028.41,5747.74,5846.34,39905.064422,236176663.81792104,301388,21302.981217
2019-05-08 00:00:00.000000 ,5846.34,6014.72,5772.2,5987.29,23074.186907,136246055.59559172,190969,11961.036359
2019-05-09 00:00:00.000000 ,5986.66,6224.55,5983.71,6209.18,27453.011436,167489934.34358987,227841,13875.182356
2019-05-10 00:00:00.000000 ,6209.95,6468.92,6172.0,6373.33,36623.61079,231801342.4320928,283074,18548.927995
2019-05-11 00:00:00.000000 ,6375.16,7343.99,6372.85,7076.22,74022.424393,507216001.34340405,562540,40091.997215
2019-05-12 00:00:00.000000 ,7076.24,7521.78,6750.0,6967.31,86948.975339,619939454.4896551,647345,42689.589676
2019-05-13 00:00:00.000000 ,6968.24,8100.0,6870.0,7790.71,85804.735333,648012612.2927012,588497,45381.262259
2019-05-14 00:00:00.000000 ,7795.62,8366.0,7599.56,7947.56,76583.722603,611103206.0032725,655426,38953.032335
2019-05-15 00:00:00.000000 ,7945.26,8249.0,7850.0,8169.87,37884.327211,305196285.2755824,347533,19660.576186
2019-05-16 00:00:00.000000 ,8169.08,8320.0,7705.0,7866.59,69630.513996,557126171.2789642,666538,35097.404158
2019-05-17 00:00:00.000000 ,7868.67,7925.0,6913.0,7355.26,88752.008159,645676487.3744029,803893,45121.474978
2019-05-18 00:00:00.000000 ,7355.28,7458.0,7156.61,7257.45,37054.944779,271170511.0509332,379504,19375.84836
2019-05-19 00:00:00.000000 ,7257.32,8275.09,7243.08,8148.48,65577.442058,517729474.35844094,583432,35593.490022
2019-05-20 00:00:00.000000 ,8147.94,8156.03,7553.0,7938.15,65859.208564,517939277.868858,610360,34629.645645
2019-05-21 00:00:00.000000 ,7937.16,8042.32,7771.0,7904.87,52301.752247,413637782.3697456,554038,27272.360448
2019-05-22 00:00:00.000000 ,7904.48,8016.0,7465.0,7628.43,49136.994589,384730220.72195166,461337,24410.962662
2019-05-23 00:00:00.000000 ,7627.8,7940.98,7461.0,7851.51,49648.184701,381536239.5128484,449220,25959.859838
2019-05-24 00:00:00.000000 ,7849.95,8130.0,7766.0,7964.87,46664.785325,371381043.73160255,428676,25045.733428
2019-05-25 00:00:00.000000 ,7964.52,8091.8,7908.34,8025.41,28414.328817,227376280.5854076,264448,15037.164996
2019-05-26 00:00:00.000000 ,8023.0,8740.0,7833.42,8614.43,49652.144567,409616322.3884788,377306,26438.946803
2019-05-27 00:00:00.000000 ,8612.54,8908.32,8589.0,8756.32,51886.768793,452651204.9349024,478773,27722.369637
2019-05-28 00:00:00.000000 ,8752.52,8798.49,8510.63,8715.64,31470.551534,273791910.6314759,349123,16561.876811
2019-05-29 00:00:00.000000 ,8716.87,8750.0,8406.6,8645.68,33880.865922,292094591.01803863,352317,17575.580317
2019-05-30 00:00:00.000000 ,8646.5,9074.26,8005.0,8269.54,70379.998521,603312537.3808434,617341,34577.310598
2019-05-31 00:00:00.000000 ,8267.1,8594.0,8108.5,8555.0,44727.49162,373629673.9190144,416525,23391.68846
2019-06-01 00:00:00.000000 ,8555.0,8626.0,8442.36,8544.07,31868.234157,272098436.34069574,348375,16922.662425
2019-06-02 00:00:00.000000 ,8545.1,8814.78,8524.0,8725.98,27835.133265,241414596.7195052,299353,14585.886999
2019-06-03 00:00:00.000000 ,8726.0,8800.95,8080.8,8115.82,45692.965104,387155494.9730488,431252,22514.316859
2019-06-04 00:00:00.000000 ,8115.66,8115.66,7481.02,7687.03,74143.948941,582173398.3257968,645913,36776.597131
2019-06-05 00:00:00.000000 ,7687.04,7896.7,7572.78,7776.5,48679.656455,377635818.0044095,426120,26296.533959
2019-06-06 00:00:00.000000 ,7778.08,7868.13,7444.58,7786.7,36624.118747,282156410.54378915,371485,18877.986383
2019-06-07 00:00:00.000000 ,7787.57,8100.0,7737.49,7980.53,33942.225658,269125728.1416496,323096,17193.575595
2019-06-08 00:00:00.000000 ,7978.94,8044.65,7751.0,7893.62,22657.329634,179047320.02388045,250864,11795.097294
2019-06-09 00:00:00.000000 ,7895.28,7935.0,7506.66,7628.13,31568.465157,243970971.0244344,322175,16234.631275
2019-06-10 00:00:00.000000 ,7627.57,8020.0,7511.0,7982.75,36756.078468,287125339.97011447,387179,19890.868561
2019-06-11 00:00:00.000000 ,7981.0,8010.0,7692.23,7884.9,30334.999427,238031771.51747337,309059,15793.772451
2019-06-12 00:00:00.000000 ,7884.9,8200.0,7788.99,8127.64,41597.082622,333291726.6460002,361980,22826.901026
2019-06-13 00:00:00.000000 ,8127.64,8309.82,8010.03,8218.54,30467.764341,248418184.7720466,341246,16100.161346
2019-06-14 00:00:00.000000 ,8216.44,8684.41,8144.32,8650.0,39835.246255,333475488.55375946,410072,20970.623827
2019-06-15 00:00:00.000000 ,8650.88,8864.99,8567.63,8808.7,31791.636039,276420769.2933853,335840,16798.379296
2019-06-16 00:00:00.000000 ,8810.77,9333.0,8760.0,8953.33,63289.251219,574211342.9796603,552319,33804.182046
2019-06-17 00:00:00.000000 ,8953.0,9444.0,8950.0,9313.96,47895.485374,441567296.0592663,462160,24826.97685
2019-06-18 00:00:00.000000 ,9312.13,9336.36,8950.0,9081.55,51554.569401,470271954.2987056,449730,28057.047335
2019-06-19 00:00:00.000000 ,9081.97,9304.0,8960.0,9255.49,32147.706495,293748062.6668488,306202,17533.233016
2019-06-20 00:00:00.000000 ,9253.76,9590.0,9175.2,9517.12,34556.053982,323621848.1987617,350662,18032.190714
2019-06-21 00:00:00.000000 ,9518.06,10174.99,9518.06,10159.86,50484.415892,494783687.9853515,474344,28305.732749
2019-06-22 00:00:00.000000 ,10159.86,11160.0,9921.72,10729.5,104169.447976,1112069567.6381147,923334,55336.623587
2019-06-23 00:00:00.000000 ,10729.0,11392.64,10555.18,10906.07,57445.323945,625330374.7466884,557935,30129.801033
2019-06-24 00:00:00.000000 ,10905.95,11143.63,10620.8,11056.59,43101.045285,469746663.93811727,440335,22674.413851
2019-06-25 00:00:00.000000 ,11056.59,11850.0,11026.0,11820.86,61276.686648,697773986.2691858,597798,32838.335566
2019-06-26 00:00:00.000000 ,11821.28,13970.0,11741.0,13093.8,155930.147386,1996178374.594492,1355074,76046.064206
2019-06-27 00:00:00.000000 ,13098.38,13478.04,10525.1,11329.99,173894.820889,2058443849.314,1357233,80442.119916
2019-06-28 00:00:00.000000 ,11329.99,12480.0,10982.88,12400.63,95795.203964,1129888341.3212836,883116,48847.107883
2019-06-29 00:00:00.000000 ,12407.06,12441.54,11475.02,11903.13,69642.074157,829011822.2365324,732073,36061.459369
2019-06-30 00:00:00.000000 ,11903.13,12180.0,10766.03,10854.1,84512.530443,971151050.9005816,711267,42697.44
2019-07-01 00:00:00.000000 ,10854.1,11282.28,10030.0,10624.93,90962.268271,972343281.8603553,757458,44210.988365
2019-07-02 00:00:00.000000 ,10624.9,10938.75,9727.0,10842.85,109561.038728,1128353804.8007915,870148,54998.503606
2019-07-03 00:00:00.000000 ,10844.98,11991.89,10841.04,11940.0,96815.90029,1097804642.7577736,814754,49613.616744
2019-07-04 00:00:00.000000 ,11940.0,12000.0,11055.0,11145.67,66512.221892,775818897.3894848,643867,33626.851862
2019-07-05 00:00:00.000000 ,11145.67,11406.83,10796.44,10970.73,63534.350582,705853649.0264896,564857,32306.914259
2019-07-06 00:00:00.000000 ,10982.41,11665.0,10964.51,11256.49,51469.496331,585001376.155429,470692,25601.989482
2019-07-07 00:00:00.000000 ,11256.45,11538.0,11094.37,11406.24,38884.795599,439439052.9455421,366769,22449.30112
2019-07-08 00:00:00.000000 ,11410.0,12338.03,11220.0,12238.6,52182.367215,618530684.4325522,507860,27740.09749
2019-07-09 00:00:00.000000 ,12238.6,12794.73,12068.0,12543.41,78442.130343,975986802.0300353,660273,40993.911974
2019-07-10 00:00:00.000000 ,12548.51,13147.08,11569.0,12108.37,109246.044997,1369749939.9675035,899391,46964.760907
2019-07-11 00:00:00.000000 ,12108.11,12111.73,11000.0,11342.89,87506.461058,1007356802.218256,760057,43714.15617
2019-07-12 00:00:00.000000 ,11342.88,11885.0,11073.0,11757.22,56321.858281,649824820.7654814,537561,30291.119356
2019-07-13 00:00:00.000000 ,11757.22,11799.98,10830.0,11355.76,54245.594548,614050007.9919451,510305,26460.058236
2019-07-14 00:00:00.000000 ,11355.78,11452.0,10103.0,10174.18,72517.579236,777646151.6029468,649043,35853.69216
2019-07-15 00:00:00.000000 ,10174.18,11100.0,9860.0,10838.72,81922.426332,851028723.7031858,732206,41714.189655
2019-07-16 00:00:00.000000 ,10833.78,11028.0,9350.01,9439.59,97219.443413,982462166.6932294,796646,47295.944048
2019-07-17 00:00:00.000000 ,9430.17,9957.0,9060.0,9667.92,84942.672717,809555508.3476789,757742,43073.115146
2019-07-18 00:00:00.000000 ,9668.86,10788.0,9252.0,10627.16,80283.310252,807822745.1854327,734821,42103.344745
2019-07-19 00:00:00.000000 ,10628.64,10769.71,10121.84,10504.29,56546.932133,589931612.3419864,567735,29070.357474
2019-07-20 00:00:00.000000 ,10505.78,11068.99,10350.0,10740.23,47331.899848,505569016.3500829,461660,25003.62155
2019-07-21 00:00:00.000000 ,10740.27,10817.9,10288.0,10589.45,38834.287935,409661485.9985647,395452,20345.527384
2019-07-22 00:00:00.000000 ,10590.15,10683.16,10100.0,10340.31,40467.954839,421016379.36208767,389565,19335.4119
2019-07-23 00:00:00.000000 ,10343.08,10343.97,9822.0,9864.91,47624.37071,478441909.40505725,448147,24082.309129
2019-07-24 00:00:00.000000 ,9864.78,9937.0,9525.0,9763.28,43475.380377,422534162.14571214,424762,21963.773537
2019-07-25 00:00:00.000000 ,9763.4,10175.0,9720.03,9879.87,37873.354728,378938450.0817674,368176,19308.011426
2019-07-26 00:00:00.000000 ,9882.15,9889.98,9637.0,9824.0,27167.463217,265108103.13392133,299935,14006.629434
2019-07-27 00:00:00.000000 ,9824.0,10188.66,9333.0,9476.52,43809.778301,424932724.9687315,401418,21428.052318
2019-07-28 00:00:00.000000 ,9478.92,9594.99,9165.0,9541.54,29401.022937,278537286.1348134,271327,17116.433132
2019-07-29 00:00:00.000000 ,9541.54,9729.0,9395.0,9507.64,29021.937411,277497756.7684168,294468,16075.166971
2019-07-30 00:00:00.000000 ,9509.07,9714.28,9402.0,9574.21,32536.368834,310867928.28793913,283961,17211.009653
2019-07-31 00:00:00.000000 ,9575.0,10109.8,9555.0,10080.53,39515.35456,389690761.44466114,364212,21235.609604
2019-08-01 00:00:00.000000 ,10080.53,10467.86,9863.46,10374.99,41727.637028,422156523.6690079,378062,22244.919467
2019-08-02 00:00:00.000000 ,10375.0,10670.0,10281.35,10523.75,42990.444221,450323284.1507597,431322,22206.135093
2019-08-03 00:00:00.000000 ,10523.75,10904.77,10497.93,10816.86,33802.318824,363852799.8717801,348893,18132.529707
2019-08-04 00:00:00.000000 ,10816.86,11040.0,10552.0,10929.23,39924.745141,431793873.4232976,353721,22066.368257
2019-08-05 00:00:00.000000 ,10929.99,11937.52,10927.8,11828.8,65153.673713,757976547.217046,622610,33530.07066
2019-08-06 00:00:00.000000 ,11830.0,12330.7,11226.7,11481.69,76705.389875,904119081.6157126,625827,37522.116972
2019-08-07 00:00:00.000000 ,11481.69,12141.17,11382.84,11975.03,69173.390353,814597979.050504,592916,36357.225918
2019-08-08 00:00:00.000000 ,11975.04,12060.0,11521.0,11999.77,51207.257174,604389131.062836,473584,27463.200763
2019-08-09 00:00:00.000000 ,11994.17,12045.68,11700.0,11879.99,39427.152588,467011047.9414285,410902,20074.421911
2019-08-10 00:00:00.000000 ,11879.98,11985.0,11270.0,11309.31,42633.087048,492217964.4905557,399237,17111.125076
2019-08-11 00:00:00.000000 ,11309.24,11600.0,11112.11,11549.97,26772.90691,304862403.351449,306234,15007.4382
2019-08-12 00:00:00.000000 ,11539.08,11577.89,11235.32,11396.08,17568.227075,200325471.60414097,255966,9200.430879
2019-08-13 00:00:00.000000 ,11398.35,11456.16,10788.45,10892.71,33234.72968,368994475.5461124,337834,13483.5587
2019-08-14 00:00:00.000000 ,10893.36,10897.48,9928.1,10050.37,54451.847499,567724729.1059059,534507,26080.631381
2019-08-15 00:00:00.000000 ,10055.16,10460.0,9911.0,10293.93,38174.45112,387705855.0879112,373368,19588.082918
2019-08-16 00:00:00.000000 ,10296.77,10536.03,9750.0,10331.54,51758.142918,527258446.3977765,504740,25818.031537
2019-08-17 00:00:00.000000 ,10331.15,10465.14,10000.0,10216.02,29000.581201,297776329.0305825,332795,14672.94974
2019-08-18 00:00:00.000000 ,10216.05,10500.0,10080.0,10306.78,24085.395172,248508872.4599864,265705,12961.478557
2019-08-19 00:00:00.000000 ,10306.17,10930.0,10258.6,10915.54,37243.319217,396233441.0274596,337022,20591.436572
2019-08-20 00:00:00.000000 ,10914.73,10949.96,10560.0,10760.51,32298.921679,346664453.1367265,305065,16017.544729
2019-08-21 00:00:00.000000 ,10760.51,10804.13,9858.0,10142.57,47355.719282,482889274.517917,458814,21565.830561
2019-08-22 00:00:00.000000 ,10140.82,10242.0,9762.0,10099.88,34059.642738,341371442.9068388,401148,17921.9543
2019-08-23 00:00:00.000000 ,10099.9,10445.0,10019.79,10389.55,27550.336173,282732431.7520724,326866,14798.816338
2019-08-24 00:00:00.000000 ,10388.16,10419.42,9890.0,10134.35,27692.456844,279962133.6257099,313227,13623.564841
2019-08-25 00:00:00.000000 ,10134.61,10333.0,9906.97,10142.69,26271.657398,265132761.31704283,289956,12885.717735
2019-08-26 00:00:00.000000 ,10142.69,10604.0,10137.93,10372.25,41687.511599,432249835.49069726,405316,22666.595452
2019-08-27 00:00:00.000000 ,10373.6,10391.08,10051.08,10185.05,28402.775383,289340681.0789518,292888,13852.442138
2019-08-28 00:00:00.000000 ,10185.69,10299.0,9601.01,9721.0,42110.555375,420034883.00315255,381293,19430.822573
2019-08-29 00:00:00.000000 ,9721.0,9724.0,9320.0,9498.44,35532.69491,337838761.5572865,343887,17536.268448
2019-08-30 00:00:00.000000 ,9499.01,9696.0,9350.41,9584.54,26834.318104,255854874.4507745,259270,14227.872851
2019-08-31 00:00:00.000000 ,9582.76,9684.51,9420.75,9587.47,17130.290074,164116756.46299693,199188,8558.148214
2019-09-01 00:00:00.000000 ,9588.74,9830.0,9520.0,9724.98,19545.404843,188513289.12235728,191324,11545.610598
2019-09-02 00:00:00.000000 ,9723.59,10450.0,9712.5,10340.0,44740.248093,448462178.630381,354155,25140.296125
2019-09-03 00:00:00.000000 ,10340.0,10773.0,10272.0,10615.28,47998.376781,505617667.3992669,416076,24734.303264
2019-09-04 00:00:00.000000 ,10611.85,10799.0,10369.89,10567.02,43943.889026,463526509.325937,383457,22244.067656
2019-09-05 00:00:00.000000 ,10565.92,10900.0,10450.0,10564.49,33970.960639,358861340.7897901,309846,16535.147807
2019-09-06 00:00:00.000000 ,10563.13,10905.87,10150.0,10298.73,58799.640959,623662984.3843305,455334,29952.944427
2019-09-07 00:00:00.000000 ,10298.71,10558.0,10288.57,10455.88,27637.877392,287851131.1802577,272011,14673.489216
2019-09-08 00:00:00.000000 ,10455.9,10592.5,10208.0,10381.18,23984.672018,249900964.37153128,237752,10588.592458
2019-09-09 00:00:00.000000 ,10381.24,10480.0,10068.5,10303.12,39835.727608,409724831.9471226,330459,18729.472684
2019-09-10 00:00:00.000000 ,10302.58,10384.99,9953.0,10098.15,28915.412225,294323839.5070076,286763,13432.256822
2019-09-11 00:00:00.000000 ,10098.19,10293.0,9880.0,10158.33,31953.824562,321637085.47650874,309120,16583.813097
2019-09-12 00:00:00.000000 ,10158.75,10448.81,10040.0,10415.01,34511.162755,353390090.96777725,317881,18550.853202
2019-09-13 00:00:00.000000 ,10415.01,10439.0,10153.0,10342.06,30280.339776,311632094.25618845,304947,16763.854663
2019-09-14 00:00:00.000000 ,10344.13,10419.99,10222.33,10335.02,23621.533519,244063007.0902248,253929,13495.986691
2019-09-15 00:00:00.000000 ,10332.81,10360.0,10252.15,10302.01,18047.654013,185853330.43704256,194733,8221.803055
2019-09-16 00:00:00.000000 ,10303.34,10355.0,10078.0,10251.31,28971.401657,296325130.1709013,274368,13385.302253
2019-09-17 00:00:00.000000 ,10249.68,10275.0,10128.01,10187.82,22914.324563,233944812.560508,287483,11195.430673
2019-09-18 00:00:00.000000 ,10187.48,10258.02,10100.0,10156.99,24250.249303,247024351.59799168,299466,11753.109111
2019-09-19 00:00:00.000000 ,10156.41,10325.0,9653.0,10244.29,44826.282579,447676492.9840264,429727,22623.287763
2019-09-20 00:00:00.000000 ,10243.7,10281.0,10061.39,10168.59,25088.491069,255205290.2118373,267032,12054.384888
2019-09-21 00:00:00.000000 ,10167.92,10176.7,9900.0,9986.39,20544.175196,206034034.50803515,245439,9285.851479
2019-09-22 00:00:00.000000 ,9985.15,10089.0,9853.97,10028.87,22049.275256,220133631.61284167,253713,11200.611921
2019-09-23 00:00:00.000000 ,10028.05,10049.99,9615.77,9702.25,31937.232356,314390584.62646127,332817,14940.112496
2019-09-24 00:00:00.000000 ,9702.2,9794.99,7800.0,8493.14,94007.345203,838996309.1611282,748712,42986.253127
2019-09-25 00:00:00.000000 ,8497.55,8730.0,8215.64,8430.05,60783.892258,512437200.3611044,544806,30489.471994
2019-09-26 00:00:00.000000 ,8430.05,8465.99,7750.0,8063.73,67930.853749,552794530.866682,522062,33363.51365
2019-09-27 00:00:00.000000 ,8063.49,8265.0,7852.15,8177.91,43882.924625,352800745.20792854,369518,23224.861135
2019-09-28 00:00:00.000000 ,8177.47,8315.0,8001.09,8198.81,34473.605165,280672404.6804955,319113,18215.039863
2019-09-29 00:00:00.000000 ,8199.38,8229.13,7890.0,8043.82,31544.211388,253660600.3252929,322501,15507.400781
2019-09-30 00:00:00.000000 ,8043.04,8337.26,7710.0,8289.34,55865.48726,449120676.8427603,455556,29052.010951
2019-10-01 00:00:00.000000 ,8289.97,8500.0,8173.05,8292.44,43479.58742,363040860.0000876,387712,22520.155804
2019-10-02 00:00:00.000000 ,8292.67,8373.91,8151.22,8359.94,26243.386644,216325351.8586446,261430,13652.36085
2019-10-03 00:00:00.000000 ,8360.0,8393.0,8060.0,8223.96,30488.284058,250291751.27141392,281307,15321.407535
2019-10-04 00:00:00.000000 ,8224.43,8232.41,8005.0,8137.13,26476.330404,215325611.6822151,259012,13236.810255
2019-10-05 00:00:00.000000 ,8137.09,8183.41,8012.98,8126.19,21907.615564,177252877.0029691,237769,10620.069822
2019-10-06 00:00:00.000000 ,8127.55,8153.87,7785.0,7854.25,34676.104049,275447898.032875,325795,16437.310141
2019-10-07 00:00:00.000000 ,7855.3,8299.92,7762.0,8190.09,52202.072297,420921679.8442632,482605,28088.649704
2019-10-08 00:00:00.000000 ,8190.82,8325.0,8088.75,8168.39,35452.657423,290675248.1414453,395685,16893.73714
2019-10-09 00:00:00.000000 ,8170.79,8670.0,8115.0,8560.74,55038.704378,462845251.8136103,537805,29211.87169
2019-10-10 00:00:00.000000 ,8562.15,8644.0,8414.52,8558.03,39137.946167,333925412.3041418,406932,20587.713971
2019-10-11 00:00:00.000000 ,8557.82,8779.51,8212.38,8258.5,50405.284418,424413201.53293216,471818,24618.017135
2019-10-12 00:00:00.000000 ,8257.95,8400.0,8250.0,8300.09,21339.334098,177707852.5948189,280633,11644.429544
2019-10-13 00:00:00.000000 ,8301.98,8451.37,8160.0,8275.01,27840.739953,232149438.3639587,320051,14035.914654
2019-10-14 00:00:00.000000 ,8275.24,8388.85,8203.0,8348.2,29810.663253,247530733.18003485,345679,15273.003755
2019-10-15 00:00:00.000000 ,8346.86,8403.0,8090.0,8159.29,32773.062476,270727559.77701086,399447,16822.940015
2019-10-16 00:00:00.000000 ,8159.3,8181.16,7917.0,7991.74,34733.593966,279586845.5362138,421026,17198.827976
2019-10-17 00:00:00.000000 ,7995.02,8124.92,7929.03,8070.58,29656.949158,238343204.48251528,356490,15922.046058
2019-10-18 00:00:00.000000 ,8070.71,8115.0,7816.01,7947.01,31353.181416,248931322.1008505,399783,15692.63445
2019-10-19 00:00:00.000000 ,7946.89,8098.1,7866.92,7948.01,26627.889388,211909734.13572004,349746,13886.838244
2019-10-20 00:00:00.000000 ,7949.87,8297.0,7870.0,8223.35,34286.452654,275899861.65387124,396091,18042.423677
2019-10-21 00:00:00.000000 ,8223.35,8333.0,8142.03,8197.27,30448.679539,250117281.63661337,367169,16584.000384
2019-10-22 00:00:00.000000 ,8197.28,8297.99,8000.0,8020.0,34651.828663,283535483.41051364,384699,16767.036824
2019-10-23 00:00:00.000000 ,8020.06,8047.59,7300.0,7466.62,63897.457098,488220760.6464156,610241,28473.730302
2019-10-24 00:00:00.000000 ,7468.47,7503.68,7337.99,7412.41,32714.383265,243246414.9489239,403778,16705.376355
2019-10-25 00:00:00.000000 ,7412.41,8799.0,7361.0,8655.02,90748.218174,737329544.8835196,775418,49588.976612
2019-10-26 00:00:00.000000 ,8655.88,10370.0,8470.38,9230.0,162588.585413,1522244166.4108484,1185369,81590.336531
2019-10-27 00:00:00.000000 ,9230.0,9794.98,9074.34,9529.93,93833.541604,887438297.7462668,799978,47320.55467
2019-10-28 00:00:00.000000 ,9528.23,9902.1,9160.0,9205.14,80174.217323,759178942.9488419,681128,39754.681501
2019-10-29 00:00:00.000000 ,9204.45,9550.0,9072.0,9407.62,64158.462446,600611324.6356996,559589,32787.049174
2019-10-30 00:00:00.000000 ,9407.62,9409.84,9001.01,9154.72,55241.786434,506584830.0313323,524035,27416.561748
2019-10-31 00:00:00.000000 ,9154.02,9405.0,8913.0,9140.85,54376.024902,498152743.7348088,490183,27252.203536
2019-11-01 00:00:00.000000 ,9140.86,9279.0,9030.0,9231.61,43594.814115,398803069.00908464,478002,22843.605042
2019-11-02 00:00:00.000000 ,9231.4,9373.74,9186.21,9289.52,28923.060828,268119579.73009112,325421,15316.187863
2019-11-03 00:00:00.000000 ,9289.85,9362.57,9066.14,9194.71,27894.378279,256664259.6621914,326024,13611.806558
2019-11-04 00:00:00.000000 ,9196.46,9513.68,9115.84,9393.35,45894.456277,426792003.1749065,453749,24741.815925
2019-11-05 00:00:00.000000 ,9392.4,9454.95,9175.76,9308.66,45935.873665,428156963.0785469,492885,22809.239558
2019-11-06 00:00:00.000000 ,9307.73,9440.91,9250.01,9339.05,37336.170372,348607499.83121693,402997,18947.024127
2019-11-07 00:00:00.000000 ,9339.16,9375.0,9101.0,9216.2,39117.470853,361217475.05834645,401984,19603.523572
2019-11-08 00:00:00.000000 ,9214.0,9261.0,8696.0,8773.73,62107.289243,555589995.9935858,567331,30046.129291
2019-11-09 00:00:00.000000 ,8773.74,8880.0,8724.88,8809.41,29469.481405,259733491.8299089,326730,14990.422246
2019-11-10 00:00:00.000000 ,8809.18,9147.19,8750.0,9039.47,34422.029797,307316853.90375423,375946,17722.19709
2019-11-11 00:00:00.000000 ,9040.16,9072.32,8618.68,8733.27,44888.053545,394585996.3292871,415982,22111.943057
2019-11-12 00:00:00.000000 ,8733.36,8888.0,8567.6,8821.94,40366.629471,352675938.430593,406765,20225.03456
2019-11-13 00:00:00.000000 ,8821.91,8844.99,8702.0,8777.12,26810.116918,235060554.1241016,281593,13524.993035
2019-11-14 00:00:00.000000 ,8777.54,8800.0,8582.6,8646.68,33468.468961,290104306.9530332,337019,16272.816785
2019-11-15 00:00:00.000000 ,8646.38,8790.0,8400.0,8471.73,46087.417751,394708981.3155723,423919,22568.290117
2019-11-16 00:00:00.000000 ,8471.62,8543.0,8400.0,8491.02,20902.299752,177222838.38564816,231473,10703.629784
2019-11-17 00:00:00.000000 ,8490.74,8635.0,8350.68,8502.4,27009.037082,229995700.81158423,259594,13607.516179
2019-11-18 00:00:00.000000 ,8502.87,8503.52,8060.0,8187.17,43017.69094,358706174.8252184,366263,20525.116924
2019-11-19 00:00:00.000000 ,8186.5,8218.63,8003.0,8133.64,43556.061025,353463792.04443395,357382,21816.725084
2019-11-20 00:00:00.000000 ,8133.83,8264.29,8038.4,8098.01,32466.23098,263387575.485922,288843,16751.186459
2019-11-21 00:00:00.000000 ,8098.56,8134.73,7500.0,7627.74,58418.780261,455166676.2781802,430062,26902.369851
2019-11-22 00:00:00.000000 ,7627.79,7750.0,6790.0,7268.23,126603.140259,917881536.262084,817604,60867.912182
2019-11-23 00:00:00.000000 ,7268.23,7344.48,7080.01,7311.57,50449.894755,364446217.3737604,414045,25882.631466
2019-11-24 00:00:00.000000 ,7311.1,7330.39,6861.0,6903.28,67890.206483,481922941.3269758,446014,33387.528695
2019-11-25 00:00:00.000000 ,6900.23,7377.69,6515.0,7109.57,119645.735197,831628458.3049068,679721,60533.393613
2019-11-26 00:00:00.000000 ,7109.99,7340.0,7017.48,7156.14,65722.39769,469602476.91268086,433933,33301.349941
2019-11-27 00:00:00.000000 ,7154.75,7655.0,6840.0,7508.52,92452.87349,671646609.1695509,582055,47058.028744
2019-11-28 00:00:00.000000 ,7507.9,7643.0,7360.0,7419.49,56933.981109,427572714.9456008,388953,28876.708952
2019-11-29 00:00:00.000000 ,7418.52,7850.0,7362.3,7739.68,60745.300873,463006956.68515134,412929,31576.88619
2019-11-30 00:00:00.000000 ,7740.99,7810.0,7441.0,7541.89,46989.433619,358749026.3607554,346506,23743.610337
2019-12-01 00:00:00.000000 ,7540.63,7541.85,7210.0,7390.89,60769.342313,446524917.2059704,420573,31120.002932
2019-12-02 00:00:00.000000 ,7391.5,7420.56,7151.1,7294.28,46330.25604,337889295.5101809,326881,24043.616393
2019-12-03 00:00:00.000000 ,7294.42,7400.0,7241.35,7292.71,33149.477487,242379261.1043476,265391,16639.294837
2019-12-04 00:00:00.000000 ,7292.71,7750.0,7067.0,7194.32,83153.701586,608670609.9747069,516250,41870.640469
2019-12-05 00:00:00.000000 ,7194.59,7485.0,7150.0,7389.0,59306.678855,434738864.7840124,430359,30794.874009
2019-12-06 00:00:00.000000 ,7389.0,7590.03,7305.0,7527.47,48189.087944,356905919.01556,367854,25901.014334
2019-12-07 00:00:00.000000 ,7527.8,7619.62,7470.16,7488.21,31498.684173,237000924.85530463,263592,16179.184922
2019-12-08 00:00:00.000000 ,7487.31,7564.0,7374.86,7510.11,29856.897631,223314325.61846468,257514,15295.64625
2019-12-09 00:00:00.000000 ,7510.11,7650.0,7273.0,7338.64,46621.887493,347471155.4826833,359648,23733.126317
2019-12-10 00:00:00.000000 ,7338.64,7407.6,7157.1,7224.13,49723.76214,363127435.3955167,439637,24739.064153
2019-12-11 00:00:00.000000 ,7224.15,7275.5,7125.66,7210.0,30093.091944,217095653.86658928,268269,15475.539172
2019-12-12 00:00:00.000000 ,7210.0,7295.0,7080.3,7198.08,42288.600932,303657479.492691,331414,20847.384026
2019-12-13 00:00:00.000000 ,7197.76,7309.05,7190.76,7258.48,27609.873795,199836160.23365223,252135,14299.033256
2019-12-14 00:00:00.000000 ,7257.37,7271.77,7012.0,7064.05,29561.985967,211004228.015854,276819,14397.273743
2019-12-15 00:00:00.000000 ,7064.14,7200.3,7008.35,7118.59,26395.778137,187402764.5635312,262651,13778.880146
2019-12-16 00:00:00.000000 ,7119.6,7150.0,6836.0,6891.72,43863.993059,307508569.8925137,371202,21512.688371
2019-12-17 00:00:00.000000 ,6891.44,6942.21,6560.0,6623.82,53865.069929,364087469.8222779,454097,26510.453951
2019-12-18 00:00:00.000000 ,6623.84,7440.0,6435.0,7277.83,95636.651251,654057202.1588289,714073,49843.650817
2019-12-19 00:00:00.000000 ,7277.83,7380.0,7038.31,7150.3,55509.049075,397407677.058565,439761,27456.528272
2019-12-20 00:00:00.000000 ,7151.31,7220.0,7079.5,7187.83,32132.069205,229842650.4214953,312766,16641.052689
2019-12-21 00:00:00.000000 ,7188.01,7190.58,7105.0,7132.75,19467.174028,139069157.08645767,212162,10119.761012
2019-12-22 00:00:00.000000 ,7131.59,7518.54,7122.47,7501.44,39137.45515,285577206.9406348,356612,20625.436732
2019-12-23 00:00:00.000000 ,7500.71,7695.38,7265.84,7317.09,68051.997203,510710431.7668603,530669,33444.243772
2019-12-24 00:00:00.000000 ,7317.3,7436.68,7157.04,7255.77,43629.494188,318428019.00091,384678,21552.751206
2019-12-25 00:00:00.000000 ,7255.77,7271.77,7128.86,7204.63,27492.044323,198273303.10954583,289924,14433.038991
2019-12-26 00:00:00.000000 ,7205.01,7435.0,7157.12,7202.0,36259.761076,263289798.9561876,337695,18887.865665
2019-12-27 00:00:00.000000 ,7202.0,7275.86,7076.42,7254.74,33642.701861,242214722.72289035,297262,16882.396768
2019-12-28 00:00:00.000000 ,7254.77,7365.01,7238.67,7316.14,26848.982199,196322192.43800187,272607,13894.476242
2019-12-29 00:00:00.000000 ,7315.36,7528.45,7288.0,7388.24,31387.106085,231731575.8282169,283213,15999.777828
2019-12-30 00:00:00.000000 ,7388.43,7408.24,7220.0,7246.0,29605.911782,216508875.51767525,279033,13768.256664
2019-12-31 00:00:00.000000 ,7246.0,7320.0,7145.01,7195.23,25954.453533,187518399.34504,251976,12595.930347
2020-01-01 00:00:00.000000 ,7195.24,7255.0,7175.15,7200.85,16792.388165,121214452.11606228,194010,8946.955535
2020-01-02 00:00:00.000000 ,7200.77,7212.5,6924.74,6965.71,31951.483932,225982341.3011403,302667,15141.61134
2020-01-03 00:00:00.000000 ,6965.49,7405.0,6871.04,7344.96,68428.500451,495098582.96203536,519854,35595.496273
2020-01-04 00:00:00.000000 ,7345.0,7404.0,7272.21,7354.11,29987.974977,219874240.93994808,279370,16369.382248
2020-01-05 00:00:00.000000 ,7354.19,7495.0,7318.0,7358.75,38331.085604,284848683.7891762,329209,19455.369564
2020-01-06 00:00:00.000000 ,7357.64,7795.34,7346.76,7758.0,54635.695316,413330481.2260492,449937,28853.76777
2020-01-07 00:00:00.000000 ,7758.9,8207.68,7723.71,8145.28,91171.684661,724202791.1429626,685315,46192.111549
2020-01-08 00:00:00.000000 ,8145.92,8455.0,7870.0,8055.98,112622.64264,926410232.6045058,830375,55071.109514
2020-01-09 00:00:00.000000 ,8054.72,8055.96,7750.0,7817.76,64239.51983,507258250.4748797,478800,31645.759221
2020-01-10 00:00:00.000000 ,7817.74,8199.0,7672.0,8197.02,82406.777448,652774220.3884369,606101,42361.755307
2020-01-11 00:00:00.000000 ,8198.86,8286.34,8003.16,8020.01,54810.032667,445034349.5647021,469131,27916.124974
2020-01-12 00:00:00.000000 ,8020.01,8197.0,7960.0,8184.98,38131.494336,309351920.45885,350662,19718.541096
2020-01-13 00:00:00.000000 ,8184.97,8196.0,8055.89,8110.34,31159.755683,252656965.3581501,289144,15215.226501
2020-01-14 00:00:00.000000 ,8110.34,8880.0,8105.54,8810.01,120399.126742,1032735180.8658738,915328,62492.096676
2020-01-15 00:00:00.000000 ,8814.64,8916.48,8564.0,8821.41,84816.297606,743712237.2790816,764048,42493.551026
2020-01-16 00:00:00.000000 ,8820.01,8859.81,8586.0,8720.01,51991.074284,451752380.28108114,543064,25996.30135
2020-01-17 00:00:00.000000 ,8720.15,9041.65,8672.44,8913.28,70897.737377,629568740.707009,676403,36139.808845
2020-01-18 00:00:00.000000 ,8913.27,8988.88,8806.38,8915.96,38294.746545,340852837.9160803,458182,19421.295313
2020-01-19 00:00:00.000000 ,8915.09,9198.98,8466.0,8701.7,70676.889259,623950864.2762928,615665,33655.943241
2020-01-20 00:00:00.000000 ,8701.72,8746.99,8521.28,8642.35,38896.639746,336447837.0018059,385006,19453.863782
2020-01-21 00:00:00.000000 ,8642.35,8789.0,8488.0,8736.03,36494.687659,316056704.984738,365621,18731.871637
2020-01-22 00:00:00.000000 ,8736.04,8818.0,8590.0,8682.36,29080.557138,252638888.2149256,317424,14477.157512
2020-01-23 00:00:00.000000 ,8682.77,8691.81,8306.39,8404.52,48165.944597,407428808.67533696,464805,23287.712444
2020-01-24 00:00:00.000000 ,8404.52,8528.02,8238.0,8439.0,41687.529529,349874174.79003936,407271,21293.489586
2020-01-25 00:00:00.000000 ,8438.99,8451.26,8254.9,8340.58,25521.157932,212869245.63589776,283118,13076.752786
2020-01-26 00:00:00.000000 ,8340.01,8618.13,8293.66,8615.0,31130.485164,263941925.272999,332612,15797.911267
2020-01-27 00:00:00.000000 ,8614.39,9000.0,8535.0,8907.57,53973.542996,473194952.8044688,514196,28592.326521
2020-01-28 00:00:00.000000 ,8907.57,9400.0,8862.4,9374.21,74584.853765,676593159.4823396,616678,38852.363246
2020-01-29 00:00:00.000000 ,9375.34,9449.24,9216.0,9301.53,53864.065122,503188568.8363578,492545,26615.651329
2020-01-30 00:00:00.000000 ,9301.57,9578.0,9204.44,9513.21,60626.744259,569652869.8196837,529570,30852.55545
2020-01-31 00:00:00.000000 ,9511.52,9530.22,9210.01,9352.89,45552.022352,425779010.4065367,428547,22482.470899
2020-02-01 00:00:00.000000 ,9351.71,9464.53,9281.0,9384.61,28578.067354,268137739.9933375,334972,14679.126305
2020-02-02 00:00:00.000000 ,9384.41,9477.03,9120.0,9331.51,45690.91254,428064088.6904683,446558,22588.40606
2020-02-03 00:00:00.000000 ,9331.59,9618.79,9234.0,9292.24,50892.133451,476379993.49247247,492124,24781.397696
2020-02-04 00:00:00.000000 ,9291.35,9350.0,9093.01,9197.02,53308.175266,491136137.2107625,528930,26103.432307
2020-02-05 00:00:00.000000 ,9197.02,9744.45,9177.22,9612.04,64870.415615,613540574.7818311,661758,35375.605202
2020-02-06 00:00:00.000000 ,9612.03,9862.57,9526.35,9772.0,64949.706588,631245079.8223813,682179,32143.454647
2020-02-07 00:00:00.000000 ,9772.0,9885.0,9730.0,9813.73,43966.114632,430744860.1814393,582249,22733.988186
2020-02-08 00:00:00.000000 ,9813.87,9940.0,9667.11,9895.05,43600.843666,427781790.200816,514573,22664.381837
2020-02-09 00:00:00.000000 ,9895.04,10166.0,9880.75,10151.75,43408.475616,437441704.9053964,536848,22408.277327
2020-02-10 00:00:00.000000 ,10151.72,10188.0,9756.0,9851.83,59573.084619,590091358.442907,690308,28618.883245
2020-02-11 00:00:00.000000 ,9851.74,10323.59,9700.0,10223.08,62422.395224,624970415.4054741,710170,31905.31642
2020-02-12 00:00:00.000000 ,10223.08,10450.0,10223.08,10326.46,61008.06393,629756037.5160786,857655,31141.8077
2020-02-13 00:00:00.000000 ,10325.33,10500.0,10080.0,10229.63,79344.358759,815507473.735361,932802,38475.272548
2020-02-14 00:00:00.000000 ,10227.78,10381.56,10111.37,10344.36,47038.480173,482455622.003626,622310,23697.005493
2020-02-15 00:00:00.000000 ,10344.36,10375.0,9801.0,9904.72,57657.202947,580845331.1747848,739781,26758.580323
2020-02-16 00:00:00.000000 ,9904.46,10050.0,9638.12,9917.27,60023.999537,592584876.9040861,708070,29406.136839
2020-02-17 00:00:00.000000 ,9910.7,9964.16,9452.67,9706.0,70261.011901,680009637.6159953,778058,33221.839241
2020-02-18 00:00:00.000000 ,9706.0,10250.0,9576.01,10164.71,70604.124019,696870122.812608,723413,37303.996326
2020-02-19 00:00:00.000000 ,10164.78,10250.0,9350.0,9593.79,55162.586895,547679966.9292257,588760,25457.91648
2020-02-20 00:00:00.000000 ,9594.65,9699.0,9400.0,9596.42,60152.342914,576020107.4626018,667387,29843.208875
2020-02-21 00:00:00.000000 ,9597.21,9755.51,9550.21,9677.05,42181.554524,408286949.8035292,470599,21645.267614
2020-02-22 00:00:00.000000 ,9677.05,9709.17,9560.02,9650.86,24636.757623,237544283.22525856,319961,13267.246511
2020-02-23 00:00:00.000000 ,9650.85,9990.0,9645.0,9936.4,37702.089843,371815095.46744496,441935,20035.250549
2020-02-24 00:00:00.000000 ,9936.4,9990.0,9473.56,9656.13,55796.59612,542081527.6408329,589384,26426.930644
2020-02-25 00:00:00.000000 ,9655.52,9675.0,9250.0,9315.84,54379.344552,514946930.5660231,579079,26318.934158
2020-02-26 00:00:00.000000 ,9316.48,9377.44,8633.63,8785.25,92130.345482,830717784.3790948,871018,41928.874809
2020-02-27 00:00:00.000000 ,8786.0,8971.77,8531.0,8823.21,72483.578762,636955872.7625463,696646,35410.014492
2020-02-28 00:00:00.000000 ,8823.25,8900.0,8445.0,8692.91,71155.208977,615664817.0103912,655727,35295.606135
2020-02-29 00:00:00.000000 ,8690.8,8790.0,8523.55,8523.61,36748.183035,318585951.9885324,414175,18916.854559
2020-03-01 00:00:00.000000 ,8523.61,8750.0,8411.0,8531.88,43892.201779,375729315.25408256,472019,21838.368866
2020-03-02 00:00:00.000000 ,8530.3,8965.75,8498.0,8915.24,60401.31773,528906629.5628192,564535,31213.080602
2020-03-03 00:00:00.000000 ,8911.18,8919.65,8651.0,8760.07,55154.997282,484181096.3229558,512762,26954.229745
2020-03-04 00:00:00.000000 ,8760.07,8848.29,8660.0,8750.87,38696.482578,338849891.95293546,454817,19279.33119
2020-03-05 00:00:00.000000 ,8750.99,9159.42,8746.54,9054.68,58201.866355,524102029.20478296,619552,30482.082171
2020-03-06 00:00:00.000000 ,9054.64,9170.0,8985.5,9131.88,43782.948044,397598476.42056286,493216,22296.560506
2020-03-07 00:00:00.000000 ,9130.89,9188.0,8835.0,8886.66,45422.204525,409983263.789138,485400,22281.715855
2020-03-08 00:00:00.000000 ,8885.25,8886.76,8000.0,8033.31,77537.315166,656931544.7821604,740741,34843.607849
2020-03-09 00:00:00.000000 ,8034.76,8179.31,7632.01,7929.87,116968.863268,918787729.0855838,929234,58020.957927
2020-03-10 00:00:00.000000 ,7929.87,8149.0,7728.01,7894.56,86783.443875,689700153.4490932,737528,43673.584024
2020-03-11 00:00:00.000000 ,7894.57,7980.0,7590.0,7934.52,79942.411172,624465167.3648188,699401,40497.892738
2020-03-12 00:00:00.000000 ,7934.58,7966.17,4410.0,4800.0,261505.608653,1628590104.2222133,1770812,119298.006197
2020-03-13 00:00:00.000000 ,4800.01,5955.0,3782.13,5578.6,402201.673764,2063819540.6389947,2309830,197511.954273
2020-03-14 00:00:00.000000 ,5576.05,5640.52,5055.13,5172.06,136910.135974,736651880.9210789,1106125,66104.019729
2020-03-15 00:00:00.000000 ,5172.48,5940.0,5093.1,5361.3,139916.146534,753755706.4268771,1037714,70540.65095
2020-03-16 00:00:00.000000 ,5360.33,5365.42,4442.12,5028.97,227276.92276,1113690309.1015868,1608176,108901.967366
2020-03-17 00:00:00.000000 ,5028.86,5525.0,4921.45,5312.64,150089.926318,793147908.2684975,1069217,74698.374254
2020-03-18 00:00:00.000000 ,5312.64,5436.17,5009.37,5393.04,137127.634894,719748122.45302,962843,65106.067778
2020-03-19 00:00:00.000000 ,5393.26,6400.0,5252.53,6162.37,199020.873439,1164739707.514236,1403608,99011.947011
2020-03-20 00:00:00.000000 ,6162.05,6900.0,5670.0,6208.36,219298.329514,1401734013.175202,1580069,104719.63918
2020-03-21 00:00:00.000000 ,6204.57,6456.98,5860.02,6186.98,128913.668363,794962136.6384171,990974,63326.096852
2020-03-22 00:00:00.000000 ,6187.04,6407.87,5734.01,5816.19,119115.990527,722895653.5100614,952259,57189.898349
2020-03-23 00:00:00.000000 ,5816.05,6600.0,5688.0,6467.31,164674.215785,1015525672.0743864,1099406,84136.011728
2020-03-24 00:00:00.000000 ,6465.25,6833.0,6371.33,6744.72,151138.009878,1001890515.2399886,1012669,72781.817328
2020-03-25 00:00:00.000000 ,6744.69,6957.96,6450.0,6677.43,132155.734989,880250736.9079887,912179,63515.16835
2020-03-26 00:00:00.000000 ,6677.42,6780.0,6510.0,6737.36,83026.555211,552537189.4793514,668467,41123.410506
2020-03-27 00:00:00.000000 ,6737.27,6842.59,6261.0,6359.11,82914.968354,551326113.8552039,643631,38439.272216
2020-03-28 00:00:00.000000 ,6359.11,6360.0,6024.0,6236.65,93159.693429,577986706.1289365,725588,44960.523438
2020-03-29 00:00:00.000000 ,6236.65,6266.0,5866.56,5881.42,63311.627714,383707122.50096285,496709,29080.967922
2020-03-30 00:00:00.000000 ,5880.5,6599.0,5857.76,6394.38,118889.549992,747569726.4544197,784034,58863.312983
2020-03-31 00:00:00.000000 ,6394.45,6523.23,6321.4,6410.44,72337.595259,465780496.6224872,538231,34730.902334
2020-04-01 00:00:00.000000 ,6412.14,6679.94,6150.11,6642.92,97500.7524,618527468.834164,758061,49161.370195
2020-04-02 00:00:00.000000 ,6643.36,7198.0,6551.0,6794.09,149299.906871,1014494762.4416422,1101043,74722.163748
2020-04-03 00:00:00.000000 ,6793.86,7048.0,6602.1,6734.1,104080.276939,710254017.100272,840456,51077.938671
2020-04-04 00:00:00.000000 ,6732.97,6990.41,6650.01,6856.99,72990.861139,495076283.5209042,659051,36419.056684
2020-04-05 00:00:00.000000 ,6857.41,6895.54,6677.52,6772.78,49685.356983,337062083.002028,506433,23875.578312
2020-04-06 00:00:00.000000 ,6772.78,7355.14,6765.0,7329.9,118052.000832,837357664.6519214,956586,59322.208873
2020-04-07 00:00:00.000000 ,7329.9,7459.69,7077.0,7197.32,103585.168918,757201786.6976631,924436,48811.267789
2020-04-08 00:00:00.000000 ,7197.32,7420.0,7150.0,7361.28,76059.145838,555122600.275026,750516,39000.552565
2020-04-09 00:00:00.000000 ,7360.26,7371.92,7108.08,7283.54,61094.872417,444741085.9037586,686207,28801.892851
2020-04-10 00:00:00.000000 ,7283.54,7295.75,6739.98,6858.92,104674.623375,727281590.7719399,949050,47958.960805
2020-04-11 00:00:00.000000 ,6858.92,6944.3,6760.0,6876.83,45470.293206,311699573.516674,484618,21157.128381
2020-04-12 00:00:00.000000 ,6876.84,7177.0,6780.0,6903.79,73868.666501,516235035.1865113,648323,35637.958687
2020-04-13 00:00:00.000000 ,6903.79,6903.79,6575.0,6837.91,96415.476573,649390681.2485026,804179,44648.492187
2020-04-14 00:00:00.000000 ,6838.04,6978.0,6754.28,6868.7,69068.623285,474794776.19211113,608665,32019.322337
2020-04-15 00:00:00.000000 ,6868.57,6933.0,6605.0,6621.24,61571.384994,416947490.61569566,581374,29866.89225
2020-04-16 00:00:00.000000 ,6621.25,7190.0,6468.27,7101.94,125009.857539,865277543.3946935,971163,63251.204331
2020-04-17 00:00:00.000000 ,7101.99,7148.12,6972.98,7027.55,54126.509763,382334236.1694789,537554,25973.970677
2020-04-18 00:00:00.000000 ,7026.78,7293.08,7014.4,7248.6,49488.542819,354845083.7761889,494670,23980.644731
2020-04-19 00:00:00.000000 ,7248.6,7266.15,7055.6,7120.74,45664.86393,326485586.9317384,483574,21519.030976
2020-04-20 00:00:00.000000 ,7121.4,7220.0,6751.0,6826.83,90149.49137,629612368.7476892,785174,40427.515933
2020-04-21 00:00:00.000000 ,6828.98,6940.0,6762.0,6841.37,60109.710808,411800606.0815972,555797,27732.164398
2020-04-22 00:00:00.000000 ,6841.36,7156.38,6818.0,7125.14,61486.377334,431271646.1755991,508659,28258.859922
2020-04-23 00:00:00.000000 ,7125.12,7738.0,7020.0,7482.39,102773.569561,756320213.5858521,881099,52475.598541
2020-04-24 00:00:00.000000 ,7483.96,7615.96,7388.0,7505.0,60182.119939,452118137.7940016,601093,29412.509143
2020-04-25 00:00:00.000000 ,7505.0,7705.0,7431.07,7538.67,43874.427726,331292050.77197313,521943,21111.140946
2020-04-26 00:00:00.000000 ,7539.03,7700.0,7480.0,7693.1,50522.616209,384202783.2747096,554480,24707.494225
2020-04-27 00:00:00.000000 ,7693.1,7792.02,7606.0,7774.62,65441.339576,504025811.6512536,637800,31594.106596
2020-04-28 00:00:00.000000 ,7773.51,7780.0,7659.12,7738.98,46302.752638,357391780.9307627,499414,21305.50136
2020-04-29 00:00:00.000000 ,7738.58,8952.89,7710.05,8778.57,183546.887514,1536390177.0449488,1433128,91462.005617
2020-04-30 00:00:00.000000 ,8778.58,9460.0,8401.0,8620.0,206277.214124,1839283907.46252,1661554,99484.476377
2020-05-01 00:00:00.000000 ,8620.0,9059.18,8613.56,8826.96,91468.815059,805640126.6308703,865960,44763.354481
2020-05-02 00:00:00.000000 ,8825.67,9010.0,8753.0,8972.05,59002.08755,523838859.5442492,637884,30400.353449
2020-05-03 00:00:00.000000 ,8972.58,9200.0,8712.0,8894.16,90126.065643,808427095.9321591,877460,44321.3704
2020-05-04 00:00:00.000000 ,8894.15,8950.0,8522.0,8871.96,84418.512331,738343818.6939254,848802,39118.380222
2020-05-05 00:00:00.000000 ,8871.92,9118.58,8760.0,9021.83,76480.765342,683083018.8779808,812543,37454.518379
2020-05-06 00:00:00.000000 ,9021.36,9395.0,8906.21,9142.92,105925.30242,972793508.4649074,1007661,51189.790893
2020-05-07 00:00:00.000000 ,9143.4,10067.0,9021.0,9986.4,147154.611378,1409783462.006364,1254835,74602.193112
2020-05-08 00:00:00.000000 ,9986.3,10035.96,9705.0,9800.01,100683.7964,997005843.7404792,967816,46207.637594
2020-05-09 00:00:00.000000 ,9800.02,9914.25,9520.0,9539.4,81950.679567,795001351.6797024,839384,36738.679244
2020-05-10 00:00:00.000000 ,9539.1,9574.83,8117.0,8722.77,183865.182028,1594996476.9756367,1565771,84376.580774
2020-05-11 00:00:00.000000 ,8722.77,9168.0,8200.0,8561.52,168807.251832,1468392820.7608037,1367382,81474.595067
2020-05-12 00:00:00.000000 ,8562.04,8978.26,8528.78,8810.79,86522.780066,760195457.0509585,784859,40570.317401
2020-05-13 00:00:00.000000 ,8810.99,9398.0,8792.99,9309.37,92466.274018,839725719.9602077,869216,43648.354655
2020-05-14 00:00:00.000000 ,9309.35,9939.0,9256.76,9791.98,129565.37747,1247456797.813666,1199530,63438.510993
2020-05-15 00:00:00.000000 ,9791.97,9845.62,9150.0,9316.42,115890.761516,1099721375.8919055,1055630,55397.123434
2020-05-16 00:00:00.000000 ,9315.96,9588.0,9220.0,9381.27,59587.627862,560547005.0259086,692028,28861.3682
2020-05-17 00:00:00.000000 ,9380.81,9888.0,9322.1,9680.04,68647.764323,663088800.815278,722718,34734.034993
2020-05-18 00:00:00.000000 ,9681.11,9950.0,9464.23,9733.93,82006.603583,797622297.3261682,794292,40242.842986
2020-05-19 00:00:00.000000 ,9733.93,9897.21,9474.0,9775.53,78539.760454,760713946.0085461,773581,37821.719308
2020-05-20 00:00:00.000000 ,9775.13,9842.0,9326.0,9511.43,74923.73809,721190802.7634026,731189,33481.796678
2020-05-21 00:00:00.000000 ,9511.43,9578.47,8815.0,9068.65,108928.780969,1002046265.9412596,951971,49914.081138
2020-05-22 00:00:00.000000 ,9067.51,9271.0,8933.52,9170.0,58943.131024,537847834.4967086,693694,28987.315896
2020-05-23 00:00:00.000000 ,9170.0,9307.85,9070.0,9179.15,43526.296966,400407195.6289224,512460,21377.616332
2020-05-24 00:00:00.000000 ,9179.01,9298.0,8700.0,8720.34,70379.86645,636787240.3733248,774088,32046.411444
2020-05-25 00:00:00.000000 ,8718.14,8979.66,8642.72,8900.35,62833.910949,553545285.9140139,733557,30771.888744
2020-05-26 00:00:00.000000 ,8900.35,9017.67,8700.0,8841.18,58299.770138,516455128.890688,678304,28242.170083
2020-05-27 00:00:00.000000 ,8841.0,9225.0,8811.73,9204.07,68910.355514,624660855.7800369,662850,33532.620265
2020-05-28 00:00:00.000000 ,9204.07,9625.47,9110.0,9575.89,74110.787662,693930106.1813825,738725,37974.899609
2020-05-29 00:00:00.000000 ,9575.87,9605.26,9330.0,9427.07,57374.362961,542758086.6064701,593705,26819.212894
2020-05-30 00:00:00.000000 ,9426.6,9740.0,9331.23,9697.72,55665.27254,530598690.0714505,651290,29252.679904
2020-05-31 00:00:00.000000 ,9697.72,9700.0,9381.41,9448.27,48333.786403,461272298.85252047,651473,22778.001169
2020-06-01 00:00:00.000000 ,9448.27,10380.0,9421.67,10200.77,76649.12696,749707596.6593573,826964,41530.412317
2020-06-02 00:00:00.000000 ,10202.71,10228.99,9266.0,9518.04,108970.773151,1070060237.1302092,1004312,49354.907969
2020-06-03 00:00:00.000000 ,9518.02,9690.0,9365.21,9666.24,46252.644939,441928818.0430156,562784,22656.30815
2020-06-04 00:00:00.000000 ,9666.32,9881.63,9450.0,9789.06,57456.100969,557234945.6467389,665881,28778.237371
2020-06-05 00:00:00.000000 ,9788.14,9854.75,9581.0,9621.16,47788.05005,465200788.2036338,566062,22329.107119
2020-06-06 00:00:00.000000 ,9621.17,9735.0,9531.05,9666.3,32752.950893,315604867.236149,435796,15832.693765
2020-06-07 00:00:00.000000 ,9666.85,9802.0,9372.46,9746.99,57952.848385,556919603.7915448,637766,28426.595129
2020-06-08 00:00:00.000000 ,9746.99,9800.0,9633.0,9782.01,40664.664125,395459395.8213373,485139,19744.039124
2020-06-09 00:00:00.000000 ,9782.0,9877.0,9570.0,9772.43,46024.001289,447208895.8386984,551863,21901.19095
2020-06-10 00:00:00.000000 ,9772.44,9992.72,9704.18,9885.0,47130.762982,462384305.3511994,560909,23128.161032
2020-06-11 00:00:00.000000 ,9885.22,9964.0,9113.0,9280.4,94418.98473,902075648.5453848,966502,40972.064749
2020-06-12 00:00:00.000000 ,9278.88,9557.12,9232.51,9465.13,50119.066932,472007894.37567526,553203,24344.81637
2020-06-13 00:00:00.000000 ,9464.96,9494.73,9351.0,9473.34,27759.784851,261673162.2584724,392763,13531.007214
2020-06-14 00:00:00.000000 ,9473.34,9480.99,9245.0,9342.1,30055.506608,282131272.3800662,415568,14465.416151
2020-06-15 00:00:00.000000 ,9342.1,9495.0,8910.45,9426.02,86107.924707,793518842.5509843,839521,41630.747529
2020-06-16 00:00:00.000000 ,9426.05,9589.0,9373.09,9525.59,52052.446927,494458269.13979113,543481,25692.839625
2020-06-17 00:00:00.000000 ,9526.97,9565.0,9236.61,9465.14,48046.411152,453209812.2257807,536158,22842.831276
2020-06-18 00:00:00.000000 ,9465.13,9489.0,9280.0,9386.32,37381.953765,351649555.0725387,475074,17940.405253
2020-06-19 00:00:00.000000 ,9386.32,9438.3,9215.79,9310.23,45330.983673,423086965.1927383,503484,22055.969046
2020-06-20 00:00:00.000000 ,9310.23,9395.0,9170.95,9358.95,30329.065384,282120360.5567526,382778,15125.081769
2020-06-21 00:00:00.000000 ,9358.95,9422.0,9281.54,9294.69,24316.926234,227467940.6102112,321015,11779.797182
2020-06-22 00:00:00.000000 ,9294.69,9780.0,9277.09,9685.69,57895.468343,550995799.0694705,588704,30738.200375
2020-06-23 00:00:00.000000 ,9685.69,9720.0,9577.03,9624.89,41031.02938,395487616.460878,474319,19112.606216
2020-06-24 00:00:00.000000 ,9624.33,9670.0,9208.0,9296.49,61571.561464,579426702.7966821,572362,26903.544061
2020-06-25 00:00:00.000000 ,9298.33,9340.0,9009.69,9249.49,55831.619156,514396747.4047828,536205,26546.395563
2020-06-26 00:00:00.000000 ,9249.49,9298.0,9045.45,9162.21,50292.298277,461347064.8295031,510947,23307.903475
2020-06-27 00:00:00.000000 ,9162.21,9196.24,8833.0,9012.0,46290.930113,419606802.2372013,499415,21056.87686
2020-06-28 00:00:00.000000 ,9012.0,9191.0,8948.06,9116.35,30688.176421,278721674.9221112,374404,14982.804528
2020-06-29 00:00:00.000000 ,9116.16,9238.0,9024.67,9192.56,42120.293261,384206326.4706804,434299,20449.097796
2020-06-30 00:00:00.000000 ,9192.93,9205.0,9064.89,9138.55,31463.162801,287781334.51701576,328083,15267.747467
2020-07-01 00:00:00.000000 ,9138.08,9292.0,9080.1,9232.0,38488.528699,354087627.1696612,374832,19068.831705
2020-07-02 00:00:00.000000 ,9231.99,9261.96,8940.0,9086.54,45725.168076,417724468.8873568,470292,21637.630489
2020-07-03 00:00:00.000000 ,9086.54,9125.0,9037.47,9058.26,28943.420177,263123750.4671724,343189,13719.524517
2020-07-04 00:00:00.000000 ,9057.79,9190.0,9040.04,9135.46,26441.968484,240576054.91572312,335225,13588.8196
2020-07-05 00:00:00.000000 ,9135.0,9145.24,8893.03,9069.41,34073.653627,308410443.6592152,384500,16276.23427
2020-07-06 00:00:00.000000 ,9069.41,9375.0,9055.92,9344.2,54463.132277,502548376.20946366,533540,28132.942222
2020-07-07 00:00:00.000000 ,9342.47,9379.42,9203.0,9257.39,34587.336678,320576525.3553498,433481,16284.849002
2020-07-08 00:00:00.000000 ,9257.4,9470.0,9231.0,9436.06,56140.517781,525344876.6999235,652605,28067.680642
2020-07-09 00:00:00.000000 ,9436.06,9440.79,9160.0,9232.43,48044.450645,447640493.54432976,575491,22644.915501
2020-07-10 00:00:00.000000 ,9232.42,9317.48,9125.0,9288.34,38295.494006,352238898.7694825,525484,18360.613168
2020-07-11 00:00:00.000000 ,9288.34,9299.28,9178.25,9234.03,22561.366,208410250.50959367,413452,10815.473293
2020-07-12 00:00:00.000000 ,9234.02,9345.0,9157.5,9302.75,30872.702286,285591381.4915314,484875,14980.187704
2020-07-13 00:00:00.000000 ,9303.31,9343.82,9200.89,9242.62,42740.069115,396614086.7962699,642552,19689.443337
2020-07-14 00:00:00.000000 ,9242.61,9279.54,9113.0,9255.85,45772.552509,421789086.45494735,613139,21666.536951
2020-07-15 00:00:00.000000 ,9255.85,9276.49,9160.57,9197.6,39053.579665,360201683.4948052,554780,17977.679747
2020-07-16 00:00:00.000000 ,9197.6,9226.15,9047.25,9133.72,43375.571191,395883667.0248003,681807,20410.130009
2020-07-17 00:00:00.000000 ,9133.72,9186.83,9089.81,9154.32,28054.358741,256360345.57676795,470991,13397.537805
2020-07-18 00:00:00.000000 ,9154.31,9219.3,9121.1,9170.28,22554.541457,206628105.3627889,430377,11502.704829
2020-07-19 00:00:00.000000 ,9170.3,9232.27,9101.35,9208.99,26052.019417,238521988.0313255,440449,12873.373493
2020-07-20 00:00:00.000000 ,9208.99,9221.52,9131.0,9160.78,35458.764082,325297289.27265835,557096,16527.692886
2020-07-21 00:00:00.000000 ,9160.78,9437.73,9152.8,9390.0,60413.582486,563360524.7994282,782959,29470.512051
2020-07-22 00:00:00.000000 ,9390.0,9544.0,9261.0,9518.16,48815.004107,457776105.6155714,663029,23362.19379
2020-07-23 00:00:00.000000 ,9518.16,9664.0,9440.33,9603.27,51856.2335,494282948.7336824,735371,24461.265468
2020-07-24 00:00:00.000000 ,9603.27,9637.0,9463.44,9537.8,43931.136205,419240263.5218282,677725,20416.299973
2020-07-25 00:00:00.000000 ,9538.1,9732.9,9513.0,9700.42,40679.545416,391431695.7168218,675222,19626.608893
2020-07-26 00:00:00.000000 ,9700.42,10111.0,9650.0,9931.54,65279.269319,644607634.4817771,945611,33748.331807
2020-07-27 00:00:00.000000 ,9931.54,11394.86,9917.21,11029.96,150188.933144,1580355372.0991795,1901088,76650.610051
2020-07-28 00:00:00.000000 ,11029.96,11242.23,10565.0,10906.27,97267.734187,1065375500.1891888,1475636,46575.430534
2020-07-29 00:00:00.000000 ,10906.27,11342.82,10812.0,11100.53,76838.094233,853242253.6158236,1127302,36218.477065
2020-07-30 00:00:00.000000 ,11100.52,11170.0,10831.0,11099.61,60794.826456,669779541.8872833,879960,28272.698765
2020-07-31 00:00:00.000000 ,11099.79,11444.0,10960.0,11335.46,70063.660974,786344325.8552314,971584,34068.143365
2020-08-01 00:00:00.000000 ,11335.46,11861.0,11220.0,11801.17,85087.485126,987817017.3186324,1174252,40523.733524
2020-08-02 00:00:00.000000 ,11801.17,12123.46,10518.5,11071.35,97553.077604,1105757335.5281618,1459900,45974.786415
2020-08-03 00:00:00.000000 ,11071.36,11473.0,10936.0,11219.81,56931.841475,641127593.2614517,919185,27133.035136
2020-08-04 00:00:00.000000 ,11219.68,11414.98,11000.0,11191.97,58629.113709,658084242.6797222,863692,27861.615661
2020-08-05 00:00:00.000000 ,11191.99,11780.93,11093.0,11744.91,74970.256852,861433645.4244397,964637,36130.384551
2020-08-06 00:00:00.000000 ,11744.91,11900.0,11562.5,11762.46,63529.08502,746479211.7155949,919918,30044.203297
2020-08-07 00:00:00.000000 ,11762.47,11909.94,11322.0,11594.23,65755.926022,767005529.2821208,940045,29993.01871
2020-08-08 00:00:00.000000 ,11594.36,11808.27,11512.0,11761.41,41858.16104,489087264.3602809,779318,20448.352618
2020-08-09 00:00:00.000000 ,11761.02,11797.11,11521.97,11681.68,41493.067342,483708602.8963804,853386,19031.223314
2020-08-10 00:00:00.000000 ,11681.69,12067.35,11450.0,11892.92,84952.337887,1009169063.3832128,1340835,42058.722455
2020-08-11 00:00:00.000000 ,11892.9,11935.0,11125.0,11392.08,90748.284634,1049615697.1379416,1343979,41221.961009
2020-08-12 00:00:00.000000 ,11392.09,11617.52,11150.0,11564.33,64909.613644,743303608.0999826,1104096,30943.672114
2020-08-13 00:00:00.000000 ,11564.34,11792.96,11270.36,11780.0,70132.491502,809611114.2132485,1243382,34841.790602
2020-08-14 00:00:00.000000 ,11779.77,11850.0,11634.03,11760.54,59818.852697,702273220.6964157,1011746,28464.669553
2020-08-15 00:00:00.000000 ,11760.55,11980.0,11680.0,11852.4,56237.90505,667446824.0641296,1018956,27303.966321
2020-08-16 00:00:00.000000 ,11852.4,11931.72,11686.0,11911.0,41368.236906,489731524.6369436,790240,19342.045312
2020-08-17 00:00:00.000000 ,11910.99,12468.0,11769.78,12281.13,84734.21154,1026883452.894772,1210228,42291.086199
2020-08-18 00:00:00.000000 ,12281.15,12387.77,11817.93,11945.01,75923.835527,920402307.1768104,1189390,35954.349975
2020-08-19 00:00:00.000000 ,11945.1,12020.08,11561.0,11754.59,73940.169606,870612801.5295693,1258060,34861.135969
2020-08-20 00:00:00.000000 ,11754.38,11888.0,11668.0,11853.55,46085.254351,543576025.0485107,798027,21992.907541
2020-08-21 00:00:00.000000 ,11853.54,11878.0,11485.81,11531.34,64448.306142,755451999.6540914,1189668,30531.732866
2020-08-22 00:00:00.000000 ,11531.23,11686.0,11376.81,11662.96,43678.701646,504305451.410864,809328,21605.070922
2020-08-23 00:00:00.000000 ,11663.51,11718.07,11514.13,11648.13,37900.00469,440406018.65187865,627352,18514.627525
2020-08-24 00:00:00.000000 ,11648.12,11824.9,11585.09,11748.2,46212.391867,542298951.538298,656584,22780.419488
2020-08-25 00:00:00.000000 ,11748.19,11767.85,11117.64,11318.42,69590.923272,797034671.6452801,996668,33126.45198
2020-08-26 00:00:00.000000 ,11318.42,11539.32,11244.0,11461.43,53998.231231,615452789.9673375,862654,25622.53674
2020-08-27 00:00:00.000000 ,11461.42,11592.2,11125.0,11330.38,63246.036383,717474981.6640126,959270,30793.180668
2020-08-28 00:00:00.000000 ,11330.38,11542.65,11276.89,11526.91,45953.908365,525606229.654251,719985,21714.202859
2020-08-29 00:00:00.000000 ,11526.9,11580.02,11417.04,11465.84,32973.7992,379228275.2707224,611834,15709.309985
2020-08-30 00:00:00.000000 ,11465.84,11719.0,11458.0,11711.16,43177.879054,501375342.93503886,756541,22258.115902
2020-08-31 00:00:00.000000 ,11711.17,11800.77,11570.0,11649.51,55353.617744,646723855.5714536,822062,26579.940284
2020-09-01 00:00:00.000000 ,11649.51,12050.85,11515.0,11921.97,78148.193668,928047313.4889666,1321492,37476.019382
2020-09-02 00:00:00.000000 ,11921.97,11954.57,11160.1,11388.54,87221.845602,1005391012.1338753,1373524,39972.309887
2020-09-03 00:00:00.000000 ,11388.54,11462.6,9960.8,10140.85,121950.106015,1325106403.3158674,1611610,54266.83286
2020-09-04 00:00:00.000000 ,10138.29,10627.05,9875.5,10446.25,92733.599113,959925718.3512752,1434860,42707.834666
2020-09-05 00:00:00.000000 ,10446.25,10565.68,9825.0,10166.69,90001.605568,917578408.8761182,1476782,43478.132323
2020-09-06 00:00:00.000000 ,10166.69,10347.14,9994.86,10256.2,56368.788815,574903000.2351745,1053192,28033.438827
2020-09-07 00:00:00.000000 ,10255.89,10410.75,9875.0,10373.44,62620.230676,634278537.8151095,927363,30576.700673
2020-09-08 00:00:00.000000 ,10373.45,10438.0,9850.0,10126.65,73491.878418,742947901.9712393,1048125,34410.81447
2020-09-09 00:00:00.000000 ,10126.66,10343.0,9981.01,10219.2,49347.113776,503082625.2147909,755560,23815.412427
2020-09-10 00:00:00.000000 ,10219.29,10483.35,10070.83,10336.87,58253.75375,602390078.4922807,851877,27690.112498
2020-09-11 00:00:00.000000 ,10336.86,10397.6,10200.0,10387.89,43830.254467,451241002.66033614,637869,21231.610727
2020-09-12 00:00:00.000000 ,10387.89,10477.97,10269.25,10440.92,35379.153096,366912671.4437269,577724,17560.768885
2020-09-13 00:00:00.000000 ,10440.67,10580.11,10200.0,10332.83,43837.609865,455338605.3291489,692439,20785.517328
2020-09-14 00:00:00.000000 ,10332.84,10750.0,10212.34,10671.77,67059.291361,706175591.3866128,828957,31880.363157
2020-09-15 00:00:00.000000 ,10671.77,10930.04,10606.48,10785.31,61822.452786,666457161.1491377,893852,29744.087277
2020-09-16 00:00:00.000000 ,10785.23,11093.0,10661.22,10954.01,64991.51244,708644989.4830699,884153,31740.511691
2020-09-17 00:00:00.000000 ,10954.01,11045.46,10745.83,10939.99,55601.614529,605010288.7799246,829137,27029.927035
2020-09-18 00:00:00.000000 ,10940.0,11038.03,10812.84,10933.39,47266.728275,516147935.6692284,717371,23044.919886
2020-09-19 00:00:00.000000 ,10933.4,11179.79,10887.37,11080.65,38440.036858,423651901.1577304,620127,19923.059267
2020-09-20 00:00:00.000000 ,11080.64,11080.64,10723.0,10920.28,39157.922565,426815210.7555122,646329,19437.694363
2020-09-21 00:00:00.000000 ,10920.28,10988.86,10296.35,10417.22,70683.431179,751020795.2358837,1028531,33628.930589
2020-09-22 00:00:00.000000 ,10417.22,10572.71,10353.0,10529.61,43991.235476,460362500.7284081,738576,21497.461589
2020-09-23 00:00:00.000000 ,10529.61,10537.15,10136.82,10241.46,51876.568079,539362015.157462,774391,25012.706819
2020-09-24 00:00:00.000000 ,10241.46,10795.24,10190.93,10736.32,57676.619427,604520870.055638,789282,27946.804325
2020-09-25 00:00:00.000000 ,10736.33,10760.53,10556.24,10686.67,48101.117008,512647249.14932007,733430,23566.330337
2020-09-26 00:00:00.000000 ,10686.57,10820.94,10644.68,10728.6,28420.836659,304511477.68085533,502670,14314.531345
2020-09-27 00:00:00.000000 ,10728.59,10799.0,10594.82,10774.25,30549.483253,327169249.4549957,516004,15101.03977
2020-09-28 00:00:00.000000 ,10774.26,10950.0,10626.0,10696.12,50095.251734,544463219.5978093,686664,25219.073315
2020-09-29 00:00:00.000000 ,10696.11,10867.54,10635.87,10840.48,41874.898399,449345822.46022886,587576,19896.076209
2020-09-30 00:00:00.000000 ,10840.58,10849.34,10665.13,10776.59,39596.027322,425279696.28526336,595383,18712.059711
2020-10-01 00:00:00.000000 ,10776.59,10920.0,10437.0,10619.13,60866.332893,652168989.4617349,794855,28449.975103
2020-10-02 00:00:00.000000 ,10619.13,10664.64,10374.0,10570.4,50130.393705,526864379.3093653,777193,24123.902545
2020-10-03 00:00:00.000000 ,10570.4,10603.56,10496.46,10542.06,22298.221341,235160884.6085361,381329,10752.462882
2020-10-04 00:00:00.000000 ,10542.07,10696.87,10517.87,10666.63,23212.001595,246252050.9068108,377553,12123.27565
2020-10-05 00:00:00.000000 ,10666.62,10798.0,10615.64,10792.21,34025.761653,364158510.2379805,483340,15551.584387
2020-10-06 00:00:00.000000 ,10792.2,10800.0,10525.0,10599.66,48674.740471,520051256.0821992,734526,23189.6899
2020-10-07 00:00:00.000000 ,10599.65,10681.87,10546.17,10666.39,32811.990279,348298562.85686266,503440,15783.355684
2020-10-08 00:00:00.000000 ,10666.4,10950.0,10530.41,10925.57,51959.691572,559311760.4414803,659291,26482.599529
2020-10-09 00:00:00.000000 ,10925.44,11104.64,10829.0,11050.64,48240.073237,530822321.5162346,635681,25658.631396
2020-10-10 00:00:00.000000 ,11050.64,11491.0,11050.51,11293.22,43648.036943,494785212.2308736,698561,22807.204651
2020-10-11 00:00:00.000000 ,11293.22,11445.0,11221.0,11369.02,29043.851339,329927755.03808504,509714,14470.444269
2020-10-12 00:00:00.000000 ,11369.02,11720.01,11172.0,11528.25,52825.28371,604779845.7920177,740823,26865.929321
2020-10-13 00:00:00.000000 ,11528.24,11557.0,11300.0,11420.56,42205.283709,482663390.7240357,618262,19346.158605
2020-10-14 00:00:00.000000 ,11420.57,11547.98,11280.0,11417.89,41415.106015,472007015.72093433,590025,19070.057307
2020-10-15 00:00:00.000000 ,11417.89,11617.34,11250.83,11505.12,48760.717679,556436445.5576282,662386,24019.237669
2020-10-16 00:00:00.000000 ,11505.13,11541.15,11200.0,11319.32,48797.749502,553211001.6122569,693210,22821.593484
2020-10-17 00:00:00.000000 ,11319.24,11402.42,11255.0,11360.2,22368.915241,253582775.96265447,365973,10318.024614
2020-10-18 00:00:00.000000 ,11360.31,11505.0,11346.22,11503.14,23284.041191,266150824.34809864,346946,12396.127099
2020-10-19 00:00:00.000000 ,11503.14,11823.99,11407.96,11751.47,47414.534692,550728683.7992793,650960,24716.395136
2020-10-20 00:00:00.000000 ,11751.46,12038.38,11677.59,11909.99,62134.750663,737425592.0819716,906111,31911.708832
2020-10-21 00:00:00.000000 ,11910.0,13217.68,11886.95,12780.96,114584.456767,1437122186.6339953,1453620,59033.671756
2020-10-22 00:00:00.000000 ,12780.75,13185.0,12678.08,12968.52,70038.824144,905778888.8702904,1035811,33259.495044
2020-10-23 00:00:00.000000 ,12968.84,13027.69,12720.08,12923.07,50386.999841,650680239.1101469,699313,24685.925495
2020-10-24 00:00:00.000000 ,12923.06,13166.73,12870.0,13111.73,35952.20907,468299521.7696653,536821,18382.744579
2020-10-25 00:00:00.000000 ,13111.73,13350.0,12888.0,13028.83,38481.579504,502672049.2290516,610498,17988.7671
2020-10-26 00:00:00.000000 ,13029.64,13238.81,12765.0,13052.19,60951.672986,794395722.4533454,818144,29609.994698
2020-10-27 00:00:00.000000 ,13052.15,13789.29,13019.87,13636.17,80811.01945,1085403903.1259663,1003615,39833.890541
2020-10-28 00:00:00.000000 ,13636.16,13859.48,12888.0,13266.4,94440.561226,1263487952.9951568,1234511,43387.692275
2020-10-29 00:00:00.000000 ,13266.4,13642.91,12920.77,13455.7,74872.602132,997867948.8609744,1008433,37203.245658
2020-10-30 00:00:00.000000 ,13455.69,13669.98,13115.0,13560.1,70657.778881,946818817.5575092,1060387,34438.58889
2020-10-31 00:00:00.000000 ,13560.1,14100.0,13411.5,13791.0,67339.238515,927048458.5423616,1022202,35823.22565
2020-11-01 00:00:00.000000 ,13791.0,13895.0,13603.0,13761.5,36285.648526,499124369.0753264,606248,17839.54476
2020-11-02 00:00:00.000000 ,13761.49,13830.0,13195.05,13549.37,64566.421908,873629993.8313928,869850,29243.233664
2020-11-03 00:00:00.000000 ,13549.63,14066.11,13284.99,14023.53,74115.630787,1009402087.7104616,1052569,38332.71333
2020-11-04 00:00:00.000000 ,14023.53,14259.0,13525.0,14144.01,93016.988262,1293872665.4179618,1212959,45333.661596
2020-11-05 00:00:00.000000 ,14144.01,15750.0,14093.56,15590.02,143741.522673,2131865609.2908912,1736055,72196.127118
2020-11-06 00:00:00.000000 ,15590.02,15960.0,15166.0,15579.92,122618.197695,1909660728.8229203,1654968,58528.760533
2020-11-07 00:00:00.000000 ,15579.93,15753.52,14344.22,14818.3,101431.206553,1536510177.0914736,1557021,46204.870621
2020-11-08 00:00:00.000000 ,14818.3,15650.0,14703.88,15475.1,65547.178574,998031373.8397804,998773,31175.660892
2020-11-09 00:00:00.000000 ,15475.1,15840.0,14805.54,15328.41,108976.334134,1670447935.5141788,1505441,51350.446641
2020-11-10 00:00:00.000000 ,15328.41,15460.0,15072.46,15297.21,61681.919606,943615126.0891504,1093466,28945.766567
2020-11-11 00:00:00.000000 ,15297.21,15965.0,15272.68,15684.24,78469.746458,1226425496.3618553,1247167,40030.002173
2020-11-12 00:00:00.000000 ,15684.25,16340.7,15440.64,16291.86,102196.356592,1628755508.6741984,1472049,50444.978874
2020-11-13 00:00:00.000000 ,16291.85,16480.0,15952.35,16320.7,75691.881014,1230358611.1248891,1208773,35301.73094
2020-11-14 00:00:00.000000 ,16320.04,16326.99,15670.0,16070.45,59116.347179,944765868.609419,931424,27724.767801
2020-11-15 00:00:00.000000 ,16069.56,16180.0,15774.72,15957.0,43596.841513,696651729.7452534,854441,20853.270846
2020-11-16 00:00:00.000000 ,15957.0,16880.0,15864.0,16713.57,81300.675924,1335728013.9057603,1202386,41370.213659
2020-11-17 00:00:00.000000 ,16713.08,17858.82,16538.0,17659.38,115221.403102,1982752071.450512,1646652,58262.062597
2020-11-18 00:00:00.000000 ,17659.38,18476.93,17214.45,17776.12,149019.788134,2663337935.5002985,2091832,73412.736278
2020-11-19 00:00:00.000000 ,17777.75,18179.8,17335.65,17802.82,93009.561008,1656794228.8537636,1513304,45376.577851
2020-11-20 00:00:00.000000 ,17802.81,18815.22,17740.04,18655.67,88423.018489,1623135138.5910714,1444692,43549.51207
2020-11-21 00:00:00.000000 ,18655.66,18965.9,18308.58,18703.8,75577.458394,1413641591.284171,1451352,36788.094693
2020-11-22 00:00:00.000000 ,18703.8,18750.0,17610.86,18414.43,81645.737778,1497662550.0540428,1528524,39164.42638
2020-11-23 00:00:00.000000 ,18413.88,18766.0,18000.0,18368.0,82961.506093,1529064319.6694436,1629379,39611.360617
2020-11-24 00:00:00.000000 ,18368.01,19418.97,18018.0,19160.01,113581.509241,2145301450.4579408,2179862,58179.200882
2020-11-25 00:00:00.000000 ,19160.0,19484.21,18500.27,18719.11,93266.576887,1774870796.2882328,1785408,44575.076758
2020-11-26 00:00:00.000000 ,18718.83,18915.03,16188.0,17149.47,181005.246693,3127314143.1045747,2770483,84478.809131
2020-11-27 00:00:00.000000 ,17149.47,17457.62,16438.08,17139.52,85297.024787,1446670351.435088,1572299,42507.358433
2020-11-28 00:00:00.000000 ,17139.53,17880.49,16865.56,17719.85,64910.69997,1128061605.107225,1209385,31785.706898
2020-11-29 00:00:00.000000 ,17719.84,18360.05,17517.0,18184.99,55329.016303,996743798.8649216,1141289,27883.985296
2020-11-30 00:00:00.000000 ,18185.0,19863.16,18184.99,19695.87,115463.466888,2205929119.505336,1744149,61033.414903
2020-12-01 00:00:00.000000 ,19695.87,19888.0,18001.12,18764.96,127698.762652,2446070334.8287983,2023802,63805.392898
2020-12-02 00:00:00.000000 ,18764.96,19342.0,18330.0,19204.09,75911.013478,1436895344.8259497,1566635,36421.690398
2020-12-03 00:00:00.000000 ,19204.08,19598.0,18867.2,19421.9,66689.391279,1286548310.8267057,1242229,33868.341698
2020-12-04 00:00:00.000000 ,19422.34,19527.0,18565.31,18650.52,71283.6682,1358079975.025498,1286657,32363.453715
2020-12-05 00:00:00.000000 ,18650.51,19177.0,18500.0,19147.66,42922.748573,813445434.1308142,932124,21360.260281
2020-12-06 00:00:00.000000 ,19147.66,19420.0,18857.0,19359.4,37043.091861,709558933.5829058,820382,19009.407663
2020-12-07 00:00:00.000000 ,19358.67,19420.91,18902.88,19166.9,41372.296293,793517668.6839459,840954,18881.806014
2020-12-08 00:00:00.000000 ,19166.9,19294.84,18200.0,18324.11,61626.947614,1160658077.404659,1143181,27811.37851
2020-12-09 00:00:00.000000 ,18324.11,18639.57,17650.0,18541.28,79585.553801,1450130664.0645845,1302476,36809.009287
2020-12-10 00:00:00.000000 ,18541.29,18557.32,17911.12,18254.63,52890.675094,966149529.000607,891151,25604.608069
2020-12-11 00:00:00.000000 ,18254.81,18292.73,17572.33,18036.53,72610.724259,1301081647.3079,1117810,34194.988471
2020-12-12 00:00:00.000000 ,18036.53,18948.66,18020.7,18808.69,49519.978432,915552835.9061832,891810,26056.332648
2020-12-13 00:00:00.000000 ,18808.69,19411.0,18711.12,19174.99,56560.821744,1083520569.094854,938022,29593.4651
2020-12-14 00:00:00.000000 ,19174.99,19349.0,19000.0,19273.14,47257.201294,906101687.739595,842382,22657.463401
2020-12-15 00:00:00.000000 ,19273.69,19570.0,19050.0,19426.43,61834.366011,1196361527.9258018,1046423,31194.160849
2020-12-16 00:00:00.000000 ,19426.43,21560.0,19278.6,21335.52,114306.33557,2325135958.641841,1659135,61245.262375
2020-12-17 00:00:00.000000 ,21335.52,23800.0,21230.0,22797.16,184882.476748,4196645567.4258766,2795084,92409.405079
2020-12-18 00:00:00.000000 ,22797.15,23285.18,22350.0,23107.39,79646.134315,1820875361.2945976,1613775,38359.302158
2020-12-19 00:00:00.000000 ,23107.39,24171.47,22750.0,23821.61,86045.064677,2018969878.8868675,1678611,42709.111498
2020-12-20 00:00:00.000000 ,23821.6,24295.0,23060.0,23455.52,76690.145685,1810862074.730308,1743225,37124.115358
2020-12-21 00:00:00.000000 ,23455.54,24102.77,21815.0,22719.71,88030.297243,2035446293.9289708,1593949,41983.046103
2020-12-22 00:00:00.000000 ,22719.88,23837.1,22353.4,23810.79,87033.12616,2010758620.2435267,1496277,42681.326708
2020-12-23 00:00:00.000000 ,23810.79,24100.0,22600.0,23232.76,119047.259733,2797688007.0718794,2194611,56660.201961
2020-12-24 00:00:00.000000 ,23232.39,23794.43,22703.42,23729.2,69013.834252,1602394244.0767715,1421257,35789.111319
2020-12-25 00:00:00.000000 ,23728.99,24789.86,23433.6,24712.47,79519.943569,1919766316.6677368,1504426,41219.088164
2020-12-26 00:00:00.000000 ,24712.47,26867.03,24500.0,26493.39,97806.513386,2496533065.175581,1735574,49839.034072
2020-12-27 00:00:00.000000 ,26493.4,28422.0,25700.0,26281.66,148455.586214,4028928683.882025,2438493,72649.340484
2020-12-28 00:00:00.000000 ,26281.54,27500.0,26101.0,27079.41,79721.742496,2151806808.5743523,1508204,37895.345621
2020-12-29 00:00:00.000000 ,27079.42,27410.0,25880.0,27385.0,69411.592606,1851617219.7682345,1605166,34276.922601
2020-12-30 00:00:00.000000 ,27385.0,28996.0,27320.0,28875.54,95356.057826,2683953237.460271,1916095,48057.906366
2020-12-31 00:00:00.000000 ,28875.55,29300.0,27850.0,28923.63,75508.505152,2173600125.420073,1552793,36431.62208
2021-01-01 00:00:00.000000 ,28923.63,29600.0,28624.57,29331.69,54182.925011,1582526989.1618726,1314910,27455.801725
2021-01-02 00:00:00.000000 ,29331.7,33300.0,28946.53,32178.33,129993.873362,4073842163.6715407,2245922,67446.305246
2021-01-03 00:00:00.000000 ,32176.45,34778.11,31962.99,33000.05,120957.56675,4057598425.492016,2369698,59750.332871
2021-01-04 00:00:00.000000 ,33000.05,33600.0,28130.0,31988.71,140899.88569,4429010349.695345,2642408,69088.46923
2021-01-05 00:00:00.000000 ,31989.75,34360.0,29900.0,33949.53,116049.997038,3743617144.6469154,2526851,59691.754755
2021-01-06 00:00:00.000000 ,33949.53,36939.21,33288.0,36769.36,127139.20131,4431954248.519614,2591783,63052.914652
2021-01-07 00:00:00.000000 ,36769.36,40365.0,36300.0,39432.28,132825.700437,5062569943.383372,2814686,65055.107136
2021-01-08 00:00:00.000000 ,39432.48,41950.0,36500.0,40582.81,139789.957499,5568443208.731365,2925632,67300.155216
2021-01-09 00:00:00.000000 ,40586.96,41380.0,38720.0,40088.22,75785.979675,3054779029.161777,1998156,37007.321909
2021-01-10 00:00:00.000000 ,40088.22,41350.0,35111.11,38150.02,118209.544503,4604034729.507071,2628050,55451.344673
2021-01-11 00:00:00.000000 ,38150.02,38264.74,30420.0,35404.47,251156.138287,8497730017.898505,4472957,123241.588782
2021-01-12 00:00:00.000000 ,35410.37,36628.0,32531.0,34051.24,133948.151996,4651302423.484116,2674145,65098.310196
2021-01-13 00:00:00.000000 ,34049.15,37850.0,32380.0,37371.38,124477.914938,4322876606.419625,2514289,63981.038306
2021-01-14 00:00:00.000000 ,37371.38,40100.0,36701.23,39144.5,102950.389421,3974826638.1450887,2297466,51264.467092
2021-01-15 00:00:00.000000 ,39145.21,39747.76,34408.0,36742.22,118300.920916,4371588898.681637,2560801,57738.03422
2021-01-16 00:00:00.000000 ,36737.43,37950.0,35357.8,35994.98,86348.431508,3178840336.1492844,2066363,42420.423736
2021-01-17 00:00:00.000000 ,35994.98,36852.5,33850.0,35828.61,80157.727384,2843103040.240664,1860642,39513.638561
2021-01-18 00:00:00.000000 ,35824.99,37469.83,34800.0,36631.27,70698.11875,2554843260.524399,1707766,35621.506048
2021-01-19 00:00:00.000000 ,36622.46,37850.0,35844.06,35891.49,79611.307769,2935348499.344214,1939371,38704.68162
2021-01-20 00:00:00.000000 ,35901.94,36415.31,33400.0,35468.23,89368.422918,3126721093.520776,2234539,42546.634077
2021-01-21 00:00:00.000000 ,35468.23,35600.0,30071.0,30850.13,135004.076658,4386783586.504226,2881505,63256.210448
2021-01-22 00:00:00.000000 ,30851.99,33826.53,28850.0,32945.17,142971.684049,4483295872.022273,2707810,70150.188455
2021-01-23 00:00:00.000000 ,32950.0,33456.0,31390.16,32078.0,64595.287675,2089098295.758437,1700056,32680.776128
2021-01-24 00:00:00.000000 ,32078.0,33071.0,30900.0,32259.9,57978.037966,1864609665.3657017,1528287,27826.119197
2021-01-25 00:00:00.000000 ,32259.45,34875.0,31910.0,32254.2,88499.226921,2958759288.5635686,2106548,44489.524132
2021-01-26 00:00:00.000000 ,32254.19,32921.88,30837.37,32467.77,84972.20691,2708545364.494641,2010392,42402.312917
2021-01-27 00:00:00.000000 ,32464.01,32557.29,29241.72,30366.15,95911.961711,2958081421.641559,2065953,46664.381638
2021-01-28 00:00:00.000000 ,30362.19,33783.98,29842.1,33364.86,92621.145617,2953553214.065681,2060660,46067.782326
2021-01-29 00:00:00.000000 ,33368.18,38531.9,31915.4,34252.2,231827.005626,8195593336.228466,4403349,116537.247847
2021-01-30 00:00:00.000000 ,34246.28,34933.0,32825.0,34262.88,84889.68134,2884500062.9380784,2201040,42418.467099
2021-01-31 00:00:00.000000 ,34262.89,34342.69,32171.67,33092.98,68742.280384,2289641045.7580123,1707064,32480.447358
2021-02-01 00:00:00.000000 ,33092.97,34717.27,32296.16,33526.37,82718.276882,2791776658.0056057,1810492,41855.841486
2021-02-02 00:00:00.000000 ,33517.09,35984.33,33418.0,35466.24,78056.65988,2716321896.3176084,1789672,39216.563106
2021-02-03 00:00:00.000000 ,35472.71,37662.63,35362.38,37618.87,80784.333663,2951232788.1843047,1881740,39863.07506
2021-02-04 00:00:00.000000 ,37620.26,38708.27,36161.95,36936.66,92080.735898,3452669022.153292,2211866,45516.21369
2021-02-05 00:00:00.000000 ,36936.65,38310.12,36570.0,38290.24,66681.334275,2509278291.7515864,1853253,32756.385031
2021-02-06 00:00:00.000000 ,38289.32,40955.51,38215.94,39186.94,98757.311183,3922095148.92815,2291646,52015.513362
2021-02-07 00:00:00.000000 ,39181.01,39700.0,37351.0,38795.69,84363.679763,3256521384.2406106,1976357,40764.388959
2021-02-08 00:00:00.000000 ,38795.69,46794.45,37988.89,46374.87,138597.536914,5881536976.635699,3230961,72345.891568
2021-02-09 00:00:00.000000 ,46374.86,48142.19,44961.09,46420.42,115499.861712,5386255398.017187,3119034,57429.564347
2021-02-10 00:00:00.000000 ,46420.42,47310.0,43727.0,44807.58,97154.1822,4431650130.251104,2891592,47971.985731
2021-02-11 00:00:00.000000 ,44807.58,48678.9,43994.02,47969.51,89561.081454,4185630934.4108953,2570949,46138.33674
2021-02-12 00:00:00.000000 ,47968.66,48985.8,46125.0,47287.6,85870.035697,4080571908.967661,2418841,41841.039135
2021-02-13 00:00:00.000000 ,47298.15,48150.0,46202.53,47153.69,63768.097399,3007710147.41816,2058823,30996.309859
2021-02-14 00:00:00.000000 ,47156.78,49707.43,47014.17,48577.79,73735.475533,3584808348.834733,2090070,38752.156681
2021-02-15 00:00:00.000000 ,48580.47,49010.92,45570.79,47911.1,79398.156784,3782219060.6647215,2313155,38176.364661
2021-02-16 00:00:00.000000 ,47911.1,50689.18,47003.62,49133.45,88813.266298,4349983777.692368,2199849,45608.603838
2021-02-17 00:00:00.000000 ,49133.45,52618.74,48947.0,52119.71,85743.637818,4365831514.815297,2514374,45055.446241
2021-02-18 00:00:00.000000 ,52117.67,52530.0,50901.9,51552.6,60758.046954,3149973077.4874654,1891592,28893.358623
2021-02-19 00:00:00.000000 ,51552.61,56368.0,50710.2,55906.0,79659.77802,4251167827.684247,2339215,40556.020246
2021-02-20 00:00:00.000000 ,55906.0,57700.46,53863.93,55841.19,80948.205314,4551890859.8512745,2642846,38636.066274
2021-02-21 00:00:00.000000 ,55841.19,58352.8,55477.59,57408.57,58166.708511,3317998263.347889,1950533,29506.089085
2021-02-22 00:00:00.000000 ,57412.35,57508.47,47622.0,54087.67,134019.434944,7213386720.436797,3313083,63677.661979
2021-02-23 00:00:00.000000 ,54087.67,54183.59,44892.56,48891.0,169375.025051,8215839131.243385,3825196,82464.142992
2021-02-24 00:00:00.000000 ,48891.0,51374.99,46988.69,49676.2,91881.209252,4574033001.379536,2194532,45750.714831
2021-02-25 00:00:00.000000 ,49676.21,52041.73,46674.34,47073.73,83310.673121,4152188728.141616,2305679,40610.664759
2021-02-26 00:00:00.000000 ,47073.73,48424.11,44106.78,46276.87,109423.200663,5086374532.734615,2371766,53626.904622
2021-02-27 00:00:00.000000 ,46276.88,48394.0,45000.0,46106.43,66060.834292,3105897438.550972,1757720,31987.019647
2021-02-28 00:00:00.000000 ,46103.67,46638.46,43000.0,45135.66,83055.369042,3708359965.454581,1838345,40688.17185
2021-03-01 00:00:00.000000 ,45134.11,49790.0,44950.53,49587.03,85086.111648,4057515794.865728,2147223,42616.994361
2021-03-02 00:00:00.000000 ,49595.76,50200.0,47047.6,48440.65,64221.06214,3120472069.909453,1855583,31377.038077
2021-03-03 00:00:00.000000 ,48436.61,52640.0,48100.71,50349.37,81035.913705,4109521257.5407,2242131,40955.368399
2021-03-04 00:00:00.000000 ,50349.37,51773.88,47500.0,48374.09,82649.716829,4079837240.8567615,2291936,40269.977888
2021-03-05 00:00:00.000000 ,48374.09,49448.93,46300.0,48751.71,78192.496372,3727133104.8373103,2054216,38318.310377
2021-03-06 00:00:00.000000 ,48746.81,49200.0,47070.0,48882.2,44399.234242,2143910705.2915032,1476474,21500.615617
2021-03-07 00:00:00.000000 ,48882.2,51450.03,48882.2,50971.75,55235.028032,2778875909.4491262,1758101,27885.596964
2021-03-08 00:00:00.000000 ,50959.11,52402.78,49274.67,52375.17,66987.359664,3400847931.036074,1999401,33595.42957
2021-03-09 00:00:00.000000 ,52375.18,54895.0,51789.41,54884.5,71656.737076,3861450964.654904,2194398,35011.541086
2021-03-10 00:00:00.000000 ,54874.67,57387.69,53005.0,55851.59,84749.238943,4700197563.359213,2647284,42651.887405
2021-03-11 00:00:00.000000 ,55851.59,58150.0,54272.82,57773.16,81914.812859,4612366201.00222,2509970,40603.449668
2021-03-12 00:00:00.000000 ,57773.15,58081.51,54962.84,57221.72,73405.406047,4162054726.378839,2489931,35802.941462
2021-03-13 00:00:00.000000 ,57221.72,61844.0,56078.23,61188.39,83245.091346,4933383453.245977,2559002,44387.231918
2021-03-14 00:00:00.000000 ,61188.38,61724.79,58966.78,58968.31,52601.05275,3176397573.8846426,1829769,25325.26705
2021-03-15 00:00:00.000000 ,58976.08,60633.43,54600.0,55605.2,102771.427298,5874241052.093372,2683815,49825.438347
2021-03-16 00:00:00.000000 ,55605.2,56938.29,53271.34,56900.75,77986.694355,4304259207.6451,2241208,37825.501493
2021-03-17 00:00:00.000000 ,56900.74,58974.73,54123.69,58912.97,70421.620841,3960992972.154292,2204296,34778.745775
2021-03-18 00:00:00.000000 ,58912.97,60129.97,57023.0,57648.16,66580.406675,3900885761.2128057,2040947,32287.379911
2021-03-19 00:00:00.000000 ,57641.0,59468.0,56270.74,58030.01,52392.652961,3052711147.9349246,1885830,25552.511223
2021-03-20 00:00:00.000000 ,58030.01,59880.0,57820.17,58102.28,44476.941776,2616535093.051585,1724131,22212.446723
2021-03-21 00:00:00.000000 ,58100.02,58589.1,55450.11,57351.56,48564.470274,2774223129.62381,1773546,23648.941676
2021-03-22 00:00:00.000000 ,57351.56,58430.73,53650.0,54083.25,62581.626169,3527479514.3256526,1927345,30749.059028
2021-03-23 00:00:00.000000 ,54083.25,55830.9,53000.0,54340.89,59789.365427,3264650774.817461,1740349,29563.40974
2021-03-24 00:00:00.000000 ,54342.8,57200.0,51700.0,52303.65,83537.465021,4583159614.046461,2401988,39323.130067
2021-03-25 00:00:00.000000 ,52303.66,53287.0,50427.56,51293.78,87400.534538,4536327184.957861,2099425,42947.397733
2021-03-26 00:00:00.000000 ,51293.78,55073.46,51214.6,55025.59,63813.774692,3397036140.751637,1773150,31822.545238
2021-03-27 00:00:00.000000 ,55025.59,56700.36,53950.0,55817.14,50105.475055,2767070175.861931,1528776,24739.948471
2021-03-28 00:00:00.000000 ,55817.14,56559.75,54691.84,55777.63,39050.387511,2178777329.4452167,1551283,19262.725935
2021-03-29 00:00:00.000000 ,55777.65,58405.82,54800.01,57635.47,67857.937398,3877131109.734645,1983437,34373.804556
2021-03-30 00:00:00.000000 ,57635.46,59368.0,57071.35,58746.57,55122.443122,3221944107.4550304,1612744,27541.52668
2021-03-31 00:00:00.000000 ,58746.57,59800.0,56769.0,58740.55,60975.542666,3575976083.804576,1928224,31074.813187
2021-04-01 00:00:00.000000 ,58739.46,59490.0,57935.45,58720.44,47415.61722,2789238879.943373,1594431,22966.256736
2021-04-02 00:00:00.000000 ,58720.45,60200.0,58428.57,58950.01,47382.418781,2811159761.2684674,1666356,23695.695154
2021-04-03 00:00:00.000000 ,58950.01,59791.72,56880.0,57051.94,47409.852113,2783151686.164537,1606805,23057.967017
2021-04-04 00:00:00.000000 ,57051.95,58492.85,56388.0,58202.01,41314.081973,2380139010.730232,1499113,20609.134161
2021-04-05 00:00:00.000000 ,58202.01,59272.0,56777.77,59129.99,54258.01579,3155214764.164485,2035877,27269.49269
2021-04-06 00:00:00.000000 ,59129.99,59495.24,57413.02,57991.15,54201.000727,3166911557.1481576,1960513,26699.197872
2021-04-07 00:00:00.000000 ,57990.03,58655.0,55473.0,55953.45,71228.405659,4053294016.484514,2206433,34737.582155
2021-04-08 00:00:00.000000 ,55953.44,58153.31,55700.0,58077.52,44283.147019,2531779682.552427,1661080,22161.69051
2021-04-09 00:00:00.000000 ,58077.52,58894.9,57654.0,58142.54,40831.884911,2378340697.289584,1615962,20354.234456
2021-04-10 00:00:00.000000 ,58142.55,61500.0,57900.01,59769.13,69906.424117,4197138552.4690337,2470398,36018.637566
2021-04-11 00:00:00.000000 ,59769.13,60699.0,59232.52,60002.43,41156.715391,2462032926.617981,1746102,20798.058779
2021-04-12 00:00:00.000000 ,59998.8,61300.0,59350.59,59860.0,56375.037117,3393042867.8714666,1806298,27645.201153
2021-04-13 00:00:00.000000 ,59860.01,63777.77,59805.15,63575.0,82848.688746,5154877375.389618,2703735,41662.533028
2021-04-14 00:00:00.000000 ,63575.01,64854.0,61301.0,62959.53,82616.343993,5239081228.156977,2645625,40070.377527
2021-04-15 00:00:00.000000 ,62959.53,63800.0,62020.0,63159.98,51649.70034,3248931738.293182,1938028,25628.168379
2021-04-16 00:00:00.000000 ,63158.74,63520.61,60000.0,61334.8,91764.139884,5647292669.615493,2639940,43570.023147
2021-04-17 00:00:00.000000 ,61334.81,62506.05,59580.91,60006.66,58912.256128,3605701810.675048,2268816,28386.274106
2021-04-18 00:00:00.000000 ,60006.67,60499.0,50931.3,56150.01,124882.131824,6949379727.429153,3444089,59404.616809
2021-04-19 00:00:00.000000 ,56150.01,57526.81,54221.58,55633.14,78229.042267,4398619580.647143,2390527,38362.384979
2021-04-20 00:00:00.000000 ,55633.14,57076.24,53329.96,56425.0,72744.482151,4037701391.6195264,2148820,35519.589727
2021-04-21 00:00:00.000000 ,56425.0,56757.91,53536.02,53787.63,66984.756909,3704549578.6973033,2134946,32188.929493
2021-04-22 00:00:00.000000 ,53787.62,55521.48,50500.0,51690.96,104656.631337,5594983857.318092,2744621,50550.77147
2021-04-23 00:00:00.000000 ,51690.95,52131.85,47500.0,51125.14,132230.780719,6571097317.467918,2888237,63769.621253
2021-04-24 00:00:00.000000 ,51110.56,51166.22,48657.14,50047.84,55361.512573,2762081002.878663,1164985,26782.233007
2021-04-25 00:00:00.000000 ,50047.84,50567.91,46930.0,49066.77,58255.645004,2867858315.18732,1475479,27767.331394
2021-04-26 00:00:00.000000 ,49066.76,54356.62,48753.44,54001.39,86310.802124,4555688503.397388,2174544,43183.936749
2021-04-27 00:00:00.000000 ,54001.38,55460.0,53222.0,55011.97,54064.034675,2949719328.3669896,1568666,25631.074629
2021-04-28 00:00:00.000000 ,55011.97,56428.0,53813.16,54846.22,55130.459015,3020242787.5066776,1830042,26762.033422
2021-04-29 00:00:00.000000 ,54846.23,55195.84,52330.94,53555.0,52486.019455,2823220335.476041,1763676,25339.743902
2021-04-30 00:00:00.000000 ,53555.0,57963.0,53013.01,57694.27,68578.910045,3808187372.73938,2267648,35634.129087
2021-05-01 00:00:00.000000 ,57697.25,58458.07,56956.14,57800.37,42600.351836,2460342954.8425207,1743013,20574.810226
2021-05-02 00:00:00.000000 ,57797.35,57911.02,56035.25,56578.21,36812.878863,2089763230.4396267,1371638,18172.891836
2021-05-03 00:00:00.000000 ,56578.21,58981.44,56435.0,57169.39,57649.931286,3337604542.627381,2102128,28536.055533
2021-05-04 00:00:00.000000 ,57169.39,57200.0,53046.69,53200.01,85324.625903,4705402064.300975,2492629,41029.688246
2021-05-05 00:00:00.000000 ,53205.05,58069.82,52900.0,57436.11,77263.923439,4327994296.151437,2378119,38729.475016
2021-05-06 00:00:00.000000 ,57436.11,58360.0,55200.0,56393.68,70181.671908,3992289527.7370977,2459881,34248.899643
2021-05-07 00:00:00.000000 ,56393.68,58650.0,55241.63,57314.75,74542.747829,4239374487.474772,2361692,36877.602566
2021-05-08 00:00:00.000000 ,57315.49,59500.0,56900.0,58862.05,69709.906028,4079553831.988064,2311378,34329.699156
2021-05-09 00:00:00.000000 ,58866.53,59300.0,56235.66,58240.84,69806.11991,4043552701.5066,2170139,34301.050457
2021-05-10 00:00:00.000000 ,58240.83,59500.0,53400.0,55816.14,89586.34925,5131782639.966137,2575419,43057.977029
2021-05-11 00:00:00.000000 ,55816.14,56862.43,54370.0,56670.02,64329.54055,3583030654.763019,1911480,30880.828339
2021-05-12 00:00:00.000000 ,56670.02,58000.01,48600.0,49631.32,99842.789836,5476115093.110468,2676826,48299.826001
2021-05-13 00:00:00.000000 ,49537.15,51367.19,46000.0,49670.97,147332.002121,7303694688.601401,3570506,71742.003359
2021-05-14 00:00:00.000000 ,49671.92,51483.0,48799.75,49841.45,80082.204306,4015904915.4079113,2095860,37184.128863
2021-05-15 00:00:00.000000 ,49844.16,50700.0,46555.0,46762.99,89437.449359,4350775846.517358,2286791,42257.918463
2021-05-16 00:00:00.000000 ,46762.99,49795.89,43825.39,46431.5,114269.812775,5367497608.115901,2661295,53797.590877
2021-05-17 00:00:00.000000 ,46426.83,46686.0,42001.0,43538.04,166657.172736,7346755531.933858,3216821,80610.146581
2021-05-18 00:00:00.000000 ,43538.02,45799.29,42250.02,42849.78,116979.860784,5146670282.547901,2561165,55703.00041
2021-05-19 00:00:00.000000 ,42849.78,43584.9,30000.0,36690.09,354347.243161,13477694934.871796,6331062,168271.347308
2021-05-20 00:00:00.000000 ,36671.23,42451.67,34850.0,40526.64,203017.596923,8019897067.176221,4269898,100167.126413
2021-05-21 00:00:00.000000 ,40525.39,42200.0,33488.0,37252.01,202100.888258,7713346610.274128,3993336,94002.431409
2021-05-22 00:00:00.000000 ,37263.35,38829.0,35200.62,37449.73,126542.243689,4730567647.6744,2716691,63310.452012
2021-05-23 00:00:00.000000 ,37458.51,38270.64,31111.01,34655.25,217136.046593,7431242463.203841,4082004,104637.659409
2021-05-24 00:00:00.000000 ,34681.44,39920.0,34031.0,38796.29,161630.893971,5996773032.151345,3510578,81584.825314
2021-05-25 00:00:00.000000 ,38810.99,39791.77,36419.62,38324.72,111996.228404,4253519579.378729,2508310,54153.536814
2021-05-26 00:00:00.000000 ,38324.72,40841.0,37800.44,39241.91,104780.773396,4113717505.2635546,2432319,50485.076994
2021-05-27 00:00:00.000000 ,39241.92,40411.14,37134.27,38529.98,86547.158794,3361413526.053544,2102182,42256.012801
2021-05-28 00:00:00.000000 ,38529.99,38877.83,34684.0,35663.49,135377.62972,4926260941.933613,2659178,64327.281853
2021-05-29 00:00:00.000000 ,35661.79,37338.58,33632.76,34605.15,112663.092689,3949843335.322595,2169643,54284.199652
2021-05-30 00:00:00.000000 ,34605.15,36488.0,33379.0,35641.27,73535.386967,2601994948.148242,1559892,37406.813903
2021-05-31 00:00:00.000000 ,35641.26,37499.0,34153.84,37253.81,94160.735289,3406047734.8311286,1896359,46337.932504
2021-06-01 00:00:00.000000 ,37253.82,37894.81,35666.0,36693.09,81234.66377,2973928300.375587,1760417,40291.834851
2021-06-02 00:00:00.000000 ,36694.85,38225.0,35920.0,37568.68,67587.372495,2523462575.688437,1530915,34328.496287
2021-06-03 00:00:00.000000 ,37568.68,39476.0,37170.0,39246.79,75889.106011,2930945325.709207,1949658,38664.297849
2021-06-04 00:00:00.000000 ,39246.78,39289.07,35555.15,36829.0,91317.799245,3379399754.9305224,1926311,43105.97173
2021-06-05 00:00:00.000000 ,36829.15,37925.0,34800.0,35513.2,70459.62149,2560547116.8364058,1463754,34397.77436
2021-06-06 00:00:00.000000 ,35516.07,36480.0,35222.0,35796.31,47650.206637,1711857075.0471697,993430,23661.260636
2021-06-07 00:00:00.000000 ,35796.31,36900.0,33300.0,33552.79,77574.952573,2755673601.713913,1532260,36431.560586
2021-06-08 00:00:00.000000 ,33556.96,34068.01,31000.0,33380.81,123251.189037,4030784324.609684,2074885,60095.990201
2021-06-09 00:00:00.000000 ,33380.8,37534.79,32396.82,37388.05,136607.597517,4794741674.438823,2601479,68790.289265
2021-06-10 00:00:00.000000 ,37388.05,38491.0,35782.0,36675.72,109527.284943,4062957162.3643,2231430,53639.424022
2021-06-11 00:00:00.000000 ,36677.83,37680.4,35936.77,37331.98,78466.0053,2903043643.310072,1727645,39406.719224
2021-06-12 00:00:00.000000 ,37331.98,37463.63,34600.36,35546.11,87717.54999,3132387326.5375137,1719650,42571.205313
2021-06-13 00:00:00.000000 ,35546.12,39380.0,34757.0,39020.57,86921.025555,3208991521.63768,1894103,45675.273616
2021-06-14 00:00:00.000000 ,39020.56,41064.05,38730.0,40516.29,108522.391949,4320307646.765389,2185089,53645.908744
2021-06-15 00:00:00.000000 ,40516.28,41330.0,39506.4,40144.04,80679.622838,3247746713.627409,1931890,39428.829726
2021-06-16 00:00:00.000000 ,40143.8,40527.14,38116.01,38349.01,87771.976937,3450556041.600584,2134897,42137.242251
2021-06-17 00:00:00.000000 ,38349.0,39559.88,37365.0,38092.97,79541.307119,3065622530.039886,1620210,37936.812673
2021-06-18 00:00:00.000000 ,38092.97,38202.84,35129.29,35819.84,95228.042935,3507868126.3062024,1809253,44824.436567
2021-06-19 00:00:00.000000 ,35820.48,36457.0,34803.52,35483.72,68712.449461,2453817534.777169,1212278,33788.293345
2021-06-20 00:00:00.000000 ,35483.72,36137.72,33336.0,35600.16,89878.17085,3124634336.8407607,1691871,44194.067387
2021-06-21 00:00:00.000000 ,35600.17,35750.0,31251.23,31608.93,168778.873159,5545926077.788067,2688993,81297.469751
2021-06-22 00:00:00.000000 ,31614.12,33298.78,28805.0,32509.56,204208.179762,6406159197.076789,3113977,99149.182266
2021-06-23 00:00:00.000000 ,32509.56,34881.0,31683.0,33678.07,126966.100563,4282250433.919445,2026228,63340.033137
2021-06-24 00:00:00.000000 ,33675.07,35298.0,32286.57,34663.09,86625.80426,2925373222.1059766,1531230,43994.708298
2021-06-25 00:00:00.000000 ,34663.08,35500.0,31275.0,31584.45,116061.130356,3846120542.6572967,2094932,55656.156252
2021-06-26 00:00:00.000000 ,31576.09,32730.0,30151.0,32283.65,107820.375287,3376415451.793124,1814051,52978.159256
2021-06-27 00:00:00.000000 ,32283.65,34749.0,31973.45,34700.34,96613.244211,3199980157.750333,1799875,48772.52918
2021-06-28 00:00:00.000000 ,34702.49,35297.71,33862.72,34494.89,82222.267819,2837122779.5244017,1868627,40552.29218
2021-06-29 00:00:00.000000 ,34494.89,36600.0,34225.43,35911.73,90788.79622,3233947791.8633885,1673802,45376.587629
2021-06-30 00:00:00.000000 ,35911.72,36100.0,34017.55,35045.0,77152.197634,2688939291.0956726,1301036,37035.769674
2021-07-01 00:00:00.000000 ,35045.0,35057.57,32711.0,33504.69,71708.266112,2410809595.3904567,1240681,34986.055016
2021-07-02 00:00:00.000000 ,33502.33,33977.04,32699.0,33786.55,56172.181378,1870193042.3935368,1176457,27271.658005
2021-07-03 00:00:00.000000 ,33786.54,34945.61,33316.73,34669.13,43044.578641,1478423023.503483,1078278,21331.875045
2021-07-04 00:00:00.000000 ,34669.12,35967.85,34357.15,35286.51,43703.475789,1544458212.3926332,1164970,21180.335069
2021-07-05 00:00:00.000000 ,35288.13,35293.78,33125.55,33690.14,64123.874245,2183406257.493829,1109367,31489.855372
2021-07-06 00:00:00.000000 ,33690.15,35118.88,33532.0,34220.01,58210.596349,1991691100.9482656,1184687,27801.954493
2021-07-07 00:00:00.000000 ,34220.02,35059.09,33777.77,33862.12,53807.521675,1857658028.480804,1041416,27294.923927
2021-07-08 00:00:00.000000 ,33862.11,33929.64,32077.0,32875.71,70136.48032,2304973020.298715,1257892,35104.655225
2021-07-09 00:00:00.000000 ,32875.71,34100.0,32261.07,33815.81,47153.939899,1562958239.3913765,1236351,23660.068601
2021-07-10 00:00:00.000000 ,33815.81,34262.0,33004.78,33502.87,34761.175468,1171790111.0829952,865508,17012.759197
2021-07-11 00:00:00.000000 ,33502.87,34666.0,33306.47,34258.99,31572.647448,1070033013.1920449,952891,16434.537508
2021-07-12 00:00:00.000000 ,34259.0,34678.43,32658.34,33086.63,48181.403762,1620646741.334963,1176847,22602.907306
2021-07-13 00:00:00.000000 ,33086.94,33340.0,32202.25,32729.77,41126.361008,1348583017.0103433,956053,19588.278507
2021-07-14 00:00:00.000000 ,32729.12,33114.03,31550.0,32820.02,46777.823484,1515692074.9875476,1123129,22516.485719
2021-07-15 00:00:00.000000 ,32820.03,33185.25,31133.0,31880.0,51639.576353,1652077965.43656,1099367,24866.405787
2021-07-16 00:00:00.000000 ,31874.49,32249.18,31020.0,31383.87,48499.864154,1538342711.5796568,1067591,23963.744568
2021-07-17 00:00:00.000000 ,31383.86,31955.92,31164.31,31520.07,34012.242132,1072815966.3363076,883442,16649.051308
2021-07-18 00:00:00.000000 ,31520.07,32435.0,31108.97,31778.56,35923.716186,1140964365.6466014,760979,17554.182653
2021-07-19 00:00:00.000000 ,31778.57,31899.0,30407.44,30839.65,47340.468499,1470563281.9365027,846029,22709.510045
2021-07-20 00:00:00.000000 ,30839.65,31063.07,29278.0,29790.35,61034.049017,1821230700.0203912,1062139,28424.82505
2021-07-21 00:00:00.000000 ,29790.34,32858.0,29482.61,32144.51,82796.265128,2603140706.0822244,1415058,42584.672219
2021-07-22 00:00:00.000000 ,32144.51,32591.35,31708.0,32287.83,46148.092433,1482763544.9505365,1000742,23274.512805
2021-07-23 00:00:00.000000 ,32287.58,33650.0,31924.32,33634.09,50112.863626,1631947003.0730464,1394786,25018.977079
2021-07-24 00:00:00.000000 ,33634.1,34500.0,33401.14,34258.14,47977.550138,1625046258.436552,1196914,23937.617814
2021-07-25 00:00:00.000000 ,34261.51,35398.0,33851.12,35381.02,47852.928313,1646935552.8055446,1245775,24632.1493
2021-07-26 00:00:00.000000 ,35381.02,40550.0,35205.78,37237.6,152452.512724,5832475057.065676,3330102,77191.346075
2021-07-27 00:00:00.000000 ,37241.33,39542.61,36383.0,39457.87,88397.267015,3335658261.9955463,1938478,45137.303439
2021-07-28 00:00:00.000000 ,39456.61,40900.0,38772.0,40019.56,101344.528441,4040889461.661528,2631048,49019.136276
2021-07-29 00:00:00.000000 ,40019.57,40640.0,39200.0,40016.48,53998.439283,2154190697.345318,1428738,26700.926244
2021-07-30 00:00:00.000000 ,40018.49,42316.71,38313.23,42206.37,73602.784805,2939833541.3815365,1797012,37730.426862
2021-07-31 00:00:00.000000 ,42206.36,42448.0,41000.15,41461.83,44849.791012,1868285510.8846788,1565380,22844.24505
2021-08-01 00:00:00.000000 ,41461.84,42599.0,39422.01,39845.44,53953.186326,2227567271.487865,1603964,25796.753795
2021-08-02 00:00:00.000000 ,39850.27,40480.01,38690.0,39147.82,50837.351954,2010928003.5944088,1162878,24558.005343
2021-08-03 00:00:00.000000 ,39146.86,39780.0,37642.03,38207.05,57117.435853,2195360658.567329,1379871,27683.466598
2021-08-04 00:00:00.000000 ,38207.04,39969.66,37508.56,39723.18,52329.35243,2028792778.184805,1220555,26804.211169
2021-08-05 00:00:00.000000 ,39723.17,41350.0,37332.7,40862.46,84343.755621,3314527738.3397326,1913281,41673.129081
2021-08-06 00:00:00.000000 ,40862.46,43392.43,39853.86,42836.87,75753.941347,3148022459.916158,2223356,38278.004758
2021-08-07 00:00:00.000000 ,42836.87,44700.0,42446.41,44572.54,73396.740808,3197407326.036793,2258213,37355.623845
2021-08-08 00:00:00.000000 ,44572.54,45310.0,43261.0,43794.37,69329.092698,3074924734.87934,1857112,34099.15066
2021-08-09 00:00:00.000000 ,43794.36,46454.15,42779.0,46253.4,74587.884845,3362870286.2581177,2130595,38464.60543
2021-08-10 00:00:00.000000 ,46248.87,46700.0,44589.46,45584.99,53814.643421,2452485823.933654,1951330,26592.369314
2021-08-11 00:00:00.000000 ,45585.0,46743.47,45341.14,45511.0,52734.901977,2432788769.8326964,1862925,27064.393843
2021-08-12 00:00:00.000000 ,45510.67,46218.12,43770.0,44399.0,55266.108781,2478758524.864176,1623329,26765.08804
2021-08-13 00:00:00.000000 ,44400.06,47886.0,44217.39,47800.0,48239.370431,2239435701.117792,1804716,25367.988236
2021-08-14 00:00:00.000000 ,47799.99,48144.0,45971.03,47068.51,46114.359022,2166461458.6682487,1849556,22999.528519
2021-08-15 00:00:00.000000 ,47068.5,47372.27,45500.0,46973.82,42110.711334,1950753713.2121248,1580122,21129.919776
2021-08-16 00:00:00.000000 ,46973.82,48053.83,45660.0,45901.29,52480.574014,2462127629.609024,1655378,25847.872438
2021-08-17 00:00:00.000000 ,45901.3,47160.0,44376.0,44695.95,57039.341629,2616339597.9157424,1781303,27320.261808
2021-08-18 00:00:00.000000 ,44695.95,46000.0,44203.28,44705.29,54099.415985,2439673265.947117,1656723,28538.223727
2021-08-19 00:00:00.000000 ,44699.37,47033.0,43927.7,46760.62,53411.75392,2416320067.133769,1774382,27193.50515
2021-08-20 00:00:00.000000 ,46760.62,49382.99,46622.99,49322.47,56850.352228,2721131744.277817,1950404,29725.885112
2021-08-21 00:00:00.000000 ,49322.47,49757.04,48222.0,48821.87,46745.136584,2290966131.3761606,2069725,23119.673786
2021-08-22 00:00:00.000000 ,48821.88,49500.0,48050.0,49239.22,37007.887795,1807169840.169172,1610192,18587.877552
2021-08-23 00:00:00.000000 ,49239.22,50500.0,49029.0,49488.85,52462.541954,2616721363.685172,2143309,26218.97512
2021-08-24 00:00:00.000000 ,49488.85,49860.0,47600.0,47674.01,51014.594748,2486079315.564424,1692896,24702.923443
2021-08-25 00:00:00.000000 ,47674.01,49264.3,47126.28,48973.32,44655.830342,2149442271.5264206,1559186,21796.877672
2021-08-26 00:00:00.000000 ,48973.32,49352.84,46250.0,46843.87,49371.277774,2333900030.229628,1532753,23686.563496
2021-08-27 00:00:00.000000 ,46843.86,49149.93,46348.0,49069.9,42068.104965,2007071230.2199955,1320503,21727.05079
2021-08-28 00:00:00.000000 ,49069.9,49299.0,48346.88,48895.35,26681.063786,1303966035.7705495,793012,13895.763677
2021-08-29 00:00:00.000000 ,48895.35,49632.27,47762.54,48767.83,32652.283473,1588661416.3603797,1193046,16157.043096
2021-08-30 00:00:00.000000 ,48767.84,48888.61,46853.0,46982.91,40288.35083,1932344430.9239264,1204012,19637.84056
2021-08-31 00:00:00.000000 ,46982.91,48246.11,46700.0,47100.89,48645.52737,2303799571.3822727,1300400,24426.21235
2021-09-01 00:00:00.000000 ,47100.89,49156.0,46512.0,48810.52,49904.65528,2386074445.4158525,1280384,25102.36864
2021-09-02 00:00:00.000000 ,48810.51,50450.13,48584.06,49246.64,54410.770538,2704192314.674689,1549849,28351.807225
2021-09-03 00:00:00.000000 ,49246.63,51000.0,48316.84,49999.14,59025.644157,2949574478.071738,1645163,29625.443383
2021-09-04 00:00:00.000000 ,49998.0,50535.69,49370.0,49915.64,34664.65959,1733527136.4442587,1225830,16739.70385
2021-09-05 00:00:00.000000 ,49917.54,51900.0,49450.0,51756.88,40544.835873,2049212025.844659,1417660,21557.235864
2021-09-06 00:00:00.000000 ,51756.88,52780.0,50969.33,52663.9,49249.667081,2549290983.0568776,1678015,24620.352525
2021-09-07 00:00:00.000000 ,52666.2,52920.0,42843.05,46863.73,123048.802719,6004105772.870442,3321711,57935.601976
2021-09-08 00:00:00.000000 ,46868.57,47340.99,44412.02,46048.31,65069.3152,3000605793.938961,1796101,31796.7476
2021-09-09 00:00:00.000000 ,46048.31,47399.97,45513.08,46395.14,50651.66002,2351862983.518241,1567586,24183.38803
2021-09-10 00:00:00.000000 ,46395.14,47033.0,44132.29,44850.91,49048.26618,2243698626.039517,1569941,24358.59799
2021-09-11 00:00:00.000000 ,44842.2,45987.93,44722.22,45173.69,30440.4081,1380370764.0127168,1060890,14804.3426
2021-09-12 00:00:00.000000 ,45173.68,46460.0,44742.06,46025.24,32094.28052,1464780920.2199812,1179808,15735.45104
2021-09-13 00:00:00.000000 ,46025.23,46880.0,43370.0,44940.73,65429.15056,2930668118.2616343,1703512,32041.05972
2021-09-14 00:00:00.000000 ,44940.72,47250.0,44594.44,47111.52,44855.85099,2072259519.06192,1210258,22182.46649
2021-09-15 00:00:00.000000 ,47103.28,48500.0,46682.32,48121.41,43204.71174,2056996398.8439617,1176050,20903.53535
2021-09-16 00:00:00.000000 ,48121.4,48557.0,47021.1,47737.82,40725.08895,1948447232.9107168,1176129,19907.79151
2021-09-17 00:00:00.000000 ,47737.81,48150.0,46699.56,47299.98,34461.92776,1637122049.4128375,1033968,16599.46162
2021-09-18 00:00:00.000000 ,47299.98,48843.2,47035.56,48292.74,30906.47038,1491461627.9514225,976346,15219.90487
2021-09-19 00:00:00.000000 ,48292.75,48372.83,46829.18,47241.75,29847.24349,1421642879.4932065,909785,14346.79979
2021-09-20 00:00:00.000000 ,47241.75,47347.25,42500.0,43015.62,78003.524443,3457139274.300071,1842231,36108.362951
2021-09-21 00:00:00.000000 ,43016.64,43639.0,39600.0,40734.38,84534.080485,3551997786.690356,1820721,38942.74356
2021-09-22 00:00:00.000000 ,40734.09,44000.55,40565.39,43543.61,58349.05542,2482639471.907596,1304011,29321.5066
2021-09-23 00:00:00.000000 ,43546.37,44978.0,43069.09,44865.26,48699.57655,2147211305.4820888,1196106,24503.00365
2021-09-24 00:00:00.000000 ,44865.26,45200.0,40675.0,42810.57,84113.426292,3596718231.050549,1819744,41952.776582
2021-09-25 00:00:00.000000 ,42810.58,42966.84,41646.28,42670.64,33594.57189,1428238748.2095258,949787,16555.7295
2021-09-26 00:00:00.000000 ,42670.63,43950.0,40750.0,43160.9,49879.99765,2124657079.2797763,1374145,24762.74447
2021-09-27 00:00:00.000000 ,43160.9,44350.0,42098.0,42147.35,39776.84383,1728912299.8034244,1001487,19307.85346
2021-09-28 00:00:00.000000 ,42147.35,42787.38,40888.0,41026.54,43372.2624,1816305387.8388584,1045389,20710.0903
2021-09-29 00:00:00.000000 ,41025.01,42590.0,40753.88,41524.28,33511.53487,1399625476.0563765,884909,16338.4266
2021-09-30 00:00:00.000000 ,41524.29,44141.37,41410.17,43824.1,46381.22781,2005486003.5646768,1197815,23348.93974
2021-10-01 00:00:00.000000 ,43820.01,48495.0,43283.03,48141.61,66244.87492,3076094886.5924745,1771237,34156.88321
2021-10-02 00:00:00.000000 ,48141.6,48336.59,47430.18,47634.9,30508.98131,1459064880.5324447,996116,15180.50362
2021-10-03 00:00:00.000000 ,47634.89,49228.08,47088.0,48200.01,30825.05601,1482764462.1905775,1114294,15426.81514
2021-10-04 00:00:00.000000 ,48200.01,49536.12,46891.0,49224.94,46796.49372,2258464361.1263566,1437692,23032.4914
2021-10-05 00:00:00.000000 ,49224.93,51886.3,49022.4,51471.99,52125.66793,2618101829.0177226,1641651,26687.41046
2021-10-06 00:00:00.000000 ,51471.99,55750.0,50382.41,55315.0,79877.545181,4236927265.3815217,2443126,40664.027517
2021-10-07 00:00:00.000000 ,55315.0,55332.31,53357.0,53785.22,54917.37766,2983143121.088643,1703147,26485.89849
2021-10-08 00:00:00.000000 ,53785.22,56100.0,53617.61,53951.43,46160.25785,2522087625.0940795,1548832,22643.19334
2021-10-09 00:00:00.000000 ,53955.67,55489.0,53661.67,54949.72,55177.08013,3024862790.6955924,1609483,27686.74749
2021-10-10 00:00:00.000000 ,54949.72,56561.31,54080.0,54659.0,89237.836128,4923958325.389876,2427176,44656.915748
2021-10-11 00:00:00.000000 ,54659.01,57839.04,54415.06,57471.35,52933.165751,2994673617.7236485,1690409,26858.829013
2021-10-12 00:00:00.000000 ,57471.35,57680.0,53879.0,55996.93,53471.2855,3017210682.8859496,1554412,26157.44247
2021-10-13 00:00:00.000000 ,55996.91,57777.0,54167.19,57367.0,55808.44492,3123307687.477303,1610489,27985.13207
2021-10-14 00:00:00.000000 ,57370.83,58532.54,56818.05,57347.94,43053.336781,2481915791.591235,1372048,21940.264979
2021-10-15 00:00:00.000000 ,57347.94,62933.0,56850.0,61672.42,82512.908022,4959389368.726733,2649137,43913.676331
2021-10-16 00:00:00.000000 ,61672.42,62378.42,60150.0,60875.57,35467.88096,2173374058.808911,1360379,17286.46284
2021-10-17 00:00:00.000000 ,60875.57,61718.39,58963.0,61528.33,39099.24124,2371696294.797305,1331655,19289.94298
2021-10-18 00:00:00.000000 ,61528.32,62695.78,59844.45,62009.84,51798.44844,3195091233.4205527,1629184,25859.08539
2021-10-19 00:00:00.000000 ,62005.6,64486.0,61322.22,64280.59,53628.107744,3370863940.269437,1755708,27436.545484
2021-10-20 00:00:00.000000 ,64280.59,67000.0,63481.4,66001.41,51428.934856,3362878816.4045925,1823286,27623.990526
2021-10-21 00:00:00.000000 ,66001.4,66639.74,62000.0,62193.15,68538.64537,4407757970.879756,2181665,32008.51421
2021-10-22 00:00:00.000000 ,62193.15,63732.39,60000.0,60688.22,52119.35886,3229377744.3114257,1555280,25440.69118
2021-10-23 00:00:00.000000 ,60688.23,61747.64,59562.15,61286.75,27626.93678,1686121722.2187824,982103,13352.56908
2021-10-24 00:00:00.000000 ,61286.75,61500.0,59510.63,60852.22,31226.57676,1889694558.9504948,1052085,15682.1686
2021-10-25 00:00:00.000000 ,60852.22,63710.63,60650.0,63078.78,36853.83806,2309339650.10938,1270453,18577.25472
2021-10-26 00:00:00.000000 ,63078.78,63293.48,59817.55,60328.81,40217.50083,2492606133.3189454,1334460,18699.28475
2021-10-27 00:00:00.000000 ,60328.81,61496.0,58000.0,58413.44,62124.49016,3688306192.972418,1913083,29983.43122
2021-10-28 00:00:00.000000 ,58413.44,62499.0,57820.0,60575.89,61056.35301,3677629851.059607,1878275,30447.44205
2021-10-29 00:00:00.000000 ,60575.9,62980.0,60174.81,62253.71,43973.90414,2706090987.3096256,1417344,22262.86881
2021-10-30 00:00:00.000000 ,62253.7,62359.25,60673.0,61859.19,31478.12566,1937860260.4380624,1197748,15583.51105
2021-10-31 00:00:00.000000 ,61859.19,62405.3,59945.36,61299.8,39267.63794,2396556477.343493,1563417,19362.08206
2021-11-01 00:00:00.000000 ,61299.81,62437.74,59405.0,60911.11,44687.66672,2737282804.738131,1472636,22139.95506
2021-11-02 00:00:00.000000 ,60911.12,64270.0,60624.68,63219.99,46368.2841,2909221038.40065,1858362,23852.14282
2021-11-03 00:00:00.000000 ,63220.57,63500.0,60382.76,62896.48,43336.09049,2713389500.4663587,1601925,20662.34777
2021-11-04 00:00:00.000000 ,62896.49,63086.31,60677.01,61395.01,35930.93314,2218138026.7045407,1346081,17843.38035
2021-11-05 00:00:00.000000 ,61395.01,62595.72,60721.0,60937.12,31604.48749,1943346371.470386,1243074,15769.15494
2021-11-06 00:00:00.000000 ,60940.18,61560.49,60050.0,61470.61,25590.57408,1556774943.5537283,965309,12511.52761
2021-11-07 00:00:00.000000 ,61470.62,63286.35,61322.78,63273.59,25515.6883,1585744720.199772,1068629,13567.09782
2021-11-08 00:00:00.000000 ,63273.58,67789.0,63273.58,67525.83,54442.094554,3575716171.0443,2349581,28879.186436
2021-11-09 00:00:00.000000 ,67525.82,68524.25,66222.4,66947.66,44661.378068,3014326962.087268,1847655,22243.236452
2021-11-10 00:00:00.000000 ,66947.67,69000.0,62822.9,64882.43,65171.504046,4335575752.805224,2347934,31344.743321
2021-11-11 00:00:00.000000 ,64882.42,65600.07,64100.0,64774.26,37237.98058,2415537333.57771,1327827,18589.51479
2021-11-12 00:00:00.000000 ,64774.25,65450.7,62278.0,64122.23,44490.10816,2844286547.5040407,1479149,21028.45541
2021-11-13 00:00:00.000000 ,64122.22,65000.0,63360.22,64380.0,22504.97383,1442441613.5983925,904149,11094.05209
2021-11-14 00:00:00.000000 ,64380.01,65550.51,63576.27,65519.1,25705.07347,1658473781.2937696,951393,12629.83414
2021-11-15 00:00:00.000000 ,65519.11,66401.82,63400.0,63606.74,37829.37124,2460915922.876128,1305209,19160.47382
2021-11-16 00:00:00.000000 ,63606.73,63617.31,58574.07,60058.87,77455.15609,4705744041.299647,2353681,36375.32415
2021-11-17 00:00:00.000000 ,60058.87,60840.23,58373.0,60344.87,46289.38491,2767802055.200423,1471305,22545.24375
2021-11-18 00:00:00.000000 ,60344.86,60976.0,56474.26,56891.62,62146.99931,3644824179.1448526,1960419,29742.20507
2021-11-19 00:00:00.000000 ,56891.62,58320.0,55600.0,58052.24,50715.88726,2896189975.910774,1560459,24072.28575
2021-11-20 00:00:00.000000 ,58057.1,59845.0,57353.0,59707.51,33811.5901,1982718831.1570768,1200190,16682.28087
2021-11-21 00:00:00.000000 ,59707.52,60029.76,58486.65,58622.02,31902.22785,1886578154.5167084,1249219,14949.12309
2021-11-22 00:00:00.000000 ,58617.7,59444.0,55610.0,56247.18,51724.32047,2968622334.1376567,1624768,24834.9816
2021-11-23 00:00:00.000000 ,56243.83,58009.99,55317.0,57541.27,49917.85017,2837210673.4885187,1570845,25217.65003
2021-11-24 00:00:00.000000 ,57541.26,57735.0,55837.0,57138.29,39612.04964,2246374244.330568,1432991,19625.09659
2021-11-25 00:00:00.000000 ,57138.29,59398.9,57000.0,58960.36,42153.51522,2455658857.700593,1604266,21112.80397
2021-11-26 00:00:00.000000 ,58960.37,59150.0,53500.0,53726.53,65927.87066,3649353860.4295673,2138184,31287.4699
2021-11-27 00:00:00.000000 ,53723.72,55280.0,53610.0,54721.03,29716.99957,1623173123.4917316,1110145,14462.93801
2021-11-28 00:00:00.000000 ,54716.47,57445.05,53256.64,57274.88,36163.7137,1982198373.5328348,1253408,18520.69985
2021-11-29 00:00:00.000000 ,57274.89,58865.97,56666.67,57776.25,40125.28009,2313371348.113543,1349625,19520.25038
2021-11-30 00:00:00.000000 ,57776.25,59176.99,55875.55,56950.56,49161.05194,2823644073.021905,1587472,23867.80287
2021-12-01 00:00:00.000000 ,56950.56,59053.55,56458.01,57184.07,44956.63656,2584928714.0757422,1442301,21501.29463
2021-12-02 00:00:00.000000 ,57184.07,57375.47,55777.77,56480.34,37574.05976,2127110102.107309,1307890,18375.47518
2021-12-03 00:00:00.000000 ,56484.26,57600.0,51680.0,53601.05,58927.69027,3246198505.946852,1865063,27287.25751
2021-12-04 00:00:00.000000 ,53601.05,53859.1,42000.3,49152.47,114203.373748,5495712061.978532,3362771,52876.55238
2021-12-05 00:00:00.000000 ,49152.46,49699.05,47727.21,49396.33,45580.82012,2231486105.843912,1371839,22420.90324
2021-12-06 00:00:00.000000 ,49396.32,50891.11,47100.0,50441.92,58571.21575,2851528919.1795363,1741956,28820.34753
2021-12-07 00:00:00.000000 ,50441.91,51936.33,50039.74,50588.95,38253.46877,1950573500.2086656,1212350,18679.11099
2021-12-08 00:00:00.000000 ,50588.95,51200.0,48600.0,50471.19,38425.92466,1925458787.114752,1118225,18126.84362
2021-12-09 00:00:00.000000 ,50471.19,50797.76,47320.0,47545.59,37692.68665,1841474998.89511,1130599,18097.0596
2021-12-10 00:00:00.000000 ,47535.9,50125.0,46852.0,47140.54,44233.57391,2135023722.853152,1215231,21143.96129
2021-12-11 00:00:00.000000 ,47140.54,49485.71,46751.0,49389.99,28889.19358,1397524635.581402,957390,14452.26806
2021-12-12 00:00:00.000000 ,49389.99,50777.0,48638.0,50053.9,26017.93421,1292315883.6245537,863605,13266.00955
2021-12-13 00:00:00.000000 ,50053.9,50189.97,45672.75,46702.75,50869.52093,2423888500.7903047,1399599,23487.0228
2021-12-14 00:00:00.000000 ,46702.76,48700.41,46290.0,48343.28,39955.98445,1887427362.4740968,1194992,20010.80589
2021-12-15 00:00:00.000000 ,48336.95,49500.0,46547.0,48864.98,51629.181,2487012309.0915494,1438176,25861.16891
2021-12-16 00:00:00.000000 ,48864.98,49436.43,47511.0,47632.38,31949.86739,1551200654.052745,1023983,15281.92439
2021-12-17 00:00:00.000000 ,47632.38,47995.96,45456.0,46131.2,43104.4887,2015966349.5161324,1261780,19846.77192
2021-12-18 00:00:00.000000 ,46133.83,47392.37,45500.0,46834.48,25020.05271,1165205135.7008429,862066,12635.54707
2021-12-19 00:00:00.000000 ,46834.47,48300.01,46406.91,46681.23,29305.70665,1384958598.36277,874827,14646.77828
2021-12-20 00:00:00.000000 ,46681.24,47537.57,45558.85,46914.16,35848.50609,1663363117.8304534,1076488,17666.32749
2021-12-21 00:00:00.000000 ,46914.17,49328.96,46630.0,48889.88,37713.92924,1827234149.05988,1119412,19356.27006
2021-12-22 00:00:00.000000 ,48887.59,49576.13,48421.87,48588.16,27004.2022,1322418595.3337295,949480,13402.54963
2021-12-23 00:00:00.000000 ,48588.17,51375.0,47920.42,50838.81,35192.54046,1738129830.7814522,1176050,17397.67034
2021-12-24 00:00:00.000000 ,50838.82,51810.0,50384.43,50820.0,31684.84269,1618089927.2810063,1075177,15108.36362
2021-12-25 00:00:00.000000 ,50819.99,51156.23,50142.32,50399.66,19135.51613,971491029.130824,766979,9928.30266
2021-12-26 00:00:00.000000 ,50399.67,51280.0,49412.0,50775.49,22569.88914,1132200241.5624182,797133,11285.69707
2021-12-27 00:00:00.000000 ,50775.48,52088.0,50449.0,50701.44,28792.21566,1472065236.0117192,1009411,14436.09322
2021-12-28 00:00:00.000000 ,50701.44,50704.05,47313.01,47543.74,45853.33924,2242102220.931004,1345774,21743.17013
2021-12-29 00:00:00.000000 ,47543.74,48139.08,46096.99,46464.66,39498.87,1873785571.2732968,1114074,19089.6191
2021-12-30 00:00:00.000000 ,46464.66,47900.0,45900.0,47120.87,30352.29569,1428755720.4532027,910157,14886.52375
2021-12-31 00:00:00.000000 ,47120.88,48548.26,45678.0,46216.93,34937.99796,1650715977.918517,1059783,17315.5423
2022-01-01 00:00:00.000000 ,46216.93,47954.63,46208.37,47722.65,19604.46325,924155159.5834864,714899,9942.36679
2022-01-02 00:00:00.000000 ,47722.66,47990.0,46654.0,47286.18,18340.4604,866610995.5633582,709624,9166.46954
2022-01-03 00:00:00.000000 ,47286.18,47570.0,45696.0,46446.1,27662.0771,1292203508.3256547,885624,13524.76045
2022-01-04 00:00:00.000000 ,46446.1,47557.54,45500.0,45832.01,35491.4136,1649170424.1276133,1021815,17689.26808
2022-01-05 00:00:00.000000 ,45832.01,47070.0,42500.0,43451.13,51784.11857,2334288544.645448,1478532,23552.9946
2022-01-06 00:00:00.000000 ,43451.14,43816.0,42430.58,43082.31,38880.37305,1674466154.4383326,1150707,19268.82662
2022-01-07 00:00:00.000000 ,43082.3,43145.83,40610.0,41566.48,54836.50818,2293851015.4652367,1406635,26519.39261
2022-01-08 00:00:00.000000 ,41566.48,42300.0,40501.0,41679.74,32952.73111,1367233494.827767,1021908,16462.53747
2022-01-09 00:00:00.000000 ,41679.74,42786.7,41200.02,41864.62,22724.39426,952830064.5125848,752733,11399.78979
2022-01-10 00:00:00.000000 ,41864.62,42248.5,39650.0,41822.49,50729.17019,2088111339.5055964,1250983,24654.54811
2022-01-11 00:00:00.000000 ,41822.49,43100.0,41268.93,42729.29,37296.43729,1574803608.9600787,1015526,18521.95391
2022-01-12 00:00:00.000000 ,42729.29,44322.0,42450.0,43902.66,33943.2928,1470906437.7120714,1023902,17584.31885
2022-01-13 00:00:00.000000 ,43902.65,44500.0,42311.22,42560.11,34910.87762,1515944525.4954948,1036234,17175.40587
2022-01-14 00:00:00.000000 ,42558.35,43448.78,41725.95,43059.96,32640.88292,1392000443.3501675,946938,15434.18945
2022-01-15 00:00:00.000000 ,43059.96,43800.0,42555.0,43084.29,21936.05616,946488263.548448,752688,11133.18615
2022-01-16 00:00:00.000000 ,43084.29,43475.0,42581.79,43071.66,20602.35271,887203134.0531468,732171,10052.19291
2022-01-17 00:00:00.000000 ,43071.66,43176.18,41540.42,42201.62,27562.08613,1169381684.4668436,918029,13448.54192
2022-01-18 00:00:00.000000 ,42201.63,42691.0,41250.0,42352.12,29324.08257,1228459687.3994458,905061,14527.82371
2022-01-19 00:00:00.000000 ,42352.12,42559.13,41138.56,41660.01,31685.72159,1327478459.1602297,924528,15603.74304
2022-01-20 00:00:00.000000 ,41660.0,43505.0,40553.31,40680.91,42330.33953,1784801200.404487,1098761,20201.47991
2022-01-21 00:00:00.000000 ,40680.92,41100.0,35440.45,36445.31,88860.891999,3405501703.2219367,2092561,41615.085819
2022-01-22 00:00:00.000000 ,36445.31,36835.22,34008.0,35071.42,90471.338961,3207531048.030652,2099978,42722.278233
2022-01-23 00:00:00.000000 ,35071.42,36499.0,34601.01,36244.55,44279.52354,1572414639.0428774,1142407,22841.39451
2022-01-24 00:00:00.000000 ,36244.55,37550.0,32917.17,36660.35,91904.753211,3192041586.103189,1999352,46469.272938
2022-01-25 00:00:00.000000 ,36660.35,37545.14,35701.0,36958.32,49232.40183,1799224214.4997392,1248246,24988.42876
2022-01-26 00:00:00.000000 ,36958.32,38919.98,36234.63,36809.34,69830.16036,2627491976.6908574,1584468,35240.31542
2022-01-27 00:00:00.000000 ,36807.24,37234.47,35507.01,37160.1,53020.87934,1925920128.3436604,1308408,26750.94594
2022-01-28 00:00:00.000000 ,37160.11,38000.0,36155.01,37716.56,42154.26956,1560203931.220128,1061101,21496.47551
2022-01-29 00:00:00.000000 ,37716.57,38720.74,37268.44,38166.84,26129.49682,989652386.9966494,816601,13292.42156
2022-01-30 00:00:00.000000 ,38166.83,38359.26,37351.63,37881.76,21430.66527,812750216.6010319,698593,10798.3846
2022-01-31 00:00:00.000000 ,37881.75,38744.0,36632.61,38466.9,36855.2458,1386754529.0295446,936014,18422.26954
2022-02-01 00:00:00.000000 ,38466.9,39265.2,38000.0,38694.59,34574.44663,1334266166.7099988,917617,17730.99304
2022-02-02 00:00:00.000000 ,38694.59,38855.92,36586.95,36896.36,35794.6813,1353093948.9776013,907905,17251.43687
2022-02-03 00:00:00.000000 ,36896.37,37387.0,36250.0,37311.61,32081.10999,1179502838.6566265,848961,16468.10233
2022-02-04 00:00:00.000000 ,37311.98,41772.33,37026.73,41574.25,64703.95874,2526572562.0582848,1380724,33053.66668
2022-02-05 00:00:00.000000 ,41571.7,41913.69,40843.01,41382.59,32532.34372,1349805515.9300363,1006352,16566.08602
2022-02-06 00:00:00.000000 ,41382.6,42656.0,41116.56,42380.87,22405.16704,934168802.8801152,788291,11546.39088
2022-02-07 00:00:00.000000 ,42380.87,44500.5,41645.85,43839.99,51060.62006,2204523609.903396,1473274,25457.79986
2022-02-08 00:00:00.000000 ,43839.99,45492.0,42666.0,44042.99,64880.29387,2847485971.4977336,1653350,33004.09337
2022-02-09 00:00:00.000000 ,44043.0,44799.0,43117.92,44372.72,34428.16729,1512500139.1430995,1066395,17115.60108
2022-02-10 00:00:00.000000 ,44372.71,45821.0,43174.01,43495.44,62357.29091,2772188373.222783,1541483,30323.12245
2022-02-11 00:00:00.000000 ,43495.44,43920.0,41938.51,42373.73,44975.1687,1937866768.5059533,1169354,22063.76915
2022-02-12 00:00:00.000000 ,42373.73,43079.49,41688.88,42217.87,26556.85681,1123136004.7237244,830322,12814.60322
2022-02-13 00:00:00.000000 ,42217.87,42760.0,41870.0,42053.66,17732.08113,750533311.6529565,624898,8333.13302
2022-02-14 00:00:00.000000 ,42053.65,42842.4,41550.56,42535.94,34010.1306,1436927831.4445865,867622,16912.76672
2022-02-15 00:00:00.000000 ,42535.94,44751.4,42427.03,44544.86,38095.19576,1672855933.625659,990694,19180.32434
2022-02-16 00:00:00.000000 ,44544.85,44549.97,43307.0,43873.56,28471.8727,1250973502.3018453,823745,14106.69537
2022-02-17 00:00:00.000000 ,43873.56,44164.71,40073.21,40515.7,47245.99494,1993400162.9480667,1067658,21468.60602
2022-02-18 00:00:00.000000 ,40515.71,40959.88,39450.0,39974.44,43845.92241,1765622365.952756,1025882,20609.06764
2022-02-19 00:00:00.000000 ,39974.45,40444.32,39639.03,40079.17,18042.0551,721960636.0646691,586653,8374.975
2022-02-20 00:00:00.000000 ,40079.17,40125.44,38000.0,38386.89,33439.29011,1293216601.4518795,811235,15338.25392
2022-02-21 00:00:00.000000 ,38386.89,39494.35,36800.0,37008.16,62347.68496,2382027320.8617606,1352290,30617.13558
2022-02-22 00:00:00.000000 ,37008.16,38429.0,36350.0,38230.33,53785.94589,2010628230.7549176,1212527,27322.73575
2022-02-23 00:00:00.000000 ,38230.33,39249.93,37036.79,37250.01,43560.732,1665486687.2399373,1030872,21449.9558
2022-02-24 00:00:00.000000 ,37250.02,39843.0,34322.28,38327.21,120476.29458,4335107392.009488,2622780,60103.1314
2022-02-25 00:00:00.000000 ,38328.68,39683.53,38014.37,39219.17,56574.57125,2197889580.2826686,1408558,29904.01589
2022-02-26 00:00:00.000000 ,39219.16,40348.45,38573.18,39116.72,29361.2568,1152621719.69438,924257,14658.93596
2022-02-27 00:00:00.000000 ,39116.73,39855.7,37000.0,37699.07,46229.44719,1780512702.886402,1265753,21789.2508
2022-02-28 00:00:00.000000 ,37699.08,44225.84,37450.17,43160.0,73945.63858,2975160226.168985,1931087,38543.78078
2022-03-01 00:00:00.000000 ,43160.0,44949.0,42809.98,44421.2,61743.09873,2701611023.69432,1866871,30937.54085
2022-03-02 00:00:00.000000 ,44421.2,45400.0,43334.09,43892.98,57782.65081,2550792948.288624,1653131,28624.1131
2022-03-03 00:00:00.000000 ,43892.99,44101.12,41832.28,42454.0,50940.61021,2192152097.925188,1289320,24438.40113
2022-03-04 00:00:00.000000 ,42454.0,42527.3,38550.0,39148.66,61964.68498,2527001270.7194686,1465066,29322.62323
2022-03-05 00:00:00.000000 ,39148.65,39613.24,38407.59,39397.96,30363.13341,1187689935.0879936,879727,14846.61434
2022-03-06 00:00:00.000000 ,39397.97,39693.87,38088.57,38420.81,39677.26158,1542258009.6292188,986352,19055.16367
2022-03-07 00:00:00.000000 ,38420.8,39547.57,37155.0,37988.0,63994.11559,2449362161.7015386,1456041,31641.49735
2022-03-08 00:00:00.000000 ,37988.01,39362.08,37867.65,38730.63,55583.06638,2149652714.804345,1271128,27964.07361
2022-03-09 00:00:00.000000 ,38730.63,42594.06,38656.45,41941.71,67392.58799,2797240840.960747,1570230,34598.34753
2022-03-10 00:00:00.000000 ,41941.7,42039.63,38539.73,39422.0,71962.93154,2854310740.807673,1512655,33804.27456
2022-03-11 00:00:00.000000 ,39422.01,40236.26,38223.6,38729.57,59018.7642,2305825015.6010857,1252571,29148.02045
2022-03-12 00:00:00.000000 ,38729.57,39486.71,38660.52,38807.36,24034.36432,939663387.3149892,671733,11869.94851
2022-03-13 00:00:00.000000 ,38807.35,39310.0,37578.51,37777.34,32791.82359,1268441605.1866877,841844,15150.32067
2022-03-14 00:00:00.000000 ,37777.35,39947.12,37555.0,39671.37,46945.45375,1821922588.4472065,1114899,24146.76237
2022-03-15 00:00:00.000000 ,39671.37,39887.61,38098.33,39280.33,46015.54926,1796571984.458497,1060517,22657.90532
2022-03-16 00:00:00.000000 ,39280.33,41718.0,38828.48,41114.0,88120.76167,3552563766.3655386,2051837,44119.65664
2022-03-17 00:00:00.000000 ,41114.01,41478.82,40500.0,40917.9,37189.38087,1521083189.7108624,935784,18580.98075
2022-03-18 00:00:00.000000 ,40917.89,42325.02,40135.04,41757.51,45408.00969,1862337033.4847207,1065054,22374.92757
2022-03-19 00:00:00.000000 ,41757.51,42400.0,41499.29,42201.13,29067.18108,1216709156.4428053,801197,14463.06148
2022-03-20 00:00:00.000000 ,42201.13,42296.26,40911.0,41262.11,30653.33468,1273880705.2502496,799695,14636.72662
2022-03-21 00:00:00.000000 ,41262.11,41544.22,40467.94,41002.25,39426.24877,1618789548.0684211,947206,19079.42652
2022-03-22 00:00:00.000000 ,41002.26,43361.0,40875.51,42364.13,59454.94294,2525975507.8012,1367343,30215.54785
2022-03-23 00:00:00.000000 ,42364.13,43025.96,41751.47,42882.76,40828.87039,1725787170.5823965,916671,20211.34116
2022-03-24 00:00:00.000000 ,42882.76,44220.89,42560.46,43991.46,56195.12374,2436258223.622338,1202541,27963.10189
2022-03-25 00:00:00.000000 ,43991.46,45094.14,43579.0,44313.16,54614.43648,2421153187.6604123,1141588,27819.34765
2022-03-26 00:00:00.000000 ,44313.16,44792.99,44071.97,44511.27,23041.61741,1022802857.60941,693647,11422.59021
2022-03-27 00:00:00.000000 ,44511.27,46999.0,44421.46,46827.76,41874.91071,1907019662.3441496,1135096,21674.84642
2022-03-28 00:00:00.000000 ,46827.76,48189.84,46663.56,47122.21,58949.2614,2789898402.616576,1498975,29097.75719
2022-03-29 00:00:00.000000 ,47122.21,48096.47,46950.85,47434.8,36772.28457,1748600385.4502351,1095678,18192.3742
2022-03-30 00:00:00.000000 ,47434.79,47700.22,46445.42,47067.99,40947.2085,1932152559.8831124,1081607,20896.43399
2022-03-31 00:00:00.000000 ,47067.99,47600.0,45200.0,45510.34,48645.12667,2262485160.568584,1290541,22879.47328
2022-04-01 00:00:00.000000 ,45510.35,46720.09,44200.0,46283.49,56271.06474,2556532890.870311,1372216,28041.37621
2022-04-02 00:00:00.000000 ,46283.49,47213.0,45620.0,45811.0,37073.53582,1721690754.4393935,1056716,18562.93079
2022-04-03 00:00:00.000000 ,45810.99,47444.11,45530.92,46407.35,33394.67794,1550999693.0508049,966563,16740.18067
2022-04-04 00:00:00.000000 ,46407.36,46890.71,45118.0,46580.51,44641.87514,2053434523.8685389,1171998,21913.04154
2022-04-05 00:00:00.000000 ,46580.5,47200.0,45353.81,45497.55,42192.74852,1951668192.9295096,1046080,20607.57735
2022-04-06 00:00:00.000000 ,45497.54,45507.14,43121.0,43170.47,60849.32936,2700644700.890392,1471912,29467.28381
2022-04-07 00:00:00.000000 ,43170.47,43900.99,42727.35,43444.19,37396.54156,1623879486.6600313,999816,18567.25999
2022-04-08 00:00:00.000000 ,43444.2,43970.62,42107.14,42252.01,42375.04203,1830699971.611312,1108136,20530.56354
2022-04-09 00:00:00.000000 ,42252.02,42800.0,42125.48,42753.97,17891.66047,759274586.6137776,640230,8910.47179
2022-04-10 00:00:00.000000 ,42753.96,43410.3,41868.0,42158.85,22771.09403,971459737.5009404,678983,10952.24952
2022-04-11 00:00:00.000000 ,42158.85,42414.71,39200.0,39530.45,63560.44721,2602039073.015044,1385924,30543.05561
2022-04-12 00:00:00.000000 ,39530.45,40699.0,39254.63,40074.94,57751.01778,2309514071.593873,1153667,28344.99788
2022-04-13 00:00:00.000000 ,40074.95,41561.31,39588.54,41147.79,41342.27254,1677171454.0910792,948061,20522.54699
2022-04-14 00:00:00.000000 ,41147.78,41500.0,39551.94,39942.38,36807.01401,1494726286.01801,803756,17787.82129
2022-04-15 00:00:00.000000 ,39942.37,40870.36,39766.4,40551.9,24026.35739,966888436.8162508,616536,11755.54439
2022-04-16 00:00:00.000000 ,40551.9,40709.35,39991.55,40378.71,15805.44718,638275503.9141085,423446,7642.38243
2022-04-17 00:00:00.000000 ,40378.7,40595.67,39546.17,39678.12,19988.49259,803414248.9836986,590241,9578.91533
2022-04-18 00:00:00.000000 ,39678.11,41116.73,38536.51,40801.13,54243.49575,2153574975.9131336,1157741,27097.19375
2022-04-19 00:00:00.000000 ,40801.13,41760.0,40571.0,41493.18,35788.85843,1472363265.362188,934526,17806.81506
2022-04-20 00:00:00.000000 ,41493.19,42199.0,40820.0,41358.19,40877.35041,1697039284.0853007,1063843,20007.29623
2022-04-21 00:00:00.000000 ,41358.19,42976.0,39751.0,40480.01,59316.27657,2476061417.8872576,1515456,29413.89548
2022-04-22 00:00:00.000000 ,40480.01,40795.06,39177.0,39709.18,46664.0196,1870172362.40225,1043471,23248.71242
2022-04-23 00:00:00.000000 ,39709.19,39980.0,39285.0,39441.6,20291.42375,804677022.9078971,724132,10217.20484
2022-04-24 00:00:00.000000 ,39441.61,39940.0,38929.62,39450.13,26703.61186,1056336243.0198607,868183,12639.70229
2022-04-25 00:00:00.000000 ,39450.12,40616.0,38200.0,40426.08,63037.12784,2470071005.2401423,1280351,31958.39557
2022-04-26 00:00:00.000000 ,40426.08,40797.31,37702.26,38112.65,66650.258,2615206861.8349133,1381618,31936.9422
2022-04-27 00:00:00.000000 ,38112.64,39474.72,37881.31,39235.72,57083.12272,2218523642.426388,1232083,28942.08915
2022-04-28 00:00:00.000000 ,39235.72,40372.63,38881.43,39742.07,56086.6715,2223808385.806376,1135242,28519.46629
2022-04-29 00:00:00.000000 ,39742.06,39925.25,38175.0,38596.11,51453.65715,2006135662.8559992,1101140,24773.60543
2022-04-30 00:00:00.000000 ,38596.11,38795.38,37578.2,37630.8,35321.18989,1354900532.1335113,1017369,16523.43017
2022-05-01 00:00:00.000000 ,37630.8,38675.0,37386.38,38468.35,38812.24104,1478259271.913873,1021157,19551.11747
2022-05-02 00:00:00.000000 ,38468.35,39167.34,38052.0,38525.16,53200.92628,2058450718.2963235,1053893,27276.29561
2022-05-03 00:00:00.000000 ,38525.16,38651.51,37517.8,37728.95,40316.45358,1539320434.2647235,1005131,20002.76343
2022-05-04 00:00:00.000000 ,37728.95,40023.77,37670.0,39690.0,62574.61736,2438553987.453544,1238847,32968.16942
2022-05-05 00:00:00.000000 ,39690.0,39845.51,35571.9,36552.97,88722.43355,3329684235.963952,1979692,41786.44096
2022-05-06 00:00:00.000000 ,36552.97,36675.63,35258.0,36013.77,68437.80187,2466507512.182029,1214518,34536.42346
2022-05-07 00:00:00.000000 ,36013.77,36146.3,34785.0,35472.39,34281.70682,1222539413.6400983,746488,15385.18829
2022-05-08 00:00:00.000000 ,35472.4,35514.22,33713.95,34038.4,72445.64344,2498365159.9945807,1301451,32350.03935
2022-05-09 00:00:00.000000 ,34038.39,34243.15,30033.33,30076.31,191876.926428,6166367111.275724,2564538,86538.962569
2022-05-10 00:00:00.000000 ,30074.23,32658.99,29730.4,31017.1,165532.00311,5179856929.47993,2470325,73691.196106
2022-05-11 00:00:00.000000 ,31017.11,32162.59,27785.0,29103.94,207063.739278,6300295994.553139,3559270,99622.117475
2022-05-12 00:00:00.000000 ,29103.94,30243.0,26700.0,29029.75,204507.263138,5795451310.945578,3951233,101465.278257
2022-05-13 00:00:00.000000 ,29029.74,31083.37,28751.67,29287.05,97872.36957,2956855804.856112,2051900,48827.72764
2022-05-14 00:00:00.000000 ,29287.05,30343.27,28630.0,30086.74,51095.87863,1501483453.5008905,1204626,25908.17135
2022-05-15 00:00:00.000000 ,30086.74,31460.0,29480.0,31328.89,46275.66912,1401499926.2304175,1016769,24163.362
2022-05-16 00:00:00.000000 ,31328.89,31328.9,29087.04,29874.01,73082.19658,2185567735.6820626,1561954,36284.05379
2022-05-17 00:00:00.000000 ,29874.01,30788.37,29450.38,30444.93,56724.13307,1715109131.0802064,1175382,28600.36238
2022-05-18 00:00:00.000000 ,30444.93,30709.99,28654.47,28715.32,59749.15799,1762843836.126938,1379212,29501.76769
2022-05-19 00:00:00.000000 ,28715.33,30545.18,28691.38,30319.23,67877.36415,2014360135.785272,1860780,35339.65787
2022-05-20 00:00:00.000000 ,30319.22,30777.33,28730.0,29201.01,60517.25325,1800589029.270878,1694004,30890.40127
2022-05-21 00:00:00.000000 ,29201.01,29656.18,28947.28,29445.06,20987.13124,616194663.9792111,643486,10558.92886
2022-05-22 00:00:00.000000 ,29445.07,30487.99,29255.11,30293.94,36158.98748,1082530816.01625,862880,18538.10071
2022-05-23 00:00:00.000000 ,30293.93,30670.51,28866.35,29109.15,63901.49932,1914305818.074519,1328317,30476.66811
2022-05-24 00:00:00.000000 ,29109.14,29845.86,28669.0,29654.58,59442.96036,1740257602.3067698,946421,29480.07674
2022-05-25 00:00:00.000000 ,29654.58,30223.74,29294.21,29542.15,59537.38659,1771708175.0718913,985440,28846.96589
2022-05-26 00:00:00.000000 ,29542.14,29886.64,28019.56,29201.35,94581.65463,2759055410.397752,1431112,45206.85416
2022-05-27 00:00:00.000000 ,29201.35,29397.66,28282.9,28629.8,90998.5201,2626515958.503489,1321406,43590.05398
2022-05-28 00:00:00.000000 ,28629.81,29266.0,28450.0,29031.33,34479.35127,994674257.5679232,684423,17561.21465
2022-05-29 00:00:00.000000 ,29031.33,29587.78,28839.21,29468.1,27567.34764,804777532.6497605,635311,13735.42581
2022-05-30 00:00:00.000000 ,29468.1,32222.0,29299.62,31734.22,96785.9476,2980527582.4674954,1380410,45024.45633
2022-05-31 00:00:00.000000 ,31734.23,32399.0,31200.01,31801.04,62433.11632,1981259117.0115464,1161340,30046.95511
2022-06-01 00:00:00.000000 ,31801.05,31982.97,29301.0,29805.83,103395.63382,3171191028.249736,1404611,47614.81205
2022-06-02 00:00:00.000000 ,29805.84,30689.0,29594.55,30452.62,56961.42928,1711652906.191896,1086183,28555.06607
2022-06-03 00:00:00.000000 ,30452.63,30699.0,29282.36,29700.21,54067.44727,1615616950.7143807,993769,26583.25141
2022-06-04 00:00:00.000000 ,29700.21,29988.88,29485.0,29864.04,25617.90113,760874329.4663155,618037,12971.7246
2022-06-05 00:00:00.000000 ,29864.03,30189.0,29531.42,29919.21,23139.9281,691201528.1600257,604680,11753.51303
2022-06-06 00:00:00.000000 ,29919.2,31765.64,29890.23,31373.1,68836.92456,2149499896.934937,1124745,34225.53913
2022-06-07 00:00:00.000000 ,31373.1,31589.6,29218.96,31125.33,110674.51658,3347397952.7305903,1743957,54831.53114
2022-06-08 00:00:00.000000 ,31125.32,31327.22,29843.88,30204.77,68542.61276,2087270428.3470392,1236327,32668.41005
2022-06-09 00:00:00.000000 ,30204.77,30700.0,29944.1,30109.93,46291.1865,1399839073.774508,841562,23082.29251
2022-06-10 00:00:00.000000 ,30109.93,30382.8,28850.0,29091.88,76204.2498,2255866294.494887,1258608,35502.20972
2022-06-11 00:00:00.000000 ,29091.87,29440.41,28099.99,28424.7,65901.39895,1892007188.0756,1084163,31848.3308
2022-06-12 00:00:00.000000 ,28424.71,28544.96,26560.0,26574.53,92474.598809,2551767136.3295846,1451271,43538.78641
2022-06-13 00:00:00.000000 ,26574.53,26895.84,21925.77,22487.41,254611.034966,6192246037.404873,3261484,121398.556133
2022-06-14 00:00:00.000000 ,22485.27,23362.88,20846.0,22136.41,187201.64671,4136108699.025428,2583151,92764.742864
2022-06-15 00:00:00.000000 ,22136.42,22800.0,20111.62,22583.72,200774.493467,4249276481.2566967,2847831,98340.102217
2022-06-16 00:00:00.000000 ,22583.72,22995.73,20232.0,20401.31,99673.59429,2130037160.0626109,1690477,48048.86237
2022-06-17 00:00:00.000000 ,20400.6,21365.43,20246.66,20468.81,86694.33663,1796575392.5507207,1352992,43066.94445
2022-06-18 00:00:00.000000 ,20468.81,20792.06,17622.0,18970.79,196441.655524,3726639821.6961513,2467372,96560.044649
2022-06-19 00:00:00.000000 ,18970.79,20815.95,17960.41,20574.0,128320.87595,2487561781.535987,1950660,65871.82216
2022-06-20 00:00:00.000000 ,20574.0,21090.0,19637.03,20573.89,109028.94154,2220396381.7426524,1639448,54047.82476
2022-06-21 00:00:00.000000 ,20573.9,21723.0,20348.4,20723.52,104371.0749,2198596137.343284,1515321,52193.33566
2022-06-22 00:00:00.000000 ,20723.51,20900.0,19770.51,19987.99,92133.97938,1872204589.2375813,1394981,44907.30453
2022-06-23 00:00:00.000000 ,19988.0,21233.0,19890.07,21110.13,83127.08716,1710694866.4572449,1207858,42716.83721
2022-06-24 00:00:00.000000 ,21110.12,21558.41,20736.72,21237.69,77430.36622,1635129191.170251,1309709,38582.36962
2022-06-25 00:00:00.000000 ,21237.68,21614.5,20906.62,21491.19,51431.67794,1093873137.974752,874540,25240.18142
2022-06-26 00:00:00.000000 ,21491.18,21888.0,20964.73,21038.07,53278.10464,1139258367.1629148,885306,26051.16372
2022-06-27 00:00:00.000000 ,21038.08,21539.85,20510.0,20742.56,64475.0013,1354369225.8404648,1002214,31992.4604
2022-06-28 00:00:00.000000 ,20742.57,21212.1,20202.01,20281.29,63801.0832,1321862977.9315486,1064497,30490.78532
2022-06-29 00:00:00.000000 ,20281.28,20432.31,19854.92,20123.01,77309.04379,1556549790.008924,1210636,37814.12159
2022-06-30 00:00:00.000000 ,20123.0,20179.08,18626.0,19942.21,93846.64806,1808994369.031444,1438163,45447.98482
2022-07-01 00:00:00.000000 ,19942.21,20918.35,18975.0,19279.8,111844.59494,2197016369.9695287,1668363,56417.61783
2022-07-02 00:00:00.000000 ,19279.8,19467.39,18977.01,19252.81,46180.3021,888415536.8730664,833508,23693.90779
2022-07-03 00:00:00.000000 ,19252.82,19647.63,18781.0,19315.83,51087.46631,980255891.3952552,880786,25361.96292
2022-07-04 00:00:00.000000 ,19315.83,20354.01,19055.31,20236.71,74814.04601,1470987695.521582,1282843,38543.72441
2022-07-05 00:00:00.000000 ,20236.71,20750.0,19304.4,20175.83,96041.13756,1919950110.1674304,1612273,48358.47507
2022-07-06 00:00:00.000000 ,20175.84,20675.22,19761.25,20564.51,82439.5808,1665481948.009632,1472221,41580.73433
2022-07-07 00:00:00.000000 ,20564.51,21838.1,20251.68,21624.98,85014.58261,1783224085.72368,1653722,42731.5372
2022-07-08 00:00:00.000000 ,21624.99,22527.37,21189.26,21594.75,403081.57349,8781330156.61243,4358216,201798.10144
2022-07-09 00:00:00.000000 ,21594.75,21980.0,21322.12,21591.83,178417.84468,3857190523.494272,3524386,89418.01811
2022-07-10 00:00:00.000000 ,21592.15,21607.65,20655.0,20862.47,192188.21556,4062794310.2720337,3434401,95376.75351
2022-07-11 00:00:00.000000 ,20861.11,20868.48,19875.23,19963.61,137535.40724,2813718031.1093426,3232941,66869.47065
2022-07-12 00:00:00.000000 ,19963.61,20059.42,19240.0,19328.75,139506.45862,2754215439.3324776,3626399,67681.11612
2022-07-13 00:00:00.000000 ,19331.28,20366.61,18910.94,20234.87,209250.24888,4096306063.801935,4789109,103667.13511
2022-07-14 00:00:00.000000 ,20234.87,20900.0,19616.07,20588.84,174809.21696,3526210098.285044,4576355,87993.05801
2022-07-15 00:00:00.000000 ,20588.84,21200.0,20382.29,20830.04,143343.3049,2984339734.3532705,4411375,71354.9491
2022-07-16 00:00:00.000000 ,20830.04,21588.94,20478.61,21195.6,121011.67393,2539616922.7986083,3723401,61225.46264
2022-07-17 00:00:00.000000 ,21195.6,21684.54,20750.01,20798.16,118229.4525,2511251392.5765257,4261057,59550.95291
2022-07-18 00:00:00.000000 ,20799.58,22777.63,20762.45,22432.58,239942.73132,5263396811.539256,6564387,122398.31862
2022-07-19 00:00:00.000000 ,22432.58,23800.0,21579.54,23396.62,263770.76574,5954419902.221928,6488375,132874.43405
2022-07-20 00:00:00.000000 ,23398.48,24276.74,22906.19,23223.3,238762.17094,5631801151.220376,6364038,119820.55352
2022-07-21 00:00:00.000000 ,23223.3,23442.77,22341.46,23152.19,184817.68191,4232411759.395025,4808194,92958.794
2022-07-22 00:00:00.000000 ,23152.19,23756.49,22500.0,22684.83,171598.43966,3981394766.2280574,4745582,85026.96828
2022-07-23 00:00:00.000000 ,22684.83,23000.77,21934.57,22451.07,122137.77375,2745262660.6777816,3762227,61569.86415
2022-07-24 00:00:00.000000 ,22448.58,23014.64,22257.15,22579.68,115189.67277,2610817967.163939,3671238,58086.99433
2022-07-25 00:00:00.000000 ,22577.13,22666.0,21250.0,21310.9,180344.76643,3954002948.5472574,4807238,88021.9456
2022-07-26 00:00:00.000000 ,21310.9,21347.82,20706.5,21254.67,177817.24326,3738774849.3577113,4545385,87353.4604
2022-07-27 00:00:00.000000 ,21254.67,23112.63,21042.53,22952.45,210971.19796,4614909656.6957855,5475738,106519.12743
2022-07-28 00:00:00.000000 ,22954.31,24199.72,22582.13,23842.93,236029.0741,5511388547.615389,6500034,118170.70945
2022-07-29 00:00:00.000000 ,23845.25,24442.66,23414.03,23773.75,198298.50623,4733780641.305037,6221401,100165.6085
2022-07-30 00:00:00.000000 ,23777.28,24668.0,23502.25,23643.51,151060.13211,3634601094.96542,4801528,75778.59282
2022-07-31 00:00:00.000000 ,23644.64,24194.82,23227.31,23293.32,127743.32483,3028386330.644832,4463721,63737.43859
2022-08-01 00:00:00.000000 ,23296.36,23509.68,22850.0,23268.01,144210.16219,3346371889.652121,4775213,71458.39583
2022-08-02 00:00:00.000000 ,23266.9,23459.89,22654.37,22987.79,158073.28225,3631020649.22638,5066511,78122.08501
2022-08-03 00:00:00.000000 ,22985.93,23647.68,22681.22,22818.37,145948.80995,3385430753.8050184,4887642,72355.55623
2022-08-04 00:00:00.000000 ,22816.91,23223.32,22400.0,22622.98,154854.67016,3537434334.434649,4966138,76123.82073
2022-08-05 00:00:00.000000 ,22622.41,23472.86,22586.95,23312.42,175251.69749,4046435951.354509,5340569,88240.55478
2022-08-06 00:00:00.000000 ,23313.56,23354.36,22909.52,22954.21,83911.80307,1944693656.706568,3360228,41438.9761
2022-08-07 00:00:00.000000 ,22954.21,23402.0,22844.62,23174.39,88890.00877,2051763044.5523689,3646643,44744.90366
2022-08-08 00:00:00.000000 ,23174.39,24245.0,23154.25,23810.0,170958.44152,4078052110.543128,5892045,85942.29725
2022-08-09 00:00:00.000000 ,23810.98,23933.25,22865.0,23149.95,143182.50858,3347110918.907211,5105613,70598.77953
2022-08-10 00:00:00.000000 ,23151.32,24226.0,22664.69,23954.05,208916.54953,4918825599.489632,6818207,105046.91327
2022-08-11 00:00:00.000000 ,23954.05,24918.54,23852.13,23934.39,249759.79557,6097813762.895935,8269994,125001.90721
2022-08-12 00:00:00.000000 ,23933.09,24456.5,23583.0,24403.68,174207.5704,4175834601.8605466,6134163,87283.3227
2022-08-13 00:00:00.000000 ,24401.7,24888.0,24291.22,24441.38,152852.25435,3751417148.252107,5617859,76352.504
2022-08-14 00:00:00.000000 ,24443.06,25047.56,24144.0,24305.24,151206.14473,3708565144.898009,5473905,75296.97372
2022-08-15 00:00:00.000000 ,24305.25,25211.32,23773.22,24094.82,242539.54758,5894066098.523285,7488466,120284.46467
2022-08-16 00:00:00.000000 ,24093.04,24247.49,23671.22,23854.74,179324.94821,4294907691.650949,5978567,89812.55435
2022-08-17 00:00:00.000000 ,23856.15,24446.71,23180.4,23342.66,210668.68766,4993659434.236888,6901586,105158.87989
2022-08-18 00:00:00.000000 ,23342.66,23600.0,23111.04,23191.2,144185.97011,3375338942.261788,6029662,71864.05086
2022-08-19 00:00:00.000000 ,23191.45,23208.67,20783.57,20834.39,283995.87747,6181759252.730264,8860928,139601.81043
2022-08-20 00:00:00.000000 ,20834.39,21382.85,20761.9,21140.07,183041.68363,3871242921.22468,5723362,91862.59461
2022-08-21 00:00:00.000000 ,21140.07,21800.0,21069.11,21515.61,159200.6841,3405034922.8070774,5034461,80239.2419
2022-08-22 00:00:00.000000 ,21516.7,21548.71,20890.18,21399.83,222222.04526,4721412016.903412,6443370,110925.72751
2022-08-23 00:00:00.000000 ,21400.75,21684.87,20890.14,21529.12,200967.77164,4299812533.944709,6333442,101222.30098
2022-08-24 00:00:00.000000 ,21529.11,21900.0,21145.0,21368.08,174383.22046,3744196823.564855,5561412,86499.84759
2022-08-25 00:00:00.000000 ,21368.05,21819.88,21310.15,21559.04,169915.78301,3672148286.6013737,5618785,84555.07067
2022-08-26 00:00:00.000000 ,21559.04,21886.77,20107.9,20241.05,273811.61955,5785149465.09769,7587244,135780.72507
2022-08-27 00:00:00.000000 ,20239.14,20402.93,19800.0,20037.6,162582.46032,3269764074.35644,5263328,80922.99413
2022-08-28 00:00:00.000000 ,20037.6,20171.18,19520.0,19555.61,139307.95976,2781133881.0518456,4678693,69363.5072
2022-08-29 00:00:00.000000 ,19555.61,20433.62,19550.79,20285.73,210509.49545,4211334408.9865937,5840323,105809.86253
2022-08-30 00:00:00.000000 ,20287.2,20576.25,19540.0,19811.66,256634.35529,5157974826.609323,6593178,126919.07924
2022-08-31 00:00:00.000000 ,19813.03,20490.0,19797.94,20050.02,276946.60765,5595829094.391042,6389133,140474.46035
2022-09-01 00:00:00.000000 ,20048.44,20208.37,19565.66,20131.46,245289.97263,4893158531.781241,5937975,121158.48629
2022-09-02 00:00:00.000000 ,20132.64,20441.26,19755.29,19951.86,245986.6033,4946889819.514837,5740705,122616.90745
2022-09-03 00:00:00.000000 ,19950.98,20055.93,19652.72,19831.9,146639.03204,2908816275.0102863,3739909,72556.83777
2022-09-04 00:00:00.000000 ,19832.45,20029.23,19583.1,20000.3,145588.77893,2883227667.1961923,3838915,72789.26129
2022-09-05 00:00:00.000000 ,20000.3,20057.27,19633.83,19796.84,222543.01057,4404971191.907025,4657233,110786.05423
2022-09-06 00:00:00.000000 ,19795.34,20180.0,18649.51,18790.61,356315.05718,6976809188.410191,7124384,175781.84468
2022-09-07 00:00:00.000000 ,18790.61,19464.06,18510.77,19292.84,287394.7788,5436827909.201311,5597127,142700.96438
2022-09-08 00:00:00.000000 ,19292.85,19458.25,19012.0,19319.77,262813.28273,5057217166.675081,6013826,131429.45873
2022-09-09 00:00:00.000000 ,19320.54,21597.22,19291.75,21360.11,428919.74652,8929831332.708796,7777214,217979.24137
2022-09-10 00:00:00.000000 ,21361.62,21810.8,21111.13,21648.34,307997.33504,6589753118.84113,5615783,154171.04126
2022-09-11 00:00:00.000000 ,21647.21,21860.0,21350.0,21826.87,280702.55149,6064643642.716231,4801844,141171.88117
2022-09-12 00:00:00.000000 ,21826.87,22488.0,21538.51,22395.74,395395.61828,8743762682.841719,6979539,199489.5406
2022-09-13 00:00:00.000000 ,22395.44,22799.0,19860.0,20173.57,431915.03333,9302239274.39612,8126869,217144.54247
2022-09-14 00:00:00.000000 ,20173.62,20541.48,19617.62,20226.71,340826.40151,6886235196.646198,6313052,169670.53169
2022-09-15 00:00:00.000000 ,20227.17,20330.24,19497.0,19701.88,333069.76076,6655264974.21376,6690974,165652.7291
2022-09-16 00:00:00.000000 ,19701.88,19890.0,19320.01,19803.3,283791.07064,5584012914.113887,5120935,141085.20536
2022-09-17 00:00:00.000000 ,19803.3,20189.0,19748.08,20113.62,179350.24338,3578667842.695283,3862666,89621.58733
2022-09-18 00:00:00.000000 ,20112.61,20117.26,19335.62,19416.18,254217.46904,5033968947.530573,4634096,124480.59651
2022-09-19 00:00:00.000000 ,19417.45,19686.2,18232.56,19537.02,380512.40306,7215196795.656052,6820580,189241.29071
2022-09-20 00:00:00.000000 ,19537.02,19634.62,18711.87,18875.0,324098.3286,6206043205.412278,5900070,160716.33038
2022-09-21 00:00:00.000000 ,18874.31,19956.0,18125.98,18461.36,385034.10021,7338667639.751955,6907777,190299.47143
2022-09-22 00:00:00.000000 ,18461.36,19550.17,18356.39,19401.63,379321.72111,7203741481.483637,6251862,190987.32145
2022-09-23 00:00:00.000000 ,19401.63,19500.0,18531.42,19289.91,385886.91829,7330336009.190998,5906265,194842.08772
2022-09-24 00:00:00.000000 ,19288.57,19316.14,18805.34,18920.5,239496.56746,4568927983.6507845,3907636,120501.3057
2022-09-25 00:00:00.000000 ,18921.99,19180.21,18629.2,18807.38,191191.4492,3625136713.924704,3714450,94989.39646
2022-09-26 00:00:00.000000 ,18809.13,19318.96,18680.72,19227.82,439239.21943,8356951609.998723,5837041,220623.29914
2022-09-27 00:00:00.000000 ,19226.68,20385.86,18816.32,19079.13,593260.74161,11705770260.67216,8152473,296727.71059
2022-09-28 00:00:00.000000 ,19078.1,19790.0,18471.28,19412.82,521385.45547,9964460007.304356,7357437,260944.38118
2022-09-29 00:00:00.000000 ,19412.82,19645.52,18843.01,19591.51,406424.93256,7868786414.856212,5631615,203187.57552
2022-09-30 00:00:00.000000 ,19590.54,20185.0,19155.36,19422.61,444322.9534,8694127253.576593,6254203,220029.84583
2022-10-01 00:00:00.000000 ,19422.61,19484.0,19159.42,19310.95,165625.13959,3200350294.52687,2470590,82734.18388
2022-10-02 00:00:00.000000 ,19312.24,19395.91,18920.35,19056.8,206812.47032,3970724799.9558167,3320217,102972.16014
2022-10-03 00:00:00.000000 ,19057.74,19719.1,18959.68,19629.08,293585.75212,5672105805.772144,4471910,147383.93612
2022-10-04 00:00:00.000000 ,19629.08,20475.0,19490.6,20337.82,327012.00127,6533428229.851052,4871932,165646.2649
2022-10-05 00:00:00.000000 ,20337.82,20365.6,19730.0,20158.26,312239.75224,6275437160.958072,4540004,155249.45329
2022-10-06 00:00:00.000000 ,20158.26,20456.6,19853.0,19960.67,320122.1702,6452892402.324269,5085004,161557.89851
2022-10-07 00:00:00.000000 ,19960.67,20068.82,19320.0,19530.09,220874.83913,4353681483.987034,4324772,109800.49576
2022-10-08 00:00:00.000000 ,19530.09,19627.38,19237.14,19417.96,102480.09842,1995917001.7395988,2637385,50775.11492
2022-10-09 00:00:00.000000 ,19416.52,19558.0,19316.04,19439.02,113900.82681,2215007204.237991,2833704,57166.25996
2022-10-10 00:00:00.000000 ,19439.96,19525.0,19020.25,19131.87,212509.09849,4101745483.129524,4432688,104849.40967
2022-10-11 00:00:00.000000 ,19131.87,19268.09,18860.0,19060.0,243473.84286,4642843395.600282,4792106,121218.68324
2022-10-12 00:00:00.000000 ,19060.0,19238.31,18965.88,19155.53,213826.26731,4086903621.9265537,4556597,106608.7184
2022-10-13 00:00:00.000000 ,19155.1,19513.79,18190.0,19375.13,399756.68337,7554309475.307985,7470896,199869.15895
2022-10-14 00:00:00.000000 ,19375.58,19951.87,19070.37,19176.93,351634.32601,6877621835.225796,6688310,175798.36758
2022-10-15 00:00:00.000000 ,19176.93,19227.68,18975.18,19069.39,113847.64232,2178316065.622199,3052219,56109.00376
2022-10-16 00:00:00.000000 ,19068.4,19425.84,19063.74,19262.98,131894.61885,2531545363.3077006,3438605,66536.80449
2022-10-17 00:00:00.000000 ,19262.98,19676.96,19152.03,19549.86,222813.87634,4331666395.604673,5162979,111854.00525
2022-10-18 00:00:00.000000 ,19548.48,19706.66,19091.0,19327.44,260313.07848,5065944973.464348,5588482,129478.25628
2022-10-19 00:00:00.000000 ,19327.44,19360.16,19065.97,19123.97,186137.29538,3575041318.449784,4545820,92346.11007
2022-10-20 00:00:00.000000 ,19123.35,19347.82,18900.0,19041.92,223530.13068,4276025723.9947824,5391090,110662.16001
2022-10-21 00:00:00.000000 ,19041.92,19250.0,18650.0,19164.37,269310.75769,5126619487.86902,5679281,133589.01923
2022-10-22 00:00:00.000000 ,19164.37,19257.0,19112.72,19204.35,110403.90837,2117395641.1269207,2887106,54134.08243
2022-10-23 00:00:00.000000 ,19204.29,19695.0,19070.11,19570.4,167057.20184,3233393909.200977,3939703,84465.80483
2022-10-24 00:00:00.000000 ,19570.4,19601.15,19157.0,19329.72,256168.14467,4957159176.816838,5676899,126808.683
2022-10-25 00:00:00.000000 ,19330.6,20415.87,19237.0,20080.07,326370.67061,6454151276.520069,7214687,163350.80531
2022-10-26 00:00:00.000000 ,20079.02,21020.0,20050.41,20771.59,380492.69576,7833551674.485679,8512349,190912.96434
2022-10-27 00:00:00.000000 ,20771.61,20872.21,20200.0,20295.11,328643.57791,6771209922.011917,7748080,163139.47991
2022-10-28 00:00:00.000000 ,20295.11,20750.0,20000.09,20591.84,287039.94569,5849603405.682575,6638096,143078.25276
2022-10-29 00:00:00.000000 ,20591.84,21085.0,20554.01,20809.67,254881.77755,5303038321.457483,6255599,127941.56356
2022-10-30 00:00:00.000000 ,20809.68,20931.21,20515.0,20627.48,192795.60886,3994389493.325891,4920007,96047.94574
2022-10-31 00:00:00.000000 ,20627.48,20845.92,20237.95,20490.74,303567.61628,6226304300.443864,6571526,151222.29645
2022-11-01 00:00:00.000000 ,20490.74,20700.0,20330.74,20483.62,279932.43771,5740102554.920829,5971938,139277.94706
2022-11-02 00:00:00.000000 ,20482.81,20800.0,20048.04,20151.84,373716.27299,7633404092.430691,7431698,185785.97212
2022-11-03 00:00:00.000000 ,20151.84,20393.32,20031.24,20207.82,319185.1544,6461673165.239642,6948227,159939.6187
2022-11-04 00:00:00.000000 ,20207.12,21302.05,20180.96,21148.52,453694.39165,9409862204.986904,9249613,227403.70755
2022-11-05 00:00:00.000000 ,21148.52,21480.65,21080.65,21299.37,245621.98525,5240395528.908201,5570832,123030.36163
2022-11-06 00:00:00.000000 ,21299.37,21365.27,20886.13,20905.58,230036.97217,4877535058.412704,5268210,114034.06693
2022-11-07 00:00:00.000000 ,20905.58,21069.77,20384.89,20591.13,386977.60337,8035052131.593452,8344242,191603.32017
2022-11-08 00:00:00.000000 ,20590.67,20700.88,17166.83,18547.23,760705.362783,14758384309.854223,14530601,374775.574085
2022-11-09 00:00:00.000000 ,18545.38,18587.76,15588.0,15922.81,731926.929729,12737719697.394009,13605474,358702.788996
2022-11-10 00:00:00.000000 ,15922.68,18199.0,15754.26,17601.15,608448.36432,10323294543.880354,12719887,302898.84757
2022-11-11 00:00:00.000000 ,17602.45,17695.0,16361.6,17070.31,393552.86492,6725273822.837806,9900073,197414.69616
2022-11-12 00:00:00.000000 ,17069.98,17119.1,16631.39,16812.08,167819.96035,2827930561.00638,5046837,83267.92293
2022-11-13 00:00:00.000000 ,16813.16,16954.28,16229.0,16329.85,184960.78846,3074280132.0535235,5382834,91914.44893
2022-11-14 00:00:00.000000 ,16331.78,17190.0,15815.21,16619.46,380210.7775,6273920325.336827,9215128,189502.41248
2022-11-15 00:00:00.000000 ,16617.72,17134.69,16527.72,16900.57,282461.84391,4758545355.786832,7200265,141015.70658
2022-11-16 00:00:00.000000 ,16900.57,17015.92,16378.61,16662.76,261493.40809,4362538338.565324,6297404,129644.72244
2022-11-17 00:00:00.000000 ,16661.61,16751.0,16410.74,16692.56,228038.97873,3785204632.0142207,5352083,113347.39771
2022-11-18 00:00:00.000000 ,16692.56,17011.0,16546.04,16700.45,214224.18184,3588467560.373121,5114799,106366.35569
2022-11-19 00:00:00.000000 ,16699.43,16822.41,16553.53,16700.68,104963.15558,1747627888.1295474,3142123,52397.34048
2022-11-20 00:00:00.000000 ,16700.68,16753.33,16180.0,16280.23,154842.13478,2561165772.4957075,4557344,75959.10991
2022-11-21 00:00:00.000000 ,16279.5,16319.0,15476.0,15781.29,324096.997753,5188798317.004153,7440871,159995.4646
2022-11-22 00:00:00.000000 ,15781.29,16315.0,15616.63,16226.94,239548.06623,3823612603.8030014,6276097,119384.47075
2022-11-23 00:00:00.000000 ,16227.96,16706.0,16160.2,16603.11,264927.70408,4368042618.50026,6260616,132804.37627
2022-11-24 00:00:00.000000 ,16603.11,16812.63,16458.05,16598.95,206565.92346,3431724405.654768,5031851,103203.3193
2022-11-25 00:00:00.000000 ,16599.55,16666.0,16342.81,16522.14,182089.49533,3003553172.229472,4396465,90187.55597
2022-11-26 00:00:00.000000 ,16521.35,16701.99,16385.0,16458.57,181804.81666,3011990387.647429,3817130,89646.23245
2022-11-27 00:00:00.000000 ,16457.61,16600.0,16401.0,16428.78,162025.47607,2679048565.5213013,3362221,80097.04098
2022-11-28 00:00:00.000000 ,16428.77,16487.04,15995.27,16212.91,252695.40367,4096398587.3573136,5570407,125766.80639
2022-11-29 00:00:00.000000 ,16212.18,16548.71,16100.0,16442.53,248106.25009,4072651066.9994063,5206638,123715.14039
2022-11-30 00:00:00.000000 ,16442.91,17249.0,16428.3,17163.64,303019.80719,5123595199.505285,6519330,151764.57285
2022-12-01 00:00:00.000000 ,17165.53,17324.0,16855.01,16977.37,232818.18218,3972607179.868572,5097720,116018.88867
2022-12-02 00:00:00.000000 ,16978.0,17105.73,16787.85,17092.74,202372.2062,3432385161.660257,4305515,99556.14105
2022-12-03 00:00:00.000000 ,17092.13,17188.98,16858.74,16885.2,154542.57306,2622504252.8664527,3308694,76214.56604
2022-12-04 00:00:00.000000 ,16885.2,17202.84,16878.25,17105.7,178619.13387,3040020095.051177,3948990,89359.35165
2022-12-05 00:00:00.000000 ,17106.65,17424.25,16867.0,16966.35,233703.29225,4015334796.6037207,5138207,115508.19916
2022-12-06 00:00:00.000000 ,16966.35,17107.01,16906.37,17088.96,218730.76883,3717926010.340586,4416864,108449.54144
2022-12-07 00:00:00.000000 ,17088.96,17142.21,16678.83,16836.64,220657.41334,3723206794.305466,4284989,107803.05198
2022-12-08 00:00:00.000000 ,16836.64,17299.0,16733.49,17224.1,236417.97804,4009427525.030412,4520282,117238.75694
2022-12-09 00:00:00.000000 ,17224.1,17360.0,17058.21,17128.56,238422.06465,4097973425.6973534,4282003,118031.91364
2022-12-10 00:00:00.000000 ,17128.56,17227.72,17092.0,17127.49,140573.97937,2411933258.8486,3032257,70355.34064
2022-12-11 00:00:00.000000 ,17127.49,17270.99,17071.0,17085.05,155286.47871,2663686104.082561,3260722,77740.37478
2022-12-12 00:00:00.000000 ,17085.05,17241.89,16871.85,17209.83,226227.49694,3844787581.481925,4463916,112286.94413
2022-12-13 00:00:00.000000 ,17208.93,18000.0,17080.14,17774.7,284462.9139,4983896040.378995,6242080,143922.84935
2022-12-14 00:00:00.000000 ,17775.82,18387.95,17660.94,17803.15,266681.22209,4779915721.484458,5743730,133308.11239
2022-12-15 00:00:00.000000 ,17804.01,17854.82,17275.51,17356.34,223701.96882,3923378677.833748,4789226,110193.63642
2022-12-16 00:00:00.000000 ,17356.96,17531.73,16527.32,16632.12,253379.04116,4308933187.65654,5703001,123374.83424
2022-12-17 00:00:00.000000 ,16631.5,16796.82,16579.85,16776.52,144825.66684,2417851422.2131248,3905843,72289.66495
2022-12-18 00:00:00.000000 ,16777.54,16863.26,16663.07,16738.21,112619.31646,1884666030.099238,3369193,55539.12922
2022-12-19 00:00:00.000000 ,16739.0,16815.99,16256.3,16438.88,179094.28305,2981094033.013813,4681887,87610.2351
2022-12-20 00:00:00.000000 ,16438.88,17061.27,16397.2,16895.56,248808.92324,4176995653.545711,5945803,124217.3859
2022-12-21 00:00:00.000000 ,16896.15,16925.0,16723.0,16824.67,156810.96362,2638528723.736041,4375570,77675.35979
2022-12-22 00:00:00.000000 ,16824.68,16868.52,16559.85,16821.43,176044.27235,2949612072.0493026,4678640,87573.90221
2022-12-23 00:00:00.000000 ,16821.9,16955.14,16731.13,16778.5,161612.00947,2720021933.978926,4561020,81034.18553
2022-12-24 00:00:00.000000 ,16778.52,16869.99,16776.62,16836.12,100224.29096,1686757294.9926343,3076985,49578.22304
2022-12-25 00:00:00.000000 ,16835.73,16857.96,16721.0,16832.11,125441.07202,2108857873.1916704,3570157,62073.54114
2022-12-26 00:00:00.000000 ,16832.11,16944.52,16791.0,16919.39,124564.00656,2099037538.631794,3915571,61741.18011
2022-12-27 00:00:00.000000 ,16919.39,16972.83,16592.37,16706.36,173749.58616,2918379509.5314097,5047628,86096.58586
2022-12-28 00:00:00.000000 ,16706.06,16785.19,16465.33,16547.31,193037.56577,3210894236.8123903,5465468,96118.18717
2022-12-29 00:00:00.000000 ,16547.32,16664.41,16488.91,16633.47,160998.47158,2671665748.0816226,4553877,80977.62443
2022-12-30 00:00:00.000000 ,16633.47,16677.35,16333.0,16607.48,164916.31174,2726831056.725026,4310415,82170.4749
2022-12-31 00:00:00.000000 ,16607.48,16644.09,16470.0,16542.4,114490.42864,1897047504.918897,3344374,57021.06919
2023-01-01 00:00:00.000000 ,16541.77,16628.0,16499.01,16616.75,96925.41374,1604793789.6772127,3218355,48548.78168
2023-01-02 00:00:00.000000 ,16617.17,16799.23,16548.7,16672.87,121888.57191,2034683215.2678783,4036118,60925.25948
2023-01-03 00:00:00.000000 ,16672.78,16778.4,16605.28,16675.18,159541.53733,2662765916.3256683,5097596,79595.76246
2023-01-04 00:00:00.000000 ,16675.65,16991.87,16652.66,16850.36,220362.18862,3709833209.8453646,6310703,109747.11502
2023-01-05 00:00:00.000000 ,16850.36,16879.82,16753.0,16831.85,163473.56641,2751080253.8177333,4842014,80959.57162
2023-01-06 00:00:00.000000 ,16831.85,17041.0,16679.0,16950.65,207401.28415,3490305009.6881223,5388661,103320.22965
2023-01-07 00:00:00.000000 ,16950.31,16981.91,16908.0,16943.57,104526.5688,1770201710.2089734,3227161,51624.83107
2023-01-08 00:00:00.000000 ,16943.83,17176.99,16911.0,17127.83,135155.89695,2291925699.958545,4036092,67200.6025
2023-01-09 00:00:00.000000 ,17127.83,17398.8,17104.66,17178.26,266211.52723,4590284350.546168,6327667,131748.52517
2023-01-10 00:00:00.000000 ,17179.04,17499.0,17146.34,17440.66,221382.42581,3829247653.731105,5448751,109377.45606
2023-01-11 00:00:00.000000 ,17440.64,18000.0,17315.6,17943.26,262221.60653,4586965947.26355,5627464,129944.5693
2023-01-12 00:00:00.000000 ,17943.26,19117.04,17892.05,18846.62,454568.32178,8348431207.846009,8911373,227295.33172
2023-01-13 00:00:00.000000 ,18846.62,20000.0,18714.12,19930.01,368615.87823,7061633461.444735,8021774,183448.89377
2023-01-14 00:00:00.000000 ,19930.01,21258.0,19888.05,20954.92,393913.74951,8183071567.046188,8659545,197817.55209
2023-01-15 00:00:00.000000 ,20952.76,21050.74,20551.01,20871.5,178542.22549,3710526606.1389647,5194354,88310.83908
2023-01-16 00:00:00.000000 ,20872.99,21474.05,20611.48,21185.65,293078.08262,6168654053.042638,6856434,145352.66942
2023-01-17 00:00:00.000000 ,21185.65,21647.45,20841.31,21134.81,275407.74409,5840585769.490093,6440138,137121.64311
2023-01-18 00:00:00.000000 ,21132.29,21650.0,20407.15,20677.47,350916.01949,7399719195.246726,7617173,173174.4169
2023-01-19 00:00:00.000000 ,20677.47,21192.0,20659.19,21071.59,251385.84925,5243024330.011201,5819932,124924.23436
2023-01-20 00:00:00.000000 ,21071.59,22755.93,20861.28,22667.21,338079.13659,7256172889.710531,7382435,170200.04869
2023-01-21 00:00:00.000000 ,22666.0,23371.8,22422.0,22783.55,346445.48432,7938935168.532013,7796520,172663.17131
2023-01-22 00:00:00.000000 ,22783.35,23078.71,22292.37,22707.88,253577.75286,5775552321.54412,6603827,125842.91663
2023-01-23 00:00:00.000000 ,22706.02,23180.0,22500.0,22916.45,293588.37938,6704191295.97568,7258655,145854.70936
2023-01-24 00:00:00.000000 ,22917.81,23162.2,22462.93,22632.89,293158.78254,6721432962.573842,7395584,144239.84356
2023-01-25 00:00:00.000000 ,22631.94,23816.73,22300.0,23060.94,346042.83223,7875590359.115837,8060446,172647.90115
2023-01-26 00:00:00.000000 ,23060.42,23282.47,22850.01,23009.65,288924.43581,6664592468.337928,7181086,143185.08341
2023-01-27 00:00:00.000000 ,23009.65,23500.0,22534.88,23074.16,280833.86315,6461707755.053915,7079096,139699.27638
2023-01-28 00:00:00.000000 ,23074.16,23189.0,22878.46,23022.6,148115.71085,3408985411.316586,4181816,73861.83566
2023-01-29 00:00:00.000000 ,23021.4,23960.54,22967.76,23742.3,295688.79204,6941922954.136406,7030837,149507.5061
2023-01-30 00:00:00.000000 ,23743.37,23800.51,22500.0,22826.15,302405.90121,7020727239.059652,7790224,149096.53066
2023-01-31 00:00:00.000000 ,22827.38,23320.0,22714.77,23125.13,264649.34909,6083858924.538485,6798411,133028.12717
2023-02-01 00:00:00.000000 ,23125.13,23812.66,22760.23,23732.66,310790.42271,7212542002.325099,7863213,156107.58478
2023-02-02 00:00:00.000000 ,23731.41,24255.0,23363.27,23488.94,364177.20751,8673696845.80511,9102300,181814.20318
2023-02-03 00:00:00.000000 ,23489.33,23715.7,23204.62,23431.9,332571.02904,7806490899.914181,8007846,166143.33246
2023-02-04 00:00:00.000000 ,23431.9,23587.78,23253.96,23326.84,166126.47295,3886777607.7960505,4852404,81863.93145
2023-02-05 00:00:00.000000 ,23327.66,23433.33,22743.0,22932.91,209251.33917,4842463016.833934,5903916,103885.22312
2023-02-06 00:00:00.000000 ,22932.91,23158.25,22628.13,22762.52,265371.6069,6076050768.117039,6956395,132350.52989
2023-02-07 00:00:00.000000 ,22762.52,23350.25,22745.78,23240.46,308006.72482,7085929136.45685,8293878,154613.24744
2023-02-08 00:00:00.000000 ,23242.42,23452.0,22665.85,22963.0,280056.30717,6457585647.820655,7896433,138627.72636
2023-02-09 00:00:00.000000 ,22961.85,23011.39,21688.0,21796.35,402894.6955,9052973327.19716,9784291,199309.68374
2023-02-10 00:00:00.000000 ,21797.83,21938.16,21451.0,21625.19,338591.94247,7369456394.906654,6993675,167419.66937
2023-02-11 00:00:00.000000 ,21625.19,21906.32,21599.78,21862.55,177021.58433,3842000897.79758,4207940,87937.9597
2023-02-12 00:00:00.000000 ,21862.02,22090.0,21630.0,21783.54,204435.65163,4469822441.4372015,4561903,101194.34699
2023-02-13 00:00:00.000000 ,21782.37,21894.99,21351.07,21773.97,295730.76791,6404813758.2696295,6503611,147221.38569
2023-02-14 00:00:00.000000 ,21774.63,22319.08,21532.77,22199.84,361958.40109,7938385476.792083,7695927,182006.71562
2023-02-15 00:00:00.000000 ,22199.84,24380.0,22047.28,24324.05,375669.16111,8604133693.663172,8335550,190798.1552
2023-02-16 00:00:00.000000 ,24322.87,25250.0,23505.25,23517.72,450080.68366,11074988148.779009,11006793,224396.77566
2023-02-17 00:00:00.000000 ,23517.72,25021.11,23339.37,24569.97,496813.21376,11968532252.057327,10895009,249087.94774
2023-02-18 00:00:00.000000 ,24568.24,24877.0,24430.0,24631.95,216917.25213,5339920389.516133,6296097,107467.08761
2023-02-19 00:00:00.000000 ,24632.05,25192.0,24192.57,24271.76,300395.99542,7408745406.624342,7660484,149680.28058
2023-02-20 00:00:00.000000 ,24272.51,25121.23,23840.83,24842.2,346938.56997,8561226688.07291,9808728,174453.04334
2023-02-21 00:00:00.000000 ,24843.89,25250.0,24148.34,24452.16,376000.82868,9280992344.428871,10712371,187029.49757
2023-02-22 00:00:00.000000 ,24450.67,24476.05,23574.69,24182.21,379425.75365,9101745945.990707,11395957,188203.74268
2023-02-23 00:00:00.000000 ,24182.21,24599.59,23608.0,23940.2,398400.45437,9596083721.512953,11396877,198080.68369
2023-02-24 00:00:00.000000 ,23940.2,24132.35,22841.19,23185.29,343582.57453,8087524100.39044,11531424,170263.13353
2023-02-25 00:00:00.000000 ,23184.04,23219.13,22722.0,23157.07,191311.8101,4406286300.272117,9124568,94440.13964
2023-02-26 00:00:00.000000 ,23157.07,23689.99,23059.18,23554.85,202323.73623,4716158181.22559,9506015,101003.39278
2023-02-27 00:00:00.000000 ,23554.85,23897.99,23106.77,23492.09,283706.0859,6659785788.329373,11754195,141360.04845
2023-02-28 00:00:00.000000 ,23492.09,23600.0,23020.97,23141.57,264140.99894,6172930936.037335,9568743,131200.82704
2023-03-01 00:00:00.000000 ,23141.57,24000.0,23020.03,23628.97,315287.41737,7441571085.495408,9390487,157961.92667
2023-03-02 00:00:00.000000 ,23629.76,23796.93,23195.9,23465.32,239315.45219,5603770010.239548,7435815,119522.00584
2023-03-03 00:00:00.000000 ,23465.32,23476.95,21971.13,22354.34,319954.19785,7167184765.7436495,8214639,156827.31366
2023-03-04 00:00:00.000000 ,22354.34,22410.0,22157.08,22346.57,121257.38132,2706422995.680256,4169260,60043.33153
2023-03-05 00:00:00.000000 ,22346.57,22662.09,22189.22,22430.24,154841.75786,3473011455.187952,4835978,77394.35765
2023-03-06 00:00:00.000000 ,22430.24,22602.19,22258.0,22410.0,203751.82957,4569102169.18569,6471278,102110.26304
2023-03-07 00:00:00.000000 ,22409.41,22557.91,21927.0,22197.96,292519.80912,6517594938.246053,7813394,145498.64219
2023-03-08 00:00:00.000000 ,22198.56,22287.0,21580.0,21705.44,301460.57272,6641171704.242421,8018963,150008.02488
2023-03-09 00:00:00.000000 ,21704.37,21834.99,20042.72,20362.22,443658.28584,9403028764.707771,10076702,217900.59621
2023-03-10 00:00:00.000000 ,20362.21,20367.78,19549.09,20150.69,618456.4671,12344992788.912497,12106261,308155.80993
2023-03-11 00:00:00.000000 ,20150.69,20686.51,19765.03,20455.73,427831.82133,8651590672.468525,10412300,213151.47855
2023-03-12 00:00:00.000000 ,20455.73,22150.0,20270.6,21997.11,430944.94288,8982418413.80114,9721933,218639.0688
2023-03-13 00:00:00.000000 ,21998.05,24500.0,21813.88,24113.48,687889.31259,15824996078.60564,14820760,346688.17025
2023-03-14 00:00:00.000000 ,24112.27,26386.87,23976.42,24670.41,699360.93423,17465307097.88407,15223589,351739.11994
2023-03-15 00:00:00.000000 ,24670.41,25196.97,23896.95,24285.66,581450.72984,14291005743.897852,12613034,291192.86696
2023-03-16 00:00:00.000000 ,24285.66,25167.4,24123.0,24998.78,439421.32998,10847330151.941004,10418081,220403.30289
2023-03-17 00:00:00.000000 ,24998.78,27756.84,24890.0,27395.13,624460.68091,16476681071.24338,13113359,318022.61356
2023-03-18 00:00:00.000000 ,27395.13,27724.85,26578.0,26907.49,371238.97174,10135945069.642628,9948603,185687.70768
2023-03-19 00:00:00.000000 ,26907.49,28390.1,26827.22,27972.87,372066.99054,10264707987.594164,9578297,188150.56147
2023-03-20 00:00:00.000000 ,27972.87,28472.0,27124.47,27717.01,477378.23373,13300424536.51492,11775950,239765.29148
2023-03-21 00:00:00.000000 ,27717.01,28438.55,27303.1,28105.47,420929.7422,11760492716.33759,11530870,210472.34027
2023-03-22 00:00:00.000000 ,28107.81,28868.05,26601.8,27250.97,224113.41296,6272099822.449624,3589327,110355.97386
2023-03-23 00:00:00.000000 ,27250.97,28750.0,27105.0,28295.41,128649.60818,3591123573.1149583,2159091,65172.02479
2023-03-24 00:00:00.000000 ,28295.42,28374.3,27000.0,27454.47,86242.06544,2403443392.0273013,1511137,41449.56122
2023-03-25 00:00:00.000000 ,27454.46,27787.33,27156.09,27462.95,50844.08102,1397227639.2141378,1088721,25326.94876
2023-03-26 00:00:00.000000 ,27462.96,28194.4,27417.76,27968.05,49671.70353,1380973402.9961205,1068196,25248.15818
2023-03-27 00:00:00.000000 ,27968.05,28023.86,26508.14,27124.91,88039.46898,2407130888.034605,1575264,43151.91539
2023-03-28 00:00:00.000000 ,27124.9,27520.0,26631.78,27261.07,78602.44341,2124533606.765556,1521981,38972.61486
2023-03-29 00:00:00.000000 ,27261.06,28650.0,27240.1,28348.6,89486.16008,2519887866.2111588,1704217,45742.08025
2023-03-30 00:00:00.000000 ,28348.6,29184.68,27686.0,28028.53,98865.43256,2808471938.6424427,1843652,49100.20979
2023-03-31 00:00:00.000000 ,28028.53,28656.69,27511.71,28465.36,78198.12139,2203253311.777351,1537349,39636.47111
2023-04-01 00:00:00.000000 ,28465.36,28819.71,28220.27,28452.73,30238.44753,860804237.452269,822781,15171.37738
2023-04-02 00:00:00.000000 ,28452.74,28530.0,27856.43,28171.87,37365.65692,1053600933.0676804,938464,17897.01839
2023-04-03 00:00:00.000000 ,28171.87,28500.99,27200.24,27800.0,79180.01405,2214361048.7823668,1651062,40534.82008
2023-04-04 00:00:00.000000 ,27800.0,28444.44,27662.79,28165.47,49722.55691,1397141464.875036,1102007,25083.95234
2023-04-05 00:00:00.000000 ,28165.47,28775.0,27805.1,28170.01,60737.64732,1721098539.0660567,1262730,30556.88672
2023-04-06 00:00:00.000000 ,28170.01,28182.05,27711.0,28033.82,40118.94963,1122713087.5561826,934548,19308.64369
2023-04-07 00:00:00.000000 ,28033.83,28100.0,27766.94,27906.33,24762.09387,691323748.9286413,655634,11983.13367
2023-04-08 00:00:00.000000 ,27906.34,28154.99,27859.02,27938.38,19479.96735,545324518.6860753,624159,9729.24214
2023-04-09 00:00:00.000000 ,27938.38,28530.0,27800.0,28323.76,32531.16101,913915923.6951956,777589,16885.70757
2023-04-10 00:00:00.000000 ,28323.76,29770.0,28170.0,29637.34,67754.0622,1955300943.1708305,1285695,36147.62326
2023-04-11 00:00:00.000000 ,29637.35,30550.0,29590.0,30200.42,67990.07621,2046078278.0821176,1340458,34766.92718
2023-04-12 00:00:00.000000 ,30200.43,30486.0,29637.4,29888.07,62049.48451,1863497606.1415305,1246556,31136.38576
2023-04-13 00:00:00.000000 ,29888.07,30595.0,29854.59,30373.84,51934.11731,1571091101.1299672,1054144,26767.65298
2023-04-14 00:00:00.000000 ,30373.84,31000.0,29966.0,30466.93,75984.19452,2323267494.38023,1504180,38406.59006
2023-04-15 00:00:00.000000 ,30466.93,30595.6,30202.0,30295.09,25429.81247,772211097.614016,732418,12424.34509
2023-04-16 00:00:00.000000 ,30295.1,30549.99,30120.0,30304.65,26431.99322,801322926.1525651,708233,13163.73591
2023-04-17 00:00:00.000000 ,30304.66,30316.06,29240.65,29430.27,56441.81127,1675287761.4330356,1137294,26880.17771
2023-04-18 00:00:00.000000 ,29430.27,30485.0,29096.78,30380.01,62004.89434,1861001491.9786973,1141562,32417.57068
2023-04-19 00:00:00.000000 ,30380.01,30413.53,28520.0,28797.1,86575.48656,2541283888.3034472,1699891,41467.78872
2023-04-20 00:00:00.000000 ,28797.1,29088.3,28010.0,28243.65,76879.09372,2198854031.424746,1434642,36919.58585
2023-04-21 00:00:00.000000 ,28243.65,28374.02,27125.0,27262.84,77684.7679,2164667611.9354606,1463628,38419.13612
2023-04-22 00:00:00.000000 ,27262.84,27882.72,27140.35,27816.85,36023.69686,989379475.3218232,859500,18612.89655
2023-04-23 00:00:00.000000 ,27816.85,27816.85,27311.25,27590.6,34812.09581,959389698.7572552,873485,17610.47671
2023-04-24 00:00:00.000000 ,27590.59,28000.0,26942.82,27510.93,53111.56874,1458406515.6404212,1211080,25641.28044
2023-04-25 00:00:00.000000 ,27510.93,28399.99,27192.0,28300.79,52325.14637,1446329375.242731,1087067,26833.47192
2023-04-26 00:00:00.000000 ,28300.8,30036.0,27235.0,28415.29,129228.40403,3719701461.909163,2261942,64540.55521
2023-04-27 00:00:00.000000 ,28415.29,29890.0,28378.86,29472.77,95430.82431,2784859692.36462,1990148,48601.97474
2023-04-28 00:00:00.000000 ,29472.77,29599.54,28891.0,29311.7,54298.16578,1590683771.668198,1129240,26659.2164
2023-04-29 00:00:00.000000 ,29311.69,29448.88,29031.0,29230.45,20466.83058,599466910.0466621,619319,10024.59978
2023-04-30 00:00:00.000000 ,29230.45,29969.39,29079.59,29233.21,39752.5372,1172155267.8761897,949458,19894.27252
2023-05-01 00:00:00.000000 ,29233.2,29337.34,27666.95,28068.26,64433.65958,1828221138.95444,1362793,30761.9269
2023-05-02 00:00:00.000000 ,28068.26,28879.88,27872.0,28669.86,50824.5224,1441733922.0116444,1174697,24789.36748
2023-05-03 00:00:00.000000 ,28669.85,29266.66,28113.69,29026.16,64615.79213,1845961218.843244,1502909,32291.20998
2023-05-04 00:00:00.000000 ,29026.16,29379.83,28663.64,28838.16,42575.47501,1233816136.1606576,961542,20470.2124
2023-05-05 00:00:00.000000 ,28838.16,29677.0,28800.0,29505.61,58415.83048,1709786814.901134,1288027,29071.98606
2023-05-06 00:00:00.000000 ,29505.6,29820.0,28300.0,28848.2,49249.28459,1429517892.780502,1221021,23315.95073
2023-05-07 00:00:00.000000 ,28848.19,29138.29,28395.23,28430.1,30003.41028,865838535.326382,855425,14904.01102
2023-05-08 00:00:00.000000 ,28430.09,28631.01,27262.0,27668.79,68244.36179,1903052694.6684127,1600637,32347.56935
2023-05-09 00:00:00.000000 ,27668.8,27818.0,27353.0,27628.27,40113.31069,1106923908.3058467,1003698,20094.09737
2023-05-10 00:00:00.000000 ,27628.28,28331.42,26777.0,27598.75,71155.11355,1971173412.435502,1534579,34398.83676
2023-05-11 00:00:00.000000 ,27598.74,27630.14,26702.05,26968.62,47635.31365,1295799109.011004,1257000,23270.11723
2023-05-12 00:00:00.000000 ,26968.61,27091.12,25811.46,26795.01,67207.93494,1777052127.731093,1351633,33147.27251
2023-05-13 00:00:00.000000 ,26795.01,27045.45,26692.03,26775.28,22814.90421,612062852.0866882,605049,10959.29947
2023-05-14 00:00:00.000000 ,26775.27,27200.0,26560.53,26917.62,21594.8036,580801698.0002693,629537,10672.14983
2023-05-15 00:00:00.000000 ,26917.61,27663.59,26726.0,27162.14,40430.08333,1104633264.131574,935914,19301.24631
2023-05-16 00:00:00.000000 ,27162.15,27296.89,26852.11,27033.84,33270.45451,900273404.6010331,815642,15970.99932
2023-05-17 00:00:00.000000 ,27033.85,27500.0,26544.71,27405.61,42958.97785,1159714527.6352637,1016823,21634.02212
2023-05-18 00:00:00.000000 ,27405.62,27485.33,26361.2,26821.28,49198.65143,1330745572.6946373,1057318,23659.89374
2023-05-19 00:00:00.000000 ,26821.28,27183.6,26630.0,26880.26,28754.13544,772864757.1633048,756295,13622.24812
2023-05-20 00:00:00.000000 ,26880.26,27150.0,26825.11,27102.43,14434.54718,389225653.7451669,481382,6769.94368
2023-05-21 00:00:00.000000 ,27102.42,27277.55,26666.03,26747.78,21347.87279,575213570.2794422,568937,9855.43959
2023-05-22 00:00:00.000000 ,26747.78,27099.89,26538.21,26849.27,26458.83828,709594996.7242744,717111,12639.67925
2023-05-23 00:00:00.000000 ,26849.28,27495.83,26798.11,27219.61,38700.83858,1054565781.6023751,816399,18966.20117
2023-05-24 00:00:00.000000 ,27219.61,27219.61,26080.5,26329.01,54393.0657,1442636235.4543552,1012767,26698.91191
2023-05-25 00:00:00.000000 ,26329.0,26631.98,25871.89,26473.79,37435.44895,984117789.7017612,753125,17773.08882
2023-05-26 00:00:00.000000 ,26473.8,26932.16,26327.24,26705.92,35061.18713,932817724.59401,655755,16507.37461
2023-05-27 00:00:00.000000 ,26705.93,26895.0,26551.0,26854.27,15095.6867,403337263.0344908,415694,7152.30076
2023-05-28 00:00:00.000000 ,26854.28,28261.32,26764.36,28065.0,43916.00855,1205762341.9704952,843861,23346.55866
2023-05-29 00:00:00.000000 ,28065.01,28447.14,27524.6,27736.4,42385.41945,1182678581.6346693,805579,20199.85331
2023-05-30 00:00:00.000000 ,27736.39,28038.59,27554.0,27694.4,32686.75371,908653906.0072744,745633,15196.52438
2023-05-31 00:00:00.000000 ,27694.39,27835.51,26839.01,27210.35,46588.80573,1265952178.7798684,908537,21962.66824
2023-06-01 00:00:00.000000 ,27210.36,27350.0,26605.05,26817.93,39217.8088,1055132509.8658342,814389,18620.69161
2023-06-02 00:00:00.000000 ,26817.93,27300.0,26505.0,27242.59,36380.90269,983857061.640842,811087,18134.67738
2023-06-03 00:00:00.000000 ,27242.59,27333.29,26914.93,27069.22,16595.34117,450588672.4704081,466520,7745.7868
2023-06-04 00:00:00.000000 ,27069.22,27455.02,26951.0,27115.21,19258.41049,523747237.4389696,504474,9511.72432
2023-06-05 00:00:00.000000 ,27115.2,27129.33,25388.0,25728.2,65805.60305,1722665798.0920303,1420829,30583.35138
2023-06-06 00:00:00.000000 ,25728.2,27355.33,25351.02,27230.08,68392.60438,1797636024.0812123,1345725,35083.7879
2023-06-07 00:00:00.000000 ,27230.07,27391.77,26125.01,26339.34,59619.44364,1589291467.5372329,1311928,28095.50924
2023-06-08 00:00:00.000000 ,26339.34,26810.0,26210.0,26498.61,31075.51083,823023638.236875,848252,14614.60741
2023-06-09 00:00:00.000000 ,26498.62,26783.33,26269.91,26477.81,27934.7097,741158215.0539023,746911,12757.07361
2023-06-10 00:00:00.000000 ,26477.8,26533.87,25358.0,25841.21,64944.60108,1673795235.4008925,1713871,31558.13098
2023-06-11 00:00:00.000000 ,25841.22,26206.88,25634.7,25925.55,30014.29595,776111471.8669971,833902,14266.10759
2023-06-12 00:00:00.000000 ,25925.54,26106.48,25602.11,25905.19,29900.50893,773303698.8633221,858037,14219.97114
2023-06-13 00:00:00.000000 ,25905.2,26433.21,25712.57,25934.25,41065.60853,1068985236.5126554,1007138,20120.32689
2023-06-14 00:00:00.000000 ,25934.24,26098.0,24820.56,25128.6,45077.31608,1152808416.919793,957418,20726.13761
2023-06-15 00:00:00.000000 ,25128.6,25759.01,24800.0,25598.49,48664.86063,1224436974.8502872,943268,24035.81623
2023-06-16 00:00:00.000000 ,25598.49,26518.0,25175.56,26345.0,51596.91662,1335158158.639614,926194,24055.65943
2023-06-17 00:00:00.000000 ,26345.01,26839.99,26181.0,26516.99,27842.2195,738491809.8811625,666967,13843.65158
2023-06-18 00:00:00.000000 ,26516.99,26700.0,26255.85,26339.97,21538.31022,571013013.8553362,555956,10367.07533
2023-06-19 00:00:00.000000 ,26339.98,27068.09,26256.61,26844.35,35872.65974,954193987.2948112,732735,17593.19977
2023-06-20 00:00:00.000000 ,26844.35,28402.74,26652.0,28307.99,69666.95525,1912797983.531005,1189024,35052.57462
2023-06-21 00:00:00.000000 ,28308.0,30800.0,28257.99,29993.89,108926.40412,3210301129.3662906,1872873,55846.96952
2023-06-22 00:00:00.000000 ,29993.89,30500.0,29525.61,29884.92,59054.5646,1775822103.7632556,1146092,27902.93312
2023-06-23 00:00:00.000000 ,29884.92,31431.94,29800.0,30688.5,73931.89635,2265077496.195469,1338533,36289.3174
2023-06-24 00:00:00.000000 ,30688.51,30800.0,30250.0,30527.43,30513.30135,933244397.704002,776343,14497.56447
2023-06-25 00:00:00.000000 ,30527.44,31046.01,30277.49,30462.66,30223.44801,926316644.4167664,789910,14627.97473
2023-06-26 00:00:00.000000 ,30462.67,30666.0,29930.0,30267.99,45180.41489,1367837657.5451825,954783,22277.58284
2023-06-27 00:00:00.000000 ,30267.99,30994.97,30226.17,30692.44,42699.64157,1306206257.0193572,824373,21151.29517
2023-06-28 00:00:00.000000 ,30692.44,30709.74,29858.8,30077.41,40463.51937,1224103637.6132562,895470,19176.75428
2023-06-29 00:00:00.000000 ,30077.4,30843.98,30049.98,30447.31,36330.62903,1107940389.9242406,758428,17834.38857
2023-06-30 00:00:00.000000 ,30447.31,31282.0,29500.0,30472.0,89419.07618,2726355505.5063505,1559366,44319.81254
2023-07-01 00:00:00.000000 ,30471.99,30661.6,30320.57,30585.9,17501.75075,533859338.1325383,567975,8102.13876
2023-07-02 00:00:00.000000 ,30585.9,30791.0,30155.0,30617.03,23286.41019,711031423.4334425,591533,10630.2474
2023-07-03 00:00:00.000000 ,30617.02,31380.0,30570.27,31156.2,43761.64311,1352635339.5043936,781855,20885.94331
2023-07-04 00:00:00.000000 ,31156.2,31350.69,30620.0,30766.51,33206.11943,1028794008.5245212,779472,14107.36566
2023-07-05 00:00:00.000000 ,30766.52,30878.07,30200.0,30504.81,33215.67122,1013694790.31705,827926,15619.11716
2023-07-06 00:00:00.000000 ,30504.8,31500.0,29850.45,29895.43,71319.6261,2181763648.99527,1397042,33952.63237
2023-07-07 00:00:00.000000 ,29895.42,30449.0,29701.02,30344.7,34070.53895,1027461795.2332093,912948,14875.86309
2023-07-08 00:00:00.000000 ,30344.7,30386.81,30044.47,30284.63,13094.59042,395759717.5724279,480214,5990.91468
2023-07-09 00:00:00.000000 ,30284.63,30445.52,30061.12,30160.71,15388.50196,465781514.2589476,473168,7017.35093
2023-07-10 00:00:00.000000 ,30160.71,31045.78,29950.0,30411.57,41262.87652,1254289037.7420728,896853,19574.2347
2023-07-11 00:00:00.000000 ,30411.57,30813.63,30300.0,30622.1,28476.83311,868966244.2412691,691213,13670.16079
2023-07-12 00:00:00.000000 ,30622.1,30983.25,30210.0,30380.0,38108.99669,1166497472.4331727,784195,18251.27965
2023-07-13 00:00:00.000000 ,30380.0,31804.2,30251.0,31454.23,70772.51836,2194927210.224416,1301632,36084.84178
2023-07-14 00:00:00.000000 ,31454.23,31630.0,29900.0,30312.01,60749.48424,1869443273.7476244,1274387,28513.77996
2023-07-15 00:00:00.000000 ,30312.0,30390.9,30200.0,30289.52,14118.55329,427921094.3021783,488354,6430.54981
2023-07-16 00:00:00.000000 ,30289.52,30441.46,30064.29,30231.99,15760.1281,477189328.0072937,494225,7322.44372
2023-07-17 00:00:00.000000 ,30232.0,30336.96,29659.2,30138.0,30882.76839,929647644.243343,816466,14352.21893
2023-07-18 00:00:00.000000 ,30138.01,30239.78,29512.0,29859.13,30003.8601,897157095.477411,754775,13771.19621
2023-07-19 00:00:00.000000 ,29859.14,30189.09,29761.96,29909.21,25657.36137,769254865.285115,617415,12260.98321
2023-07-20 00:00:00.000000 ,29909.21,30417.46,29570.96,29800.0,37540.68193,1125950643.7116497,749723,18061.33493
2023-07-21 00:00:00.000000 ,29800.0,30061.7,29726.34,29901.72,23881.40865,713123417.7612139,555611,11566.3884
2023-07-22 00:00:00.000000 ,29901.72,29999.0,29625.1,29794.0,14660.40467,437785700.3396102,423988,6725.50525
2023-07-23 00:00:00.000000 ,29793.99,30350.0,29730.0,30083.75,18292.78637,548940321.0915866,519434,8889.35695
2023-07-24 00:00:00.000000 ,30083.75,30099.58,28861.9,29176.5,39628.99691,1162562413.8190155,869107,18047.66786
2023-07-25 00:00:00.000000 ,29176.5,29376.0,29047.65,29228.91,21565.7478,629531351.1145664,533797,10257.29455
2023-07-26 00:00:00.000000 ,29228.91,29690.0,29096.94,29351.96,33931.63366,995569172.1396836,750401,15987.94266
2023-07-27 00:00:00.000000 ,29351.95,29567.49,29083.85,29222.78,22476.47626,659594157.3443576,583045,10384.95749
2023-07-28 00:00:00.000000 ,29222.78,29542.22,29123.12,29314.14,23993.61627,702705076.837866,543177,11422.36141
2023-07-29 00:00:00.000000 ,29314.14,29406.92,29256.18,29352.9,10851.36844,318276733.8766431,339750,5443.09222
2023-07-30 00:00:00.000000 ,29352.9,29449.0,29033.24,29281.09,15706.97441,459830379.6509824,454846,7720.41654
2023-07-31 00:00:00.000000 ,29281.09,29530.0,29101.8,29232.25,22605.48964,663025204.2072345,563115,11029.2258
2023-08-01 00:00:00.000000 ,29232.26,29739.25,28585.7,29705.99,44719.65162,1299160215.077924,900141,21831.75056
2023-08-02 00:00:00.000000 ,29705.99,30047.5,28927.5,29186.01,48181.65141,1419729744.649752,945158,22953.8144
2023-08-03 00:00:00.000000 ,29186.0,29433.33,28968.0,29193.64,26476.91994,773302705.4947629,651970,12901.09228
2023-08-04 00:00:00.000000 ,29193.65,29333.08,28807.54,29113.99,23551.95217,686643453.3930904,544850,10539.62903
2023-08-05 00:00:00.000000 ,29114.0,29152.23,28978.64,29072.13,11645.52018,338478560.12182474,331924,5491.4962
2023-08-06 00:00:00.000000 ,29072.13,29205.09,28991.88,29088.42,13178.1972,383209498.87775046,338654,6471.24487
2023-08-07 00:00:00.000000 ,29088.43,29276.78,28701.03,29211.06,30966.87746,899492595.6812717,671438,15375.49318
2023-08-08 00:00:00.000000 ,29211.06,30244.0,29146.45,29770.42,45700.53392,1352934531.6659672,877168,24189.62133
2023-08-09 00:00:00.000000 ,29770.41,30160.0,29376.67,29581.99,38003.88725,1130396850.0974116,750252,18700.85778
2023-08-10 00:00:00.000000 ,29581.99,29738.0,29320.2,29455.75,23463.45373,692863472.0877249,513691,11204.06553
2023-08-11 00:00:00.000000 ,29455.76,29564.52,29252.45,29426.03,20637.0443,607176051.3015367,437828,9803.94004
2023-08-12 00:00:00.000000 ,29426.02,29481.35,29381.56,29430.17,8971.48068,263949405.54340288,310852,4181.99127
2023-08-13 00:00:00.000000 ,29430.18,29474.65,29272.32,29303.84,11101.70947,326264625.2296824,341726,5257.07008
2023-08-14 00:00:00.000000 ,29303.85,29695.32,29102.45,29430.93,31443.11532,924613476.681799,671592,15036.11048
2023-08-15 00:00:00.000000 ,29430.92,29499.26,29059.6,29200.0,27503.87691,806683957.3100157,591162,12751.63951
2023-08-16 00:00:00.000000 ,29200.01,29259.85,28723.08,28730.51,32996.69854,959870747.0063144,768028,14761.86053
2023-08-17 00:00:00.000000 ,28730.51,28783.48,25166.0,26623.41,100271.54033,2755821274.340605,1976577,47495.99471
2023-08-18 00:00:00.000000 ,26623.41,26832.6,25619.0,26054.0,69790.65711,1834219523.699404,1293122,33522.24573
2023-08-19 00:00:00.000000 ,26054.0,26281.0,25801.09,26100.01,26160.75343,680623880.8247553,615764,12952.29598
2023-08-20 00:00:00.000000 ,26100.01,26299.0,25971.05,26189.99,19056.91209,497880752.23011583,451543,9909.1293
2023-08-21 00:00:00.000000 ,26190.0,26258.42,25812.0,26126.92,30267.24233,788205156.3215923,565987,14052.07264
2023-08-22 00:00:00.000000 ,26126.92,26139.42,25300.0,26056.0,34247.06688,886782344.160293,603624,16436.92888
2023-08-23 00:00:00.000000 ,26055.99,26819.27,25812.82,26432.72,44023.69978,1156326251.922411,673711,21955.66524
2023-08-24 00:00:00.000000 ,26432.71,26577.87,25864.0,26180.05,30205.22116,792966965.8982657,575619,13987.93493
2023-08-25 00:00:00.000000 ,26180.05,26314.05,25777.15,26060.01,27753.33772,722611079.1898074,611438,13258.65894
2023-08-26 00:00:00.000000 ,26060.0,26125.77,25985.92,26017.37,10022.22322,261041530.4758038,329412,4681.90628
2023-08-27 00:00:00.000000 ,26017.38,26182.23,25966.11,26101.77,12099.64216,315548363.0193776,349090,6170.48664
2023-08-28 00:00:00.000000 ,26101.78,26253.99,25864.5,26120.0,22692.62655,591008939.17657,523057,10912.40549
2023-08-29 00:00:00.000000 ,26120.0,28142.85,25922.0,27716.34,74251.99488,2023326050.758479,1137083,37945.55071
2023-08-30 00:00:00.000000 ,27716.34,27768.57,27017.24,27299.99,35448.25848,969086451.1625257,690292,16715.57712
2023-08-31 00:00:00.000000 ,27299.99,27587.51,25655.01,25940.78,51032.80401,1360373186.0116708,944690,24598.11397
2023-09-01 00:00:00.000000 ,25940.77,26156.0,25333.75,25805.05,41032.15056,1059444591.7097492,881179,19960.9903
2023-09-02 00:00:00.000000 ,25805.04,25987.5,25752.47,25869.51,16250.77698,419812969.94685984,567728,7634.91416
2023-09-03 00:00:00.000000 ,25869.52,26135.0,25800.0,25971.21,17474.47667,453100690.1021077,496412,8583.16498
2023-09-04 00:00:00.000000 ,25971.21,26108.02,25631.21,25826.02,21777.59609,563532890.5699993,596830,10177.3686
2023-09-05 00:00:00.000000 ,25826.03,25915.49,25562.62,25792.1,21323.39337,548893707.6002005,566736,9926.65838
2023-09-06 00:00:00.000000 ,25792.11,26040.0,25372.51,25759.95,27262.52386,700763180.8011677,636302,12736.70564
2023-09-07 00:00:00.000000 ,25759.95,26443.14,25615.38,26255.0,27687.49567,718923008.9071183,631929,13506.19156
2023-09-08 00:00:00.000000 ,26255.0,26445.5,25647.26,25910.5,28999.76471,754184537.1096923,646852,14238.89945
2023-09-09 00:00:00.000000 ,25910.5,25945.09,25796.64,25901.61,10980.62277,284109473.8075783,359038,5212.44349
2023-09-10 00:00:00.000000 ,25901.6,26033.66,25570.57,25841.61,18738.26914,483577459.20553446,489773,8747.51072
2023-09-11 00:00:00.000000 ,25841.6,25900.69,24901.0,25162.52,41682.32,1057371884.6697066,864138,19664.90243
2023-09-12 00:00:00.000000 ,25162.53,26567.0,25131.48,25840.1,56434.38537,1464393036.9616623,1047056,27720.5183
2023-09-13 00:00:00.000000 ,25840.1,26405.22,25764.17,26222.0,31610.82753,825437881.4687591,714880,15287.00038
2023-09-14 00:00:00.000000 ,26222.0,26860.49,26126.77,26522.73,38333.1725,1015267319.7730228,799278,19440.45467
2023-09-15 00:00:00.000000 ,26522.73,26888.0,26224.0,26600.0,26227.29369,695203258.0004445,654094,12600.39115
2023-09-16 00:00:00.000000 ,26599.99,26777.0,26445.0,26559.67,13960.93351,370889866.4592735,526416,6508.91352
2023-09-17 00:00:00.000000 ,26559.67,26623.25,26399.0,26527.51,12998.10277,344703727.5601071,476775,6359.89459
2023-09-18 00:00:00.000000 ,26527.5,27409.0,26377.35,26762.51,43000.43256,1158780347.6253047,938705,21551.71605
2023-09-19 00:00:00.000000 ,26762.5,27483.57,26667.79,27210.26,36190.52187,981539255.55962,898076,17851.15558
2023-09-20 00:00:00.000000 ,27210.25,27388.63,26800.0,27125.0,34207.21867,927206075.9626272,867288,16983.43086
2023-09-21 00:00:00.000000 ,27125.01,27159.6,26377.7,26568.08,34476.82662,920768143.3513128,823416,16878.78202
2023-09-22 00:00:00.000000 ,26568.08,26743.38,26468.77,26580.14,18198.2292,484331618.9485319,567149,8484.09679
2023-09-23 00:00:00.000000 ,26580.14,26632.81,26509.0,26575.96,9440.7026,250873957.3886738,421717,4387.1973
2023-09-24 00:00:00.000000 ,26575.97,26738.54,26122.08,26248.38,15706.65771,416368301.3736848,545045,7547.06342
2023-09-25 00:00:00.000000 ,26248.39,26446.15,25990.46,26304.81,26266.2039,688252596.3809944,873488,12654.58207
2023-09-26 00:00:00.000000 ,26304.8,26397.46,26088.34,26221.67,18495.35066,485217905.0421048,697727,8813.76144
2023-09-27 00:00:00.000000 ,26221.68,26850.0,26112.06,26372.99,34771.57978,918797815.048481,939690,16813.75506
2023-09-28 00:00:00.000000 ,26373.0,27308.48,26342.4,27021.39,44517.83491,1193420040.1309185,1158974,22463.19242
2023-09-29 00:00:00.000000 ,27021.39,27244.89,26665.16,26906.96,28478.76219,767827314.931909,878610,14409.35554
2023-09-30 00:00:00.000000 ,26906.96,27094.99,26886.31,26962.56,12804.62307,345406056.6806953,534908,6221.24272
2023-10-01 00:00:00.000000 ,26962.57,28065.51,26954.09,27992.57,24602.81468,674657121.9944204,883593,12815.98694
2023-10-02 00:00:00.000000 ,27992.58,28580.0,27281.44,27494.51,57071.14241,1600944483.4902065,1464158,28423.61
2023-10-03 00:00:00.000000 ,27494.51,27676.52,27160.5,27426.46,28928.96555,794301815.4265021,1202377,13562.03527
2023-10-04 00:00:00.000000 ,27426.45,27839.72,27202.0,27778.57,29816.142,820421385.2557852,1188381,15077.70185
2023-10-05 00:00:00.000000 ,27778.57,28120.39,27352.0,27410.39,30681.49619,849415594.0472504,1210397,14985.99405
2023-10-06 00:00:00.000000 ,27410.39,28295.0,27175.94,27931.09,37983.24277,1052864393.8176136,1326700,19091.24006
2023-10-07 00:00:00.000000 ,27931.1,28029.67,27842.08,27956.67,13348.83825,372820279.5231431,641623,6392.35089
2023-10-08 00:00:00.000000 ,27956.67,28095.14,27687.5,27917.05,19693.56921,549839951.4800811,822730,9216.08271
2023-10-09 00:00:00.000000 ,27917.06,27987.93,27260.0,27590.12,31534.74639,870014634.3621609,1156525,15077.43003
2023-10-10 00:00:00.000000 ,27590.12,27735.0,27298.0,27390.12,22776.84383,626258724.2775784,1002272,10851.22317
2023-10-11 00:00:00.000000 ,27390.12,27477.39,26538.66,26875.52,37349.44706,1007065585.9346406,1336479,17460.0774
2023-10-12 00:00:00.000000 ,26875.52,26947.04,26555.0,26759.63,23428.64112,626909068.3868717,1066082,11128.85943
2023-10-13 00:00:00.000000 ,26759.63,27130.0,26685.0,26862.0,24115.76499,647553796.3580662,1035322,11209.65389
2023-10-14 00:00:00.000000 ,26862.0,26989.58,26789.0,26852.48,10417.25576,280059019.0534013,517837,4378.85219
2023-10-15 00:00:00.000000 ,26852.48,27293.33,26808.25,27154.15,15274.6917,412673965.3439348,682942,7802.69243
2023-10-16 00:00:00.000000 ,27154.14,30000.0,27112.66,28500.78,78399.22445,2210785548.236096,2289339,40738.04173
2023-10-17 00:00:00.000000 ,28500.77,28613.65,28069.32,28395.91,38428.44532,1090741746.4830873,1345810,18994.06799
2023-10-18 00:00:00.000000 ,28395.91,28982.36,28142.87,28320.0,32162.47591,914773525.152758,1215235,15590.14442
2023-10-19 00:00:00.000000 ,28320.0,28916.89,28100.66,28713.71,35895.50179,1023984017.0322788,1330256,18427.23743
2023-10-20 00:00:00.000000 ,28713.71,30207.55,28578.29,29669.04,59422.0992,1753411192.5510907,1915748,29466.75927
2023-10-21 00:00:00.000000 ,29669.05,30379.99,29464.77,29909.8,27517.51897,821964508.4353629,1152137,13836.12444
2023-10-22 00:00:00.000000 ,29909.8,30248.0,29640.0,29992.46,22852.54563,683854827.8969324,1008299,11161.46844
2023-10-23 00:00:00.000000 ,29992.46,34741.91,29883.6,33069.99,93513.64246,2941620022.865188,2839938,47839.23087
2023-10-24 00:00:00.000000 ,33069.99,35280.0,32832.34,33922.73,115265.02418,3933194868.1611967,2850160,57409.31981
2023-10-25 00:00:00.000000 ,33922.73,35132.85,33679.05,34496.05,54887.02529,1888210825.6063828,1643976,26150.50377
2023-10-26 00:00:00.000000 ,34496.05,34824.13,33751.0,34151.66,39744.66255,1363077907.10912,1382785,18528.43061
2023-10-27 00:00:00.000000 ,34151.66,34245.0,33390.95,33892.02,32330.40106,1096889423.419842,1112240,14310.32429
2023-10-28 00:00:00.000000 ,33892.01,34493.33,33860.0,34081.0,16880.13144,575936523.347353,607438,8313.30759
2023-10-29 00:00:00.000000 ,34081.01,34750.11,33930.0,34525.89,20685.52176,711652985.1790963,717480,10053.96096
2023-10-30 00:00:00.000000 ,34525.88,34856.0,34062.84,34474.73,33657.95976,1159771907.642105,1117727,15237.56781
2023-10-31 00:00:00.000000 ,34474.74,34720.49,34025.0,34639.77,32737.89822,1125442444.4884882,1179053,15843.795
2023-11-01 00:00:00.000000 ,34639.78,35582.0,34097.39,35421.43,53473.28165,1856348820.4794536,1624635,25779.0029
2023-11-02 00:00:00.000000 ,35421.43,35984.99,34300.0,34941.59,48015.57732,1686141698.092171,1450837,23303.3535
2023-11-03 00:00:00.000000 ,34941.58,34946.5,34120.0,34716.78,39071.20644,1347962831.5658624,1237373,19168.85669
2023-11-04 00:00:00.000000 ,34716.78,35255.0,34585.18,35062.07,18377.55545,639958598.4198353,794787,9229.16649
2023-11-05 00:00:00.000000 ,35062.06,35380.0,34448.0,35011.88,24528.73376,859350974.0014893,1038468,11870.33193
2023-11-06 00:00:00.000000 ,35011.89,35276.33,34725.9,35046.09,22346.47086,782427702.2653205,988246,10770.27727
2023-11-07 00:00:00.000000 ,35046.09,35888.0,34523.06,35399.12,38688.73692,1358031361.1978528,1352796,19375.26868
2023-11-08 00:00:00.000000 ,35399.13,36106.0,35100.0,35624.72,33401.34137,1185492160.4927278,1132568,17192.8245
2023-11-09 00:00:00.000000 ,35624.72,37972.24,35534.05,36701.09,82537.88885,3033417922.782681,2138765,42156.81236
2023-11-10 00:00:00.000000 ,36701.1,37526.0,36324.71,37301.63,43414.04898,1605069174.5241032,1297729,21388.56879
2023-11-11 00:00:00.000000 ,37301.63,37408.26,36666.93,37130.0,22984.97235,851924612.7339427,923300,10728.65792
2023-11-12 00:00:00.000000 ,37129.99,37222.22,36731.1,37064.13,17687.18874,655570813.1382711,810885,8506.46051
2023-11-13 00:00:00.000000 ,37064.13,37417.99,36333.0,36462.93,32798.18252,1208037462.3041444,1217191,15442.44512
2023-11-14 00:00:00.000000 ,36462.93,36744.0,34800.0,35551.19,45503.68416,1639130785.08681,1404428,21205.18615
2023-11-15 00:00:00.000000 ,35551.2,37980.0,35360.0,37858.2,53569.13385,1963249656.5094736,1545427,28142.1424
2023-11-16 00:00:00.000000 ,37858.2,37929.54,35500.0,36163.51,47490.39566,1744503339.0151725,1542446,22214.04928
2023-11-17 00:00:00.000000 ,36163.51,36800.0,35861.1,36613.92,38283.61112,1391225051.1923273,1349322,18403.36411
2023-11-18 00:00:00.000000 ,36613.91,36845.49,36178.58,36568.1,17102.24186,624434069.5256634,784498,8101.54756
2023-11-19 00:00:00.000000 ,36568.11,37500.0,36384.02,37359.86,21246.34648,781531839.4371592,862400,10575.25293
2023-11-20 00:00:00.000000 ,37359.85,37750.0,36677.0,37448.78,36022.70291,1343722642.386475,1485050,17591.22652
2023-11-21 00:00:00.000000 ,37448.79,37649.44,35735.0,35741.65,47646.54804,1756747495.981855,1936895,22371.42068
2023-11-22 00:00:00.000000 ,35741.65,37861.1,35632.01,37408.34,45051.30697,1657141022.427348,1648374,23046.71174
2023-11-23 00:00:00.000000 ,37408.35,37653.44,36870.0,37294.28,23827.92882,888826648.8541473,992284,11086.35132
2023-11-24 00:00:00.000000 ,37294.27,38414.0,37251.51,37713.57,44680.80646,1688715728.079148,1379414,22349.17236
2023-11-25 00:00:00.000000 ,37713.57,37888.0,37591.1,37780.67,11396.14464,430165251.7609749,569448,5153.91116
2023-11-26 00:00:00.000000 ,37780.67,37814.63,37150.0,37447.43,21264.53723,797321193.5893991,848020,10204.51641
2023-11-27 00:00:00.000000 ,37447.42,37569.23,36707.0,37242.7,30001.07376,1112557435.2767923,1238017,14458.63822
2023-11-28 00:00:00.000000 ,37242.7,38377.0,36868.41,37818.87,37544.46667,1414360251.6823456,1272779,18168.56198
2023-11-29 00:00:00.000000 ,37818.88,38450.0,37570.0,37854.64,32994.19107,1252586505.66259,1131353,15588.96473
2023-11-30 00:00:00.000000 ,37854.65,38145.85,37500.0,37723.96,24740.29147,934491058.960814,1007791,11484.45424
2023-12-01 00:00:00.000000 ,37723.97,38999.0,37615.86,38682.52,43415.66324,1669750777.6239817,1523417,22408.27301
2023-12-02 00:00:00.000000 ,38682.51,39717.14,38641.61,39450.35,26696.92161,1043421976.7660652,1034690,13166.65386
2023-12-03 00:00:00.000000 ,39450.35,40250.0,39274.86,39972.26,26710.65335,1059860641.0494444,1151524,13333.29632
2023-12-04 00:00:00.000000 ,39972.26,42420.0,39972.26,41991.1,79272.33059,3285736844.1408806,2112219,38595.61905
2023-12-05 00:00:00.000000 ,41991.1,44488.0,41414.0,44073.32,67490.74644,2890205389.4901266,2072700,34815.80813
2023-12-06 00:00:00.000000 ,44073.82,44297.21,43335.28,43762.69,51431.10492,2256979505.594805,1876282,25092.62492
2023-12-07 00:00:00.000000 ,43762.69,44047.33,42821.1,43273.14,47103.26845,2046945851.8836448,1414759,22635.67672
2023-12-08 00:00:00.000000 ,43273.15,44700.0,43081.1,44170.99,42900.37556,1875581755.4469104,1311268,20818.67861
2023-12-09 00:00:00.000000 ,44171.0,44358.02,43584.51,43713.6,24925.97008,1096487106.564834,987352,11598.00774
2023-12-10 00:00:00.000000 ,43713.59,44049.0,43563.0,43789.51,18956.61758,830485162.5569534,830667,8841.90643
2023-12-11 00:00:00.000000 ,43789.5,43804.5,40222.0,41253.4,76663.89804,3205540835.5114336,2087142,36499.24269
2023-12-12 00:00:00.000000 ,41253.41,42104.12,40680.0,41492.39,42722.69773,1773961284.3375635,1526411,21394.91158
2023-12-13 00:00:00.000000 ,41492.38,43475.2,40555.0,42869.03,45865.99773,1919703389.4848804,1724659,22354.97386
2023-12-14 00:00:00.000000 ,42869.03,43420.0,41400.0,43022.26,42047.05709,1798740625.30166,1599536,20579.79343
2023-12-15 00:00:00.000000 ,43022.26,43080.81,41666.0,41940.3,33421.7932,1416898938.5099788,1323628,16321.13654
2023-12-16 00:00:00.000000 ,41940.29,42724.43,41605.0,42278.03,24118.85747,1020469627.8857332,1180886,12193.50511
2023-12-17 00:00:00.000000 ,42278.02,42424.07,41252.0,41374.65,27722.11452,1161963642.9627964,1227634,13245.86404
2023-12-18 00:00:00.000000 ,41374.64,42757.81,40542.93,42657.8,46734.0925,1936003306.0825727,1741647,23255.79871
2023-12-19 00:00:00.000000 ,42657.8,43497.0,41811.1,42275.99,40927.86444,1747830242.4615936,1609188,20163.65946
2023-12-20 00:00:00.000000 ,42275.99,44283.0,42206.0,43668.93,48710.2947,2115813869.7796192,1934588,23912.13682
2023-12-21 00:00:00.000000 ,43668.92,44242.35,43286.72,43861.8,34624.29384,1514529919.1877797,1500702,17058.89545
2023-12-22 00:00:00.000000 ,43861.79,44398.26,43412.54,43969.04,32783.19638,1436074497.5128598,1404109,16049.22275
2023-12-23 00:00:00.000000 ,43969.04,43988.68,43291.1,43702.16,16557.1293,722943825.3332176,849658,7765.30564
2023-12-24 00:00:00.000000 ,43702.15,43946.0,42500.0,42991.5,25144.33496,1093460634.889423,1137678,11841.26614
2023-12-25 00:00:00.000000 ,42991.5,43802.32,42720.43,43576.13,27021.23992,1172053386.5109816,1168428,13691.2393
2023-12-26 00:00:00.000000 ,43576.12,43592.68,41637.6,42508.93,41010.04282,1746333612.3049452,1475816,21096.16634
2023-12-27 00:00:00.000000 ,42508.93,43677.0,42098.69,43428.85,36191.21136,1554082990.052276,1439770,18982.83267
2023-12-28 00:00:00.000000 ,43428.86,43787.57,42241.79,42563.76,35150.52485,1508408742.378081,1391826,17422.8191
2023-12-29 00:00:00.000000 ,42563.76,43111.0,41300.0,42066.95,42597.18912,1803086285.2465773,1571137,21195.34128
2023-12-30 00:00:00.000000 ,42066.94,42612.32,41520.3,42140.28,22906.57818,964875790.984935,936545,11727.69648
2023-12-31 00:00:00.000000 ,42140.29,42899.0,41965.84,42283.58,23585.91603,1001519241.5559052,1016484,11997.14865
2024-01-01 00:00:00.000000 ,42283.58,44184.1,42180.77,44179.55,27174.29903,1169995682.0280013,1114623,14331.7318
2024-01-02 00:00:00.000000 ,44179.55,45879.63,44148.34,44946.91,65146.40661,2944331821.823076,2247532,33817.14447
2024-01-03 00:00:00.000000 ,44946.91,45500.0,40750.0,42845.23,81194.55173,3507104563.744232,2658041,39103.99162
2024-01-04 00:00:00.000000 ,42845.23,44729.58,42613.77,44151.1,48038.06334,2095095359.4936347,1819944,23605.90059
2024-01-05 00:00:00.000000 ,44151.1,44357.46,42450.0,44145.11,48075.25327,2100953924.3687155,2064845,24015.06426
2024-01-06 00:00:00.000000 ,44145.12,44214.42,43397.05,43968.32,17835.06144,781212883.4916061,956642,9048.57073
2024-01-07 00:00:00.000000 ,43968.32,44480.59,43572.09,43929.02,23023.8508,1014635096.1241482,1109259,11613.52347
2024-01-08 00:00:00.000000 ,43929.01,47248.99,43175.0,46951.04,72814.57589,3298772150.681508,2364464,38728.8053
2024-01-09 00:00:00.000000 ,46951.04,47972.0,44748.67,46110.0,69927.66617,3251442072.8083963,2637745,34825.45429
2024-01-10 00:00:00.000000 ,46110.0,47695.93,44300.36,46653.99,89911.41203,4123809481.712767,3133588,46910.79439
2024-01-11 00:00:00.000000 ,46654.0,48969.48,45606.06,46339.16,87470.3296,4105139605.028302,2998451,44076.1683
2024-01-12 00:00:00.000000 ,46339.16,46515.53,41500.0,42782.73,86327.93707,3827483735.576057,2809192,41707.58066
2024-01-13 00:00:00.000000 ,42782.74,43257.0,42436.12,42847.99,36118.47464,1547370611.5531662,1434243,17748.09824
2024-01-14 00:00:00.000000 ,42847.99,43079.0,41720.0,41732.35,28228.40894,1202212782.257693,1235727,13690.30843
2024-01-15 00:00:00.000000 ,41732.35,43400.43,41718.05,42511.1,40269.89303,1718982911.1081028,1657611,19924.7603
2024-01-16 00:00:00.000000 ,42511.1,43578.01,42050.0,43137.95,45045.74589,1931947150.0590703,1716580,24064.55667
2024-01-17 00:00:00.000000 ,43137.94,43198.0,42200.69,42776.1,33266.21388,1419888430.9228892,1438172,16648.20529
2024-01-18 00:00:00.000000 ,42776.09,42930.0,40683.28,41327.5,43907.51641,1839426541.2635791,1466087,21085.14336
2024-01-19 00:00:00.000000 ,41327.51,42196.86,40280.0,41659.03,48342.74559,1993846466.538752,1641428,24347.5002
2024-01-20 00:00:00.000000 ,41659.03,41872.56,41456.3,41696.04,15923.99493,662768008.1509343,807324,7557.36632
2024-01-21 00:00:00.000000 ,41696.05,41881.39,41500.98,41580.33,11730.16301,489151571.0309043,657817,5576.56045
2024-01-22 00:00:00.000000 ,41580.32,41689.65,39431.58,39568.02,55426.19911,2247452153.7954326,2147250,26788.13985
2024-01-23 00:00:00.000000 ,39568.02,40176.74,38555.0,39897.6,57956.63351,2275851990.6468267,2043925,30913.97177
2024-01-24 00:00:00.000000 ,39897.59,40555.0,39484.19,40084.88,39293.82861,1569704923.8307493,1675615,20673.05725
2024-01-25 00:00:00.000000 ,40084.89,40300.24,39550.0,39961.09,31022.11853,1238813296.1526136,1291233,15685.24919
2024-01-26 00:00:00.000000 ,39961.09,42246.82,39822.52,41823.51,47384.96726,1951700659.289807,1624861,24674.75551
2024-01-27 00:00:00.000000 ,41823.51,42200.0,41394.34,42120.63,16224.41667,678418702.3509445,751148,7485.64978
2024-01-28 00:00:00.000000 ,42120.63,42842.68,41620.81,42031.06,27294.99838,1154365891.668259,1032493,12971.1882
2024-01-29 00:00:00.000000 ,42031.05,43333.0,41804.88,43302.7,31542.74207,1343462280.3618684,1197856,15996.88627
2024-01-30 00:00:00.000000 ,43302.71,43882.36,42683.99,42941.1,37619.24546,1633251085.6713595,1316610,19317.29993
2024-01-31 00:00:00.000000 ,42941.1,43745.11,42276.84,42580.0,39871.13688,1711665577.0530825,1499559,20289.94825
2024-02-01 00:00:00.000000 ,42580.0,43285.13,41884.28,43082.94,35231.04664,1497121440.644002,1392269,18134.84304
2024-02-02 00:00:00.000000 ,43082.95,43488.0,42546.79,43200.0,29672.14418,1277919437.2905612,1086342,15645.5711
2024-02-03 00:00:00.000000 ,43199.99,43380.01,42880.0,43011.09,12033.40998,518775350.03360087,609962,5691.78572
2024-02-04 00:00:00.000000 ,43011.1,43119.04,42222.0,42582.88,17066.89404,730999557.7083682,931235,8427.12671
2024-02-05 00:00:00.000000 ,42582.88,43569.76,42258.1,42708.7,29467.75905,1262620640.5407171,1317397,14984.06962
2024-02-06 00:00:00.000000 ,42708.7,43399.98,42574.0,43098.95,24675.85433,1061049582.6002768,1120760,12810.98205
2024-02-07 00:00:00.000000 ,43098.96,44396.5,42788.0,44349.6,34392.59915,1496013692.382922,1378809,17755.87738
2024-02-08 00:00:00.000000 ,44349.6,45614.3,44331.1,45288.65,45439.62231,2042912128.1517663,1863650,22731.52397
2024-02-09 00:00:00.000000 ,45288.66,48200.0,45242.12,47132.77,73503.481,3453043306.420976,2323884,37360.96419
2024-02-10 00:00:00.000000 ,47132.78,48170.0,46800.0,47751.09,24802.35936,1176079377.6922762,1323421,12740.69912
2024-02-11 00:00:00.000000 ,47751.08,48592.66,47557.16,48299.99,29958.80837,1443314885.7714052,1407270,15741.38294
2024-02-12 00:00:00.000000 ,48300.0,50334.82,47710.01,49917.27,59009.96705,2898220863.0181804,1939394,30797.43359
2024-02-13 00:00:00.000000 ,49917.28,50368.61,48300.95,49699.59,55551.56706,2745025370.067447,1741811,28409.79337
2024-02-14 00:00:00.000000 ,49699.6,52043.71,49225.01,51795.17,57046.37401,2919604456.723313,1859392,29664.5183
2024-02-15 00:00:00.000000 ,51795.17,52816.62,51314.0,51880.0,53816.03055,2802825737.9920154,1786569,26722.58656
2024-02-16 00:00:00.000000 ,51880.01,52572.08,51566.0,52124.11,37772.25318,1965003863.9713345,1583711,18309.89888
2024-02-17 00:00:00.000000 ,52124.1,52162.82,50625.0,51642.64,25674.00622,1319908544.9790893,1427773,12655.51593
2024-02-18 00:00:00.000000 ,51642.64,52377.0,51163.28,52137.67,21992.10363,1139209588.4334626,1375422,11281.34692
2024-02-19 00:00:00.000000 ,52137.68,52488.77,51677.0,51774.73,29534.99432,1539600521.6007729,1542990,15266.36204
2024-02-20 00:00:00.000000 ,51774.74,52985.0,50760.37,52258.82,49614.47318,2574874999.3787174,1971912,24994.25062
2024-02-21 00:00:00.000000 ,52258.82,52366.8,50625.0,51849.39,43079.40049,2210278288.725095,1824860,22239.73293
2024-02-22 00:00:00.000000 ,51849.38,52065.78,50940.78,51288.42,35309.44574,1820949707.158534,1688184,17830.4673
2024-02-23 00:00:00.000000 ,51288.42,51548.54,50521.0,50744.15,30545.79544,1559143576.8296163,1487039,14610.80906
2024-02-24 00:00:00.000000 ,50744.15,51698.0,50585.0,51568.22,16560.4211,847793393.571868,855015,8462.15627
2024-02-25 00:00:00.000000 ,51568.21,51958.55,51279.8,51728.85,18721.63159,966951114.4504628,923992,9544.17672
2024-02-26 00:00:00.000000 ,51728.85,54910.0,50901.44,54476.47,51256.72199,2710403072.980595,1808909,27198.83551
2024-02-27 00:00:00.000000 ,54476.48,57588.15,54450.13,57037.34,67194.98562,3795949115.224932,2414285,34970.25885
2024-02-28 00:00:00.000000 ,57037.35,64000.0,56691.85,62432.1,118763.46984,7162581994.48574,3895062,62066.63936
2024-02-29 00:00:00.000000 ,62432.11,63676.35,60364.7,61130.98,78425.07603,4872212871.27608,3169405,39463.06931
2024-03-01 00:00:00.000000 ,61130.99,63114.23,60777.0,62387.9,47737.93473,2956537377.9660296,1947444,24195.70252
2024-03-02 00:00:00.000000 ,62387.9,62433.19,61561.12,61987.28,25534.73659,1582566973.834093,1641808,12691.37721
2024-03-03 00:00:00.000000 ,61987.28,63231.88,61320.0,63113.97,28994.90903,1804536272.9443457,1992011,14905.186
2024-03-04 00:00:00.000000 ,63113.97,68499.0,62300.0,68245.71,84835.16005,5568877537.081252,3887853,45319.0864
2024-03-05 00:00:00.000000 ,68245.71,69000.0,59005.0,63724.01,132696.7813,8674526591.28714,5310706,65991.84526
2024-03-06 00:00:00.000000 ,63724.01,67641.1,62779.14,66074.04,78738.85491,5197743036.597276,3302981,40344.32596
2024-03-07 00:00:00.000000 ,66074.04,67980.0,65551.0,66823.17,53059.8869,3548088039.273608,2428227,27935.66302
2024-03-08 00:00:00.000000 ,66823.18,69990.0,66082.66,68124.19,74261.932842,5044395324.399055,2943927,37711.514581
2024-03-09 00:00:00.000000 ,68124.2,68541.1,67861.1,68313.27,19872.89743,1355964036.909299,1345341,10005.592
2024-03-10 00:00:00.000000 ,68313.28,69887.61,68094.75,68955.88,38404.66835,2659307501.094578,2139518,19188.79904
2024-03-11 00:00:00.000000 ,68955.88,72800.0,67024.96,72078.1,75292.825726,5352704377.618805,3043414,39435.855459
2024-03-12 00:00:00.000000 ,72078.1,73000.0,68620.82,71452.01,68783.546691,4909667978.559338,3047890,34517.212933
2024-03-13 00:00:00.000000 ,71452.0,73650.25,71333.31,73072.41,52659.711647,3829764501.253793,2501197,26787.082237
2024-03-14 00:00:00.000000 ,73072.4,73777.0,68555.0,71388.94,71757.628746,5132189849.096632,2994869,35676.748326
2024-03-15 00:00:00.000000 ,71388.94,72419.71,65600.0,69499.85,103334.03546,7065279917.872112,3904445,49844.66515
2024-03-16 00:00:00.000000 ,69499.84,70043.0,64780.0,65300.63,55926.95336,3788544202.884856,2729019,27240.19894
2024-03-17 00:00:00.000000 ,65300.64,68904.4,64533.0,68393.48,49742.21589,3322963634.2425127,2449156,25328.29435
2024-03-18 00:00:00.000000 ,68393.47,68956.0,66565.2,67609.99,55691.08088,3768277912.418919,2464515,28529.67219
2024-03-19 00:00:00.000000 ,67610.0,68124.11,61555.0,61937.4,101005.32487,6484805948.535393,3593832,48205.28434
2024-03-20 00:00:00.000000 ,61937.41,68100.0,60775.0,67840.51,90420.58592,5769770052.062583,3549793,45523.84281
2024-03-21 00:00:00.000000 ,67840.51,68240.47,64529.01,65501.27,53357.48002,3551223142.964417,2388390,26650.09786
2024-03-22 00:00:00.000000 ,65501.28,66649.62,62260.0,63796.64,51482.37821,3310481978.107645,2492881,24578.87957
2024-03-23 00:00:00.000000 ,63796.64,65999.0,63000.0,63990.01,26410.11409,1706152172.6316135,1753566,12749.00823
2024-03-24 00:00:00.000000 ,63990.02,67628.69,63772.29,67209.99,31395.78015,2059312948.648688,1880774,16689.65617
2024-03-25 00:00:00.000000 ,67210.0,71150.0,66385.06,69880.01,53431.14486,3679964073.811213,2632220,27815.58769
2024-03-26 00:00:00.000000 ,69880.0,71561.1,69280.0,69988.0,38934.38417,2738537345.33588,2176807,19498.85666
2024-03-27 00:00:00.000000 ,69987.99,71769.54,68359.18,69469.99,49119.35685,3426458581.943344,2453366,24902.3347
2024-03-28 00:00:00.000000 ,69469.99,71552.06,68903.62,70780.6,35439.03239,2500571208.002628,1799897,18007.26883
2024-03-29 00:00:00.000000 ,70780.6,70916.16,69009.0,69850.54,25445.08353,1779608477.3224535,1522607,11839.0929
2024-03-30 00:00:00.000000 ,69850.53,70321.1,69540.0,69582.18,13644.61142,954555919.6855744,1110488,6423.89367
2024-03-31 00:00:00.000000 ,69582.17,71366.0,69562.99,71280.01,19396.34433,1367523707.2612453,1181926,10142.47988
2024-04-01 00:00:00.000000 ,71280.0,71288.23,68062.86,69649.8,41445.32039,2876486469.465523,1893438,20211.15024
2024-04-02 00:00:00.000000 ,69649.81,69674.23,64550.0,65463.99,71799.82793,4750030717.922425,2662410,35520.17401
2024-04-03 00:00:00.000000 ,65463.99,66903.63,64493.07,65963.28,39887.21778,2630556596.1359286,2172096,20618.58747
2024-04-04 00:00:00.000000 ,65963.27,69309.91,65064.52,68487.79,41510.48453,2795469450.572386,2000945,21013.32173
2024-04-05 00:00:00.000000 ,68487.8,68756.67,65952.56,67820.62,37915.23073,2555458935.2360086,1901980,18889.98453
2024-04-06 00:00:00.000000 ,67820.63,69692.0,67447.83,68896.0,20134.28919,1373131967.764819,1171460,9973.86412
2024-04-07 00:00:00.000000 ,68896.0,70326.29,68824.0,69360.39,21534.74433,1496213373.1855776,1269048,11149.90398
2024-04-08 00:00:00.000000 ,69360.38,72797.99,69043.24,71620.0,45723.87624,3270853309.6629424,2037025,25309.90487
2024-04-09 00:00:00.000000 ,71620.0,71758.19,68210.0,69146.0,39293.90242,2749007421.6421075,1804157,18896.53756
2024-04-10 00:00:00.000000 ,69146.0,71172.08,67518.0,70631.08,42006.02377,2901564970.815804,1852170,20269.34809
2024-04-11 00:00:00.000000 ,70631.08,71305.89,69567.21,70006.23,31917.25595,2247473274.6162577,1658995,15908.49124
2024-04-12 00:00:00.000000 ,70006.22,71227.46,65086.86,67116.52,56072.86229,3843551585.321274,2496617,25935.86464
2024-04-13 00:00:00.000000 ,67116.52,67929.0,60660.57,63924.51,71395.22019,4614468627.809045,3341340,33221.6695
2024-04-14 00:00:00.000000 ,63924.52,65840.0,62134.0,65661.84,61599.17818,3946124834.6970353,2657953,29732.29634
2024-04-15 00:00:00.000000 ,65661.85,66867.07,62274.4,63419.99,52389.53069,3398072231.561224,2539048,25206.68008
2024-04-16 00:00:00.000000 ,63419.99,64365.0,61600.0,63793.39,53435.29331,3355338198.446913,2604354,26041.2664
2024-04-17 00:00:00.000000 ,63793.4,64499.0,59678.16,61277.37,50610.54509,3128625247.473853,2458327,24346.74671
2024-04-18 00:00:00.000000 ,61277.38,64117.09,60803.35,63470.08,43601.60918,2726741448.886802,2142511,20870.20705
2024-04-19 00:00:00.000000 ,63470.09,65450.0,59600.01,63818.01,69774.30271,4419893235.183288,2828284,34941.50216
2024-04-20 00:00:00.000000 ,63818.01,65419.0,63090.07,64940.59,23137.42975,1486949581.439479,1376712,11811.8444
2024-04-21 00:00:00.000000 ,64940.58,65695.56,64237.5,64941.15,19316.42152,1254396628.1531763,1390153,9734.71767
2024-04-22 00:00:00.000000 ,64941.15,67232.35,64500.0,66819.32,31397.99371,2071690434.976552,1816591,16466.05497
2024-04-23 00:00:00.000000 ,66819.32,67183.01,65765.81,66414.0,22599.90004,1502139968.7198815,1433915,10854.17402
2024-04-24 00:00:00.000000 ,66414.0,67070.43,63606.06,64289.59,33595.69637,2195714861.657656,1784897,16899.50969
2024-04-25 00:00:00.000000 ,64289.58,65297.94,62794.0,64498.34,31341.46338,2007704069.2622728,1375324,14808.62959
2024-04-26 00:00:00.000000 ,64498.33,64820.01,63297.48,63770.01,27085.19346,1736631357.3537388,1025561,13570.23647
2024-04-27 00:00:00.000000 ,63770.0,63923.41,62391.24,63461.98,20933.06052,1320337707.787116,912422,9903.95325
2024-04-28 00:00:00.000000 ,63461.98,64370.0,62781.0,63118.62,16949.20005,1078450016.4732296,790652,7941.33811
2024-04-29 00:00:00.000000 ,63118.62,64228.35,61765.53,63866.0,28150.22947,1765038324.6837213,1152296,13986.59437
2024-04-30 00:00:00.000000 ,63866.0,64734.0,59191.6,60672.0,54947.65535,3372142467.4322524,1985671,26385.41614
2024-05-01 00:00:00.000000 ,60672.01,60841.63,56552.82,58364.97,81166.46823,4705572361.7402,2401089,38203.57377
2024-05-02 00:00:00.000000 ,58364.97,59625.0,56911.84,59060.61,47583.81961,2778840305.0505786,1572898,23240.7537
2024-05-03 00:00:00.000000 ,59060.6,63333.0,58811.32,62882.01,43628.40143,2658193708.347904,1558661,22145.44334
2024-05-04 00:00:00.000000 ,62882.01,64540.0,62541.03,63892.04,24368.69282,1547468697.8765795,1113509,12671.20599
2024-05-05 00:00:00.000000 ,63892.03,64646.0,62822.17,64012.0,18526.75029,1182572239.5306184,992921,8954.93439
2024-05-06 00:00:00.000000 ,64012.0,65500.0,62700.0,63165.19,34674.91949,2218131198.466132,1392557,17179.56031
2024-05-07 00:00:00.000000 ,63165.18,64422.41,62261.0,62312.08,25598.79472,1624531631.592377,1272898,12502.38281
2024-05-08 00:00:00.000000 ,62312.07,63020.22,60888.0,61193.03,26121.19004,1623561041.1255188,1415152,12669.58179
2024-05-09 00:00:00.000000 ,61193.03,63429.03,60630.0,63074.01,30660.8061,1895849912.773476,1381957,15120.01471
2024-05-10 00:00:00.000000 ,63074.0,63469.13,60187.12,60799.99,36529.34025,2255550468.413852,1500643,18066.83174
2024-05-11 00:00:00.000000 ,60799.99,61515.0,60487.09,60825.99,13374.56936,814928013.4573288,753281,6223.09555
2024-05-12 00:00:00.000000 ,60825.99,61888.0,60610.0,61483.99,12753.13236,781041632.4623835,727113,6416.91108
2024-05-13 00:00:00.000000 ,61484.0,63450.0,60749.21,62940.08,32733.41839,2041896626.6108148,1371433,16717.90863
2024-05-14 00:00:00.000000 ,62940.09,63118.36,61142.77,61577.49,29088.72041,1800171876.1676655,1127939,13815.81443
2024-05-15 00:00:00.000000 ,61577.49,66444.16,61319.47,66206.5,43559.74719,2794259631.8910465,1729454,21797.84094
2024-05-16 00:00:00.000000 ,66206.51,66752.01,64602.77,65235.21,31106.3671,2045507646.8293848,1269793,15645.11263
2024-05-17 00:00:00.000000 ,65235.21,67451.2,65106.38,67024.0,26292.23409,1745971822.3447456,1117254,13301.09525
2024-05-18 00:00:00.000000 ,67024.0,67400.01,66600.0,66915.2,14441.25774,967145944.6835316,734067,6911.13424
2024-05-19 00:00:00.000000 ,66915.2,67700.0,65857.25,66274.01,18025.30409,1204989222.8768685,823729,8692.17507
2024-05-20 00:00:00.000000 ,66274.0,71515.56,66060.31,71446.62,50816.7011,3485474763.752294,1930939,26792.52994
2024-05-21 00:00:00.000000 ,71446.62,71979.0,69162.94,70148.34,49607.4336,3509345769.233608,2137448,24686.27911
2024-05-22 00:00:00.000000 ,70148.34,70666.0,68842.19,69166.62,27673.18026,1931700812.3032143,1371973,13124.78731
2024-05-23 00:00:00.000000 ,69166.62,70096.12,66312.16,67969.65,40513.17374,2766790260.7886024,1827855,19791.15119
2024-05-24 00:00:00.000000 ,67969.66,69250.0,66600.12,68549.99,28095.83664,1906438696.7156007,1165907,14344.29889
2024-05-25 00:00:00.000000 ,68549.99,69610.0,68500.0,69290.57,12130.39418,837339788.9838961,703803,5851.95991
2024-05-26 00:00:00.000000 ,69290.56,69562.23,68128.01,68507.67,11872.11797,818914878.9908898,722849,5934.62083
2024-05-27 00:00:00.000000 ,68507.67,70687.56,68250.0,69436.43,23136.92737,1604722197.8374028,1219341,11709.62174
2024-05-28 00:00:00.000000 ,69436.43,69591.81,67277.91,68398.39,32622.97042,2224860225.799223,1459351,15543.09776
2024-05-29 00:00:00.000000 ,68398.4,68935.68,67124.65,67652.42,23159.83149,1573095221.6483984,1221044,11748.55954
2024-05-30 00:00:00.000000 ,67652.41,69500.0,67128.0,68352.17,28478.2184,1945001081.5215864,1272851,14074.36655
2024-05-31 00:00:00.000000 ,68352.17,69044.1,66670.0,67540.01,26690.32184,1812659052.2496767,1177860,13258.10182
2024-06-01 00:00:00.000000 ,67540.01,67900.0,67428.44,67766.85,8837.66133,598305207.9932046,638484,4235.27045
2024-06-02 00:00:00.000000 ,67766.84,68460.0,67257.47,67765.63,15426.32529,1046827665.3829312,812348,7760.23377
2024-06-03 00:00:00.000000 ,67765.62,70288.0,67612.48,68809.9,29633.374,2047757076.226836,1253789,15308.67275
2024-06-04 00:00:00.000000 ,68809.89,71063.45,68567.32,70537.84,29619.78489,2069902136.99324,1254515,14922.96734
2024-06-05 00:00:00.000000 ,70537.83,71758.0,70383.66,71108.0,28703.18082,2040073765.86764,1055115,14210.23392
2024-06-06 00:00:00.000000 ,71108.0,71700.0,70117.64,70799.06,21842.00449,1551467659.1542966,900226,10287.3911
2024-06-07 00:00:00.000000 ,70799.06,71997.02,68420.0,69355.6,35598.45045,2507250591.3329782,1516415,17318.78051
2024-06-08 00:00:00.000000 ,69355.6,69582.2,69168.02,69310.46,9773.82967,678267390.5310388,714103,4772.23036
2024-06-09 00:00:00.000000 ,69310.46,69857.14,69130.24,69648.14,9890.56709,687344656.0725566,575583,4883.69296
2024-06-10 00:00:00.000000 ,69648.15,70195.94,69172.29,69540.0,17122.66941,1192466549.969123,936731,8412.00246
2024-06-11 00:00:00.000000 ,69540.0,69590.01,66051.0,67314.24,41436.01588,2793799020.4691243,1782415,19839.8232
2024-06-12 00:00:00.000000 ,67314.23,69999.0,66905.0,68263.99,37175.32356,2550285139.184372,1670745,18975.89081
2024-06-13 00:00:00.000000 ,68263.98,68449.3,66251.78,66773.01,29079.55571,1958897960.917292,1518202,13886.14007
2024-06-14 00:00:00.000000 ,66773.01,67370.24,65078.0,66043.99,28408.18797,1884451554.428285,1736314,13619.40861
2024-06-15 00:00:00.000000 ,66043.99,66478.48,65857.1,66228.25,11451.80242,758175888.0283372,700886,5495.02083
2024-06-16 00:00:00.000000 ,66228.25,66998.7,66034.5,66676.87,9392.52223,624653672.6138575,703295,4750.05166
2024-06-17 00:00:00.000000 ,66676.86,67298.81,65130.0,66504.33,27386.16851,1812061226.756565,1542620,13716.89431
2024-06-18 00:00:00.000000 ,66504.33,66588.23,64060.0,65175.32,42350.10244,2755141806.03109,2151711,20076.41361
2024-06-19 00:00:00.000000 ,65175.32,65727.54,64666.0,64974.37,20060.79576,1307731953.9545317,1078458,10289.7818
2024-06-20 00:00:00.000000 ,64974.37,66482.94,64559.15,64869.99,24265.29031,1584896152.16637,1282687,11828.87934
2024-06-21 00:00:00.000000 ,64869.99,65066.66,63379.35,64143.56,25993.56442,1665541539.708616,1362617,12543.2596
2024-06-22 00:00:00.000000 ,64143.56,64546.81,63943.82,64262.01,7308.95542,470027247.3402083,562832,3756.29045
2024-06-23 00:00:00.000000 ,64262.01,64521.0,63178.32,63210.01,8224.45447,526848525.0029452,592759,3974.67964
2024-06-24 00:00:00.000000 ,63210.01,63369.8,58402.0,60293.3,52161.35414,3180853460.924751,2190787,24495.59428
2024-06-25 00:00:00.000000 ,60293.3,62420.0,60257.06,61806.01,31189.24361,1914901308.84587,1277481,15360.08458
2024-06-26 00:00:00.000000 ,61806.01,62487.81,60712.0,60864.99,22485.66463,1381716993.355492,1112152,11435.02653
2024-06-27 00:00:00.000000 ,60864.98,62389.22,60606.63,61706.47,18344.28631,1126705164.782892,1062176,9298.265
2024-06-28 00:00:00.000000 ,61706.46,62225.31,60063.0,60427.84,24821.19255,1519872032.026636,1479626,12661.53908
2024-06-29 00:00:00.000000 ,60427.84,61224.0,60383.77,60986.68,11509.55904,701345872.4881144,767669,5461.68911
2024-06-30 00:00:00.000000 ,60986.68,63058.76,60712.21,62772.01,17326.30136,1070250012.5446604,1108912,8224.44601
2024-07-01 00:00:00.000000 ,62772.01,63861.76,62497.2,62899.99,24547.10538,1550980813.6701343,1461508,12388.60654
2024-07-02 00:00:00.000000 ,62900.0,63288.83,61806.28,62135.47,18573.11875,1160792332.6175597,1308816,9453.17931
2024-07-03 00:00:00.000000 ,62135.46,62285.94,59400.0,60208.58,32160.11127,1945901232.9066567,1839372,15055.45492
2024-07-04 00:00:00.000000 ,60208.57,60498.19,56771.0,57050.01,54568.77276,3168619756.2436485,2523236,24982.98822
2024-07-05 00:00:00.000000 ,57050.02,57546.0,53485.93,56628.79,81348.24756,4515040083.536514,3749255,37926.65162
2024-07-06 00:00:00.000000 ,56628.79,58475.0,56018.0,58230.13,21651.31558,1235398733.4357028,1411065,11083.50401
2024-07-07 00:00:00.000000 ,58230.13,58449.46,55724.37,55857.81,19118.93918,1094135752.4528687,1289229,9081.66872
2024-07-08 00:00:00.000000 ,55857.81,58236.73,54260.16,56714.62,48090.2049,2699942701.375511,2554389,23963.90684
2024-07-09 00:00:00.000000 ,56714.61,58296.0,56289.45,58050.0,27732.20788,1592351321.655387,1757693,14143.25001
2024-07-10 00:00:00.000000 ,58050.0,59470.0,57157.79,57725.85,24951.73799,1452293495.6501489,1766696,12423.53162
2024-07-11 00:00:00.000000 ,57725.85,59650.0,57050.0,57339.89,29761.05735,1728929618.0583844,2157661,15019.30135
2024-07-12 00:00:00.000000 ,57339.89,58526.68,56542.47,57889.1,23652.4569,1360201319.0761504,1749738,11488.82545
2024-07-13 00:00:00.000000 ,57889.09,59850.0,57756.63,59204.02,15357.74519,900429281.1482327,1114391,7889.36244
2024-07-14 00:00:00.000000 ,59204.01,61420.69,59194.01,60797.91,21178.33907,1273562988.611176,1456088,10479.46025
2024-07-15 00:00:00.000000 ,60797.91,64900.0,60632.3,64724.14,38690.9782,2435540879.028933,2600425,19076.54212
2024-07-16 00:00:00.000000 ,64724.06,65388.97,62373.24,65043.99,42530.52915,2725231969.2884507,2484783,21595.04799
2024-07-17 00:00:00.000000 ,65044.0,66128.63,63854.0,64087.99,29567.52954,1922412273.088209,1868671,14616.17013
2024-07-18 00:00:00.000000 ,64087.99,65133.3,63238.48,63987.92,22568.7225,1449872437.6497972,1696742,11288.35191
2024-07-19 00:00:00.000000 ,63987.92,67386.0,63300.67,66660.0,35634.72739,2331517674.368659,2184889,17971.06949
2024-07-20 00:00:00.000000 ,66660.01,67598.0,66222.46,67139.96,14386.92434,961878801.8482212,995093,6868.63454
2024-07-21 00:00:00.000000 ,67139.97,68366.66,65777.0,68165.34,21819.11191,1465757867.9747431,1322942,11412.05459
2024-07-22 00:00:00.000000 ,68165.35,68474.55,66559.97,67532.01,21451.04303,1448418369.8467095,1558140,10263.9504
2024-07-23 00:00:00.000000 ,67532.0,67750.98,65441.08,65936.01,31406.15316,2088544473.323508,1772089,15168.84798
2024-07-24 00:00:00.000000 ,65936.0,67102.01,65111.0,65376.0,23082.56277,1526490826.466997,1391053,10827.75551
2024-07-25 00:00:00.000000 ,65376.01,66175.49,63456.7,65799.95,35126.42934,2266419771.224864,1830360,16579.45258
2024-07-26 00:00:00.000000 ,65799.95,68200.0,65722.63,67907.99,24244.36023,1630839588.6966548,1406982,12444.52129
2024-07-27 00:00:00.000000 ,67908.0,69399.99,66650.0,67896.5,31710.21921,2162335067.023417,1690591,15838.9282
2024-07-28 00:00:00.000000 ,67896.49,68318.43,67066.66,68249.88,10868.69394,736755676.1377451,821210,5403.48694
2024-07-29 00:00:00.000000 ,68249.88,70079.99,66428.0,66784.69,36467.29633,2499265962.091455,1952812,18196.23316
2024-07-30 00:00:00.000000 ,66784.68,67000.0,65302.67,66188.0,23132.25441,1533270724.799421,1622083,11096.82554
2024-07-31 00:00:00.000000 ,66188.0,66849.24,64530.0,64628.0,22625.43905,1489443332.5960116,1609976,10818.48504
2024-08-01 00:00:00.000000 ,64628.01,65659.78,62302.0,65354.02,35542.26854,2270877792.65868,2397257,16886.93292
2024-08-02 00:00:00.000000 ,65354.02,65596.14,61230.01,61498.33,38820.42937,2469588785.6981573,2457735,18202.35794
2024-08-03 00:00:00.000000 ,61498.34,62198.22,59850.0,60697.99,28034.71567,1711555901.18011,1669555,12947.95791
2024-08-04 00:00:00.000000 ,60697.99,61117.63,57122.77,58161.0,31616.52003,1874490041.5437355,1886195,14556.6247
2024-08-05 00:00:00.000000 ,58161.0,58305.59,49000.0,54018.81,162065.59186,8580928177.429902,7568497,77363.26323
2024-08-06 00:00:00.000000 ,54018.82,57040.99,53950.0,56022.01,55884.77676,3119018848.329888,3433824,27934.19288
2024-08-07 00:00:00.000000 ,56022.0,57736.05,54558.62,55134.16,44269.37684,2490553853.602583,2397504,21897.14983
2024-08-08 00:00:00.000000 ,55133.76,62745.14,54730.0,61685.99,48349.52949,2836312292.4318185,2603042,25676.29533
2024-08-09 00:00:00.000000 ,61686.0,61744.37,59535.0,60837.99,30972.48017,1878350555.5122635,1827809,15023.05073
2024-08-10 00:00:00.000000 ,60837.99,61470.58,60242.0,60923.51,9995.20621,607372221.2460399,800499,4893.63854
2024-08-11 00:00:00.000000 ,60923.51,61858.0,58286.73,58712.59,19189.84512,1152081498.1567774,1319469,9094.74521
2024-08-12 00:00:00.000000 ,58712.59,60711.09,57642.21,59346.64,37009.91743,2186851067.316586,2293837,18279.26596
2024-08-13 00:00:00.000000 ,59346.64,61578.1,58392.88,60587.15,27858.95851,1668247896.8477187,1713485,13647.22341
2024-08-14 00:00:00.000000 ,60587.16,61800.0,58433.18,58683.39,28422.76326,1705464263.505865,1729342,13263.8962
2024-08-15 00:00:00.000000 ,58683.39,59849.38,56078.54,57541.06,37686.17622,2194915865.052229,2507858,17255.22311
2024-08-16 00:00:00.000000 ,57541.05,59817.76,57098.62,58874.6,27610.84344,1614654900.3332715,1999539,13963.51824
2024-08-17 00:00:00.000000 ,58874.59,59700.0,58785.05,59491.99,7721.72931,457737705.7722839,807159,3871.6531
2024-08-18 00:00:00.000000 ,59491.99,60284.99,58408.92,58427.35,13634.85717,813166580.7264851,1099730,6660.58254
2024-08-19 00:00:00.000000 ,58427.35,59617.63,57787.3,59438.5,22809.31251,1336287900.197634,1636295,11350.30776
2024-08-20 00:00:00.000000 ,59438.5,61400.0,58548.23,59013.8,31477.44548,1890620149.79102,1904519,16041.22019
2024-08-21 00:00:00.000000 ,59013.8,61820.93,58783.47,61156.03,27983.6422,1682529555.0960546,1981525,14156.90984
2024-08-22 00:00:00.000000 ,61156.03,61400.0,59724.87,60375.84,21241.20588,1288544247.9560175,1718280,10269.33376
2024-08-23 00:00:00.000000 ,60375.83,64955.0,60342.14,64037.24,38118.07089,2375916932.7935486,2555682,20372.88336
2024-08-24 00:00:00.000000 ,64037.24,64494.5,63531.0,64157.01,15857.15616,1015774255.1740764,1551856,7643.02686
2024-08-25 00:00:00.000000 ,64157.02,65000.0,63773.27,64220.0,12305.47977,789935122.9930241,1263065,6315.72233
2024-08-26 00:00:00.000000 ,64219.99,64481.0,62800.0,62834.0,19470.05276,1238341818.4320166,2152841,8995.67609
2024-08-27 00:00:00.000000 ,62834.0,63212.0,58034.01,59415.0,35135.94178,2158144642.992993,2995281,15873.1536
2024-08-28 00:00:00.000000 ,59415.0,60234.98,57860.0,59034.9,36868.54275,2183054412.974087,3664134,17135.91162
2024-08-29 00:00:00.000000 ,59034.9,61166.99,58713.09,59359.01,27020.90743,1617931684.258576,2743900,13152.3859
2024-08-30 00:00:00.000000 ,59359.0,59944.07,57701.1,59123.99,28519.32195,1680918972.4658496,2845696,13783.34749
2024-08-31 00:00:00.000000 ,59123.99,59462.38,58744.0,58973.99,8798.409,519849184.8690447,895944,4195.93079
2024-09-01 00:00:00.000000 ,58974.0,59076.59,57201.0,57301.86,20705.15741,1202176847.3910584,2153180,9651.50531
2024-09-02 00:00:00.000000 ,57301.77,59425.69,57128.0,59132.13,22895.01461,1333092369.4465685,1966119,11295.25452
2024-09-03 00:00:00.000000 ,59132.12,59809.65,57415.0,57487.73,22828.18447,1335076815.8599248,2208758,10979.79204
2024-09-04 00:00:00.000000 ,57487.74,58519.0,55606.0,57970.9,35560.82146,2027630870.179676,3177549,16861.75483
2024-09-05 00:00:00.000000 ,57970.9,58327.07,55643.65,56180.0,27806.91413,1577770853.1007977,3368058,12955.8897
2024-09-06 00:00:00.000000 ,56180.0,57008.0,52550.0,53962.97,54447.76826,2988914918.9243345,5287281,25325.18849
2024-09-07 00:00:00.000000 ,53962.97,54850.0,53745.54,54160.86,16694.04774,905693342.5898322,1920923,8023.90683
2024-09-08 00:00:00.000000 ,54160.86,55318.0,53629.01,54869.95,16274.14779,885743172.9184759,1796092,8031.76084
2024-09-09 00:00:00.000000 ,54869.95,58088.0,54591.96,57042.0,32384.51737,1809715390.0493293,3355912,16412.83148
2024-09-10 00:00:00.000000 ,57042.01,58044.36,56386.4,57635.99,23626.78126,1349365460.0900571,2843148,11690.37506
2024-09-11 00:00:00.000000 ,57635.99,57981.71,55545.19,57338.0,33026.56757,1875738697.378416,4045103,15979.30786
2024-09-12 00:00:00.000000 ,57338.0,58588.0,57324.0,58132.32,31074.40631,1802848638.0757017,3706764,14783.00418
2024-09-13 00:00:00.000000 ,58132.31,60625.0,57632.62,60498.0,29825.23333,1760671733.5492997,3378012,15395.13731
2024-09-14 00:00:00.000000 ,60497.99,60610.45,59400.0,59993.03,12137.90901,728527024.3416963,1288784,5570.22098
2024-09-15 00:00:00.000000 ,59993.02,60395.8,58691.05,59132.0,13757.92361,822410872.3906957,1552950,6431.24697
2024-09-16 00:00:00.000000 ,59132.0,59210.7,57493.3,58213.99,26477.5642,1543273198.7027452,3145152,12859.7584
2024-09-17 00:00:00.000000 ,58213.99,61320.0,57610.01,60313.99,33116.25878,1983378424.775704,3918209,16390.65993
2024-09-18 00:00:00.000000 ,60313.99,61786.24,59174.8,61759.99,36087.02469,2174000496.820776,5167671,18429.59712
2024-09-19 00:00:00.000000 ,61759.98,63850.0,61555.0,62947.99,34332.52608,2153175931.173872,4438284,17609.62958
2024-09-20 00:00:00.000000 ,62948.0,64133.32,62350.0,63201.05,25466.37794,1611195963.9908044,3969296,12411.32227
2024-09-21 00:00:00.000000 ,63201.05,63559.9,62758.0,63348.96,8375.34608,528657852.3183024,1283611,3877.73743
2024-09-22 00:00:00.000000 ,63348.97,64000.0,62357.93,63578.76,14242.19892,897477338.3735126,2145736,6923.17369
2024-09-23 00:00:00.000000 ,63578.76,64745.88,62538.75,63339.99,24078.05287,1531015038.3680267,3999187,12331.07643
2024-09-24 00:00:00.000000 ,63339.99,64688.0,62700.0,64262.7,23185.04759,1472720338.8562915,3870157,11522.89363
2024-09-25 00:00:00.000000 ,64262.7,64817.99,62947.08,63152.01,17813.11168,1135250828.2732148,3355531,8384.67983
2024-09-26 00:00:00.000000 ,63152.01,65839.0,62670.0,65173.99,28373.30593,1831204595.9448967,4361333,15041.9886
2024-09-27 00:00:00.000000 ,65173.99,66498.0,64819.9,65769.95,22048.80487,1448852210.3602211,3498529,11092.85716
2024-09-28 00:00:00.000000 ,65769.95,66260.0,65422.23,65858.0,9127.23316,600118483.1222521,1341703,4501.22534
2024-09-29 00:00:00.000000 ,65858.0,66076.12,65432.0,65602.01,8337.74111,547980013.7152303,1413449,4132.9378
2024-09-30 00:00:00.000000 ,65602.01,65618.8,62856.3,63327.59,30011.08752,1920250261.744216,3978584,14451.93044
2024-10-01 00:00:00.000000 ,63327.6,64130.63,60164.0,60805.78,43671.48108,2723672081.8326254,5607069,20951.74486
2024-10-02 00:00:00.000000 ,60804.92,62390.31,60000.0,60649.28,31534.70118,1928377637.836784,5313210,15719.32519
2024-10-03 00:00:00.000000 ,60649.27,61477.19,59828.11,60752.71,26221.43472,1590773866.8074434,5244004,12906.51464
2024-10-04 00:00:00.000000 ,60752.72,62484.85,60459.9,62086.0,21294.65994,1311145630.5020497,3798631,10689.34488
2024-10-05 00:00:00.000000 ,62086.0,62370.56,61689.26,62058.0,7807.46141,484588468.3419123,1183175,3690.55536
2024-10-06 00:00:00.000000 ,62058.01,62975.0,61798.97,62819.91,8906.86177,555669634.4773513,1556553,4798.29924
2024-10-07 00:00:00.000000 ,62819.91,64478.19,62128.0,62224.0,25966.1852,1646315506.5791943,4809342,12760.73415
2024-10-08 00:00:00.000000 ,62224.01,63200.0,61860.31,62160.49,19702.22371,1230076253.818657,3798438,9614.36947
2024-10-09 00:00:00.000000 ,62160.5,62543.75,60301.0,60636.02,20011.15684,1234778807.5932417,3668363,9454.70171
2024-10-10 00:00:00.000000 ,60636.01,61321.68,58946.0,60326.39,23967.92481,1445604381.9363792,3872577,10827.77272
2024-10-11 00:00:00.000000 ,60326.4,63417.56,60087.64,62540.0,23641.35209,1462219576.8498647,3222180,12099.56755
2024-10-12 00:00:00.000000 ,62539.99,63480.0,62487.23,63206.22,10911.30116,686978508.9887543,1770837,5196.91695
2024-10-13 00:00:00.000000 ,63206.23,63285.72,62050.0,62870.02,11909.21995,746564374.2082387,2242529,5855.04617
2024-10-14 00:00:00.000000 ,62870.02,66500.0,62457.81,66083.99,37669.95222,2450094472.8135448,4977577,19941.11906
2024-10-15 00:00:00.000000 ,66084.0,67950.0,64800.01,67074.14,43683.95423,2894021862.319518,6245619,21820.682
2024-10-16 00:00:00.000000 ,67074.14,68424.0,66750.49,67620.01,29938.25544,2024560410.106268,5109685,15212.87402
2024-10-17 00:00:00.000000 ,67620.0,67939.4,66666.0,67421.78,25328.22861,1702164439.5654595,3981960,12153.94712
2024-10-18 00:00:00.000000 ,67421.78,69000.0,67192.36,68428.0,28725.635,1959735899.8769643,4010969,14218.1785
2024-10-19 00:00:00.000000 ,68427.99,68693.26,68010.0,68378.0,8193.66737,559628628.9613105,1152428,4071.19627
2024-10-20 00:00:00.000000 ,68377.99,69400.0,68100.0,69031.99,12442.47378,854082429.8105861,1563795,6772.92574
2024-10-21 00:00:00.000000 ,69032.0,69519.52,66840.67,67377.5,31374.42184,2130833593.5466976,3686777,13593.60828
2024-10-22 00:00:00.000000 ,67377.5,67836.01,66571.42,67426.0,24598.96268,1654285791.6605556,3669291,12400.51857
2024-10-23 00:00:00.000000 ,67426.01,67472.83,65260.0,66668.65,25530.2407,1695101430.9187467,3807365,11888.33995
2024-10-24 00:00:00.000000 ,66668.65,68850.0,66510.0,68198.28,22589.83877,1526736320.912938,3797462,11502.58514
2024-10-25 00:00:00.000000 ,68198.27,68771.49,65596.29,66698.33,34479.71125,2320667435.2932534,5332593,16031.032
2024-10-26 00:00:00.000000 ,66698.32,67454.55,66439.9,67092.76,11842.9077,792887047.147892,2373501,6069.18986
2024-10-27 00:00:00.000000 ,67092.76,68332.05,66913.73,68021.7,8653.19592,585006148.4704809,1771989,4417.7362
2024-10-28 00:00:00.000000 ,68021.69,70270.0,67618.0,69962.21,29046.75459,2005105729.8174448,4432446,15218.34976
2024-10-29 00:00:00.000000 ,69962.21,73620.12,69760.0,72736.42,50128.60594,3602465986.891757,5645430,26898.46516
2024-10-30 00:00:00.000000 ,72736.41,72961.0,71436.0,72344.74,26885.99056,1941210537.2882867,4040734,13487.21433
2024-10-31 00:00:00.000000 ,72344.75,72700.0,69685.76,70292.01,29352.10297,2091144977.4946847,4525542,14205.13879
2024-11-01 00:00:00.000000 ,70292.01,71632.95,68820.14,69496.01,38301.86755,2677358022.00497,4569271,18044.1622
2024-11-02 00:00:00.000000 ,69496.0,69914.37,69000.14,69374.74,10521.67243,731232427.6311549,1603561,5227.50713
2024-11-03 00:00:00.000000 ,69374.74,69391.0,67478.73,68775.99,24995.70243,1709666206.4062023,3668029,12277.58177
2024-11-04 00:00:00.000000 ,68775.99,69500.0,66835.0,67850.01,29800.39187,2033902307.002776,5377048,14927.24077
2024-11-05 00:00:00.000000 ,67850.01,70577.91,67476.63,69372.01,33355.06888,2310418908.069922,4955644,17059.88663
2024-11-06 00:00:00.000000 ,69372.01,76400.0,69298.0,75571.99,104126.994787,7702283270.25801,8434184,53243.884427
2024-11-07 00:00:00.000000 ,75571.99,76849.99,74416.0,75857.89,44869.422345,3391796661.971956,5207722,21805.460295
2024-11-08 00:00:00.000000 ,75857.89,77199.99,75555.0,76509.78,36521.099583,2784449097.5315185,4877489,17555.393633
2024-11-09 00:00:00.000000 ,76509.78,76900.0,75714.66,76677.46,16942.07915,1294709001.60289,2585264,8032.79327
2024-11-10 00:00:00.000000 ,76677.46,81500.0,76492.0,80370.01,61830.100435,4905441473.900737,7128598,32751.012177
2024-11-11 00:00:00.000000 ,80370.01,89530.54,80216.01,88647.99,82323.665776,6944268709.94272,9348890,42837.295314
2024-11-12 00:00:00.000000 ,88648.0,89940.0,85072.0,87952.01,97299.887911,8540084566.279818,11499058,49589.333451
2024-11-13 00:00:00.000000 ,87952.0,93265.64,86127.99,90375.2,86763.854127,7790928962.043038,11962100,44342.329327
2024-11-14 00:00:00.000000 ,90375.21,91790.0,86668.21,87325.59,56729.51086,5073860815.928665,9828858,27940.856
2024-11-15 00:00:00.000000 ,87325.59,91850.0,87073.38,91032.07,47927.95068,4276238971.181429,8009111,24800.61087
2024-11-16 00:00:00.000000 ,91032.08,91779.66,90056.17,90586.92,22717.87689,2067958511.904848,4239455,11496.31366
2024-11-17 00:00:00.000000 ,90587.98,91449.99,88722.0,89855.99,23867.55609,2153871724.810395,4930719,11852.78227
2024-11-18 00:00:00.000000 ,89855.98,92594.0,89376.9,90464.08,46545.03448,4239909950.6618943,7161125,23628.87098
2024-11-19 00:00:00.000000 ,90464.07,93905.51,90357.0,92310.79,43660.04682,4025108502.8496137,5647789,22127.852724
2024-11-20 00:00:00.000000 ,92310.8,94831.97,91500.0,94286.56,42203.198712,3950932314.6460686,7365987,20425.307962
2024-11-21 00:00:00.000000 ,94286.56,98988.0,94040.0,98317.12,69228.360477,6722807908.325656,9048605,35424.063227
2024-11-22 00:00:00.000000 ,98317.12,99588.01,97122.11,98892.0,46189.309243,4555536773.363205,7271311,22709.668193
2024-11-23 00:00:00.000000 ,98892.0,98908.85,97136.0,97672.4,24757.84367,2431609866.3295145,3839138,11176.2487
2024-11-24 00:00:00.000000 ,97672.4,98564.0,95734.77,97900.04,31200.97838,3034172011.9517884,4964720,15124.12176
2024-11-25 00:00:00.000000 ,97900.05,98871.8,92600.19,93010.01,50847.45096,4883444806.322193,8289691,23486.92705
2024-11-26 00:00:00.000000 ,93010.01,94973.37,90791.1,91965.16,57858.73138,5370918648.818167,10225809,29120.26765
2024-11-27 00:00:00.000000 ,91965.16,97208.21,91792.14,95863.11,41153.42734,3894358511.6175647,6648690,20316.58245
2024-11-28 00:00:00.000000 ,95863.11,96564.0,94640.0,95643.98,28814.54357,2749861591.2596097,4988161,14805.69321
2024-11-29 00:00:00.000000 ,95643.99,98619.99,95364.99,97460.0,27701.78231,2690451030.634288,5094070,13840.21172
2024-11-30 00:00:00.000000 ,97460.0,97463.95,96092.01,96407.99,14503.83306,1402672950.6998208,3354759,7075.91503
2024-12-01 00:00:00.000000 ,96407.99,97836.0,95693.88,97185.18,16938.60452,1641327626.6062205,3342200,8114.89569
2024-12-02 00:00:00.000000 ,97185.17,98130.0,94395.0,95840.62,37958.66981,3646639621.737588,7560103,18821.93327
2024-12-03 00:00:00.000000 ,95840.61,96305.52,93578.17,95849.69,35827.32283,3413995542.018656,5361712,17339.11167
2024-12-04 00:00:00.000000 ,95849.69,99000.0,94587.83,98587.32,43850.53728,4241994533.7861056,6648724,22033.60112
2024-12-05 00:00:00.000000 ,98587.32,104088.0,90500.0,96945.63,109921.729662,11048002942.149933,12012364,56235.078356
2024-12-06 00:00:00.000000 ,96945.63,101898.99,95981.72,99740.84,45049.5331,4456641685.364444,6919102,21999.62416
2024-12-07 00:00:00.000000 ,99740.84,100439.18,98844.0,99831.99,14931.9459,1487953846.8385458,2634566,6776.55
2024-12-08 00:00:00.000000 ,99831.99,101351.0,98657.7,101109.59,14612.99688,1459576946.402151,2994709,7152.80173
2024-12-09 00:00:00.000000 ,101109.6,101215.93,94150.05,97276.47,53949.11595,5283626995.705648,8445872,25472.08477
2024-12-10 00:00:00.000000 ,97276.48,98270.0,94256.54,96593.0,51708.68933,4988660195.092429,11556189,24523.09586
2024-12-11 00:00:00.000000 ,96593.0,101888.0,95658.24,101125.0,37753.78291,3745703763.01845,8250511,19112.84559
2024-12-12 00:00:00.000000 ,101125.0,102540.0,99311.64,100004.29,29232.08745,2949462583.8661704,8066322,14175.88661
2024-12-13 00:00:00.000000 ,100004.29,101895.26,99205.0,101424.25,21904.03923,2203903393.0741005,5481660,10669.09365
2024-12-14 00:00:00.000000 ,101424.24,102650.0,100609.41,101420.0,14191.70326,1441594367.0463192,3374538,6790.24676
2024-12-15 00:00:00.000000 ,101420.0,105250.0,101237.14,104463.99,22228.921775,2290462903.835791,3638809,12668.894355
2024-12-16 00:00:00.000000 ,104463.99,107793.07,103333.0,106058.66,41302.40274,4364964400.634553,8048054,20349.0995
2024-12-17 00:00:00.000000 ,106058.65,108353.0,105321.49,106133.74,29064.936466,3103833327.775107,7212799,14187.320446
2024-12-18 00:00:00.000000 ,106133.74,106524.98,100000.0,100204.01,50307.99755,5194263316.259236,8762120,23308.37525
2024-12-19 00:00:00.000000 ,100204.01,102800.11,95700.0,97461.86,55147.398,5487546517.707753,7273941,26898.63715
2024-12-20 00:00:00.000000 ,97461.86,98233.0,92232.54,97805.44,62884.1357,6022845238.832326,7429007,29463.23021
2024-12-21 00:00:00.000000 ,97805.44,99540.61,96398.39,97291.99,23483.54143,2296232055.195926,3717638,11726.94119
2024-12-22 00:00:00.000000 ,97292.0,97448.08,94250.35,95186.27,19353.83036,1857819866.3604,3633551,9293.39749
2024-12-23 00:00:00.000000 ,95186.28,96538.92,92520.0,94881.47,32810.76703,3100007213.494563,5464919,16339.58355
2024-12-24 00:00:00.000000 ,94881.47,99487.99,93569.02,98663.58,23674.22488,2287214424.706476,3421549,11969.2539
2024-12-25 00:00:00.000000 ,98663.58,99569.15,97632.02,99429.6,14474.1651,1426143976.0493636,3283028,7006.5265
2024-12-26 00:00:00.000000 ,99429.61,99963.7,95199.14,95791.6,21192.36727,2049123567.3867724,5203490,10071.87249
2024-12-27 00:00:00.000000 ,95791.6,97544.58,93500.01,94299.03,26501.26429,2528567849.7794614,5718866,12945.51657
2024-12-28 00:00:00.000000 ,94299.03,95733.99,94135.66,95300.0,8385.8929,794651624.8349556,2732061,4203.59876
2024-12-29 00:00:00.000000 ,95300.0,95340.0,93009.52,93738.2,13576.00578,1278370863.9768472,2865838,5651.38589
2024-12-30 00:00:00.000000 ,93738.19,95024.5,91530.45,92792.05,27619.4225,2573126059.769478,5560563,13092.19646
2024-12-31 00:00:00.000000 ,92792.05,96250.0,92033.73,93576.0,19612.03389,1845718801.922704,3347847,9687.96775
2025-01-01 00:00:00.000000 ,93576.0,95151.15,92888.0,94591.79,10373.32613,975444194.1379983,1516556,5347.73648
2025-01-02 00:00:00.000000 ,94591.78,97839.5,94392.0,96984.79,21970.48948,2118411852.68128,3569079,10915.96986
2025-01-03 00:00:00.000000 ,96984.79,98976.91,96100.01,98174.18,15253.82936,1486610768.5907917,2851164,7468.60797
2025-01-04 00:00:00.000000 ,98174.17,98778.43,97514.79,98220.5,8990.05651,881223751.6353604,1559982,4350.80221
2025-01-05 00:00:00.000000 ,98220.51,98836.85,97276.79,98363.61,8095.63723,793931715.9546323,1685799,3877.90985
2025-01-06 00:00:00.000000 ,98363.61,102480.0,97920.0,102235.6,25263.43375,2540561688.7771435,3853702,12539.59534
2025-01-07 00:00:00.000000 ,102235.6,102724.38,96181.81,96954.61,32059.87537,3170421659.717236,4480562,14815.11453
2025-01-08 00:00:00.000000 ,96954.6,97268.65,92500.9,95060.61,33704.67894,3205849081.112962,5171208,15803.85091
2025-01-09 00:00:00.000000 ,95060.61,95382.32,91203.67,92552.49,34544.83685,3217669887.2453976,6027161,15323.62663
2025-01-10 00:00:00.000000 ,92552.49,95836.0,92206.02,94726.11,31482.86424,2962085343.283704,5531444,15617.43823
2025-01-11 00:00:00.000000 ,94726.1,95050.94,93831.73,94599.99,7047.9043,665685994.93301,1496191,3412.37671
2025-01-12 00:00:00.000000 ,94599.99,95450.1,93711.19,94545.06,8606.86622,813278829.6583949,1658863,4028.33031
2025-01-13 00:00:00.000000 ,94545.07,95940.0,89256.69,94536.1,42619.56423,3930666134.3474574,5740963,19473.88042
2025-01-14 00:00:00.000000 ,94536.11,97371.0,94346.22,96560.86,27846.61753,2676048470.3569503,4532923,14248.69616
2025-01-15 00:00:00.000000 ,96560.85,100681.94,96500.0,100497.35,30509.99179,3006242382.8867946,3487945,15494.17873
2025-01-16 00:00:00.000000 ,100497.35,100866.66,97335.13,99987.3,27832.85317,2765162040.639799,3762755,13513.53707
2025-01-17 00:00:00.000000 ,99987.3,105865.22,99950.77,104077.48,39171.85292,4040993985.475047,3886907,20673.213
2025-01-18 00:00:00.000000 ,104077.47,104988.88,102277.55,104556.23,24307.82998,2521522119.379525,3403162,11607.51274
2025-01-19 00:00:00.000000 ,104556.23,106422.43,99651.6,101331.57,43397.28298,4513423971.410252,5271920,21079.51082
2025-01-20 00:00:00.000000 ,101331.57,109588.0,99550.0,102260.01,89529.231732,9398787064.320717,11597937,44770.529492
2025-01-21 00:00:00.000000 ,102260.0,107240.81,100119.04,106143.82,45941.02002,4768512258.156501,6842980,23227.02741
2025-01-22 00:00:00.000000 ,106143.82,106394.46,103339.12,103706.66,22248.69254,2331144640.658579,4364035,10501.59306
2025-01-23 00:00:00.000000 ,103706.66,106850.0,101262.28,103910.34,53953.12031,5610760848.131639,6961383,27045.92646
2025-01-24 00:00:00.000000 ,103910.35,107120.0,102750.0,104870.5,23609.24017,2483818574.373748,4798886,11893.4605
2025-01-25 00:00:00.000000 ,104870.51,105286.52,104106.09,104746.85,9068.32377,949511531.3578016,1770765,4462.60438
2025-01-26 00:00:00.000000 ,104746.86,105500.0,102520.44,102620.0,9812.51238,1024352365.4715524,1813011,4642.17247
2025-01-27 00:00:00.000000 ,102620.01,103260.0,97777.77,102082.83,50758.1341,5092886322.829244,9368910,23529.22433
2025-01-28 00:00:00.000000 ,102082.83,103800.0,100272.68,101335.52,22022.05765,2253977324.0362086,5428644,10756.64741
2025-01-29 00:00:00.000000 ,101335.52,104782.68,101328.01,103733.24,23155.35802,2380383694.772136,5189699,11675.17182
2025-01-30 00:00:00.000000 ,103733.25,106457.44,103278.54,104722.94,19374.07472,2038112603.5126407,3990075,10140.92834
2025-01-31 00:00:00.000000 ,104722.94,106012.0,101560.0,102429.56,21983.18193,2282174002.1952176,4331904,10697.39968
2025-02-01 00:00:00.000000 ,102429.56,102783.71,100279.51,100635.65,12290.95747,1250354228.2372296,2588786,5625.89331
2025-02-02 00:00:00.000000 ,100635.66,101456.6,96150.0,97700.59,34619.49939,3412084312.583628,7202339,15587.16669
2025-02-03 00:00:00.000000 ,97700.59,102500.01,91231.0,101328.52,75164.7385,7228589180.71162,10625262,36736.56946
2025-02-04 00:00:00.000000 ,101328.51,101732.31,96150.0,97763.13,40267.98697,3989698644.26493,6618911,19091.58154
2025-02-05 00:00:00.000000 ,97763.14,99149.0,96155.0,96612.43,26233.30444,2562342153.829685,4471763,11032.55174
2025-02-06 00:00:00.000000 ,96612.44,99120.0,95676.64,96554.35,23515.20405,2289071921.21756,4242807,11261.53049
2025-02-07 00:00:00.000000 ,96554.35,100137.99,95620.34,96506.8,31794.22065,3107592434.6738343,5012456,15249.3537
2025-02-08 00:00:00.000000 ,96506.8,96880.0,95688.0,96444.74,10147.24294,977040267.5158632,1757892,4450.52682
2025-02-09 00:00:00.000000 ,96444.75,97323.09,94713.0,96462.75,14120.91613,1359495152.3107977,2293192,6663.72875
2025-02-10 00:00:00.000000 ,96462.75,98345.0,95256.0,97430.82,20572.87537,1999112052.6687863,3475919,9607.62329
2025-02-11 00:00:00.000000 ,97430.82,98478.42,94876.88,95778.2,18647.76379,1806534846.38632,3716586,8594.50066
2025-02-12 00:00:00.000000 ,95778.21,98119.99,94088.23,97869.99,29151.16625,2800142168.3943653,4992737,13820.70553
2025-02-13 00:00:00.000000 ,97870.0,98083.91,95217.36,96608.14,19921.77616,1916988246.3921185,3909456,8852.16215
2025-02-14 00:00:00.000000 ,96608.13,98826.0,96252.82,97500.48,18173.02646,1768073218.8690157,3499564,9061.31682
2025-02-15 00:00:00.000000 ,97500.47,97972.26,97223.58,97569.66,7349.37683,717245393.778092,1694327,3579.14202
2025-02-16 00:00:00.000000 ,97569.67,97704.47,96046.18,96118.12,8191.4249,794694242.2949731,1596701,3719.73063
2025-02-17 00:00:00.000000 ,96118.12,97046.59,95205.0,95780.0,16492.0451,1584593526.1754675,2831237,8010.41565
2025-02-18 00:00:00.000000 ,95780.01,96753.91,93388.09,95671.74,23368.19471,2223994802.892005,4234248,11432.47367
2025-02-19 00:00:00.000000 ,95671.74,96899.99,95029.99,96644.37,16438.50954,1576817572.1032505,2784225,7173.61807
2025-02-20 00:00:00.000000 ,96644.37,98711.36,96415.09,98305.0,17057.39177,1663386824.7315507,2386973,8356.42859
2025-02-21 00:00:00.000000 ,98305.01,99475.0,94871.95,96181.98,32249.2814,3143975917.573464,4528525,15313.58184
2025-02-22 00:00:00.000000 ,96181.99,96980.0,95770.49,96551.01,11268.17708,1087077133.8226364,1506418,5293.28051
2025-02-23 00:00:00.000000 ,96551.01,96650.0,95227.94,96258.0,10884.84913,1044392011.791024,1457368,4619.93267
2025-02-24 00:00:00.000000 ,96258.0,96500.0,91349.26,91552.88,31550.10299,2981809595.445377,4972684,14438.63366
2025-02-25 00:00:00.000000 ,91552.88,92540.69,86050.99,88680.4,78333.11111,6962982500.904473,10289145,35822.15275
2025-02-26 00:00:00.000000 ,88680.39,89414.15,82256.01,84250.09,56893.54409,4898429925.636476,8490006,28077.1845
2025-02-27 00:00:00.000000 ,84250.09,87078.46,82716.49,84708.58,42505.45439,3618738891.222162,6357581,20355.71969
2025-02-28 00:00:00.000000 ,84708.57,85120.0,78258.52,84349.94,83648.03969,6806705236.69068,11344216,40224.85287
2025-03-01 00:00:00.000000 ,84349.95,86558.0,83824.78,86064.53,25785.05464,2194003507.852643,3700728,11748.10769
2025-03-02 00:00:00.000000 ,86064.54,95000.0,85050.6,94270.0,54889.09045,4972549515.788669,7403218,29273.81031
2025-03-03 00:00:00.000000 ,94269.99,94416.46,85117.11,86220.61,59171.10218,5321123743.471923,9797860,27915.4365
2025-03-04 00:00:00.000000 ,86221.16,88967.52,81500.0,87281.98,55609.10706,4704901219.590436,10326631,27584.7159
2025-03-05 00:00:00.000000 ,87281.98,91000.0,86334.53,90606.01,38264.01163,3400243670.304976,8070266,19230.28436
2025-03-06 00:00:00.000000 ,90606.0,92810.64,87836.0,89931.89,34342.44902,3105145628.3994,7643526,17283.99411
2025-03-07 00:00:00.000000 ,89931.88,91283.02,84667.03,86801.75,57980.35713,5097554826.613157,9510442,28394.41537
2025-03-08 00:00:00.000000 ,86801.74,86897.25,85218.47,86222.45,12989.23054,1119358968.6520057,2553974,6491.56581
2025-03-09 00:00:00.000000 ,86222.46,86500.0,80000.0,80734.37,26115.39345,2173552660.45448,5189138,12093.87232
2025-03-10 00:00:00.000000 ,80734.48,84123.46,77459.91,78595.86,47633.38405,3834924947.7581854,8701538,22898.57072
2025-03-11 00:00:00.000000 ,78595.86,83617.4,76606.0,82932.99,48770.06853,3927000827.110792,6983310,24029.1677
2025-03-12 00:00:00.000000 ,82932.99,84539.85,80607.65,83680.12,31933.986,2638600996.825396,5253577,15749.41702
2025-03-13 00:00:00.000000 ,83680.12,84336.33,79939.9,81115.78,27546.27412,2260870111.2393894,4367093,13013.18135
2025-03-14 00:00:00.000000 ,81115.78,85309.71,80818.84,83983.2,26858.52755,2244729595.541172,3290987,14082.88688
2025-03-15 00:00:00.000000 ,83983.19,84676.28,83618.0,84338.44,11324.7332,953445671.8337504,1329670,5195.29128
2025-03-16 00:00:00.000000 ,84338.44,85117.04,81981.12,82574.53,17596.12531,1468056556.296723,2767947,8505.95317
2025-03-17 00:00:00.000000 ,82574.52,84756.83,82456.0,84010.03,17214.74358,1437716814.046874,3014756,8387.89111
2025-03-18 00:00:00.000000 ,84010.02,84021.74,81134.66,82715.03,17610.89883,1450813055.479726,3126371,8047.23418
2025-03-19 00:00:00.000000 ,82715.03,87000.0,82547.16,86845.94,28151.05374,2375813941.9437623,3774761,13804.24847
2025-03-20 00:00:00.000000 ,86845.93,87453.67,83655.23,84223.39,22090.30463,1885241921.155652,3252595,10163.59262
2025-03-21 00:00:00.000000 ,84223.38,84850.33,83175.25,84088.79,11956.97443,1005135519.2560016,2360005,5466.41961
2025-03-22 00:00:00.000000 ,84088.79,84539.17,83625.1,83840.59,5420.22114,456235443.8016521,864481,2284.19178
2025-03-23 00:00:00.000000 ,83840.59,86129.64,83809.75,86082.5,8461.97813,718692319.1499039,1206533,4424.81013
2025-03-24 00:00:00.000000 ,86082.5,88765.43,85519.09,87498.16,30115.62111,2636765917.951844,2916713,14379.95578
2025-03-25 00:00:00.000000 ,87498.16,88539.63,86310.0,87392.87,22643.25248,1979571590.8982933,2802815,9440.56294
2025-03-26 00:00:00.000000 ,87392.88,88275.0,85860.0,86909.17,18408.78485,1606406955.5864632,2380154,8590.97753
2025-03-27 00:00:00.000000 ,86909.17,87756.39,85800.0,87232.01,17098.03897,1487968807.7079022,2376381,8185.05517
2025-03-28 00:00:00.000000 ,87232.01,87515.67,83585.0,84424.38,27182.73169,2309946560.664113,3236085,11274.83736
2025-03-29 00:00:00.000000 ,84424.38,84624.73,81644.81,82648.54,11696.39864,970199917.9868716,2172387,5621.60485
2025-03-30 00:00:00.000000 ,82648.53,83534.64,81565.0,82389.99,9864.49508,816584795.5288126,1907663,4725.07105
2025-03-31 00:00:00.000000 ,82390.0,83943.08,81278.52,82550.01,20569.13885,1696009191.0809648,3964358,9912.88184
2025-04-01 00:00:00.000000 ,82550.0,85579.46,82432.74,85158.34,20190.39697,1698895702.5754683,3328693,10246.42648
2025-04-02 00:00:00.000000 ,85158.35,88500.0,82320.0,82516.29,39931.457,3417279759.830764,5338238,20739.67809
2025-04-03 00:00:00.000000 ,82516.28,83998.02,81211.24,83213.09,27337.84135,2259299724.8643928,4117486,13951.52792
2025-04-04 00:00:00.000000 ,83213.09,84720.0,81659.0,83889.87,32915.53976,2739842666.426737,4992586,15896.18779
2025-04-05 00:00:00.000000 ,83889.87,84266.0,82379.95,83537.99,9360.40468,779626577.9013437,1575750,4029.64658
2025-04-06 00:00:00.000000 ,83537.99,83817.63,77153.83,78430.0,27942.71436,2239085051.1529646,3948493,12493.8449
2025-04-07 00:00:00.000000 ,78430.0,81243.58,74508.0,79163.24,78387.53089,6084614024.150647,9736596,39075.84274
2025-04-08 00:00:00.000000 ,79163.24,80867.99,76239.9,76322.42,35317.32063,2775277777.102461,5512751,15704.73031
2025-04-09 00:00:00.000000 ,76322.42,83588.0,74620.0,82615.22,75488.28772,5980231256.222496,7741252,39491.62958
2025-04-10 00:00:00.000000 ,82615.22,82753.21,78464.36,79607.3,33284.80718,2690294353.847842,4529545,16339.9191
2025-04-11 00:00:00.000000 ,79607.3,84300.0,78969.58,83423.84,34435.43797,2830363945.1787524,4423157,18019.58367
2025-04-12 00:00:00.000000 ,83423.83,85905.0,82792.95,85276.9,18470.74437,1557403252.9267516,2501196,9526.72644
2025-04-13 00:00:00.000000 ,85276.91,86100.0,83034.23,83760.0,24680.04181,2086106375.439256,3275879,11658.67909
2025-04-14 00:00:00.000000 ,83760.0,85799.99,83678.0,84591.58,28659.09348,2429132805.0815287,3921522,15196.58929
2025-04-15 00:00:00.000000 ,84591.58,86496.42,83600.0,83643.99,20910.99528,1780972414.3956008,2910533,10439.36072
2025-04-16 00:00:00.000000 ,83643.99,85500.0,83111.64,84030.38,20867.24519,1753910031.2009242,3264730,10456.769
2025-04-17 00:00:00.000000 ,84030.38,85470.01,83736.26,84947.91,13728.84772,1161659427.386263,2003405,6424.41565
2025-04-18 00:00:00.000000 ,84947.92,85132.08,84303.96,84474.69,6529.96315,552648483.6474872,840009,2911.78856
2025-04-19 00:00:00.000000 ,84474.7,85677.99,84364.45,85077.01,9666.58153,823222752.2842493,875226,5416.30087
2025-04-20 00:00:00.000000 ,85077.0,85320.76,83949.52,85179.24,8091.67725,685253644.8918362,944130,3843.48314
2025-04-21 00:00:00.000000 ,85179.24,88465.99,85144.76,87516.23,31773.37262,2773299591.467066,3041395,17216.39877
2025-04-22 00:00:00.000000 ,87516.22,93888.0,87076.03,93442.99,43872.74705,3967785064.1281695,3268475,22777.77047
2025-04-23 00:00:00.000000 ,93442.99,94696.05,91935.41,93691.08,27404.16808,2560279933.947952,3016536,13128.05774
2025-04-24 00:00:00.000000 ,93691.07,94005.0,91660.01,93980.47,19497.06071,1811120137.314679,2797383,8565.18128
2025-04-25 00:00:00.000000 ,93980.47,95758.04,92855.96,94638.68,27500.66648,2596877713.640173,3331828,13072.22136
2025-04-26 00:00:00.000000 ,94638.68,95199.0,93870.69,94628.0,9415.06875,889627361.8414446,1475983,4156.22463
2025-04-27 00:00:00.000000 ,94628.0,95369.0,93602.58,93749.3,11162.841,1052334792.1866188,1918160,5250.08719
2025-04-28 00:00:00.000000 ,93749.29,95630.0,92800.01,95011.18,22157.53351,2092532996.555172,3424740,11626.77592
2025-04-29 00:00:00.000000 ,95011.18,95461.53,93742.54,94256.82,16955.3402,1607154803.4675477,3020875,7112.68469
2025-04-30 00:00:00.000000 ,94256.82,95228.45,92910.0,94172.0,17661.2751,1664825670.9831252,3214149,8393.2162
2025-05-01 00:00:00.000000 ,94172.0,97424.02,94130.43,96489.91,21380.45343,2053857614.2732675,2925716,10925.87308
2025-05-02 00:00:00.000000 ,96489.9,97895.68,96350.0,96887.14,14905.74811,1446387651.5840576,2698263,7440.33531
2025-05-03 00:00:00.000000 ,96887.13,96935.67,95753.01,95856.42,9723.34838,935906144.9651498,1181239,3929.4049
2025-05-04 00:00:00.000000 ,95856.42,96304.48,94151.38,94277.62,11036.38342,1053542403.8531588,1674726,4385.33486
2025-05-05 00:00:00.000000 ,94277.61,95199.0,93514.1,94733.68,17251.18189,1626999380.1759968,2623300,8399.64855
2025-05-06 00:00:00.000000 ,94733.68,96920.65,93377.0,96834.02,16122.64513,1526847764.5636685,2512960,7505.95734
2025-05-07 00:00:00.000000 ,96834.02,97732.0,95784.61,97030.5,16644.83854,1611730124.5924544,2849139,8316.74471
2025-05-08 00:00:00.000000 ,97030.5,104145.76,96876.29,103261.6,34962.02847,3508645830.5650144,4991147,18547.23009
2025-05-09 00:00:00.000000 ,103261.61,104361.3,102315.14,102971.99,27617.39907,2847518447.981513,4406929,14525.20381
2025-05-10 00:00:00.000000 ,102971.99,104984.57,102818.76,104809.53,15324.78611,1588386278.502415,2227845,8258.23478
2025-05-11 00:00:00.000000 ,104809.53,104972.0,103345.06,104118.0,17987.12197,1873381777.2124248,3100176,9071.95578
2025-05-12 00:00:00.000000 ,104118.0,105819.45,100718.37,102791.32,31272.77792,3242348937.383069,5298407,16455.99797
2025-05-13 00:00:00.000000 ,102791.32,104976.25,101429.7,104103.72,21253.42409,2197244118.1523666,3703531,10705.97845
2025-05-14 00:00:00.000000 ,104103.72,104356.95,102602.05,103507.82,16452.9081,1704708279.3884108,3025221,8026.03333
2025-05-15 00:00:00.000000 ,103507.83,104192.7,101383.07,103763.71,17998.98604,1850183474.529204,4139477,8475.18036
2025-05-16 00:00:00.000000 ,103763.71,104550.33,103100.49,103463.9,15683.88024,1628832372.324148,3237442,7555.15801
2025-05-17 00:00:00.000000 ,103463.9,103709.86,102612.5,103126.65,11250.89622,1160418362.950618,2568597,5335.11525
2025-05-18 00:00:00.000000 ,103126.65,106660.0,103105.09,106454.26,21599.98726,2262214972.0749383,3193300,11664.89904
2025-05-19 00:00:00.000000 ,106454.27,107108.62,102000.0,105573.74,30260.03524,3150324504.595452,4881371,14208.309
2025-05-20 00:00:00.000000 ,105573.73,107320.0,104184.72,106849.99,23705.48275,2509102444.6695986,3878351,12350.46275
2025-05-21 00:00:00.000000 ,106850.0,110797.38,106100.01,109643.99,45531.040345,4914709514.320026,6835279,23661.649395
2025-05-22 00:00:00.000000 ,109643.99,111980.0,109177.37,111696.21,31630.77313,3509432834.573417,5794216,16584.56293
2025-05-23 00:00:00.000000 ,111696.22,111800.0,106800.0,107318.3,31737.72309,3469704446.3904047,5251192,14309.31652
2025-05-24 00:00:00.000000 ,107318.3,109506.03,106875.41,107761.91,16782.53129,1819958819.7748585,2805418,8786.90747
2025-05-25 00:00:00.000000 ,107761.9,109299.99,106600.64,109004.19,17710.04695,1904366455.425858,3151168,7867.16712
2025-05-26 00:00:00.000000 ,109004.2,110422.22,108670.58,109434.79,14649.11593,1605578282.1079032,2887863,7301.11288
2025-05-27 00:00:00.000000 ,109434.78,110718.0,107516.57,108938.17,21276.65635,2327603851.1192646,3735509,9969.89271
2025-05-28 00:00:00.000000 ,108938.17,109284.7,106769.43,107781.78,15633.78829,1689136748.5130312,2933262,6877.27341
2025-05-29 00:00:00.000000 ,107781.78,108891.91,105322.86,105589.75,19834.70116,2128639017.5081613,3774926,9457.49356
2025-05-30 00:00:00.000000 ,105589.75,106313.12,103621.0,103985.48,23706.49799,2493078549.591861,4307572,11070.98746
2025-05-31 00:00:00.000000 ,103985.47,104900.0,103068.55,104591.88,11289.35922,1174000801.507038,2343787,5278.95175
2025-06-01 00:00:00.000000 ,104591.88,105866.91,103752.49,105642.93,9709.70006,1016188486.9505996,1939359,4640.3507
2025-06-02 00:00:00.000000 ,105642.93,105935.63,103659.88,105857.99,13453.98813,1409004206.9863732,2997656,6494.65497
2025-06-03 00:00:00.000000 ,105858.0,106794.67,104872.5,105376.89,13259.52634,1402493746.5993218,2470698,6260.22436
2025-06-04 00:00:00.000000 ,105376.9,106000.0,104179.0,104696.86,14034.89482,1476928482.368878,2274464,6979.9491
2025-06-05 00:00:00.000000 ,104696.86,105909.71,100372.26,101508.68,22321.50154,2301567892.5305448,3963295,10005.36019
2025-06-06 00:00:00.000000 ,101508.69,105333.0,101095.8,104288.44,15839.07385,1642382404.9355752,2709327,7655.60679
2025-06-07 00:00:00.000000 ,104288.43,105900.0,103871.09,105552.15,8344.93206,877915380.954823,1402494,3970.01912
2025-06-08 00:00:00.000000 ,105552.15,106488.14,104964.14,105734.0,8048.06305,850887129.4282976,1295154,4361.42266
2025-06-09 00:00:00.000000 ,105734.01,110530.17,105318.37,110263.02,19975.37451,2154922022.221173,2839846,10623.88217
2025-06-10 00:00:00.000000 ,110263.02,110400.0,108331.03,110274.39,17071.82839,1867620550.1921728,3003420,8009.29581
2025-06-11 00:00:00.000000 ,110274.39,110392.01,108064.0,108645.12,13115.91638,1434884639.7506304,2667014,6030.96867
2025-06-12 00:00:00.000000 ,108645.13,108813.55,105671.72,105671.73,17778.67218,1908309274.0868344,3517420,8291.22648
2025-06-13 00:00:00.000000 ,105671.74,106179.53,102664.31,106066.59,26180.81734,2735461890.6929703,5452577,12793.70705
2025-06-14 00:00:00.000000 ,106066.59,106252.0,104300.0,105414.64,8798.93969,925568614.1784064,1521776,3848.55498
2025-06-15 00:00:00.000000 ,105414.63,106128.57,104494.53,105594.01,7164.20047,754596887.8748003,1564768,3356.46912
2025-06-16 00:00:00.000000 ,105594.02,108952.38,104980.37,106794.53,14922.6654,1599849840.7325244,2928998,7442.34921
2025-06-17 00:00:00.000000 ,106794.53,107771.34,103371.02,104551.17,17866.33025,1883173484.8991,3723010,8082.6529
2025-06-18 00:00:00.000000 ,104551.17,105550.27,103500.0,104886.78,13968.64167,1461383024.362209,3468170,6656.31474
2025-06-19 00:00:00.000000 ,104886.79,105226.17,103929.27,104658.59,7678.60737,803402575.962045,1718045,3583.19736
2025-06-20 00:00:00.000000 ,104658.59,106524.65,102345.0,103297.99,16419.06283,1714411911.0114017,3029404,7113.97039
2025-06-21 00:00:00.000000 ,103297.98,103982.64,100837.9,102120.01,11154.21332,1144829784.7306418,2172578,4632.93703
2025-06-22 00:00:00.000000 ,102120.02,103399.62,98200.0,100963.87,28746.41072,2892695407.808688,5121309,13142.02965
2025-06-23 00:00:00.000000 ,100963.87,106074.2,99613.33,105333.93,27666.50609,2836166831.044449,4944207,13408.20163
2025-06-24 00:00:00.000000 ,105333.94,106290.0,104622.02,106083.0,14651.69335,1543451113.4563613,2973481,6848.32158
2025-06-25 00:00:00.000000 ,106083.0,108135.3,105808.03,107340.58,16701.15551,1789545470.94629,2988892,8576.13709
2025-06-26 00:00:00.000000 ,107340.59,108272.45,106562.5,106947.06,10573.27279,1136093974.6816013,2597742,4983.08998
2025-06-27 00:00:00.000000 ,106947.06,107735.34,106356.76,107047.59,12232.44042,1308420348.9100096,2304499,4862.2801
2025-06-28 00:00:00.000000 ,107047.58,107577.75,106811.51,107296.79,3282.17352,352025390.60311353,653305,1514.41959
2025-06-29 00:00:00.000000 ,107296.79,108528.5,107172.52,108356.93,6831.7364,736708189.9495683,1223202,3771.10895
2025-06-30 00:00:00.000000 ,108356.93,108789.99,106733.33,107146.5,9754.12491,1050407152.345058,1773485,4331.3813
2025-07-01 00:00:00.000000 ,107146.51,107540.0,105250.85,105681.14,10505.62437,1117432945.8926363,2013289,4648.91727
2025-07-02 00:00:00.000000 ,105681.13,109730.0,105100.19,108849.6,17691.89592,1915699005.8772893,2444708,9248.43029
2025-07-03 00:00:00.000000 ,108849.59,110529.18,108530.4,109584.78,13047.08225,1429459048.638326,2568944,6961.89686
2025-07-04 00:00:00.000000 ,109584.77,109767.59,107245.0,107984.24,11793.86615,1276215111.6683652,1975212,4787.79822
2025-07-05 00:00:00.000000 ,107984.25,108420.56,107756.31,108064.0,1138.7132,123062936.9472226,222671,591.54556
2025-07-06 00:00:00.000000 ,108198.12,108268.35,108025.97,108036.0,355.20453,38421096.9261445,67649,172.83728
2025-07-07 00:00:00.000000 ,109203.85,109476.98,108679.75,109476.98,652.41452,71119978.6985499,190546,326.7321
2025-07-08 00:00:00.000000 ,108262.94,108525.0,107670.12,107722.34,842.1215,91056361.865757,196669,379.9087
2025-07-09 00:00:00.000000 ,108922.99,109136.0,108722.09,108823.61,405.85399,44197718.8258217,99875,185.4732
2025-07-10 00:00:00.000000 ,111234.0,111356.0,110880.0,111279.22,934.62174,103887726.6382013,150405,493.17456
2025-07-11 00:00:00.000000 ,116010.01,116098.8,115222.22,115789.71,2053.39834,237739246.7976014,335854,854.98421
2025-07-12 00:00:00.000000 ,117527.66,117743.19,117141.13,117646.37,790.084,92832651.9385638,137057,366.58946
2025-07-13 00:00:00.000000 ,117420.0,117640.61,117224.79,117420.29,444.14008,52151833.3030269,112302,216.29329
2025-07-14 00:00:00.000000 ,119086.65,119470.54,118905.18,119177.83,978.39593,116567854.9397984,234931,515.78039
2025-07-15 00:00:00.000000 ,119841.17,119940.83,117900.0,117989.89,3161.0031,375877955.5733272,438492,1266.14539
2025-07-16 00:00:00.000000 ,117758.08,118195.0,117420.53,117519.27,1201.47103,141505065.3010329,180632,666.28942
2025-07-17 00:00:00.000000 ,118630.44,119158.28,117683.53,118299.21,1336.75369,158273763.1406812,239133,618.21784
2025-07-18 00:00:00.000000 ,119177.56,120785.49,119020.48,120138.99,1804.48656,216592602.2629568,319176,912.78192
2025-07-19 00:00:00.000000 ,117924.84,118109.95,117613.35,118000.7,646.96159,76289494.8787462,126167,280.71414
2025-07-20 00:00:00.000000 ,117840.01,118131.2,117650.0,117884.29,563.92621,66494390.8678503,117486,286.80918
2025-07-21 00:00:00.000000 ,117265.11,117991.59,116515.0,117884.28,1716.16569,201111941.9199314,311595,787.09527
2025-07-22 00:00:00.000000 ,117380.36,117950.0,116128.0,117453.46,2436.39879,285394534.89888555,310526,1112.12098
2025-07-23 00:00:00.000000 ,119954.43,120090.0,119119.86,119308.0,1062.0363,126961031.6121708,170133,459.02065
2025-07-24 00:00:00.000000 ,118756.0,119138.57,118571.17,118944.89,1010.40115,120184781.476241,147216,540.26375
2025-07-25 00:00:00.000000 ,118340.98,118451.57,117099.99,117100.0,4295.59166,504816132.49467033,280497,1613.99439
2025-07-26 00:00:00.000000 ,117614.31,117614.32,117138.38,117266.98,692.15335,81270733.6848034,96071,207.07643
2025-07-27 00:00:00.000000 ,117919.99,118260.0,117825.5,118150.38,573.1169,67667006.8306751,74938,331.93433
2025-07-28 00:00:00.000000 ,119415.56,119690.32,118960.5,119494.04,1129.1822,134712628.2242518,186877,499.67173
2025-07-29 00:00:00.000000 ,118062.32,118450.0,117450.0,117919.49,1186.14424,139861870.9864021,204556,529.16108
2025-07-30 00:00:00.000000 ,117950.75,118119.0,117412.53,118021.87,610.01661,71850694.1966201,131541,264.35197
2025-07-31 00:00:00.000000 ,117840.29,118542.39,117781.87,118172.36,1420.41816,167972620.0915766,155061,694.32558
2025-08-01 00:00:00.000000 ,115764.07,115933.0,114313.13,115760.31,4615.46977,531592887.1052738,545259,2152.29817
2025-08-02 00:00:00.000000 ,113297.92,113909.3,113198.63,113751.5,941.81216,106961254.2142227,238629,473.74844
2025-08-03 00:00:00.000000 ,112546.35,113425.01,111920.0,113368.0,1650.61092,186182882.2708937,355246,705.71974
2025-08-04 00:00:00.000000 ,114208.81,115000.0,114107.6,114811.96,1159.02884,132804839.4672944,234933,582.61955
2025-08-05 00:00:00.000000 ,115055.03,115127.81,114651.56,114664.83,768.15187,88259803.3756272,183160,391.33301
2025-08-06 00:00:00.000000 ,114129.75,114139.38,113491.76,113679.97,683.68204,77815038.8893424,192310,274.63948
2025-08-07 00:00:00.000000 ,114992.27,115185.58,114580.53,114769.7,808.03504,92798995.8825541,124082,386.32484
2025-08-08 00:00:00.000000 ,117472.02,117630.0,116770.05,116788.74,1591.1612,186329336.5624944,392897,674.3971
2025-08-09 00:00:00.000000 ,116674.74,116750.0,116506.38,116506.38,357.1299,41649150.450692,74662,161.78732
2025-08-10 00:00:00.000000 ,116462.25,116776.59,116460.63,116734.75,720.94878,84097769.0414652,106113,384.91858
2025-08-11 00:00:00.000000 ,119294.27,121669.35,118972.59,121459.83,4748.52547,570915433.1967117,632457,2840.0002
2025-08-12 00:00:00.000000 ,118686.0,119108.06,118593.39,118968.74,1063.91339,126485424.1864573,181070,597.87365
2025-08-13 00:00:00.000000 ,120134.09,120192.1,119268.03,119274.59,1160.78178,138925756.2182181,205504,444.70119
2025-08-14 00:00:00.000000 ,123306.44,124474.0,123251.9,123568.65,2428.356036,300609701.3672803,446384,1170.071366
2025-08-15 00:00:00.000000 ,118295.09,118754.33,118032.32,118749.03,926.15367,109643805.1961402,256063,468.63016
2025-08-16 00:00:00.000000 ,117342.04,117898.99,117231.14,117666.79,936.15112,110091544.0139022,157379,479.06914
2025-08-17 00:00:00.000000 ,117380.66,117499.0,117172.21,117407.92,434.95514,51038421.1260915,117774,183.26249
2025-08-18 00:00:00.000000 ,117405.01,117543.75,115780.0,115802.33,3537.96982,412466694.53447616,597878,1444.56641
2025-08-19 00:00:00.000000 ,116227.05,116725.69,115516.82,115760.0,1063.91272,123502436.4993117,321371,415.60142
2025-08-20 00:00:00.000000 ,112872.95,113413.23,112566.01,112962.01,1514.7512,171183640.0468091,336027,678.20317
2025-08-21 00:00:00.000000 ,114271.23,114691.26,113954.13,114665.14,843.77276,96412902.2520123,185568,457.44414
2025-08-22 00:00:00.000000 ,112500.0,112924.37,112335.6,112840.09,599.22209,67539037.6741907,173824,363.78812
2025-08-23 00:00:00.000000 ,116936.0,117030.0,116300.0,116425.33,882.64315,102991799.1513153,209484,370.54827
2025-08-24 00:00:00.000000 ,115438.06,115666.68,115196.0,115601.93,1193.35718,137713737.484891,129125,665.36072
2025-08-25 00:00:00.000000 ,113493.59,113516.16,112159.0,113199.99,1458.78883,164653935.3346312,406224,697.64196
2025-08-26 00:00:00.000000 ,110111.98,110111.98,108666.66,109856.01,3231.35418,353591683.6719194,792879,1526.40661
2025-08-27 00:00:00.000000 ,111763.22,111825.16,111092.8,111295.21,1064.99284,118709342.2445118,184389,432.30586
2025-08-28 00:00:00.000000 ,111262.01,111714.28,110862.42,111652.47,651.68518,72550991.7165284,218066,328.71097
2025-08-29 00:00:00.000000 ,112566.9,112638.64,111425.28,111472.82,1147.71097,128492271.5015296,239121,509.8541
2025-08-30 00:00:00.000000 ,108377.4,108410.73,107912.97,107912.97,1016.98258,110054315.1853576,139350,399.69429
2025-08-31 00:00:00.000000 ,108816.33,109480.02,108801.35,109439.43,1232.26953,134519630.5286757,182138,616.10111
2025-09-01 00:00:00.000000 ,108246.36,108482.98,107631.68,107949.22,1699.00605,183582831.1043473,414557,741.26675
2025-09-02 00:00:00.000000 ,109237.43,109611.11,108883.8,109326.01,1165.52175,127290578.73825,160382,613.50794
2025-09-03 00:00:00.000000 ,111240.01,111782.21,110901.06,110961.93,1370.592,152656669.9705489,191552,648.14006
2025-09-04 00:00:00.000000 ,111705.72,112180.0,111619.86,111844.46,571.01906,63888355.6712166,132987,276.91247
2025-09-05 00:00:00.000000 ,110730.87,111169.98,110435.75,111053.72,809.90979,89682512.9220281,174697,442.55769
2025-09-06 00:00:00.000000 ,110660.0,111307.7,109977.0,110187.97,5000.29897,552785936.5434699,795201,2308.83297
2025-09-07 00:00:00.000000 ,110187.98,111600.0,110180.0,111137.34,5681.29944,630447950.1588689,874961,2570.85199
2025-09-08 00:00:00.000000 ,111137.35,112924.37,110621.78,112065.23,11582.40211,1295903862.4649603,1744598,5531.65969
2025-09-09 00:00:00.000000 ,112065.23,113293.29,110766.66,111546.39,15379.28248,1721465997.906366,2143242,7597.38038
2025-09-10 00:00:00.000000 ,111546.38,114313.13,110917.45,113960.0,17517.41823,1978834750.2223115,2182534,8274.63998
2025-09-11 00:00:00.000000 ,113960.0,115488.09,113430.0,115482.69,13676.73119,1562241144.956541,2166359,6744.29993
2025-09-12 00:00:00.000000 ,115482.69,116665.63,114740.99,116029.42,15324.10719,1772122269.5018637,2481491,7995.57276
2025-09-13 00:00:00.000000 ,116029.41,116298.78,115127.27,115918.29,8269.40394,957724220.6497612,1223635,3590.09359
2025-09-14 00:00:00.000000 ,115918.29,116165.19,115135.0,115268.01,6707.60197,775762364.9685991,1237218,3406.90777
2025-09-15 00:00:00.000000 ,115268.01,116757.99,114384.0,115349.71,13212.51149,1522648235.2235153,2857989,6621.3636
2025-09-16 00:00:00.000000 ,115349.71,116964.27,114737.11,116788.96,10926.9094,1265779287.5169268,2047058,5292.18365
2025-09-17 00:00:00.000000 ,116788.96,117286.73,114720.81,116447.59,16754.2454,1946083704.6217456,3227418,7975.0019
2025-09-18 00:00:00.000000 ,116447.6,117900.0,116092.76,117073.53,11657.23365,1367513347.486509,2252654,5717.34538
2025-09-19 00:00:00.000000 ,117073.53,117459.99,115100.0,115632.38,8992.09065,1045792401.4532388,1732471,4020.81483
2025-09-20 00:00:00.000000 ,115632.39,116121.81,115408.47,115685.63,4674.92752,541264273.2416894,740451,2276.16483
2025-09-21 00:00:00.000000 ,115685.63,115819.06,115188.0,115232.29,4511.52219,521299751.1504096,945965,2016.72489
2025-09-22 00:00:00.000000 ,115232.29,115379.25,111800.0,112650.99,20781.71356,2348872511.6988754,3045876,9312.35777
2025-09-23 00:00:00.000000 ,112650.99,113290.5,111458.73,111998.8,12301.3203,1383869800.273703,2455729,5543.3609
2025-09-24 00:00:00.000000 ,111998.8,113940.0,111042.66,113307.0,12369.25967,1394470628.502582,2229837,6100.69487
2025-09-25 00:00:00.000000 ,113307.01,113510.23,108631.51,108994.49,21231.14957,2356639689.9252143,4409953,9511.07937
2025-09-26 00:00:00.000000 ,108994.49,110300.0,108620.07,109643.46,14243.01591,1557098915.9392595,3257155,6978.29033
2025-09-27 00:00:00.000000 ,109643.46,109743.91,109064.4,109635.85,5501.78643,601947588.9970765,919594,2523.25886
2025-09-28 00:00:00.000000 ,109635.85,112350.0,109189.99,112163.95,7542.3316,832254944.3203354,1484866,3781.87606
2025-09-29 00:00:00.000000 ,112163.96,114400.0,111560.65,114311.96,15541.12005,1755247635.871136,2442653,7836.68768
2025-09-30 00:00:00.000000 ,114311.97,114792.0,112656.27,113065.08,10666.07961,1211972184.0972855,2168956,4964.74444
2025-10-01 00:00:00.000000 ,114048.94,114429.76,113966.67,114289.52,669.29496,76426478.3600019,137437,318.34318
2025-10-02 00:00:00.000000 ,118594.99,119456.92,118368.05,118592.06,2320.02994,275928784.362967,369183,1204.63763
2025-10-03 00:00:00.000000 ,120529.35,120550.9,120078.75,120221.91,856.49101,103030075.6230259,139171,262.15702
2025-10-04 00:00:00.000000 ,122232.21,122295.56,121982.23,122091.01,475.64697,58091662.2609345,116271,213.8186
2025-10-05 00:00:00.000000 ,122390.99,122410.0,122157.7,122244.41,261.13591,31927898.4554852,52378,114.73755
2025-10-06 00:00:00.000000 ,123482.32,124358.46,123084.0,123584.95,1474.47086,182297374.11923087,382277,761.57611
2025-10-07 00:00:00.000000 ,124658.54,125082.27,124600.0,125046.94,535.4452,66830441.5292183,135654,308.91524
2025-10-08 00:00:00.000000 ,121332.96,122089.68,121276.0,121832.92,790.37194,96216092.2623001,270056,421.40156
2025-10-09 00:00:00.000000 ,123306.01,123348.32,122583.0,122700.8,528.48578,64981981.7264521,131044,188.80364
2025-10-10 00:00:00.000000 ,121662.41,121874.13,121595.75,121786.26,357.09667,43470604.6231244,118942,197.07259
2025-10-11 00:00:00.000000 ,112774.49,113178.66,111620.3,112143.65,4004.34367,450080127.9899338,605882,1850.16133
2025-10-12 00:00:00.000000 ,110644.4,110685.63,109565.06,110039.84,1449.71411,159565061.1842181,334156,618.82561
2025-10-13 00:00:00.000000 ,114958.81,115888.0,114766.69,115283.65,1831.14783,210997649.1162828,516920,1101.86745
2025-10-14 00:00:00.000000 ,115166.0,115409.96,114542.0,114711.0,1023.79943,117773966.2504316,277364,311.71266
2025-10-15 00:00:00.000000 ,113028.13,113112.41,112384.32,112726.98,1477.97662,166729651.2051487,316764,480.5479
2025-10-16 00:00:00.000000 ,110763.28,111109.65,110361.0,111005.02,1023.51951,113245611.5189193,285677,344.00938
2025-10-17 00:00:00.000000 ,108194.27,109115.08,107934.4,108980.44,890.83243,96708539.4745794,261865,499.77804
2025-10-18 00:00:00.000000 ,106431.68,106980.72,106322.2,106951.59,575.43807,61384320.5111954,155740,294.54346
2025-10-19 00:00:00.000000 ,107185.0,107267.2,106734.17,106939.99,493.36618,52789366.3881904,148231,254.31408
2025-10-20 00:00:00.000000 ,108642.77,108642.77,107402.52,108016.9,1452.56796,156836409.398519,348358,626.04046
2025-10-21 00:00:00.000000 ,110532.09,110532.09,110128.07,110152.11,549.02436,60591245.3279051,181591,206.86498
2025-10-22 00:00:00.000000 ,108297.66,108643.61,107841.2,108051.58,2182.45282,236108208.9981849,380992,955.72257
2025-10-23 00:00:00.000000 ,107567.45,108443.09,107500.0,108315.03,696.23445,75121085.5010741,164171,402.02325
2025-10-24 00:00:00.000000 ,110078.19,110709.22,109983.93,110550.48,611.12551,67448912.1301983,171089,357.24312
2025-10-25 00:00:00.000000 ,111004.9,111044.86,110672.86,110876.15,256.03075,28377416.3872772,71062,99.56531
2025-10-26 00:00:00.000000 ,111646.27,111899.56,111544.15,111730.75,460.35098,51438955.5193398,104702,238.15471
2025-10-27 00:00:00.000000 ,114559.41,115176.47,114362.26,115028.72,1410.72946,162017764.9822193,240936,746.3434
2025-10-28 00:00:00.000000 ,114107.65,114374.2,113788.32,114246.57,663.17207,75635953.2646145,183913,329.10162
2025-10-29 00:00:00.000000 ,112898.44,112898.45,112254.2,112321.57,714.32724,80426018.2003689,180159,309.77006
2025-10-30 00:00:00.000000 ,110021.3,110611.74,109703.43,110556.01,810.56277,89378301.334721,263274,448.35793
2025-10-31 00:00:00.000000 ,108322.87,110042.16,108275.28,109769.71,1700.77186,185640383.9198842,360148,979.29387
2025-11-01 00:00:00.000000 ,109608.01,109877.0,109394.81,109732.33,382.42752,41910177.9727167,120504,151.75296
2025-11-02 00:00:00.000000 ,110098.1,110127.26,109895.27,110008.49,376.66144,41437658.547021,104623,179.47771
2025-11-03 00:00:00.000000 ,110540.69,110750.0,109484.0,109807.89,723.95165,79683449.7279494,239688,318.94076
2025-11-04 00:00:00.000000 ,106583.05,106808.51,105852.37,106590.18,1421.11788,151179215.1716718,415418,645.13186
2025-11-05 00:00:00.000000 ,101497.23,101752.96,99867.01,99887.41,1998.37627,201273877.1806563,446212,900.33821
2025-11-06 00:00:00.000000 ,103885.16,103897.86,103029.2,103073.39,1546.75954,160064611.0386748,258596,678.06277
2025-11-07 00:00:00.000000 ,101346.04,101894.83,100749.94,101792.38,1305.82934,132346728.9738085,399695,662.74451
2025-11-08 00:00:00.000000 ,103339.09,103406.22,102539.49,102987.19,1056.24357,108796326.1302012,261099,461.85758
2025-11-09 00:00:00.000000 ,102312.95,102337.89,101620.23,101937.71,770.69136,78572076.2289613,203459,280.76619
2025-11-10 00:00:00.000000 ,104722.95,106670.11,104265.02,106291.42,3314.54976,350745906.7270853,522985,2036.56979
2025-11-11 00:00:00.000000 ,106011.13,106900.0,105500.0,106899.99,931.1983,98766412.5881714,294503,515.15403
2025-11-12 00:00:00.000000 ,103059.0,103340.59,102687.72,103250.73,833.68268,85897936.8553486,302628,474.63809
2025-11-13 00:00:00.000000 ,101654.37,102604.0,101467.15,102200.28,1033.70732,105511425.1904881,272628,667.95734
2025-11-14 00:00:00.000000 ,99692.03,99778.0,98700.0,98834.01,2766.97648,274195342.6787424,691504,1067.98364
2025-11-15 00:00:00.000000 ,94594.0,95414.0,94558.49,95127.0,1246.21901,118463615.6357076,394178,659.27367
2025-11-16 00:00:00.000000 ,95596.23,95704.81,95040.71,95373.46,473.429,45139480.4250372,235580,203.64394
2025-11-17 00:00:00.000000 ,94261.45,95487.8,93767.27,95018.68,2063.57291,195427737.3967083,526254,1078.40913
2025-11-18 00:00:00.000000 ,92215.14,92357.51,91200.0,92093.99,2411.57934,221752420.84659,615897,1196.16025
2025-11-19 00:00:00.000000 ,92960.83,92980.22,91929.86,91965.44,1321.20284,121960240.7671115,324584,520.59862
2025-11-20 00:00:00.000000 ,91554.96,92335.0,91185.26,92213.11,1326.29218,121930792.1466003,295557,707.34421
2025-11-21 00:00:00.000000 ,86637.22,87498.94,86592.0,87166.96,1063.84212,92761104.2006641,443071,508.27244
2025-11-22 00:00:00.000000 ,85129.42,85620.0,84571.13,84681.63,1151.88026,97943475.4674641,364445,513.36652
2025-11-23 00:00:00.000000 ,84739.75,85609.75,84667.57,85455.47,1238.39537,105483330.2481127,307733,679.88243
2025-11-24 00:00:00.000000 ,86830.0,87211.33,85946.65,86650.89,1672.2035,144725858.9845962,483358,766.51108
2025-11-25 00:00:00.000000 ,88300.01,88300.01,87864.63,88154.99,934.31162,82287742.985819,247270,449.85838
2025-11-26 00:00:00.000000 ,87369.97,87770.0,87338.05,87534.38,585.06542,51224628.4445591,222267,303.26441
2025-11-27 00:00:00.000000 ,90484.01,90931.0,90089.91,90653.52,1263.17063,114243899.9190415,247793,728.2265
2025-11-28 00:00:00.000000 ,91333.94,91417.99,90876.92,90884.82,522.90153,47676193.2115768,158419,184.01266
2025-11-29 00:00:00.000000 ,90890.71,91043.99,90768.13,91042.63,233.52953,21226277.9260539,101715,102.56317
2025-11-30 00:00:00.000000 ,90802.44,91055.5,90765.12,90929.44,268.7211,24433612.3841411,93493,178.24624
2025-12-01 00:00:00.000000 ,90360.01,90417.0,86941.4,87305.65,5720.84016,504897200.8846144,967244,2512.74793
2025-12-02 00:00:00.000000 ,86286.01,87350.0,86184.39,86707.08,1763.1135,152826570.6037416,401394,825.14525
2025-12-03 00:00:00.000000 ,91277.88,91890.0,90990.23,91768.39,1715.08516,156779907.3727611,313252,974.53345
2025-12-04 00:00:00.000000 ,93429.95,93750.73,92669.82,93397.1,1591.34643,148257093.5910317,413549,587.4213
2025-12-05 00:00:00.000000 ,92078.06,92500.0,92058.82,92449.92,383.08496,35361146.5927398,198293,168.2842
2025-12-06 00:00:00.000000 ,89330.04,89466.34,89030.67,89382.0,331.31777,29572708.6717403,125516,142.57678
2025-12-07 00:00:00.000000 ,89236.8,89588.23,89176.52,89459.22,312.5877,27949983.7670116,152807,198.72772
2025-12-08 00:00:00.000000 ,90395.32,90783.88,89860.0,90762.3,665.87544,60183435.7658739,309380,368.06156
2025-12-09 00:00:00.000000 ,90634.35,90846.26,90233.04,90544.55,486.25364,44023832.4934508,203443,252.47534
2025-12-10 00:00:00.000000 ,92678.81,92786.35,92061.0,92375.89,781.68104,72200238.2093587,238039,373.30315
2025-12-11 00:00:00.000000 ,92015.38,92080.32,90700.0,90850.0,1263.45754,115439315.693247,403976,515.69287
2025-12-12 00:00:00.000000 ,92513.38,92651.93,91448.31,92016.99,1055.83174,97169467.5336771,320454,466.33793
2025-12-13 00:00:00.000000 ,90268.43,90444.28,90207.2,90323.0,211.75622,19130115.6362641,62667,80.56145
2025-12-14 00:00:00.000000 ,90240.0,90472.4,90117.05,90415.9,342.89951,30969635.9988194,107322,185.62876
2025-12-15 00:00:00.000000 ,88172.16,88757.38,88074.37,88752.91,916.93354,81094175.2990117,368499,482.14412
2025-12-16 00:00:00.000000 ,86432.08,86535.22,85718.1,85987.82,718.55064,61905862.8904882,271024,322.1554
2025-12-17 00:00:00.000000 ,87863.43,87863.43,87426.06,87744.28,424.75405,37201928.4532947,147866,165.02026
2025-12-18 00:00:00.000000 ,86243.23,86313.71,85863.93,85921.72,394.08859,33944406.8419151,182318,165.53899
2025-12-19 00:00:00.000000 ,85516.41,85604.88,85295.2,85367.99,429.73431,36718042.3971521,216440,190.64792
2025-12-20 00:00:00.000000 ,88136.95,88188.0,87961.6,88114.17,302.46754,26644097.0582177,97972,167.85138
2025-12-21 00:00:00.000000 ,88360.91,88433.64,88289.45,88293.72,165.2218,14598473.2401658,37555,83.69608
2025-12-22 00:00:00.000000 ,88658.87,89627.24,88516.0,89066.97,1502.18225,133774638.0637657,440909,841.88214
2025-12-23 00:00:00.000000 ,88620.79,88940.0,88504.78,88587.53,376.32388,33387304.4411785,152888,200.34801
2025-12-24 00:00:00.000000 ,87486.0,87839.66,87264.0,87686.45,531.70542,46553349.1980278,166688,308.91401
2025-12-25 00:00:00.000000 ,87669.44,87749.0,87508.52,87665.0,209.18888,18331667.9950715,97539,94.60837
2025-12-26 00:00:00.000000 ,87225.27,87361.54,86891.7,87332.71,670.60804,58434060.3296399,213947,347.36223
2025-12-27 00:00:00.000000 ,87369.56,87414.26,87253.05,87343.24,245.29502,21427696.9701122,57448,99.93924
2025-12-28 00:00:00.000000 ,87877.0,87961.37,87705.97,87805.51,299.0195,26268358.6425031,98347,140.73545
2025-12-29 00:00:00.000000 ,87952.71,88444.19,87813.17,88014.12,740.45293,65259438.809104,281770,398.61032
2025-12-30 00:00:00.000000 ,87237.13,87359.4,87105.09,87273.23,318.02196,27741084.5201521,119367,145.26861
2025-12-31 00:00:00.000000 ,88485.5,88661.11,88172.15,88637.12,421.99548,37303232.2861266,133655,247.53334
2026-01-01 00:00:00.000000 ,87648.21,88050.0,87632.74,87875.23,397.54535,34920126.6768887,85165,253.77982
2026-01-02 00:00:00.000000 ,88839.05,88890.09,88594.39,88732.02,543.80914,48268112.0373207,149347,254.66497
2026-01-03 00:00:00.000000 ,89995.14,90231.92,89966.48,90186.43,374.10723,33703643.7153813,102039,218.6176
2026-01-04 00:00:00.000000 ,90628.01,91610.17,90628.0,91104.0,1934.50547,176526767.5241358,399293,1015.43289
2026-01-05 00:00:00.000000 ,91529.74,92986.4,91514.81,92947.65,3027.5973,279225411.5189147,461792,1792.17944
2026-01-06 00:00:00.000000 ,93859.71,94042.3,93555.93,93955.99,692.80516,64965868.3645125,242350,288.07632
2026-01-07 00:00:00.000000 ,93747.97,93747.97,92330.33,92531.14,1346.98867,125285233.3562075,334642,479.68001
2026-01-08 00:00:00.000000 ,91364.16,91529.72,91072.16,91429.1,441.50844,40314509.5644527,153668,261.99828
2026-01-09 00:00:00.000000 ,91100.0,91330.0,91058.7,91179.27,275.94622,25165401.6204254,109993,153.18538
2026-01-10 00:00:00.000000 ,90641.27,90697.84,90527.99,90641.3,186.04417,16858829.7716619,49782,82.52196
2026-01-11 00:00:00.000000 ,90504.7,90675.53,90451.1,90580.62,173.37959,15706767.1782896,54513,76.8736
2026-01-12 00:00:00.000000 ,91013.66,91799.0,90700.29,91459.11,1359.07543,124020473.389896,444149,741.1929
2026-01-13 00:00:00.000000 ,91296.2,91546.08,91249.0,91386.33,452.97734,41411494.4496553,125591,217.82173
2026-01-14 00:00:00.000000 ,95413.99,95647.91,95150.0,95501.24,962.32813,91804654.0169208,314153,462.83501
2026-01-15 00:00:00.000000 ,96951.78,97000.0,96500.0,96522.26,1022.32629,98879742.5181944,184187,521.5856
2026-01-16 00:00:00.000000 ,95604.81,95828.01,95420.75,95548.02,342.77509,32779088.2566064,133490,167.46953
2026-01-17 00:00:00.000000 ,95550.94,95578.2,95433.94,95478.14,177.31737,16934568.1842469,52973,73.68039
2026-01-18 00:00:00.000000 ,95147.77,95250.0,94876.33,95025.86,342.12338,32522631.2183016,106363,114.36535
2026-01-19 00:00:00.000000 ,93673.14,93673.14,91910.2,92571.11,4741.41051,439578773.8353621,838558,2300.97319
2026-01-20 00:00:00.000000 ,92630.99,92870.0,92370.25,92807.44,429.77081,39814866.2750567,221438,220.62057
2026-01-21 00:00:00.000000 ,88427.66,89138.29,88250.0,89003.81,1326.88396,117743472.0757458,331529,753.50303
2026-01-22 00:00:00.000000 ,89454.73,90193.52,89454.72,90157.12,581.65775,52270571.820051,222224,385.14303
2026-01-23 00:00:00.000000 ,89559.68,89687.9,89450.48,89665.57,327.91478,29378822.4244457,119738,156.67235
2026-01-24 00:00:00.000000 ,89600.26,89625.41,89424.39,89573.32,175.17206,15678868.1878366,71830,75.42572
2026-01-25 00:00:00.000000 ,89225.34,89319.13,89183.49,89186.78,197.03963,17585904.5176543,62172,84.63532
2026-01-26 00:00:00.000000 ,86670.36,87775.0,86509.63,87606.65,1401.65571,122080504.5220022,463112,775.25463
2026-01-27 00:00:00.000000 ,88347.08,88457.3,88194.82,88407.92,440.47616,38896063.7939056,105675,147.68307
2026-01-28 00:00:00.000000 ,89249.99,89497.96,89154.8,89308.72,420.72243,37585300.3691656,135120,201.3246
2026-01-29 00:00:00.000000 ,89300.0,89348.0,88613.09,88845.6,822.13499,73145425.4341052,306114,302.35392
2026-01-30 00:00:00.000000 ,84650.16,84735.75,81118.0,82421.77,6331.57957,523980062.0272278,777837,2416.03459
2026-01-31 00:00:00.000000 ,84260.5,84270.02,83908.0,84009.99,726.80922,61146342.2078559,173323,272.8075
2026-02-01 00:00:00.000000 ,78741.1,79424.0,78284.0,78588.75,2910.90641,229576195.952892,821441,1361.76218
2026-02-02 00:00:00.000000 ,76968.22,78231.26,76606.39,77653.61,3155.83553,244533331.35629272,1199832,1712.19687
2026-02-03 00:00:00.000000 ,78738.6,79186.81,78408.05,78948.15,1872.20642,147592443.4407744,478674,887.6152
2026-02-04 00:00:00.000000 ,75770.21,76798.12,75467.22,76596.86,1533.90235,116910685.8891535,523349,698.87028
2026-02-05 00:00:00.000000 ,73165.84,73341.18,71995.09,72549.17,2739.73865,199405855.46824607,1007895,1367.33239
2026-02-06 00:00:00.000000 ,62909.87,65484.27,60000.0,65244.9,21255.74668,1324000945.3431945,2259494,10653.98299
2026-02-07 00:00:00.000000 ,70580.26,70600.0,69718.0,70263.79,2568.17104,179936803.0257524,604182,1119.0833
2026-02-08 00:00:00.000000 ,69289.37,69500.0,68888.0,69421.15,1247.66731,86337124.4112248,370960,648.28691
2026-02-09 00:00:00.000000 ,70330.38,70926.4,70068.18,70379.73,1984.88943,139856311.6635268,656004,1025.84491
2026-02-10 00:00:00.000000 ,70138.0,70527.59,69743.8,70426.0,1148.51137,80515369.0097904,313842,555.6614
2026-02-11 00:00:00.000000 ,68841.28,69292.88,68784.47,69159.06,766.23891,52922879.2218215,278576,405.9093
2026-02-12 00:00:00.000000 ,67082.52,68047.48,67055.53,67635.0,1096.86327,74111648.2450367,408684,525.0049
2026-02-13 00:00:00.000000 ,66272.17,66619.9,65872.46,66394.79,1521.70042,100797285.0601057,476584,806.65734
2026-02-14 00:00:00.000000 ,68853.97,69137.5,68768.56,69015.03,760.98959,52497339.2703638,181665,392.58635
2026-02-15 00:00:00.000000 ,69822.94,69902.7,69350.0,69639.0,675.77483,47071099.8515257,232118,271.54592
2026-02-16 00:00:00.000000 ,68832.59,69065.5,68454.54,68643.13,606.97237,41771241.2002971,277871,297.11972
2026-02-17 00:00:00.000000 ,68892.43,69042.74,68704.36,68719.93,810.90182,55854434.9399465,322128,432.21484
2026-02-18 00:00:00.000000 ,67503.52,67627.97,66892.03,67093.17,678.76731,45615354.2718967,278078,302.70885
2026-02-19 00:00:00.000000 ,66461.0,66833.53,66345.0,66833.53,669.76562,44599337.1467382,210575,395.25825
2026-02-20 00:00:00.000000 ,67003.73,67486.62,66949.41,67217.71,857.36634,57669947.8385366,282849,473.29872
2026-02-21 00:00:00.000000 ,68020.0,68051.16,67787.19,67999.94,751.87688,51054740.7310157,115919,417.75777
2026-02-22 00:00:00.000000 ,67975.93,68171.46,67809.78,68150.01,547.55499,37227928.4261264,135528,296.68803
2026-02-23 00:00:00.000000 ,67643.39,67684.86,64290.71,64437.48,7705.59217,504573783.6957452,1432581,3833.34753
2026-02-24 00:00:00.000000 ,64656.01,65026.75,63433.84,64318.1,2737.05759,175834125.8395185,852142,1284.78927
2026-02-25 00:00:00.000000 ,64058.15,66300.0,63913.27,65887.89,3018.20086,197771197.3378696,834825,1644.19884
2026-02-26 00:00:00.000000 ,67988.04,68700.0,67727.52,68370.72,1674.36214,114297114.203611,476348,927.37792
2026-02-27 00:00:00.000000 ,67485.19,67537.84,66885.0,67230.0,1188.09183,79830632.7173315,344671,516.73938
2026-02-28 00:00:00.000000 ,65872.09,66025.52,65721.13,65843.22,493.19169,32498091.7699422,104104,264.65021
2026-03-01 00:00:00.000000 ,66973.26,67703.32,66042.72,67208.49,2167.49578,144917480.1826037,537947,1191.84851
2026-03-02 00:00:00.000000 ,65776.48,67079.0,65761.04,66625.01,1833.27929,121869196.4723435,807274,979.75259
2026-03-03 00:00:00.000000 ,68830.06,69258.08,68644.38,68926.47,1001.44827,69057858.5328326,365788,591.31979
2026-03-04 00:00:00.000000 ,68338.01,68909.34,67857.61,68543.03,1831.35805,125034297.719854,501562,913.83373
2026-03-05 00:00:00.000000 ,72666.77,73306.82,72553.65,72589.46,1646.9902,119962789.5666575,504466,801.89199
2026-03-06 00:00:00.000000 ,70891.02,71261.29,70344.03,71152.82,1651.57947,117035231.8122169,412082,864.12652
2026-03-07 00:00:00.000000 ,68114.02,68394.09,68105.73,68251.56,914.9311,62412242.1861327,138700,463.00624
2026-03-08 00:00:00.000000 ,67262.91,67481.96,67090.0,67329.41,1095.93084,73726127.2102705,142092,656.49587
2026-03-09 00:00:00.000000 ,65971.2,66773.0,65821.97,66443.42,3121.96979,207281528.3543786,557918,1411.19258
2026-03-10 00:00:00.000000 ,68432.16,69290.42,68391.41,68938.01,1749.50504,120550649.891319,269919,1052.35086
2026-03-11 00:00:00.000000 ,69948.64,70173.25,69759.63,69960.64,1605.20311,112404362.0970926,259686,853.53362
2026-03-12 00:00:00.000000 ,70191.86,70353.87,69794.35,69894.0,1213.14052,85048501.7947311,268682,548.8801
2026-03-13 00:00:00.000000 ,70541.34,72000.0,70386.01,71590.01,3722.68653,265933935.52007967,635305,1938.38837
2026-03-14 00:00:00.000000 ,70930.01,70951.8,70481.7,70880.82,1319.8759,93347404.5547307,155788,517.07453
2026-03-15 00:00:00.000000 ,71211.95,71252.31,70858.82,71250.68,1078.37451,76631803.2031361,142918,488.02938
2026-03-16 00:00:00.000000 ,72815.25,73008.94,72270.41,72750.01,1420.46734,103152109.1529962,377340,710.92168
2026-03-17 00:00:00.000000 ,74884.67,76000.0,73399.19,73909.36,24521.26636,1825976731.3326728,4863187,11791.2523
2026-03-18 00:00:00.000000 ,73909.37,74672.34,70500.0,71246.54,23392.88093,1692949838.9777424,4733897,11709.17057
2026-03-19 00:00:00.000000 ,71246.55,71613.79,68793.35,69930.0,22364.81819,1566573949.8604124,4972526,10489.13676
2026-03-20 00:00:00.000000 ,69930.01,71367.0,69388.0,70510.73,18121.16745,1273812840.6886704,4369971,8801.41211
2026-03-21 00:00:00.000000 ,70510.73,71100.94,68571.42,68918.12,13397.1675,942693882.026424,1640086,6379.69313
2026-03-22 00:00:00.000000 ,68918.12,69588.79,67360.66,67859.0,14843.78682,1018926475.3196974,3269152,7292.32333
2026-03-23 00:00:00.000000 ,67859.0,71817.09,67445.18,70906.45,28335.09119,1980755169.231694,6509730,14640.9723
2026-03-24 00:00:00.000000 ,70906.45,71400.0,68923.07,70556.74,20702.42244,1455361229.2099645,4191328,9731.85043
2026-03-25 00:00:00.000000 ,70556.74,72026.09,70408.0,71336.53,17719.50066,1261017988.5394323,3298902,8819.77787
2026-03-26 00:00:00.000000 ,71336.53,71436.82,68153.0,68820.31,20820.45768,1447699734.3398392,3597702,10116.39467
2026-03-27 00:00:00.000000 ,68820.31,69179.05,65548.25,66407.28,28603.69557,1917318222.7099128,4159306,14568.62853
2026-03-28 00:00:00.000000 ,66407.28,67288.94,65932.09,66377.03,11462.39847,762676255.4470605,1687368,5753.04124
2026-03-29 00:00:00.000000 ,66377.04,67130.5,65000.0,66010.93,10052.85584,667003517.6059871,2146177,4769.42832
2026-03-30 00:00:00.000000 ,66010.93,68169.65,65800.59,66797.37,18353.38975,1234617690.8920753,3902849,9155.91893
2026-03-31 00:00:00.000000 ,66797.38,68589.49,65998.05,68284.48,22105.40662,1490168487.4548745,4846820,10726.18262
2026-04-01 00:00:00.000000 ,68284.49,69310.0,67578.75,68113.92,19020.1899,1301708227.0745244,3741910,9702.49844
2026-04-02 00:00:00.000000 ,68113.92,68653.38,65712.12,66901.99,20203.47916,1349223461.5270572,4189133,10090.6562
2026-04-03 00:00:00.000000 ,66901.99,67370.42,66282.0,66964.3,11429.13131,763535606.9777882,2023104,5535.26988
2026-04-04 00:00:00.000000 ,66964.29,67562.93,66775.91,67300.42,7373.51613,494932017.4232442,1356179,3701.32932
2026-04-05 00:00:00.000000 ,67300.42,69136.2,66611.66,69034.18,11733.46752,791661977.3234502,2106257,5791.55692
2026-04-06 00:00:00.000000 ,69034.18,70351.46,68300.0,68853.66,20281.61044,1408020173.0961628,4695523,10149.79257
2026-04-07 00:00:00.000000 ,68853.66,72761.0,67732.01,71924.22,23750.49661,1649637855.842697,4871706,12465.18271
2026-04-08 00:00:00.000000 ,71924.22,72857.0,70707.23,71069.93,19802.68627,1418484188.0521238,3843988,9570.20189
2026-04-09 00:00:00.000000 ,71069.93,73145.0,70466.0,71787.97,18158.42159,1300323816.009336,3773025,9604.31771
2026-04-10 00:00:00.000000 ,71787.98,73434.0,71426.15,72962.7,17372.63288,1259195636.055663,3176308,8819.74841
2026-04-11 00:00:00.000000 ,72962.71,73790.0,72513.09,73043.16,9070.94374,662437113.7096702,1472041,4673.47605
2026-04-12 00:00:00.000000 ,73043.16,73137.24,70505.88,70740.98,13472.46801,962825891.8165911,2068779,6326.31289
2026-04-13 00:00:00.000000 ,70741.56,74900.0,70566.99,74417.99,24230.21625,1753370318.184166,3673539,12639.79905
2026-04-14 00:00:00.000000 ,74418.0,76038.0,73795.47,74131.55,26532.94456,1982728989.60722,4033448,13313.88956
2026-04-15 00:00:00.000000 ,74131.55,75425.0,73514.0,74809.99,14425.04167,1071448612.537022,3187792,7014.01981
2026-04-16 00:00:00.000000 ,74809.99,75534.76,73309.85,75154.29,17088.68777,1274894123.7496114,3581890,8601.69794
2026-04-17 00:00:00.000000 ,75154.28,78333.0,74529.4,77072.0,25941.36694,1987343208.84067,4931167,14435.4773
2026-04-18 00:00:00.000000 ,77072.01,77420.08,75445.16,75691.76,9141.84456,698008567.9340073,1941112,4333.78362
2026-04-19 00:00:00.000000 ,75691.76,76240.66,73762.9,73801.79,11369.82232,854915370.4407915,2739751,5458.61875
2026-04-20 00:00:00.000000 ,73801.8,76558.62,73724.31,75840.97,16993.41034,1280503914.3710752,3563591,8812.70109
2026-04-21 00:00:00.000000 ,75840.97,76927.57,74821.57,76336.15,14912.57132,1132118272.5583112,3616213,7672.96288
2026-04-22 00:00:00.000000 ,76336.14,79472.82,76132.95,78178.23,19737.51225,1543732085.5463338,3757077,10376.12434
2026-04-23 00:00:00.000000 ,78178.22,78662.5,76960.0,78257.48,16970.79501,1321349698.354246,3571796,7760.75572
2026-04-24 00:00:00.000000 ,78257.48,78581.93,77264.08,77437.13,12675.14315,986932564.6001964,2581973,6148.06393
2026-04-25 00:00:00.000000 ,77437.13,77885.35,77140.23,77625.0,5685.1142,440684004.3451535,806542,2999.85355
2026-04-26 00:00:00.000000 ,77625.0,78961.0,77326.51,78657.55,7963.56162,621991973.4848,1476971,3981.86566
2026-04-27 00:00:00.000000 ,78657.55,79485.66,76459.64,77371.32,16046.92418,1247833550.0841925,2982889,7712.53219
2026-04-28 00:00:00.000000 ,77371.32,77478.0,75666.6,76342.77,13210.72383,1010412673.5550212,2352446,6518.95469
2026-04-29 00:00:00.000000 ,76342.78,77904.93,74937.52,75780.0,18279.93022,1399735858.345528,3032890,9680.02112
2026-04-30 00:00:00.000000 ,75780.0,76669.14,75323.65,76346.57,10381.81607,790584591.6891539,2569480,5585.19124
2026-05-01 00:00:00.000000 ,76346.58,78914.12,76320.42,78231.13,17315.46502,1347837835.9195642,2388458,8322.98012
2026-05-02 00:00:00.000000 ,78231.13,79199.48,78040.0,78686.85,6150.87642,482238389.4494098,936143,3297.03958
2026-05-03 00:00:00.000000 ,78686.84,79447.0,78084.08,78568.57,7425.7929,584294330.4516287,1352474,3464.91412
2026-05-04 00:00:00.000000 ,78568.58,80776.99,78202.0,79861.01,26042.96135,2074174850.511439,3734604,13351.64548
2026-05-05 00:00:00.000000 ,79861.01,81791.48,79808.72,80905.52,16947.17995,1374319029.230936,2490930,8628.14977
2026-05-06 00:00:00.000000 ,80905.53,82850.0,80731.14,81447.01,18798.77396,1535650624.7612484,2794707,9976.68805
2026-05-07 00:00:00.000000 ,81447.01,81708.32,79500.0,80006.0,16154.80338,1300766382.102334,2540329,7625.14879
2026-05-08 00:00:00.000000 ,80006.0,80500.0,79181.48,80193.17,16001.31009,1278566045.4172618,2265372,8328.38654
2026-05-09 00:00:00.000000 ,80193.18,81080.0,80129.85,80678.4,7548.42177,607596225.98642,1002373,4032.72566
2026-05-10 00:00:00.000000 ,80678.41,82479.32,80279.77,82210.07,12034.31882,977223714.2634743,1801608,6395.8966
2026-05-11 00:00:00.000000 ,82210.07,82380.0,80462.97,81745.65,12951.76056,1053193670.8757555,2576396,6132.37349
2026-05-12 00:00:00.000000 ,81745.66,81788.0,79843.59,80504.47,12386.25676,1000180167.440677,2345137,5716.20385
2026-05-13 00:00:00.000000 ,80504.47,81324.64,78754.65,79313.61,14810.05643,1184929842.8688235,2350570,7161.64182
2026-05-14 00:00:00.000000 ,79313.61,82048.13,78922.0,81089.99,19727.86807,1590656475.018797,3101046,10750.20775
2026-05-15 00:00:00.000000 ,81090.0,81664.45,78659.0,79113.21,17351.27079,1387152674.368868,3184114,8333.17845
2026-05-16 00:00:00.000000 ,79113.2,79227.77,77640.0,78148.05,12132.86192,949890656.658851,1597661,5776.31138
2026-05-17 00:00:00.000000 ,78148.05,78599.99,76735.16,77457.67,8442.7022,658061481.644852,1570433,3897.8677
2026-05-18 00:00:00.000000 ,77457.67,77800.0,76051.0,77001.87,18745.51678,1439862031.891971,3529328,8916.45791
2026-05-19 00:00:00.000000 ,77001.88,77414.62,76144.71,76834.36,11024.85978,846904378.3078035,2315121,5680.77448
2026-05-20 00:00:00.000000 ,76834.36,77853.04,76516.74,77552.23,11296.26307,873091271.471635,2437754,5606.16242
2026-05-21 00:00:00.000000 ,77552.24,78200.0,76719.47,77615.52,11318.25841,878168697.2277491,2473146,5765.00854
2026-05-22 00:00:00.000000 ,77615.52,77900.0,75359.18,75539.5,11272.36134,866200460.9104595,2370783,5204.99076
2026-05-23 00:00:00.000000 ,75539.5,77404.18,74289.6,76752.01,15086.88814,1138996605.773816,2103536,7738.58719
2026-05-24 00:00:00.000000 ,76752.0,77543.15,76108.0,77064.96,8398.00156,644925517.611316,1612969,4513.13276
2026-05-25 00:00:00.000000 ,77064.96,77905.52,76914.25,77322.01,7672.32197,593868004.9975973,1778509,3644.38154
2026-05-26 00:00:00.000000 ,77322.01,78080.0,75677.97,75930.01,16953.47629,1299609317.6975915,3360745,7867.0405
2026-05-27 00:00:00.000000 ,75930.01,76174.15,74243.99,74449.3,16877.77483,1270680262.9088244,3367068,7990.81792
2026-05-28 00:00:00.000000 ,74449.31,74590.77,72582.82,73617.51,21274.02026,1560808525.5072746,3799713,11285.37807
2026-05-29 00:00:00.000000 ,73617.52,74514.1,72512.49,73460.78,18686.74141,1376106492.906427,2897318,10668.37212
2026-05-30 00:00:00.000000 ,73460.78,74143.76,73216.0,73884.38,7515.40909,553989386.1115208,1124406,4118.11087
2026-05-31 00:00:00.000000 ,73884.38,74275.66,73400.0,73674.39,6986.45707,515907532.5891972,1363437,3407.47243
2026-06-01 00:00:00.000000 ,73674.39,74092.0,73222.0,73304.0,2631.2038,193725805.5410146,715169,1285.3227
2026-06-02 00:00:00.000000 ,71408.9,71408.9,66193.0,66760.83,32858.19586,2253348577.983128,6250677,15675.4915
2026-06-03 00:00:00.000000 ,66760.84,67204.15,65426.34,66461.87,6925.60683,459870254.65504575,1274478,3295.25126
2026-06-04 00:00:00.000000 ,64142.75000000,64764.32000000,61383.56000000,63885.99000000,43577.17571000,2759349733.48938320,9057976,20172.82504000
2026-06-05 00:00:00.000000 ,63885.99000000,63978.00000000,59130.91000000,61056.47000000,55027.28807000,3379021750.50332800,11658856,24879.51775000
2026-06-06 00:00:00.000000 ,61056.47000000,61530.05000000,59500.00000000,60884.62000000,19795.58877000,1202325958.46823350,5000874,9473.55921000
2026-06-07 00:00:00.000000 ,60884.62000000,64234.68000000,60746.00000000,63332.01000000,26612.10443000,1656650772.81370800,4752461,14156.31067000
2026-06-08 00:00:00.000000 ,63332.01000000,64200.00000000,62408.00000000,63085.99000000,23053.38624000,1462563286.75122030,4887564,11227.99606000
2026-06-09 00:00:00.000000 ,63086.00000000,63526.01000000,60780.00000000,61730.00000000,21636.21959000,1347322049.16234040,4347332,10357.23644000
2026-06-10 00:00:00.000000 ,61730.00000000,62857.99000000,60755.00000000,61455.21000000,15849.21041000,977512663.74561460,4598066,7643.07483000
2026-06-11 00:00:00.000000 ,61510.99000000,63933.02000000,61510.99000000,63625.99000000,17380.94642000,1093211866.43388520,3446803,8975.49366000
2026-06-12 00:00:00.000000 ,63626.00000000,64394.44000000,62829.81000000,63580.01000000,16397.05240000,1042661512.67960390,3154052,8373.87233000
2026-06-13 00:00:00.000000 ,63580.00000000,64762.77000000,63418.66000000,64458.01000000,9960.74163000,637302050.48679330,1489009,5326.34918000
