timestamp,Close
2019-09-08 16:00:00+00:00,10340.12
2019-09-08 20:00:00+00:00,10391.63
2019-09-09 00:00:00+00:00,10297.89
2019-09-09 04:00:00+00:00,10149.47
2019-09-09 08:00:00+00:00,10414.6
2019-09-09 12:00:00+00:00,10314.26
2019-09-09 16:00:00+00:00,10308.87
2019-09-09 20:00:00+00:00,10307.0
2019-09-10 00:00:00+00:00,10307.25
2019-09-10 04:00:00+00:00,10272.46
2019-09-10 08:00:00+00:00,10254.56
2019-09-10 12:00:00+00:00,10179.1
2019-09-10 16:00:00+00:00,10026.56
2019-09-10 20:00:00+00:00,10102.02
2019-09-11 00:00:00+00:00,10093.88
2019-09-11 04:00:00+00:00,10067.46
2019-09-11 08:00:00+00:00,10070.53
2019-09-11 12:00:00+00:00,9991.84
2019-09-11 16:00:00+00:00,10077.6
2019-09-11 20:00:00+00:00,10159.55
2019-09-12 00:00:00+00:00,10113.43
2019-09-12 04:00:00+00:00,10078.96
2019-09-12 08:00:00+00:00,10170.93
2019-09-12 12:00:00+00:00,10326.58
2019-09-12 16:00:00+00:00,10308.8
2019-09-12 20:00:00+00:00,10415.13
2019-09-13 00:00:00+00:00,10364.64
2019-09-13 04:00:00+00:00,10284.03
2019-09-13 08:00:00+00:00,10306.52
2019-09-13 12:00:00+00:00,10296.57
2019-09-13 16:00:00+00:00,10210.25
2019-09-13 20:00:00+00:00,10341.34
2019-09-14 00:00:00+00:00,10280.77
2019-09-14 04:00:00+00:00,10316.67
2019-09-14 08:00:00+00:00,10291.93
2019-09-14 12:00:00+00:00,10358.0
2019-09-14 16:00:00+00:00,10363.8
2019-09-14 20:00:00+00:00,10332.25
2019-09-15 00:00:00+00:00,10303.39
2019-09-15 04:00:00+00:00,10308.96
2019-09-15 08:00:00+00:00,10296.63
2019-09-15 12:00:00+00:00,10306.37
2019-09-15 16:00:00+00:00,10294.68
2019-09-15 20:00:00+00:00,10302.22
2019-09-16 00:00:00+00:00,10300.07
2019-09-16 04:00:00+00:00,10302.3
2019-09-16 08:00:00+00:00,10282.74
2019-09-16 12:00:00+00:00,10120.07
2019-09-16 16:00:00+00:00,10124.17
2019-09-16 20:00:00+00:00,10249.27
2019-09-17 00:00:00+00:00,10224.09
2019-09-17 04:00:00+00:00,10201.89
2019-09-17 08:00:00+00:00,10163.0
2019-09-17 12:00:00+00:00,10201.14
2019-09-17 16:00:00+00:00,10255.91
2019-09-17 20:00:00+00:00,10186.52
2019-09-18 00:00:00+00:00,10206.05
2019-09-18 04:00:00+00:00,10198.54
2019-09-18 08:00:00+00:00,10156.12
2019-09-18 12:00:00+00:00,10172.91
2019-09-18 16:00:00+00:00,10171.17
2019-09-18 20:00:00+00:00,10155.16
2019-09-19 00:00:00+00:00,9821.97
2019-09-19 04:00:00+00:00,9872.38
2019-09-19 08:00:00+00:00,9856.5
2019-09-19 12:00:00+00:00,9880.36
2019-09-19 16:00:00+00:00,10086.98
2019-09-19 20:00:00+00:00,10245.3
2019-09-20 00:00:00+00:00,10214.76
2019-09-20 04:00:00+00:00,10156.45
2019-09-20 08:00:00+00:00,10173.72
2019-09-20 12:00:00+00:00,10180.66
2019-09-20 16:00:00+00:00,10161.6
2019-09-20 20:00:00+00:00,10166.35
2019-09-21 00:00:00+00:00,10124.75
2019-09-21 04:00:00+00:00,10079.89
2019-09-21 08:00:00+00:00,10046.6
2019-09-21 12:00:00+00:00,10037.11
2019-09-21 16:00:00+00:00,10016.8
2019-09-21 20:00:00+00:00,9983.33
2019-09-22 00:00:00+00:00,9872.07
2019-09-22 04:00:00+00:00,10023.53
2019-09-22 08:00:00+00:00,10001.83
2019-09-22 12:00:00+00:00,9989.89
2019-09-22 16:00:00+00:00,9987.48
2019-09-22 20:00:00+00:00,10023.04
2019-09-23 00:00:00+00:00,9975.58
2019-09-23 04:00:00+00:00,9904.0
2019-09-23 08:00:00+00:00,9915.09
2019-09-23 12:00:00+00:00,9867.06
2019-09-23 16:00:00+00:00,9805.1
2019-09-23 20:00:00+00:00,9701.96
2019-09-24 00:00:00+00:00,9718.71
2019-09-24 04:00:00+00:00,9755.67
2019-09-24 08:00:00+00:00,9726.09
2019-09-24 12:00:00+00:00,9530.0
2019-09-24 16:00:00+00:00,8645.61
2019-09-24 20:00:00+00:00,8495.83
2019-09-25 00:00:00+00:00,8565.61
2019-09-25 04:00:00+00:00,8322.35
2019-09-25 08:00:00+00:00,8327.38
2019-09-25 12:00:00+00:00,8293.28
2019-09-25 16:00:00+00:00,8346.96
2019-09-25 20:00:00+00:00,8430.07
2019-09-26 00:00:00+00:00,8361.8
2019-09-26 04:00:00+00:00,8379.0
2019-09-26 08:00:00+00:00,8387.08
2019-09-26 12:00:00+00:00,7921.82
2019-09-26 16:00:00+00:00,8131.12
2019-09-26 20:00:00+00:00,8060.15
2019-09-27 00:00:00+00:00,8019.99
2019-09-27 04:00:00+00:00,8060.01
2019-09-27 08:00:00+00:00,7988.08
2019-09-27 12:00:00+00:00,7977.1
2019-09-27 16:00:00+00:00,7990.7
2019-09-27 20:00:00+00:00,8176.52
2019-09-28 00:00:00+00:00,8164.01
2019-09-28 04:00:00+00:00,8211.76
2019-09-28 08:00:00+00:00,8133.23
2019-09-28 12:00:00+00:00,8064.07
2019-09-28 16:00:00+00:00,8146.66
2019-09-28 20:00:00+00:00,8195.38
2019-09-29 00:00:00+00:00,8130.22
2019-09-29 04:00:00+00:00,8083.08
2019-09-29 08:00:00+00:00,8073.12
2019-09-29 12:00:00+00:00,7965.7
2019-09-29 16:00:00+00:00,7956.4
2019-09-29 20:00:00+00:00,8041.96
2019-09-30 00:00:00+00:00,7972.07
2019-09-30 04:00:00+00:00,7792.82
2019-09-30 08:00:00+00:00,8034.78
2019-09-30 12:00:00+00:00,8280.0
2019-09-30 16:00:00+00:00,8269.65
2019-09-30 20:00:00+00:00,8285.84
2019-10-01 00:00:00+00:00,8392.36
2019-10-01 04:00:00+00:00,8405.03
2019-10-01 08:00:00+00:00,8353.0
2019-10-01 12:00:00+00:00,8361.09
2019-10-01 16:00:00+00:00,8295.66
2019-10-01 20:00:00+00:00,8290.0
2019-10-02 00:00:00+00:00,8239.0
2019-10-02 04:00:00+00:00,8194.52
2019-10-02 08:00:00+00:00,8255.57
2019-10-02 12:00:00+00:00,8230.4
2019-10-02 16:00:00+00:00,8250.79
2019-10-02 20:00:00+00:00,8352.14
2019-10-03 00:00:00+00:00,8323.92
2019-10-03 04:00:00+00:00,8258.14
2019-10-03 08:00:00+00:00,8215.26
2019-10-03 12:00:00+00:00,8104.71
2019-10-03 16:00:00+00:00,8141.03
2019-10-03 20:00:00+00:00,8220.27
2019-10-04 00:00:00+00:00,8101.77
2019-10-04 04:00:00+00:00,8126.61
2019-10-04 08:00:00+00:00,8145.01
2019-10-04 12:00:00+00:00,8140.95
2019-10-04 16:00:00+00:00,8179.0
2019-10-04 20:00:00+00:00,8130.56
2019-10-05 00:00:00+00:00,8131.0
2019-10-05 04:00:00+00:00,8104.88
2019-10-05 08:00:00+00:00,8077.76
2019-10-05 12:00:00+00:00,8077.11
2019-10-05 16:00:00+00:00,8063.96
2019-10-05 20:00:00+00:00,8122.14
2019-10-06 00:00:00+00:00,8039.21
2019-10-06 04:00:00+00:00,7958.19
2019-10-06 08:00:00+00:00,7937.72
2019-10-06 12:00:00+00:00,7995.98
2019-10-06 16:00:00+00:00,7887.04
2019-10-06 20:00:00+00:00,7852.79
2019-10-07 00:00:00+00:00,7859.27
2019-10-07 04:00:00+00:00,7862.0
2019-10-07 08:00:00+00:00,7975.99
2019-10-07 12:00:00+00:00,8174.58
2019-10-07 16:00:00+00:00,8208.75
2019-10-07 20:00:00+00:00,8186.88
2019-10-08 00:00:00+00:00,8255.9
2019-10-08 04:00:00+00:00,8206.24
2019-10-08 08:00:00+00:00,8177.48
2019-10-08 12:00:00+00:00,8182.46
2019-10-08 16:00:00+00:00,8163.54
2019-10-08 20:00:00+00:00,8167.62
2019-10-09 00:00:00+00:00,8119.11
2019-10-09 04:00:00+00:00,8177.4
2019-10-09 08:00:00+00:00,8183.32
2019-10-09 12:00:00+00:00,8550.09
2019-10-09 16:00:00+00:00,8576.37
2019-10-09 20:00:00+00:00,8559.77
2019-10-10 00:00:00+00:00,8541.12
2019-10-10 04:00:00+00:00,8611.27
2019-10-10 08:00:00+00:00,8524.63
2019-10-10 12:00:00+00:00,8536.08
2019-10-10 16:00:00+00:00,8552.62
2019-10-10 20:00:00+00:00,8556.02
2019-10-11 00:00:00+00:00,8551.26
2019-10-11 04:00:00+00:00,8385.26
2019-10-11 08:00:00+00:00,8295.88
2019-10-11 12:00:00+00:00,8341.0
2019-10-11 16:00:00+00:00,8340.96
2019-10-11 20:00:00+00:00,8255.58
2019-10-12 00:00:00+00:00,8306.56
2019-10-12 04:00:00+00:00,8336.35
2019-10-12 08:00:00+00:00,8319.75
2019-10-12 12:00:00+00:00,8368.79
2019-10-12 16:00:00+00:00,8307.99
2019-10-12 20:00:00+00:00,8300.22
2019-10-13 00:00:00+00:00,8336.51
2019-10-13 04:00:00+00:00,8319.36
2019-10-13 08:00:00+00:00,8345.14
2019-10-13 12:00:00+00:00,8401.39
2019-10-13 16:00:00+00:00,8430.0
2019-10-13 20:00:00+00:00,8274.66
2019-10-14 00:00:00+00:00,8286.51
2019-10-14 04:00:00+00:00,8302.17
2019-10-14 08:00:00+00:00,8279.61
2019-10-14 12:00:00+00:00,8251.5
2019-10-14 16:00:00+00:00,8327.16
2019-10-14 20:00:00+00:00,8346.05
2019-10-15 00:00:00+00:00,8313.69
2019-10-15 04:00:00+00:00,8279.74
2019-10-15 08:00:00+00:00,8294.5
2019-10-15 12:00:00+00:00,8316.18
2019-10-15 16:00:00+00:00,8177.46
2019-10-15 20:00:00+00:00,8160.01
2019-10-16 00:00:00+00:00,8167.82
2019-10-16 04:00:00+00:00,8140.12
2019-10-16 08:00:00+00:00,8060.33
2019-10-16 12:00:00+00:00,7955.01
2019-10-16 16:00:00+00:00,7957.06
2019-10-16 20:00:00+00:00,7992.21
2019-10-17 00:00:00+00:00,7968.12
2019-10-17 04:00:00+00:00,7975.38
2019-10-17 08:00:00+00:00,8066.01
2019-10-17 12:00:00+00:00,8070.86
2019-10-17 16:00:00+00:00,8060.02
2019-10-17 20:00:00+00:00,8069.2
2019-10-18 00:00:00+00:00,8064.97
2019-10-18 04:00:00+00:00,7909.6
2019-10-18 08:00:00+00:00,7921.6
2019-10-18 12:00:00+00:00,7919.13
2019-10-18 16:00:00+00:00,7942.18
2019-10-18 20:00:00+00:00,7943.94
2019-10-19 00:00:00+00:00,7938.73
2019-10-19 04:00:00+00:00,7929.18
2019-10-19 08:00:00+00:00,7943.74
2019-10-19 12:00:00+00:00,7991.31
2019-10-19 16:00:00+00:00,7973.66
2019-10-19 20:00:00+00:00,7947.13
2019-10-20 00:00:00+00:00,7902.85
2019-10-20 04:00:00+00:00,7907.94
2019-10-20 08:00:00+00:00,7942.39
2019-10-20 12:00:00+00:00,8022.28
2019-10-20 16:00:00+00:00,8229.17
2019-10-20 20:00:00+00:00,8218.23
2019-10-21 00:00:00+00:00,8218.45
2019-10-21 04:00:00+00:00,8220.11
2019-10-21 08:00:00+00:00,8231.89
2019-10-21 12:00:00+00:00,8192.02
2019-10-21 16:00:00+00:00,8184.65
2019-10-21 20:00:00+00:00,8201.74
2019-10-22 00:00:00+00:00,8205.64
2019-10-22 04:00:00+00:00,8210.0
2019-10-22 08:00:00+00:00,8276.18
2019-10-22 12:00:00+00:00,8212.37
2019-10-22 16:00:00+00:00,8167.38
2019-10-22 20:00:00+00:00,8020.89
2019-10-23 00:00:00+00:00,7953.2
2019-10-23 04:00:00+00:00,7959.35
2019-10-23 08:00:00+00:00,7964.7
2019-10-23 12:00:00+00:00,7420.87
2019-10-23 16:00:00+00:00,7479.05
2019-10-23 20:00:00+00:00,7465.0
2019-10-24 00:00:00+00:00,7408.07
2019-10-24 04:00:00+00:00,7418.29
2019-10-24 08:00:00+00:00,7419.0
2019-10-24 12:00:00+00:00,7432.91
2019-10-24 16:00:00+00:00,7466.96
2019-10-24 20:00:00+00:00,7411.35
2019-10-25 00:00:00+00:00,7438.15
2019-10-25 04:00:00+00:00,7458.9
2019-10-25 08:00:00+00:00,7575.06
2019-10-25 12:00:00+00:00,8264.52
2019-10-25 16:00:00+00:00,8631.73
2019-10-25 20:00:00+00:00,8650.0
2019-10-26 00:00:00+00:00,9563.07
2019-10-26 04:00:00+00:00,9488.0
2019-10-26 08:00:00+00:00,9230.04
2019-10-26 12:00:00+00:00,9199.9
2019-10-26 16:00:00+00:00,9004.0
2019-10-26 20:00:00+00:00,9232.22
2019-10-27 00:00:00+00:00,9136.84
2019-10-27 04:00:00+00:00,9158.0
2019-10-27 08:00:00+00:00,9283.98
2019-10-27 12:00:00+00:00,9530.21
2019-10-27 16:00:00+00:00,9719.99
2019-10-27 20:00:00+00:00,9533.32
2019-10-28 00:00:00+00:00,9631.12
2019-10-28 04:00:00+00:00,9447.25
2019-10-28 08:00:00+00:00,9425.0
2019-10-28 12:00:00+00:00,9389.96
2019-10-28 16:00:00+00:00,9410.59
2019-10-28 20:00:00+00:00,9217.36
2019-10-29 00:00:00+00:00,9299.0
2019-10-29 04:00:00+00:00,9455.0
2019-10-29 08:00:00+00:00,9444.65
2019-10-29 12:00:00+00:00,9354.63
2019-10-29 16:00:00+00:00,9233.39
2019-10-29 20:00:00+00:00,9415.02
2019-10-30 00:00:00+00:00,9288.18
2019-10-30 04:00:00+00:00,9176.05
2019-10-30 08:00:00+00:00,9108.87
2019-10-30 12:00:00+00:00,9102.91
2019-10-30 16:00:00+00:00,9213.28
2019-10-30 20:00:00+00:00,9165.3
2019-10-31 00:00:00+00:00,9110.0
2019-10-31 04:00:00+00:00,9108.25
2019-10-31 08:00:00+00:00,9121.0
2019-10-31 12:00:00+00:00,9218.7
2019-10-31 16:00:00+00:00,9220.35
2019-10-31 20:00:00+00:00,9150.0
2019-11-01 00:00:00+00:00,9073.9
2019-11-01 04:00:00+00:00,9110.0
2019-11-01 08:00:00+00:00,9166.17
2019-11-01 12:00:00+00:00,9084.37
2019-11-01 16:00:00+00:00,9171.05
2019-11-01 20:00:00+00:00,9231.01
2019-11-02 00:00:00+00:00,9235.12
2019-11-02 04:00:00+00:00,9215.0
2019-11-02 08:00:00+00:00,9239.99
2019-11-02 12:00:00+00:00,9320.0
2019-11-02 16:00:00+00:00,9314.01
2019-11-02 20:00:00+00:00,9287.8
2019-11-03 00:00:00+00:00,9335.07
2019-11-03 04:00:00+00:00,9246.2
2019-11-03 08:00:00+00:00,9160.31
2019-11-03 12:00:00+00:00,9180.97
2019-11-03 16:00:00+00:00,9142.12
2019-11-03 20:00:00+00:00,9197.88
2019-11-04 00:00:00+00:00,9158.41
2019-11-04 04:00:00+00:00,9187.52
2019-11-04 08:00:00+00:00,9259.38
2019-11-04 12:00:00+00:00,9292.66
2019-11-04 16:00:00+00:00,9261.96
2019-11-04 20:00:00+00:00,9395.46
2019-11-05 00:00:00+00:00,9410.0
2019-11-05 04:00:00+00:00,9231.88
2019-11-05 08:00:00+00:00,9292.69
2019-11-05 12:00:00+00:00,9371.76
2019-11-05 16:00:00+00:00,9395.48
2019-11-05 20:00:00+00:00,9313.2
2019-11-06 00:00:00+00:00,9310.0
2019-11-06 04:00:00+00:00,9392.61
2019-11-06 08:00:00+00:00,9380.01
2019-11-06 12:00:00+00:00,9343.58
2019-11-06 16:00:00+00:00,9302.74
2019-11-06 20:00:00+00:00,9343.6
2019-11-07 00:00:00+00:00,9309.47
2019-11-07 04:00:00+00:00,9266.98
2019-11-07 08:00:00+00:00,9206.51
2019-11-07 12:00:00+00:00,9198.06
2019-11-07 16:00:00+00:00,9209.8
2019-11-07 20:00:00+00:00,9219.64
2019-11-08 00:00:00+00:00,9244.13
2019-11-08 04:00:00+00:00,9148.5
2019-11-08 08:00:00+00:00,9033.3
2019-11-08 12:00:00+00:00,8821.33
2019-11-08 16:00:00+00:00,8804.73
2019-11-08 20:00:00+00:00,8775.03
2019-11-09 00:00:00+00:00,8833.09
2019-11-09 04:00:00+00:00,8822.48
2019-11-09 08:00:00+00:00,8820.75
2019-11-09 12:00:00+00:00,8801.29
2019-11-09 16:00:00+00:00,8761.73
2019-11-09 20:00:00+00:00,8811.15
2019-11-10 00:00:00+00:00,8777.61
2019-11-10 04:00:00+00:00,8850.03
2019-11-10 08:00:00+00:00,8832.35
2019-11-10 12:00:00+00:00,8804.15
2019-11-10 16:00:00+00:00,9049.13
2019-11-10 20:00:00+00:00,9041.31
2019-11-11 00:00:00+00:00,9024.05
2019-11-11 04:00:00+00:00,8814.38
2019-11-11 08:00:00+00:00,8727.17
2019-11-11 12:00:00+00:00,8720.27
2019-11-11 16:00:00+00:00,8759.99
2019-11-11 20:00:00+00:00,8728.93
2019-11-12 00:00:00+00:00,8741.12
2019-11-12 04:00:00+00:00,8769.4
2019-11-12 08:00:00+00:00,8746.84
2019-11-12 12:00:00+00:00,8701.78
2019-11-12 16:00:00+00:00,8765.88
2019-11-12 20:00:00+00:00,8817.0
2019-11-13 00:00:00+00:00,8732.04
2019-11-13 04:00:00+00:00,8741.63
2019-11-13 08:00:00+00:00,8771.16
2019-11-13 12:00:00+00:00,8751.33
2019-11-13 16:00:00+00:00,8775.87
2019-11-13 20:00:00+00:00,8774.76
2019-11-14 00:00:00+00:00,8760.1
2019-11-14 04:00:00+00:00,8667.46
2019-11-14 08:00:00+00:00,8634.99
2019-11-14 12:00:00+00:00,8641.63
2019-11-14 16:00:00+00:00,8645.02
2019-11-14 20:00:00+00:00,8642.25
2019-11-15 00:00:00+00:00,8556.28
2019-11-15 04:00:00+00:00,8571.99
2019-11-15 08:00:00+00:00,8630.0
2019-11-15 12:00:00+00:00,8476.55
2019-11-15 16:00:00+00:00,8486.46
2019-11-15 20:00:00+00:00,8473.27
2019-11-16 00:00:00+00:00,8454.36
2019-11-16 04:00:00+00:00,8478.96
2019-11-16 08:00:00+00:00,8481.0
2019-11-16 12:00:00+00:00,8491.7
2019-11-16 16:00:00+00:00,8475.0
2019-11-16 20:00:00+00:00,8491.06
2019-11-17 00:00:00+00:00,8482.21
2019-11-17 04:00:00+00:00,8427.14
2019-11-17 08:00:00+00:00,8518.91
2019-11-17 12:00:00+00:00,8529.48
2019-11-17 16:00:00+00:00,8553.51
2019-11-17 20:00:00+00:00,8504.04
2019-11-18 00:00:00+00:00,8477.2
2019-11-18 04:00:00+00:00,8449.85
2019-11-18 08:00:00+00:00,8444.99
2019-11-18 12:00:00+00:00,8410.0
2019-11-18 16:00:00+00:00,8211.8
2019-11-18 20:00:00+00:00,8183.26
2019-11-19 00:00:00+00:00,8151.95
2019-11-19 04:00:00+00:00,8124.36
2019-11-19 08:00:00+00:00,8071.93
2019-11-19 12:00:00+00:00,8098.06
2019-11-19 16:00:00+00:00,8108.04
2019-11-19 20:00:00+00:00,8131.7
2019-11-20 00:00:00+00:00,8128.34
2019-11-20 04:00:00+00:00,8117.89
2019-11-20 08:00:00+00:00,8088.44
2019-11-20 12:00:00+00:00,8126.41
2019-11-20 16:00:00+00:00,8086.92
2019-11-20 20:00:00+00:00,8094.05
2019-11-21 00:00:00+00:00,8121.7
2019-11-21 04:00:00+00:00,8086.37
2019-11-21 08:00:00+00:00,7871.42
2019-11-21 12:00:00+00:00,7625.58
2019-11-21 16:00:00+00:00,7625.71
2019-11-21 20:00:00+00:00,7621.9
2019-11-22 00:00:00+00:00,7594.7
2019-11-22 04:00:00+00:00,7547.75
2019-11-22 08:00:00+00:00,7097.18
2019-11-22 12:00:00+00:00,7114.87
2019-11-22 16:00:00+00:00,7289.38
2019-11-22 20:00:00+00:00,7262.72
2019-11-23 00:00:00+00:00,7266.52
2019-11-23 04:00:00+00:00,7168.0
2019-11-23 08:00:00+00:00,7166.83
2019-11-23 12:00:00+00:00,7284.0
2019-11-23 16:00:00+00:00,7280.45
2019-11-23 20:00:00+00:00,7305.99
2019-11-24 00:00:00+00:00,7198.84
2019-11-24 04:00:00+00:00,7175.47
2019-11-24 08:00:00+00:00,7198.93
2019-11-24 12:00:00+00:00,6979.96
2019-11-24 16:00:00+00:00,7025.03
2019-11-24 20:00:00+00:00,6900.86
2019-11-25 00:00:00+00:00,6661.2
2019-11-25 04:00:00+00:00,6667.32
2019-11-25 08:00:00+00:00,6870.34
2019-11-25 12:00:00+00:00,7244.22
2019-11-25 16:00:00+00:00,7188.96
2019-11-25 20:00:00+00:00,7102.03
2019-11-26 00:00:00+00:00,7234.05
2019-11-26 04:00:00+00:00,7167.57
2019-11-26 08:00:00+00:00,7162.18
2019-11-26 12:00:00+00:00,7090.01
2019-11-26 16:00:00+00:00,7072.45
2019-11-26 20:00:00+00:00,7150.0
2019-11-27 00:00:00+00:00,7069.0
2019-11-27 04:00:00+00:00,7065.07
2019-11-27 08:00:00+00:00,7143.75
2019-11-27 12:00:00+00:00,7300.02
2019-11-27 16:00:00+00:00,7563.68
2019-11-27 20:00:00+00:00,7506.77
2019-11-28 00:00:00+00:00,7486.65
2019-11-28 04:00:00+00:00,7494.1
2019-11-28 08:00:00+00:00,7478.44
2019-11-28 12:00:00+00:00,7610.0
2019-11-28 16:00:00+00:00,7606.8
2019-11-28 20:00:00+00:00,7415.79
2019-11-29 00:00:00+00:00,7483.2
2019-11-29 04:00:00+00:00,7505.9
2019-11-29 08:00:00+00:00,7513.81
2019-11-29 12:00:00+00:00,7803.96
2019-11-29 16:00:00+00:00,7710.28
2019-11-29 20:00:00+00:00,7736.66
2019-11-30 00:00:00+00:00,7735.0
2019-11-30 04:00:00+00:00,7743.57
2019-11-30 08:00:00+00:00,7654.11
2019-11-30 12:00:00+00:00,7536.0
2019-11-30 16:00:00+00:00,7504.35
2019-11-30 20:00:00+00:00,7542.93
2019-12-01 00:00:00+00:00,7286.85
2019-12-01 04:00:00+00:00,7278.15
2019-12-01 08:00:00+00:00,7314.28
2019-12-01 12:00:00+00:00,7301.89
2019-12-01 16:00:00+00:00,7354.99
2019-12-01 20:00:00+00:00,7387.38
2019-12-02 00:00:00+00:00,7357.96
2019-12-02 04:00:00+00:00,7248.05
2019-12-02 08:00:00+00:00,7294.67
2019-12-02 12:00:00+00:00,7303.43
2019-12-02 16:00:00+00:00,7269.01
2019-12-02 20:00:00+00:00,7291.0
2019-12-03 00:00:00+00:00,7344.05
2019-12-03 04:00:00+00:00,7287.69
2019-12-03 08:00:00+00:00,7262.7
2019-12-03 12:00:00+00:00,7329.76
2019-12-03 16:00:00+00:00,7317.51
2019-12-03 20:00:00+00:00,7290.86
2019-12-04 00:00:00+00:00,7145.99
2019-12-04 04:00:00+00:00,7127.59
2019-12-04 08:00:00+00:00,7194.24
2019-12-04 12:00:00+00:00,7462.39
2019-12-04 16:00:00+00:00,7474.37
2019-12-04 20:00:00+00:00,7191.0
2019-12-05 00:00:00+00:00,7218.02
2019-12-05 04:00:00+00:00,7301.64
2019-12-05 08:00:00+00:00,7364.0
2019-12-05 12:00:00+00:00,7331.22
2019-12-05 16:00:00+00:00,7369.13
2019-12-05 20:00:00+00:00,7384.99
2019-12-06 00:00:00+00:00,7366.16
2019-12-06 04:00:00+00:00,7364.06
2019-12-06 08:00:00+00:00,7334.81
2019-12-06 12:00:00+00:00,7368.83
2019-12-06 16:00:00+00:00,7429.98
2019-12-06 20:00:00+00:00,7522.1
2019-12-07 00:00:00+00:00,7524.65
2019-12-07 04:00:00+00:00,7517.89
2019-12-07 08:00:00+00:00,7521.9
2019-12-07 12:00:00+00:00,7508.0
2019-12-07 16:00:00+00:00,7515.0
2019-12-07 20:00:00+00:00,7487.2
2019-12-08 00:00:00+00:00,7403.21
2019-12-08 04:00:00+00:00,7433.59
2019-12-08 08:00:00+00:00,7515.94
2019-12-08 12:00:00+00:00,7544.04
2019-12-08 16:00:00+00:00,7514.32
2019-12-08 20:00:00+00:00,7508.2
2019-12-09 00:00:00+00:00,7506.48
2019-12-09 04:00:00+00:00,7468.2
2019-12-09 08:00:00+00:00,7467.0
2019-12-09 12:00:00+00:00,7423.47
2019-12-09 16:00:00+00:00,7374.99
2019-12-09 20:00:00+00:00,7337.49
2019-12-10 00:00:00+00:00,7377.61
2019-12-10 04:00:00+00:00,7347.72
2019-12-10 08:00:00+00:00,7338.72
2019-12-10 12:00:00+00:00,7232.93
2019-12-10 16:00:00+00:00,7228.94
2019-12-10 20:00:00+00:00,7220.98
2019-12-11 00:00:00+00:00,7210.19
2019-12-11 04:00:00+00:00,7215.88
2019-12-11 08:00:00+00:00,7222.99
2019-12-11 12:00:00+00:00,7170.0
2019-12-11 16:00:00+00:00,7196.0
2019-12-11 20:00:00+00:00,7205.77
2019-12-12 00:00:00+00:00,7150.53
2019-12-12 04:00:00+00:00,7146.4
2019-12-12 08:00:00+00:00,7188.12
2019-12-12 12:00:00+00:00,7185.18
2019-12-12 16:00:00+00:00,7200.26
2019-12-12 20:00:00+00:00,7194.77
2019-12-13 00:00:00+00:00,7222.86
2019-12-13 04:00:00+00:00,7230.11
2019-12-13 08:00:00+00:00,7216.0
2019-12-13 12:00:00+00:00,7247.38
2019-12-13 16:00:00+00:00,7249.61
2019-12-13 20:00:00+00:00,7252.98
2019-12-14 00:00:00+00:00,7250.95
2019-12-14 04:00:00+00:00,7250.01
2019-12-14 08:00:00+00:00,7183.45
2019-12-14 12:00:00+00:00,7057.31
2019-12-14 16:00:00+00:00,7069.14
2019-12-14 20:00:00+00:00,7061.34
2019-12-15 00:00:00+00:00,7054.16
2019-12-15 04:00:00+00:00,7137.67
2019-12-15 08:00:00+00:00,7107.06
2019-12-15 12:00:00+00:00,7114.08
2019-12-15 16:00:00+00:00,7107.99
2019-12-15 20:00:00+00:00,7115.0
2019-12-16 00:00:00+00:00,7074.53
2019-12-16 04:00:00+00:00,7063.54
2019-12-16 08:00:00+00:00,7088.71
2019-12-16 12:00:00+00:00,7085.96
2019-12-16 16:00:00+00:00,6900.0
2019-12-16 20:00:00+00:00,6887.54
2019-12-17 00:00:00+00:00,6882.17
2019-12-17 04:00:00+00:00,6874.07
2019-12-17 08:00:00+00:00,6931.24
2019-12-17 12:00:00+00:00,6688.53
2019-12-17 16:00:00+00:00,6614.8
2019-12-17 20:00:00+00:00,6618.96
2019-12-18 00:00:00+00:00,6681.46
2019-12-18 04:00:00+00:00,6615.24
2019-12-18 08:00:00+00:00,6611.05
2019-12-18 12:00:00+00:00,6818.63
2019-12-18 16:00:00+00:00,6951.33
2019-12-18 20:00:00+00:00,7277.44
2019-12-19 00:00:00+00:00,7160.76
2019-12-19 04:00:00+00:00,7090.0
2019-12-19 08:00:00+00:00,7147.72
2019-12-19 12:00:00+00:00,7142.77
2019-12-19 16:00:00+00:00,7172.28
2019-12-19 20:00:00+00:00,7146.29
2019-12-20 00:00:00+00:00,7129.18
2019-12-20 04:00:00+00:00,7141.68
2019-12-20 08:00:00+00:00,7145.87
2019-12-20 12:00:00+00:00,7149.98
2019-12-20 16:00:00+00:00,7183.26
2019-12-20 20:00:00+00:00,7184.39
2019-12-21 00:00:00+00:00,7154.34
2019-12-21 04:00:00+00:00,7130.97
2019-12-21 08:00:00+00:00,7145.87
2019-12-21 12:00:00+00:00,7134.87
2019-12-21 16:00:00+00:00,7141.2
2019-12-21 20:00:00+00:00,7131.01
2019-12-22 00:00:00+00:00,7133.97
2019-12-22 04:00:00+00:00,7175.01
2019-12-22 08:00:00+00:00,7161.48
2019-12-22 12:00:00+00:00,7181.04
2019-12-22 16:00:00+00:00,7396.84
2019-12-22 20:00:00+00:00,7502.92
2019-12-23 00:00:00+00:00,7590.4
2019-12-23 04:00:00+00:00,7497.23
2019-12-23 08:00:00+00:00,7553.52
2019-12-23 12:00:00+00:00,7586.7
2019-12-23 16:00:00+00:00,7431.53
2019-12-23 20:00:00+00:00,7314.01
2019-12-24 00:00:00+00:00,7310.34
2019-12-24 04:00:00+00:00,7263.07
2019-12-24 08:00:00+00:00,7371.17
2019-12-24 12:00:00+00:00,7273.84
2019-12-24 16:00:00+00:00,7254.27
2019-12-24 20:00:00+00:00,7252.04
2019-12-25 00:00:00+00:00,7226.63
2019-12-25 04:00:00+00:00,7249.23
2019-12-25 08:00:00+00:00,7215.04
2019-12-25 12:00:00+00:00,7187.18
2019-12-25 16:00:00+00:00,7234.92
2019-12-25 20:00:00+00:00,7201.45
2019-12-26 00:00:00+00:00,7180.56
2019-12-26 04:00:00+00:00,7205.94
2019-12-26 08:00:00+00:00,7184.65
2019-12-26 12:00:00+00:00,7228.79
2019-12-26 16:00:00+00:00,7293.31
2019-12-26 20:00:00+00:00,7197.46
2019-12-27 00:00:00+00:00,7227.78
2019-12-27 04:00:00+00:00,7184.98
2019-12-27 08:00:00+00:00,7132.01
2019-12-27 12:00:00+00:00,7232.29
2019-12-27 16:00:00+00:00,7211.56
2019-12-27 20:00:00+00:00,7248.4
2019-12-28 00:00:00+00:00,7284.59
2019-12-28 04:00:00+00:00,7299.13
2019-12-28 08:00:00+00:00,7303.63
2019-12-28 12:00:00+00:00,7300.41
2019-12-28 16:00:00+00:00,7338.64
2019-12-28 20:00:00+00:00,7311.48
2019-12-29 00:00:00+00:00,7303.45
2019-12-29 04:00:00+00:00,7312.0
2019-12-29 08:00:00+00:00,7340.33
2019-12-29 12:00:00+00:00,7391.22
2019-12-29 16:00:00+00:00,7465.92
2019-12-29 20:00:00+00:00,7383.67
2019-12-30 00:00:00+00:00,7344.11
2019-12-30 04:00:00+00:00,7379.78
2019-12-30 08:00:00+00:00,7310.64
2019-12-30 12:00:00+00:00,7258.26
2019-12-30 16:00:00+00:00,7237.0
2019-12-30 20:00:00+00:00,7240.43
2019-12-31 00:00:00+00:00,7232.69
2019-12-31 04:00:00+00:00,7245.69
2019-12-31 08:00:00+00:00,7238.37
2019-12-31 12:00:00+00:00,7191.81
2019-12-31 16:00:00+00:00,7168.24
2019-12-31 20:00:00+00:00,7189.0
2020-01-01 00:00:00+00:00,7221.65
2020-01-01 04:00:00+00:00,7205.26
2020-01-01 08:00:00+00:00,7192.65
2020-01-01 12:00:00+00:00,7229.49
2020-01-01 16:00:00+00:00,7226.35
2020-01-01 20:00:00+00:00,7197.57
2020-01-02 00:00:00+00:00,7127.29
2020-01-02 04:00:00+00:00,7107.56
2020-01-02 08:00:00+00:00,7136.24
2020-01-02 12:00:00+00:00,7126.25
2020-01-02 16:00:00+00:00,6979.44
2020-01-02 20:00:00+00:00,6962.04
2020-01-03 00:00:00+00:00,6947.35
2020-01-03 04:00:00+00:00,7198.02
2020-01-03 08:00:00+00:00,7338.11
2020-01-03 12:00:00+00:00,7316.01
2020-01-03 16:00:00+00:00,7338.9
2020-01-03 20:00:00+00:00,7341.72
2020-01-04 00:00:00+00:00,7329.29
2020-01-04 04:00:00+00:00,7344.13
2020-01-04 08:00:00+00:00,7333.07
2020-01-04 12:00:00+00:00,7315.45
2020-01-04 16:00:00+00:00,7331.35
2020-01-04 20:00:00+00:00,7350.71
2020-01-05 00:00:00+00:00,7475.15
2020-01-05 04:00:00+00:00,7462.98
2020-01-05 08:00:00+00:00,7422.48
2020-01-05 12:00:00+00:00,7463.59
2020-01-05 16:00:00+00:00,7441.83
2020-01-05 20:00:00+00:00,7354.36
2020-01-06 00:00:00+00:00,7538.65
2020-01-06 04:00:00+00:00,7505.35
2020-01-06 08:00:00+00:00,7540.0
2020-01-06 12:00:00+00:00,7515.92
2020-01-06 16:00:00+00:00,7537.89
2020-01-06 20:00:00+00:00,7757.39
2020-01-07 00:00:00+00:00,7898.59
2020-01-07 04:00:00+00:00,7886.66
2020-01-07 08:00:00+00:00,7899.86
2020-01-07 12:00:00+00:00,7769.11
2020-01-07 16:00:00+00:00,8077.71
2020-01-07 20:00:00+00:00,8152.49
2020-01-08 00:00:00+00:00,8302.62
2020-01-08 04:00:00+00:00,8301.47
2020-01-08 08:00:00+00:00,8335.28
2020-01-08 12:00:00+00:00,8306.39
2020-01-08 16:00:00+00:00,7965.05
2020-01-08 20:00:00+00:00,8059.84
2020-01-09 00:00:00+00:00,7957.38
2020-01-09 04:00:00+00:00,7953.76
2020-01-09 08:00:00+00:00,7881.53
2020-01-09 12:00:00+00:00,7909.39
2020-01-09 16:00:00+00:00,7921.34
2020-01-09 20:00:00+00:00,7818.59
2020-01-10 00:00:00+00:00,7818.53
2020-01-10 04:00:00+00:00,7752.37
2020-01-10 08:00:00+00:00,7841.02
2020-01-10 12:00:00+00:00,8066.68
2020-01-10 16:00:00+00:00,8064.34
2020-01-10 20:00:00+00:00,8207.09
2020-01-11 00:00:00+00:00,8165.85
2020-01-11 04:00:00+00:00,8079.53
2020-01-11 08:00:00+00:00,8049.81
2020-01-11 12:00:00+00:00,8101.69
2020-01-11 16:00:00+00:00,8153.9
2020-01-11 20:00:00+00:00,8020.56
2020-01-12 00:00:00+00:00,8092.1
2020-01-12 04:00:00+00:00,8097.55
2020-01-12 08:00:00+00:00,8117.73
2020-01-12 12:00:00+00:00,8154.42
2020-01-12 16:00:00+00:00,8132.0
2020-01-12 20:00:00+00:00,8186.7
2020-01-13 00:00:00+00:00,8108.23
2020-01-13 04:00:00+00:00,8074.33
2020-01-13 08:00:00+00:00,8080.0
2020-01-13 12:00:00+00:00,8085.86
2020-01-13 16:00:00+00:00,8111.81
2020-01-13 20:00:00+00:00,8113.0
2020-01-14 00:00:00+00:00,8469.84
2020-01-14 04:00:00+00:00,8515.53
2020-01-14 08:00:00+00:00,8530.24
2020-01-14 12:00:00+00:00,8686.0
2020-01-14 16:00:00+00:00,8776.62
2020-01-14 20:00:00+00:00,8825.0
2020-01-15 00:00:00+00:00,8730.41
2020-01-15 04:00:00+00:00,8631.59
2020-01-15 08:00:00+00:00,8738.06
2020-01-15 12:00:00+00:00,8768.17
2020-01-15 16:00:00+00:00,8766.5
2020-01-15 20:00:00+00:00,8825.3
2020-01-16 00:00:00+00:00,8646.44
2020-01-16 04:00:00+00:00,8688.64
2020-01-16 08:00:00+00:00,8730.35
2020-01-16 12:00:00+00:00,8715.83
2020-01-16 16:00:00+00:00,8709.6
2020-01-16 20:00:00+00:00,8725.08
2020-01-17 00:00:00+00:00,8788.71
2020-01-17 04:00:00+00:00,8944.5
2020-01-17 08:00:00+00:00,8914.51
2020-01-17 12:00:00+00:00,8857.11
2020-01-17 16:00:00+00:00,8883.8
2020-01-17 20:00:00+00:00,8918.72
2020-01-18 00:00:00+00:00,8931.1
2020-01-18 04:00:00+00:00,8852.8
2020-01-18 08:00:00+00:00,8885.99
2020-01-18 12:00:00+00:00,8910.0
2020-01-18 16:00:00+00:00,8914.13
2020-01-18 20:00:00+00:00,8925.0
2020-01-19 00:00:00+00:00,9165.18
2020-01-19 04:00:00+00:00,9092.21
2020-01-19 08:00:00+00:00,8704.84
2020-01-19 12:00:00+00:00,8639.0
2020-01-19 16:00:00+00:00,8655.01
2020-01-19 20:00:00+00:00,8705.85
2020-01-20 00:00:00+00:00,8671.56
2020-01-20 04:00:00+00:00,8668.0
2020-01-20 08:00:00+00:00,8622.74
2020-01-20 12:00:00+00:00,8680.17
2020-01-20 16:00:00+00:00,8678.35
2020-01-20 20:00:00+00:00,8650.0
2020-01-21 00:00:00+00:00,8679.0
2020-01-21 04:00:00+00:00,8639.96
2020-01-21 08:00:00+00:00,8662.99
2020-01-21 12:00:00+00:00,8650.78
2020-01-21 16:00:00+00:00,8536.51
2020-01-21 20:00:00+00:00,8742.43
2020-01-22 00:00:00+00:00,8722.71
2020-01-22 04:00:00+00:00,8745.0
2020-01-22 08:00:00+00:00,8661.33
2020-01-22 12:00:00+00:00,8657.38
2020-01-22 16:00:00+00:00,8671.66
2020-01-22 20:00:00+00:00,8684.57
2020-01-23 00:00:00+00:00,8600.13
2020-01-23 04:00:00+00:00,8584.0
2020-01-23 08:00:00+00:00,8433.81
2020-01-23 12:00:00+00:00,8366.84
2020-01-23 16:00:00+00:00,8379.34
2020-01-23 20:00:00+00:00,8409.6
2020-01-24 00:00:00+00:00,8330.0
2020-01-24 04:00:00+00:00,8345.04
2020-01-24 08:00:00+00:00,8416.56
2020-01-24 12:00:00+00:00,8509.21
2020-01-24 16:00:00+00:00,8504.0
2020-01-24 20:00:00+00:00,8441.96
2020-01-25 00:00:00+00:00,8299.65
2020-01-25 04:00:00+00:00,8319.17
2020-01-25 08:00:00+00:00,8319.01
2020-01-25 12:00:00+00:00,8336.43
2020-01-25 16:00:00+00:00,8365.45
2020-01-25 20:00:00+00:00,8344.64
2020-01-26 00:00:00+00:00,8371.48
2020-01-26 04:00:00+00:00,8386.37
2020-01-26 08:00:00+00:00,8481.78
2020-01-26 12:00:00+00:00,8460.73
2020-01-26 16:00:00+00:00,8565.04
2020-01-26 20:00:00+00:00,8611.21
2020-01-27 00:00:00+00:00,8667.09
2020-01-27 04:00:00+00:00,8656.0
2020-01-27 08:00:00+00:00,8737.66
2020-01-27 12:00:00+00:00,8780.28
2020-01-27 16:00:00+00:00,8934.04
2020-01-27 20:00:00+00:00,8913.61
2020-01-28 00:00:00+00:00,9124.53
2020-01-28 04:00:00+00:00,9048.07
2020-01-28 08:00:00+00:00,9089.93
2020-01-28 12:00:00+00:00,9029.22
2020-01-28 16:00:00+00:00,9019.86
2020-01-28 20:00:00+00:00,9398.98
2020-01-29 00:00:00+00:00,9359.54
2020-01-29 04:00:00+00:00,9372.51
2020-01-29 08:00:00+00:00,9313.47
2020-01-29 12:00:00+00:00,9292.98
2020-01-29 16:00:00+00:00,9399.96
2020-01-29 20:00:00+00:00,9311.0
2020-01-30 00:00:00+00:00,9287.44
2020-01-30 04:00:00+00:00,9397.99
2020-01-30 08:00:00+00:00,9350.2
2020-01-30 12:00:00+00:00,9392.51
2020-01-30 16:00:00+00:00,9515.38
2020-01-30 20:00:00+00:00,9525.67
2020-01-31 00:00:00+00:00,9455.17
2020-01-31 04:00:00+00:00,9380.71
2020-01-31 08:00:00+00:00,9338.56
2020-01-31 12:00:00+00:00,9347.25
2020-01-31 16:00:00+00:00,9316.86
2020-01-31 20:00:00+00:00,9364.51
2020-02-01 00:00:00+00:00,9441.56
2020-02-01 04:00:00+00:00,9434.58
2020-02-01 08:00:00+00:00,9364.88
2020-02-01 12:00:00+00:00,9340.78
2020-02-01 16:00:00+00:00,9374.46
2020-02-01 20:00:00+00:00,9392.74
2020-02-02 00:00:00+00:00,9274.37
2020-02-02 04:00:00+00:00,9379.19
2020-02-02 08:00:00+00:00,9442.87
2020-02-02 12:00:00+00:00,9457.85
2020-02-02 16:00:00+00:00,9450.0
2020-02-02 20:00:00+00:00,9338.2
2020-02-03 00:00:00+00:00,9396.06
2020-02-03 04:00:00+00:00,9372.99
2020-02-03 08:00:00+00:00,9356.72
2020-02-03 12:00:00+00:00,9283.16
2020-02-03 16:00:00+00:00,9331.11
2020-02-03 20:00:00+00:00,9300.64
2020-02-04 00:00:00+00:00,9294.0
2020-02-04 04:00:00+00:00,9284.0
2020-02-04 08:00:00+00:00,9193.76
2020-02-04 12:00:00+00:00,9208.55
2020-02-04 16:00:00+00:00,9187.0
2020-02-04 20:00:00+00:00,9198.35
2020-02-05 00:00:00+00:00,9242.0
2020-02-05 04:00:00+00:00,9277.0
2020-02-05 08:00:00+00:00,9423.0
2020-02-05 12:00:00+00:00,9500.27
2020-02-05 16:00:00+00:00,9681.32
2020-02-05 20:00:00+00:00,9630.0
2020-02-06 00:00:00+00:00,9644.07
2020-02-06 04:00:00+00:00,9641.0
2020-02-06 08:00:00+00:00,9708.4
2020-02-06 12:00:00+00:00,9800.13
2020-02-06 16:00:00+00:00,9755.26
2020-02-06 20:00:00+00:00,9778.12
2020-02-07 00:00:00+00:00,9788.14
2020-02-07 04:00:00+00:00,9804.63
2020-02-07 08:00:00+00:00,9819.12
2020-02-07 12:00:00+00:00,9809.9
2020-02-07 16:00:00+00:00,9783.7
2020-02-07 20:00:00+00:00,9821.52
2020-02-08 00:00:00+00:00,9726.32
2020-02-08 04:00:00+00:00,9780.0
2020-02-08 08:00:00+00:00,9825.61
2020-02-08 12:00:00+00:00,9838.48
2020-02-08 16:00:00+00:00,9870.38
2020-02-08 20:00:00+00:00,9906.43
2020-02-09 00:00:00+00:00,10058.79
2020-02-09 04:00:00+00:00,10136.71
2020-02-09 08:00:00+00:00,10130.5
2020-02-09 12:00:00+00:00,10107.0
2020-02-09 16:00:00+00:00,10091.82
2020-02-09 20:00:00+00:00,10167.38
2020-02-10 00:00:00+00:00,10107.01
2020-02-10 04:00:00+00:00,9985.67
2020-02-10 08:00:00+00:00,9827.36
2020-02-10 12:00:00+00:00,9872.9
2020-02-10 16:00:00+00:00,9841.15
2020-02-10 20:00:00+00:00,9865.56
2020-02-11 00:00:00+00:00,9749.24
2020-02-11 04:00:00+00:00,9749.61
2020-02-11 08:00:00+00:00,9812.27
2020-02-11 12:00:00+00:00,10204.39
2020-02-11 16:00:00+00:00,10287.46
2020-02-11 20:00:00+00:00,10229.06
2020-02-12 00:00:00+00:00,10279.36
2020-02-12 04:00:00+00:00,10372.19
2020-02-12 08:00:00+00:00,10363.0
2020-02-12 12:00:00+00:00,10328.93
2020-02-12 16:00:00+00:00,10327.48
2020-02-12 20:00:00+00:00,10339.99
2020-02-13 00:00:00+00:00,10395.56
2020-02-13 04:00:00+00:00,10347.67
2020-02-13 08:00:00+00:00,10165.03
2020-02-13 12:00:00+00:00,10264.46
2020-02-13 16:00:00+00:00,10263.91
2020-02-13 20:00:00+00:00,10239.63
2020-02-14 00:00:00+00:00,10266.95
2020-02-14 04:00:00+00:00,10135.93
2020-02-14 08:00:00+00:00,10279.9
2020-02-14 12:00:00+00:00,10260.79
2020-02-14 16:00:00+00:00,10352.09
2020-02-14 20:00:00+00:00,10356.82
2020-02-15 00:00:00+00:00,10289.57
2020-02-15 04:00:00+00:00,10236.13
2020-02-15 08:00:00+00:00,10247.03
2020-02-15 12:00:00+00:00,9982.18
2020-02-15 16:00:00+00:00,9905.12
2020-02-15 20:00:00+00:00,9914.99
2020-02-16 00:00:00+00:00,10010.91
2020-02-16 04:00:00+00:00,9969.22
2020-02-16 08:00:00+00:00,9934.08
2020-02-16 12:00:00+00:00,9870.79
2020-02-16 16:00:00+00:00,9755.57
2020-02-16 20:00:00+00:00,9921.86
2020-02-17 00:00:00+00:00,9821.0
2020-02-17 04:00:00+00:00,9762.62
2020-02-17 08:00:00+00:00,9634.54
2020-02-17 12:00:00+00:00,9638.71
2020-02-17 16:00:00+00:00,9674.93
2020-02-17 20:00:00+00:00,9716.0
2020-02-18 00:00:00+00:00,9730.47
2020-02-18 04:00:00+00:00,9797.79
2020-02-18 08:00:00+00:00,9712.56
2020-02-18 12:00:00+00:00,9837.99
2020-02-18 16:00:00+00:00,10053.0
2020-02-18 20:00:00+00:00,10174.32
2020-02-19 00:00:00+00:00,10158.92
2020-02-19 04:00:00+00:00,10067.74
2020-02-19 08:00:00+00:00,10213.01
2020-02-19 12:00:00+00:00,10123.83
2020-02-19 16:00:00+00:00,10150.61
2020-02-19 20:00:00+00:00,9593.65
2020-02-20 00:00:00+00:00,9574.11
2020-02-20 04:00:00+00:00,9607.38
2020-02-20 08:00:00+00:00,9572.96
2020-02-20 12:00:00+00:00,9577.22
2020-02-20 16:00:00+00:00,9557.06
2020-02-20 20:00:00+00:00,9601.99
2020-02-21 00:00:00+00:00,9709.82
2020-02-21 04:00:00+00:00,9676.63
2020-02-21 08:00:00+00:00,9700.19
2020-02-21 12:00:00+00:00,9726.0
2020-02-21 16:00:00+00:00,9687.58
2020-02-21 20:00:00+00:00,9681.39
2020-02-22 00:00:00+00:00,9670.56
2020-02-22 04:00:00+00:00,9598.2
2020-02-22 08:00:00+00:00,9640.87
2020-02-22 12:00:00+00:00,9637.72
2020-02-22 16:00:00+00:00,9675.44
2020-02-22 20:00:00+00:00,9659.2
2020-02-23 00:00:00+00:00,9793.8
2020-02-23 04:00:00+00:00,9889.57
2020-02-23 08:00:00+00:00,9842.16
2020-02-23 12:00:00+00:00,9873.95
2020-02-23 16:00:00+00:00,9882.01
2020-02-23 20:00:00+00:00,9943.12
2020-02-24 00:00:00+00:00,9759.23
2020-02-24 04:00:00+00:00,9756.87
2020-02-24 08:00:00+00:00,9816.2
2020-02-24 12:00:00+00:00,9709.79
2020-02-24 16:00:00+00:00,9608.4
2020-02-24 20:00:00+00:00,9662.95
2020-02-25 00:00:00+00:00,9588.77
2020-02-25 04:00:00+00:00,9530.57
2020-02-25 08:00:00+00:00,9632.0
2020-02-25 12:00:00+00:00,9404.39
2020-02-25 16:00:00+00:00,9368.3
2020-02-25 20:00:00+00:00,9326.0
2020-02-26 00:00:00+00:00,9178.92
2020-02-26 04:00:00+00:00,9157.61
2020-02-26 08:00:00+00:00,9170.01
2020-02-26 12:00:00+00:00,9004.24
2020-02-26 16:00:00+00:00,8838.29
2020-02-26 20:00:00+00:00,8792.22
2020-02-27 00:00:00+00:00,8745.5
2020-02-27 04:00:00+00:00,8819.07
2020-02-27 08:00:00+00:00,8808.0
2020-02-27 12:00:00+00:00,8851.14
2020-02-27 16:00:00+00:00,8919.41
2020-02-27 20:00:00+00:00,8828.0
2020-02-28 00:00:00+00:00,8842.11
2020-02-28 04:00:00+00:00,8736.05
2020-02-28 08:00:00+00:00,8593.54
2020-02-28 12:00:00+00:00,8720.0
2020-02-28 16:00:00+00:00,8586.19
2020-02-28 20:00:00+00:00,8699.57
2020-02-29 00:00:00+00:00,8727.75
2020-02-29 04:00:00+00:00,8756.41
2020-02-29 08:00:00+00:00,8708.56
2020-02-29 12:00:00+00:00,8657.77
2020-02-29 16:00:00+00:00,8680.0
2020-02-29 20:00:00+00:00,8531.98
2020-03-01 00:00:00+00:00,8627.76
2020-03-01 04:00:00+00:00,8547.86
2020-03-01 08:00:00+00:00,8654.99
2020-03-01 12:00:00+00:00,8565.69
2020-03-01 16:00:00+00:00,8548.53
2020-03-01 20:00:00+00:00,8537.84
2020-03-02 00:00:00+00:00,8608.87
2020-03-02 04:00:00+00:00,8627.42
2020-03-02 08:00:00+00:00,8760.7
2020-03-02 12:00:00+00:00,8828.53
2020-03-02 16:00:00+00:00,8885.64
2020-03-02 20:00:00+00:00,8919.7
2020-03-03 00:00:00+00:00,8870.58
2020-03-03 04:00:00+00:00,8759.12
2020-03-03 08:00:00+00:00,8863.22
2020-03-03 12:00:00+00:00,8756.25
2020-03-03 16:00:00+00:00,8717.92
2020-03-03 20:00:00+00:00,8765.0
2020-03-04 00:00:00+00:00,8793.01
2020-03-04 04:00:00+00:00,8819.18
2020-03-04 08:00:00+00:00,8723.9
2020-03-04 12:00:00+00:00,8707.91
2020-03-04 16:00:00+00:00,8746.15
2020-03-04 20:00:00+00:00,8756.93
2020-03-05 00:00:00+00:00,8878.52
2020-03-05 04:00:00+00:00,8902.0
2020-03-05 08:00:00+00:00,9106.49
2020-03-05 12:00:00+00:00,9093.74
2020-03-05 16:00:00+00:00,9161.33
2020-03-05 20:00:00+00:00,9062.81
2020-03-06 00:00:00+00:00,9042.36
2020-03-06 04:00:00+00:00,9107.48
2020-03-06 08:00:00+00:00,9138.65
2020-03-06 12:00:00+00:00,9016.99
2020-03-06 16:00:00+00:00,9094.0
2020-03-06 20:00:00+00:00,9139.48
2020-03-07 00:00:00+00:00,9098.55
2020-03-07 04:00:00+00:00,9092.24
2020-03-07 08:00:00+00:00,9097.96
2020-03-07 12:00:00+00:00,9121.03
2020-03-07 16:00:00+00:00,8896.9
2020-03-07 20:00:00+00:00,8897.18
2020-03-08 00:00:00+00:00,8756.73
2020-03-08 04:00:00+00:00,8749.93
2020-03-08 08:00:00+00:00,8749.99
2020-03-08 12:00:00+00:00,8400.0
2020-03-08 16:00:00+00:00,8287.88
2020-03-08 20:00:00+00:00,8038.46
2020-03-09 00:00:00+00:00,8069.87
2020-03-09 04:00:00+00:00,7901.86
2020-03-09 08:00:00+00:00,7813.34
2020-03-09 12:00:00+00:00,7771.29
2020-03-09 16:00:00+00:00,7847.42
2020-03-09 20:00:00+00:00,7932.15
2020-03-10 00:00:00+00:00,7912.36
2020-03-10 04:00:00+00:00,7904.37
2020-03-10 08:00:00+00:00,8068.62
2020-03-10 12:00:00+00:00,7774.16
2020-03-10 16:00:00+00:00,7984.0
2020-03-10 20:00:00+00:00,7897.66
2020-03-11 00:00:00+00:00,7926.12
2020-03-11 04:00:00+00:00,7865.69
2020-03-11 08:00:00+00:00,7830.0
2020-03-11 12:00:00+00:00,7785.52
2020-03-11 16:00:00+00:00,7834.38
2020-03-11 20:00:00+00:00,7938.39
2020-03-12 00:00:00+00:00,7667.32
2020-03-12 04:00:00+00:00,7397.9
2020-03-12 08:00:00+00:00,6038.38
2020-03-12 12:00:00+00:00,6122.46
2020-03-12 16:00:00+00:00,6034.68
2020-03-12 20:00:00+00:00,4764.65
2020-03-13 00:00:00+00:00,5154.99
2020-03-13 04:00:00+00:00,5373.87
2020-03-13 08:00:00+00:00,5401.0
2020-03-13 12:00:00+00:00,5207.9
2020-03-13 16:00:00+00:00,5398.09
2020-03-13 20:00:00+00:00,5570.26
2020-03-14 00:00:00+00:00,5566.88
2020-03-14 04:00:00+00:00,5498.99
2020-03-14 08:00:00+00:00,5438.63
2020-03-14 12:00:00+00:00,5306.02
2020-03-14 16:00:00+00:00,5384.88
2020-03-14 20:00:00+00:00,5167.01
2020-03-15 00:00:00+00:00,5173.05
2020-03-15 04:00:00+00:00,5267.08
2020-03-15 08:00:00+00:00,5425.28
2020-03-15 12:00:00+00:00,5318.97
2020-03-15 16:00:00+00:00,5305.31
2020-03-15 20:00:00+00:00,5357.32
2020-03-16 00:00:00+00:00,5267.56
2020-03-16 04:00:00+00:00,4783.83
2020-03-16 08:00:00+00:00,4553.39
2020-03-16 12:00:00+00:00,5143.88
2020-03-16 16:00:00+00:00,4937.61
2020-03-16 20:00:00+00:00,5026.26
2020-03-17 00:00:00+00:00,5313.46
2020-03-17 04:00:00+00:00,5341.38
2020-03-17 08:00:00+00:00,5262.07
2020-03-17 12:00:00+00:00,5359.88
2020-03-17 16:00:00+00:00,5371.35
2020-03-17 20:00:00+00:00,5307.38
2020-03-18 00:00:00+00:00,5388.99
2020-03-18 04:00:00+00:00,5144.79
2020-03-18 08:00:00+00:00,5136.25
2020-03-18 12:00:00+00:00,5328.5
2020-03-18 16:00:00+00:00,5322.62
2020-03-18 20:00:00+00:00,5389.64
2020-03-19 00:00:00+00:00,5282.3
2020-03-19 04:00:00+00:00,5407.17
2020-03-19 08:00:00+00:00,5616.23
2020-03-19 12:00:00+00:00,5887.53
2020-03-19 16:00:00+00:00,6207.57
2020-03-19 20:00:00+00:00,6159.6
2020-03-20 00:00:00+00:00,6151.77
2020-03-20 04:00:00+00:00,6311.98
2020-03-20 08:00:00+00:00,6656.7
2020-03-20 12:00:00+00:00,6612.55
2020-03-20 16:00:00+00:00,6185.77
2020-03-20 20:00:00+00:00,6203.77
2020-03-21 00:00:00+00:00,6262.9
2020-03-21 04:00:00+00:00,6147.58
2020-03-21 08:00:00+00:00,6112.29
2020-03-21 12:00:00+00:00,6207.83
2020-03-21 16:00:00+00:00,6211.99
2020-03-21 20:00:00+00:00,6183.69
2020-03-22 00:00:00+00:00,6348.31
2020-03-22 04:00:00+00:00,6284.36
2020-03-22 08:00:00+00:00,6152.0
2020-03-22 12:00:00+00:00,6069.74
2020-03-22 16:00:00+00:00,5907.6
2020-03-22 20:00:00+00:00,5810.17
2020-03-23 00:00:00+00:00,5950.42
2020-03-23 04:00:00+00:00,5850.83
2020-03-23 08:00:00+00:00,5838.91
2020-03-23 12:00:00+00:00,6230.0
2020-03-23 16:00:00+00:00,6267.24
2020-03-23 20:00:00+00:00,6463.84
2020-03-24 00:00:00+00:00,6522.2
2020-03-24 04:00:00+00:00,6564.21
2020-03-24 08:00:00+00:00,6732.6
2020-03-24 12:00:00+00:00,6588.92
2020-03-24 16:00:00+00:00,6695.62
2020-03-24 20:00:00+00:00,6741.33
2020-03-25 00:00:00+00:00,6555.4
2020-03-25 04:00:00+00:00,6673.04
2020-03-25 08:00:00+00:00,6516.58
2020-03-25 12:00:00+00:00,6611.6
2020-03-25 16:00:00+00:00,6618.01
2020-03-25 20:00:00+00:00,6673.41
2020-03-26 00:00:00+00:00,6722.62
2020-03-26 04:00:00+00:00,6588.76
2020-03-26 08:00:00+00:00,6599.98
2020-03-26 12:00:00+00:00,6612.2
2020-03-26 16:00:00+00:00,6653.19
2020-03-26 20:00:00+00:00,6733.76
2020-03-27 00:00:00+00:00,6790.17
2020-03-27 04:00:00+00:00,6696.42
2020-03-27 08:00:00+00:00,6617.62
2020-03-27 12:00:00+00:00,6620.77
2020-03-27 16:00:00+00:00,6653.36
2020-03-27 20:00:00+00:00,6353.64
2020-03-28 00:00:00+00:00,6111.06
2020-03-28 04:00:00+00:00,6176.0
2020-03-28 08:00:00+00:00,6231.34
2020-03-28 12:00:00+00:00,6208.26
2020-03-28 16:00:00+00:00,6205.67
2020-03-28 20:00:00+00:00,6230.95
2020-03-29 00:00:00+00:00,6197.51
2020-03-29 04:00:00+00:00,6148.84
2020-03-29 08:00:00+00:00,6135.49
2020-03-29 12:00:00+00:00,6124.73
2020-03-29 16:00:00+00:00,5896.5
2020-03-29 20:00:00+00:00,5876.27
2020-03-30 00:00:00+00:00,6001.46
2020-03-30 04:00:00+00:00,6238.58
2020-03-30 08:00:00+00:00,6351.23
2020-03-30 12:00:00+00:00,6340.63
2020-03-30 16:00:00+00:00,6363.12
2020-03-30 20:00:00+00:00,6391.08
2020-03-31 00:00:00+00:00,6433.45
2020-03-31 04:00:00+00:00,6440.81
2020-03-31 08:00:00+00:00,6383.68
2020-03-31 12:00:00+00:00,6449.19
2020-03-31 16:00:00+00:00,6460.81
2020-03-31 20:00:00+00:00,6407.1
2020-04-01 00:00:00+00:00,6363.9
2020-04-01 04:00:00+00:00,6324.27
2020-04-01 08:00:00+00:00,6290.84
2020-04-01 12:00:00+00:00,6225.43
2020-04-01 16:00:00+00:00,6196.45
2020-04-01 20:00:00+00:00,6641.51
2020-04-02 00:00:00+00:00,6602.23
2020-04-02 04:00:00+00:00,6641.51
2020-04-02 08:00:00+00:00,6687.29
2020-04-02 12:00:00+00:00,6801.0
2020-04-02 16:00:00+00:00,6800.42
2020-04-02 20:00:00+00:00,6791.63
2020-04-03 00:00:00+00:00,6779.46
2020-04-03 04:00:00+00:00,6925.99
2020-04-03 08:00:00+00:00,7002.22
2020-04-03 12:00:00+00:00,6708.32
2020-04-03 16:00:00+00:00,6765.0
2020-04-03 20:00:00+00:00,6729.8
2020-04-04 00:00:00+00:00,6693.84
2020-04-04 04:00:00+00:00,6725.67
2020-04-04 08:00:00+00:00,6692.68
2020-04-04 12:00:00+00:00,6725.22
2020-04-04 16:00:00+00:00,6741.19
2020-04-04 20:00:00+00:00,6851.1
2020-04-05 00:00:00+00:00,6792.6
2020-04-05 04:00:00+00:00,6769.3
2020-04-05 08:00:00+00:00,6774.23
2020-04-05 12:00:00+00:00,6779.8
2020-04-05 16:00:00+00:00,6788.37
2020-04-05 20:00:00+00:00,6768.9
2020-04-06 00:00:00+00:00,6840.83
2020-04-06 04:00:00+00:00,7024.02
2020-04-06 08:00:00+00:00,7095.36
2020-04-06 12:00:00+00:00,7139.13
2020-04-06 16:00:00+00:00,7263.84
2020-04-06 20:00:00+00:00,7325.73
2020-04-07 00:00:00+00:00,7318.36
2020-04-07 04:00:00+00:00,7372.29
2020-04-07 08:00:00+00:00,7380.0
2020-04-07 12:00:00+00:00,7312.81
2020-04-07 16:00:00+00:00,7284.44
2020-04-07 20:00:00+00:00,7192.9
2020-04-08 00:00:00+00:00,7348.71
2020-04-08 04:00:00+00:00,7319.55
2020-04-08 08:00:00+00:00,7287.3
2020-04-08 12:00:00+00:00,7273.79
2020-04-08 16:00:00+00:00,7302.54
2020-04-08 20:00:00+00:00,7357.66
2020-04-09 00:00:00+00:00,7281.38
2020-04-09 04:00:00+00:00,7325.57
2020-04-09 08:00:00+00:00,7179.77
2020-04-09 12:00:00+00:00,7277.9
2020-04-09 16:00:00+00:00,7258.0
2020-04-09 20:00:00+00:00,7278.65
2020-04-10 00:00:00+00:00,7172.94
2020-04-10 04:00:00+00:00,6919.58
2020-04-10 08:00:00+00:00,6899.42
2020-04-10 12:00:00+00:00,6766.65
2020-04-10 16:00:00+00:00,6897.63
2020-04-10 20:00:00+00:00,6857.82
2020-04-11 00:00:00+00:00,6905.5
2020-04-11 04:00:00+00:00,6873.0
2020-04-11 08:00:00+00:00,6876.45
2020-04-11 12:00:00+00:00,6830.0
2020-04-11 16:00:00+00:00,6801.28
2020-04-11 20:00:00+00:00,6874.18
2020-04-12 00:00:00+00:00,6806.32
2020-04-12 04:00:00+00:00,6825.48
2020-04-12 08:00:00+00:00,6844.8
2020-04-12 12:00:00+00:00,7014.12
2020-04-12 16:00:00+00:00,7108.63
2020-04-12 20:00:00+00:00,6900.52
2020-04-13 00:00:00+00:00,6671.0
2020-04-13 04:00:00+00:00,6694.93
2020-04-13 08:00:00+00:00,6767.01
2020-04-13 12:00:00+00:00,6760.5
2020-04-13 16:00:00+00:00,6768.27
2020-04-13 20:00:00+00:00,6834.0
2020-04-14 00:00:00+00:00,6880.89
2020-04-14 04:00:00+00:00,6815.11
2020-04-14 08:00:00+00:00,6823.7
2020-04-14 12:00:00+00:00,6900.59
2020-04-14 16:00:00+00:00,6911.3
2020-04-14 20:00:00+00:00,6864.11
2020-04-15 00:00:00+00:00,6901.7
2020-04-15 04:00:00+00:00,6860.1
2020-04-15 08:00:00+00:00,6779.23
2020-04-15 12:00:00+00:00,6699.85
2020-04-15 16:00:00+00:00,6725.3
2020-04-15 20:00:00+00:00,6616.89
2020-04-16 00:00:00+00:00,6645.85
2020-04-16 04:00:00+00:00,6888.35
2020-04-16 08:00:00+00:00,7019.97
2020-04-16 12:00:00+00:00,7040.85
2020-04-16 16:00:00+00:00,7067.15
2020-04-16 20:00:00+00:00,7098.15
2020-04-17 00:00:00+00:00,7079.7
2020-04-17 04:00:00+00:00,7039.01
2020-04-17 08:00:00+00:00,7071.32
2020-04-17 12:00:00+00:00,7031.14
2020-04-17 16:00:00+00:00,7068.0
2020-04-17 20:00:00+00:00,7022.44
2020-04-18 00:00:00+00:00,7080.99
2020-04-18 04:00:00+00:00,7084.46
2020-04-18 08:00:00+00:00,7099.6
2020-04-18 12:00:00+00:00,7238.83
2020-04-18 16:00:00+00:00,7204.75
2020-04-18 20:00:00+00:00,7242.42
2020-04-19 00:00:00+00:00,7224.71
2020-04-19 04:00:00+00:00,7142.31
2020-04-19 08:00:00+00:00,7159.12
2020-04-19 12:00:00+00:00,7093.27
2020-04-19 16:00:00+00:00,7130.2
2020-04-19 20:00:00+00:00,7118.03
2020-04-20 00:00:00+00:00,7155.83
2020-04-20 04:00:00+00:00,7179.7
2020-04-20 08:00:00+00:00,6964.2
2020-04-20 12:00:00+00:00,7065.24
2020-04-20 16:00:00+00:00,6766.71
2020-04-20 20:00:00+00:00,6825.29
2020-04-21 00:00:00+00:00,6853.29
2020-04-21 04:00:00+00:00,6873.32
2020-04-21 08:00:00+00:00,6790.73
2020-04-21 12:00:00+00:00,6828.96
2020-04-21 16:00:00+00:00,6862.32
2020-04-21 20:00:00+00:00,6838.0
2020-04-22 00:00:00+00:00,6857.6
2020-04-22 04:00:00+00:00,6934.96
2020-04-22 08:00:00+00:00,6948.98
2020-04-22 12:00:00+00:00,7105.69
2020-04-22 16:00:00+00:00,7078.73
2020-04-22 20:00:00+00:00,7120.06
2020-04-23 00:00:00+00:00,7108.44
2020-04-23 04:00:00+00:00,7056.41
2020-04-23 08:00:00+00:00,7129.21
2020-04-23 12:00:00+00:00,7528.14
2020-04-23 16:00:00+00:00,7521.05
2020-04-23 20:00:00+00:00,7483.35
2020-04-24 00:00:00+00:00,7523.0
2020-04-24 04:00:00+00:00,7566.61
2020-04-24 08:00:00+00:00,7492.89
2020-04-24 12:00:00+00:00,7504.13
2020-04-24 16:00:00+00:00,7519.39
2020-04-24 20:00:00+00:00,7504.11
2020-04-25 00:00:00+00:00,7519.13
2020-04-25 04:00:00+00:00,7558.47
2020-04-25 08:00:00+00:00,7532.3
2020-04-25 12:00:00+00:00,7531.27
2020-04-25 16:00:00+00:00,7539.88
2020-04-25 20:00:00+00:00,7534.01
2020-04-26 00:00:00+00:00,7563.44
2020-04-26 04:00:00+00:00,7542.4
2020-04-26 08:00:00+00:00,7656.6
2020-04-26 12:00:00+00:00,7543.82
2020-04-26 16:00:00+00:00,7648.13
2020-04-26 20:00:00+00:00,7694.17
2020-04-27 00:00:00+00:00,7733.26
2020-04-27 04:00:00+00:00,7697.0
2020-04-27 08:00:00+00:00,7717.16
2020-04-27 12:00:00+00:00,7673.75
2020-04-27 16:00:00+00:00,7698.99
2020-04-27 20:00:00+00:00,7774.0
2020-04-28 00:00:00+00:00,7702.53
2020-04-28 04:00:00+00:00,7707.99
2020-04-28 08:00:00+00:00,7726.7
2020-04-28 12:00:00+00:00,7716.24
2020-04-28 16:00:00+00:00,7713.6
2020-04-28 20:00:00+00:00,7735.75
2020-04-29 00:00:00+00:00,7813.51
2020-04-29 04:00:00+00:00,7943.25
2020-04-29 08:00:00+00:00,8124.86
2020-04-29 12:00:00+00:00,8353.85
2020-04-29 16:00:00+00:00,8727.77
2020-04-29 20:00:00+00:00,8784.2
2020-04-30 00:00:00+00:00,9306.03
2020-04-30 04:00:00+00:00,9179.29
2020-04-30 08:00:00+00:00,8845.18
2020-04-30 12:00:00+00:00,8778.86
2020-04-30 16:00:00+00:00,8843.72
2020-04-30 20:00:00+00:00,8624.76
2020-05-01 00:00:00+00:00,8680.57
2020-05-01 04:00:00+00:00,8773.25
2020-05-01 08:00:00+00:00,9003.17
2020-05-01 12:00:00+00:00,8730.0
2020-05-01 16:00:00+00:00,8733.34
2020-05-01 20:00:00+00:00,8830.52
2020-05-02 00:00:00+00:00,8837.88
2020-05-02 04:00:00+00:00,8803.32
2020-05-02 08:00:00+00:00,8840.01
2020-05-02 12:00:00+00:00,8942.97
2020-05-02 16:00:00+00:00,8882.66
2020-05-02 20:00:00+00:00,8975.18
2020-05-03 00:00:00+00:00,9139.48
2020-05-03 04:00:00+00:00,8995.65
2020-05-03 08:00:00+00:00,9051.92
2020-05-03 12:00:00+00:00,8817.73
2020-05-03 16:00:00+00:00,8879.04
2020-05-03 20:00:00+00:00,8900.0
2020-05-04 00:00:00+00:00,8734.2
2020-05-04 04:00:00+00:00,8653.3
2020-05-04 08:00:00+00:00,8677.49
2020-05-04 12:00:00+00:00,8848.0
2020-05-04 16:00:00+00:00,8831.07
2020-05-04 20:00:00+00:00,8873.98
2020-05-05 00:00:00+00:00,8851.64
2020-05-05 04:00:00+00:00,9020.52
2020-05-05 08:00:00+00:00,8849.15
2020-05-05 12:00:00+00:00,8844.68
2020-05-05 16:00:00+00:00,8905.82
2020-05-05 20:00:00+00:00,9022.78
2020-05-06 00:00:00+00:00,8981.67
2020-05-06 04:00:00+00:00,9019.7
2020-05-06 08:00:00+00:00,9321.44
2020-05-06 12:00:00+00:00,9277.99
2020-05-06 16:00:00+00:00,9243.01
2020-05-06 20:00:00+00:00,9148.27
2020-05-07 00:00:00+00:00,9292.36
2020-05-07 04:00:00+00:00,9312.13
2020-05-07 08:00:00+00:00,9285.15
2020-05-07 12:00:00+00:00,9518.55
2020-05-07 16:00:00+00:00,9871.77
2020-05-07 20:00:00+00:00,9995.0
2020-05-08 00:00:00+00:00,9939.84
2020-05-08 04:00:00+00:00,9818.52
2020-05-08 08:00:00+00:00,9912.7
2020-05-08 12:00:00+00:00,9949.28
2020-05-08 16:00:00+00:00,9954.49
2020-05-08 20:00:00+00:00,9807.49
2020-05-09 00:00:00+00:00,9874.64
2020-05-09 04:00:00+00:00,9609.65
2020-05-09 08:00:00+00:00,9651.24
2020-05-09 12:00:00+00:00,9698.04
2020-05-09 16:00:00+00:00,9753.34
2020-05-09 20:00:00+00:00,9550.67
2020-05-10 00:00:00+00:00,8621.65
2020-05-10 04:00:00+00:00,8807.73
2020-05-10 08:00:00+00:00,8735.82
2020-05-10 12:00:00+00:00,8649.62
2020-05-10 16:00:00+00:00,8499.69
2020-05-10 20:00:00+00:00,8719.53
2020-05-11 00:00:00+00:00,8696.89
2020-05-11 04:00:00+00:00,8660.96
2020-05-11 08:00:00+00:00,8923.21
2020-05-11 12:00:00+00:00,8880.01
2020-05-11 16:00:00+00:00,8747.36
2020-05-11 20:00:00+00:00,8561.09
2020-05-12 00:00:00+00:00,8712.55
2020-05-12 04:00:00+00:00,8651.42
2020-05-12 08:00:00+00:00,8798.56
2020-05-12 12:00:00+00:00,8863.5
2020-05-12 16:00:00+00:00,8789.76
2020-05-12 20:00:00+00:00,8808.71
2020-05-13 00:00:00+00:00,8908.63
2020-05-13 04:00:00+00:00,8867.64
2020-05-13 08:00:00+00:00,9034.48
2020-05-13 12:00:00+00:00,9135.32
2020-05-13 16:00:00+00:00,9145.82
2020-05-13 20:00:00+00:00,9305.91
2020-05-14 00:00:00+00:00,9346.85
2020-05-14 04:00:00+00:00,9502.66
2020-05-14 08:00:00+00:00,9681.12
2020-05-14 12:00:00+00:00,9743.59
2020-05-14 16:00:00+00:00,9657.56
2020-05-14 20:00:00+00:00,9786.8
2020-05-15 00:00:00+00:00,9471.0
2020-05-15 04:00:00+00:00,9669.98
2020-05-15 08:00:00+00:00,9589.96
2020-05-15 12:00:00+00:00,9472.45
2020-05-15 16:00:00+00:00,9337.31
2020-05-15 20:00:00+00:00,9310.73
2020-05-16 00:00:00+00:00,9401.25
2020-05-16 04:00:00+00:00,9385.86
2020-05-16 08:00:00+00:00,9410.0
2020-05-16 12:00:00+00:00,9375.34
2020-05-16 16:00:00+00:00,9325.59
2020-05-16 20:00:00+00:00,9374.99
2020-05-17 00:00:00+00:00,9539.0
2020-05-17 04:00:00+00:00,9536.32
2020-05-17 08:00:00+00:00,9518.43
2020-05-17 12:00:00+00:00,9818.43
2020-05-17 16:00:00+00:00,9768.64
2020-05-17 20:00:00+00:00,9678.57
2020-05-18 00:00:00+00:00,9858.12
2020-05-18 04:00:00+00:00,9782.66
2020-05-18 08:00:00+00:00,9628.68
2020-05-18 12:00:00+00:00,9663.3
2020-05-18 16:00:00+00:00,9698.65
2020-05-18 20:00:00+00:00,9731.1
2020-05-19 00:00:00+00:00,9526.23
2020-05-19 04:00:00+00:00,9570.18
2020-05-19 08:00:00+00:00,9748.3
2020-05-19 12:00:00+00:00,9685.0
2020-05-19 16:00:00+00:00,9643.36
2020-05-19 20:00:00+00:00,9773.64
2020-05-20 00:00:00+00:00,9722.76
2020-05-20 04:00:00+00:00,9762.0
2020-05-20 08:00:00+00:00,9730.0
2020-05-20 12:00:00+00:00,9410.03
2020-05-20 16:00:00+00:00,9525.14
2020-05-20 20:00:00+00:00,9508.11
2020-05-21 00:00:00+00:00,9479.96
2020-05-21 04:00:00+00:00,9453.5
2020-05-21 08:00:00+00:00,9385.0
2020-05-21 12:00:00+00:00,9082.3
2020-05-21 16:00:00+00:00,9062.54
2020-05-21 20:00:00+00:00,9060.0
2020-05-22 00:00:00+00:00,8991.49
2020-05-22 04:00:00+00:00,9077.28
2020-05-22 08:00:00+00:00,9162.0
2020-05-22 12:00:00+00:00,9219.58
2020-05-22 16:00:00+00:00,9170.99
2020-05-22 20:00:00+00:00,9166.4
2020-05-23 00:00:00+00:00,9280.0
2020-05-23 04:00:00+00:00,9252.01
2020-05-23 08:00:00+00:00,9168.95
2020-05-23 12:00:00+00:00,9195.46
2020-05-23 16:00:00+00:00,9177.01
2020-05-23 20:00:00+00:00,9176.41
2020-05-24 00:00:00+00:00,9188.91
2020-05-24 04:00:00+00:00,9251.22
2020-05-24 08:00:00+00:00,9111.31
2020-05-24 12:00:00+00:00,9050.0
2020-05-24 16:00:00+00:00,9015.44
2020-05-24 20:00:00+00:00,8711.37
2020-05-25 00:00:00+00:00,8779.99
2020-05-25 04:00:00+00:00,8861.64
2020-05-25 08:00:00+00:00,8746.3
2020-05-25 12:00:00+00:00,8775.67
2020-05-25 16:00:00+00:00,8922.18
2020-05-25 20:00:00+00:00,8895.65
2020-05-26 00:00:00+00:00,8900.0
2020-05-26 04:00:00+00:00,8951.96
2020-05-26 08:00:00+00:00,8864.37
2020-05-26 12:00:00+00:00,8720.48
2020-05-26 16:00:00+00:00,8795.98
2020-05-26 20:00:00+00:00,8837.05
2020-05-27 00:00:00+00:00,8825.03
2020-05-27 04:00:00+00:00,8841.85
2020-05-27 08:00:00+00:00,9144.99
2020-05-27 12:00:00+00:00,9143.0
2020-05-27 16:00:00+00:00,9153.49
2020-05-27 20:00:00+00:00,9197.32
2020-05-28 00:00:00+00:00,9166.01
2020-05-28 04:00:00+00:00,9146.2
2020-05-28 08:00:00+00:00,9258.68
2020-05-28 12:00:00+00:00,9494.98
2020-05-28 16:00:00+00:00,9448.84
2020-05-28 20:00:00+00:00,9569.59
2020-05-29 00:00:00+00:00,9514.24
2020-05-29 04:00:00+00:00,9516.52
2020-05-29 08:00:00+00:00,9396.0
2020-05-29 12:00:00+00:00,9407.25
2020-05-29 16:00:00+00:00,9401.89
2020-05-29 20:00:00+00:00,9422.26
2020-05-30 00:00:00+00:00,9392.85
2020-05-30 04:00:00+00:00,9523.52
2020-05-30 08:00:00+00:00,9550.07
2020-05-30 12:00:00+00:00,9537.11
2020-05-30 16:00:00+00:00,9531.9
2020-05-30 20:00:00+00:00,9695.0
2020-05-31 00:00:00+00:00,9576.49
2020-05-31 04:00:00+00:00,9563.11
2020-05-31 08:00:00+00:00,9586.7
2020-05-31 12:00:00+00:00,9478.23
2020-05-31 16:00:00+00:00,9513.14
2020-05-31 20:00:00+00:00,9446.43
2020-06-01 00:00:00+00:00,9550.82
2020-06-01 04:00:00+00:00,9563.56
2020-06-01 08:00:00+00:00,9508.21
2020-06-01 12:00:00+00:00,9541.71
2020-06-01 16:00:00+00:00,9567.51
2020-06-01 20:00:00+00:00,10232.48
2020-06-02 00:00:00+00:00,10109.99
2020-06-02 04:00:00+00:00,10126.25
2020-06-02 08:00:00+00:00,10121.68
2020-06-02 12:00:00+00:00,9467.9
2020-06-02 16:00:00+00:00,9506.55
2020-06-02 20:00:00+00:00,9514.9
2020-06-03 00:00:00+00:00,9485.71
2020-06-03 04:00:00+00:00,9504.0
2020-06-03 08:00:00+00:00,9614.17
2020-06-03 12:00:00+00:00,9554.18
2020-06-03 16:00:00+00:00,9576.01
2020-06-03 20:00:00+00:00,9663.59
2020-06-04 00:00:00+00:00,9664.02
2020-06-04 04:00:00+00:00,9644.81
2020-06-04 08:00:00+00:00,9618.4
2020-06-04 12:00:00+00:00,9828.11
2020-06-04 16:00:00+00:00,9817.06
2020-06-04 20:00:00+00:00,9788.33
2020-06-05 00:00:00+00:00,9795.88
2020-06-05 04:00:00+00:00,9775.02
2020-06-05 08:00:00+00:00,9697.25
2020-06-05 12:00:00+00:00,9707.09
2020-06-05 16:00:00+00:00,9720.5
2020-06-05 20:00:00+00:00,9617.29
2020-06-06 00:00:00+00:00,9634.6
2020-06-06 04:00:00+00:00,9609.51
2020-06-06 08:00:00+00:00,9690.36
2020-06-06 12:00:00+00:00,9649.01
2020-06-06 16:00:00+00:00,9654.99
2020-06-06 20:00:00+00:00,9664.0
2020-06-07 00:00:00+00:00,9680.42
2020-06-07 04:00:00+00:00,9654.99
2020-06-07 08:00:00+00:00,9573.97
2020-06-07 12:00:00+00:00,9495.71
2020-06-07 16:00:00+00:00,9771.75
2020-06-07 20:00:00+00:00,9743.92
2020-06-08 00:00:00+00:00,9723.44
2020-06-08 04:00:00+00:00,9725.0
2020-06-08 08:00:00+00:00,9742.66
2020-06-08 12:00:00+00:00,9706.49
2020-06-08 16:00:00+00:00,9693.43
2020-06-08 20:00:00+00:00,9778.87
2020-06-09 00:00:00+00:00,9678.53
2020-06-09 04:00:00+00:00,9680.46
2020-06-09 08:00:00+00:00,9719.35
2020-06-09 12:00:00+00:00,9717.86
2020-06-09 16:00:00+00:00,9728.76
2020-06-09 20:00:00+00:00,9771.66
2020-06-10 00:00:00+00:00,9752.84
2020-06-10 04:00:00+00:00,9749.0
2020-06-10 08:00:00+00:00,9729.63
2020-06-10 12:00:00+00:00,9757.58
2020-06-10 16:00:00+00:00,9855.04
2020-06-10 20:00:00+00:00,9884.99
2020-06-11 00:00:00+00:00,9889.91
2020-06-11 04:00:00+00:00,9801.0
2020-06-11 08:00:00+00:00,9791.56
2020-06-11 12:00:00+00:00,9525.02
2020-06-11 16:00:00+00:00,9280.99
2020-06-11 20:00:00+00:00,9278.03
2020-06-12 00:00:00+00:00,9359.62
2020-06-12 04:00:00+00:00,9433.68
2020-06-12 08:00:00+00:00,9488.59
2020-06-12 12:00:00+00:00,9415.89
2020-06-12 16:00:00+00:00,9427.04
2020-06-12 20:00:00+00:00,9458.91
2020-06-13 00:00:00+00:00,9406.39
2020-06-13 04:00:00+00:00,9431.93
2020-06-13 08:00:00+00:00,9399.99
2020-06-13 12:00:00+00:00,9433.97
2020-06-13 16:00:00+00:00,9400.98
2020-06-13 20:00:00+00:00,9468.54
2020-06-14 00:00:00+00:00,9431.72
2020-06-14 04:00:00+00:00,9412.65
2020-06-14 08:00:00+00:00,9422.05
2020-06-14 12:00:00+00:00,9414.3
2020-06-14 16:00:00+00:00,9391.3
2020-06-14 20:00:00+00:00,9339.61
2020-06-15 00:00:00+00:00,9160.68
2020-06-15 04:00:00+00:00,9114.76
2020-06-15 08:00:00+00:00,9110.93
2020-06-15 12:00:00+00:00,9290.01
2020-06-15 16:00:00+00:00,9412.2
2020-06-15 20:00:00+00:00,9422.01
2020-06-16 00:00:00+00:00,9559.49
2020-06-16 04:00:00+00:00,9499.98
2020-06-16 08:00:00+00:00,9507.25
2020-06-16 12:00:00+00:00,9449.66
2020-06-16 16:00:00+00:00,9504.99
2020-06-16 20:00:00+00:00,9519.12
2020-06-17 00:00:00+00:00,9456.46
2020-06-17 04:00:00+00:00,9508.72
2020-06-17 08:00:00+00:00,9475.02
2020-06-17 12:00:00+00:00,9393.05
2020-06-17 16:00:00+00:00,9293.61
2020-06-17 20:00:00+00:00,9458.45
2020-06-18 00:00:00+00:00,9424.99
2020-06-18 04:00:00+00:00,9435.96
2020-06-18 08:00:00+00:00,9427.51
2020-06-18 12:00:00+00:00,9383.56
2020-06-18 16:00:00+00:00,9391.51
2020-06-18 20:00:00+00:00,9381.59
2020-06-19 00:00:00+00:00,9268.73
2020-06-19 04:00:00+00:00,9294.99
2020-06-19 08:00:00+00:00,9382.26
2020-06-19 12:00:00+00:00,9377.15
2020-06-19 16:00:00+00:00,9302.89
2020-06-19 20:00:00+00:00,9307.0
2020-06-20 00:00:00+00:00,9323.94
2020-06-20 04:00:00+00:00,9298.05
2020-06-20 08:00:00+00:00,9320.01
2020-06-20 12:00:00+00:00,9256.0
2020-06-20 16:00:00+00:00,9282.0
2020-06-20 20:00:00+00:00,9354.04
2020-06-21 00:00:00+00:00,9366.7
2020-06-21 04:00:00+00:00,9364.0
2020-06-21 08:00:00+00:00,9355.02
2020-06-21 12:00:00+00:00,9370.0
2020-06-21 16:00:00+00:00,9347.82
2020-06-21 20:00:00+00:00,9293.51
2020-06-22 00:00:00+00:00,9380.13
2020-06-22 04:00:00+00:00,9416.73
2020-06-22 08:00:00+00:00,9458.88
2020-06-22 12:00:00+00:00,9489.82
2020-06-22 16:00:00+00:00,9563.93
2020-06-22 20:00:00+00:00,9686.99
2020-06-23 00:00:00+00:00,9661.13
2020-06-23 04:00:00+00:00,9668.13
2020-06-23 08:00:00+00:00,9639.5
2020-06-23 12:00:00+00:00,9695.89
2020-06-23 16:00:00+00:00,9647.05
2020-06-23 20:00:00+00:00,9631.66
2020-06-24 00:00:00+00:00,9657.09
2020-06-24 04:00:00+00:00,9519.0
2020-06-24 08:00:00+00:00,9337.26
2020-06-24 12:00:00+00:00,9255.47
2020-06-24 16:00:00+00:00,9301.79
2020-06-24 20:00:00+00:00,9298.4
2020-06-25 00:00:00+00:00,9099.65
2020-06-25 04:00:00+00:00,9169.44
2020-06-25 08:00:00+00:00,9253.21
2020-06-25 12:00:00+00:00,9235.45
2020-06-25 16:00:00+00:00,9280.0
2020-06-25 20:00:00+00:00,9246.75
2020-06-26 00:00:00+00:00,9241.99
2020-06-26 04:00:00+00:00,9143.88
2020-06-26 08:00:00+00:00,9188.0
2020-06-26 12:00:00+00:00,9148.85
2020-06-26 16:00:00+00:00,9163.0
2020-06-26 20:00:00+00:00,9159.99
2020-06-27 00:00:00+00:00,9161.0
2020-06-27 04:00:00+00:00,9174.46
2020-06-27 08:00:00+00:00,9156.94
2020-06-27 12:00:00+00:00,9130.0
2020-06-27 16:00:00+00:00,8932.93
2020-06-27 20:00:00+00:00,9008.0
2020-06-28 00:00:00+00:00,8970.0
2020-06-28 04:00:00+00:00,9021.73
2020-06-28 08:00:00+00:00,9048.12
2020-06-28 12:00:00+00:00,9153.88
2020-06-28 16:00:00+00:00,9109.66
2020-06-28 20:00:00+00:00,9114.0
2020-06-29 00:00:00+00:00,9093.0
2020-06-29 04:00:00+00:00,9095.0
2020-06-29 08:00:00+00:00,9092.6
2020-06-29 12:00:00+00:00,9121.78
2020-06-29 16:00:00+00:00,9157.23
2020-06-29 20:00:00+00:00,9189.48
2020-06-30 00:00:00+00:00,9162.8
2020-06-30 04:00:00+00:00,9144.31
2020-06-30 08:00:00+00:00,9150.64
2020-06-30 12:00:00+00:00,9169.41
2020-06-30 16:00:00+00:00,9133.26
2020-06-30 20:00:00+00:00,9138.87
2020-07-01 00:00:00+00:00,9138.76
2020-07-01 04:00:00+00:00,9136.45
2020-07-01 08:00:00+00:00,9157.72
2020-07-01 12:00:00+00:00,9263.75
2020-07-01 16:00:00+00:00,9238.59
2020-07-01 20:00:00+00:00,9233.29
2020-07-02 00:00:00+00:00,9237.0
2020-07-02 04:00:00+00:00,9209.37
2020-07-02 08:00:00+00:00,9198.52
2020-07-02 12:00:00+00:00,9049.61
2020-07-02 16:00:00+00:00,9056.52
2020-07-02 20:00:00+00:00,9087.72
2020-07-03 00:00:00+00:00,9093.67
2020-07-03 04:00:00+00:00,9103.89
2020-07-03 08:00:00+00:00,9096.98
2020-07-03 12:00:00+00:00,9098.25
2020-07-03 16:00:00+00:00,9083.35
2020-07-03 20:00:00+00:00,9057.52
2020-07-04 00:00:00+00:00,9083.88
2020-07-04 04:00:00+00:00,9074.41
2020-07-04 08:00:00+00:00,9058.67
2020-07-04 12:00:00+00:00,9066.49
2020-07-04 16:00:00+00:00,9131.33
2020-07-04 20:00:00+00:00,9137.18
2020-07-05 00:00:00+00:00,9128.0
2020-07-05 04:00:00+00:00,9062.52
2020-07-05 08:00:00+00:00,9035.32
2020-07-05 12:00:00+00:00,9028.98
2020-07-05 16:00:00+00:00,9031.31
2020-07-05 20:00:00+00:00,9071.86
2020-07-06 00:00:00+00:00,9087.3
2020-07-06 04:00:00+00:00,9199.71
2020-07-06 08:00:00+00:00,9221.24
2020-07-06 12:00:00+00:00,9302.99
2020-07-06 16:00:00+00:00,9287.38
2020-07-06 20:00:00+00:00,9339.6
2020-07-07 00:00:00+00:00,9292.92
2020-07-07 04:00:00+00:00,9260.99
2020-07-07 08:00:00+00:00,9271.11
2020-07-07 12:00:00+00:00,9274.99
2020-07-07 16:00:00+00:00,9239.78
2020-07-07 20:00:00+00:00,9258.51
2020-07-08 00:00:00+00:00,9310.0
2020-07-08 04:00:00+00:00,9282.85
2020-07-08 08:00:00+00:00,9308.0
2020-07-08 12:00:00+00:00,9410.92
2020-07-08 16:00:00+00:00,9431.52
2020-07-08 20:00:00+00:00,9436.08
2020-07-09 00:00:00+00:00,9386.6
2020-07-09 04:00:00+00:00,9404.08
2020-07-09 08:00:00+00:00,9403.25
2020-07-09 12:00:00+00:00,9211.0
2020-07-09 16:00:00+00:00,9220.97
2020-07-09 20:00:00+00:00,9236.28
2020-07-10 00:00:00+00:00,9225.03
2020-07-10 04:00:00+00:00,9153.71
2020-07-10 08:00:00+00:00,9162.25
2020-07-10 12:00:00+00:00,9245.55
2020-07-10 16:00:00+00:00,9234.43
2020-07-10 20:00:00+00:00,9288.39
2020-07-11 00:00:00+00:00,9266.51
2020-07-11 04:00:00+00:00,9269.98
2020-07-11 08:00:00+00:00,9199.39
2020-07-11 12:00:00+00:00,9223.92
2020-07-11 16:00:00+00:00,9205.32
2020-07-11 20:00:00+00:00,9233.5
2020-07-12 00:00:00+00:00,9270.72
2020-07-12 04:00:00+00:00,9256.21
2020-07-12 08:00:00+00:00,9246.53
2020-07-12 12:00:00+00:00,9214.35
2020-07-12 16:00:00+00:00,9220.34
2020-07-12 20:00:00+00:00,9300.69
2020-07-13 00:00:00+00:00,9272.87
2020-07-13 04:00:00+00:00,9269.95
2020-07-13 08:00:00+00:00,9308.92
2020-07-13 12:00:00+00:00,9290.28
2020-07-13 16:00:00+00:00,9233.45
2020-07-13 20:00:00+00:00,9241.2
2020-07-14 00:00:00+00:00,9218.63
2020-07-14 04:00:00+00:00,9180.56
2020-07-14 08:00:00+00:00,9234.51
2020-07-14 12:00:00+00:00,9220.79
2020-07-14 16:00:00+00:00,9267.52
2020-07-14 20:00:00+00:00,9254.17
2020-07-15 00:00:00+00:00,9234.51
2020-07-15 04:00:00+00:00,9227.83
2020-07-15 08:00:00+00:00,9221.55
2020-07-15 12:00:00+00:00,9204.21
2020-07-15 16:00:00+00:00,9183.07
2020-07-15 20:00:00+00:00,9197.3
2020-07-16 00:00:00+00:00,9202.49
2020-07-16 04:00:00+00:00,9124.21
2020-07-16 08:00:00+00:00,9083.64
2020-07-16 12:00:00+00:00,9123.0
2020-07-16 16:00:00+00:00,9126.0
2020-07-16 20:00:00+00:00,9132.0
2020-07-17 00:00:00+00:00,9117.85
2020-07-17 04:00:00+00:00,9110.0
2020-07-17 08:00:00+00:00,9139.12
2020-07-17 12:00:00+00:00,9146.19
2020-07-17 16:00:00+00:00,9162.01
2020-07-17 20:00:00+00:00,9151.69
2020-07-18 00:00:00+00:00,9131.08
2020-07-18 04:00:00+00:00,9132.24
2020-07-18 08:00:00+00:00,9163.4
2020-07-18 12:00:00+00:00,9171.25
2020-07-18 16:00:00+00:00,9164.31
2020-07-18 20:00:00+00:00,9171.8
2020-07-19 00:00:00+00:00,9156.57
2020-07-19 04:00:00+00:00,9157.03
2020-07-19 08:00:00+00:00,9126.96
2020-07-19 12:00:00+00:00,9124.5
2020-07-19 16:00:00+00:00,9167.09
2020-07-19 20:00:00+00:00,9210.51
2020-07-20 00:00:00+00:00,9194.48
2020-07-20 04:00:00+00:00,9183.24
2020-07-20 08:00:00+00:00,9150.39
2020-07-20 12:00:00+00:00,9172.47
2020-07-20 16:00:00+00:00,9160.4
2020-07-20 20:00:00+00:00,9161.13
2020-07-21 00:00:00+00:00,9181.65
2020-07-21 04:00:00+00:00,9314.87
2020-07-21 08:00:00+00:00,9342.21
2020-07-21 12:00:00+00:00,9338.45
2020-07-21 16:00:00+00:00,9353.5
2020-07-21 20:00:00+00:00,9388.01
2020-07-22 00:00:00+00:00,9358.72
2020-07-22 04:00:00+00:00,9301.44
2020-07-22 08:00:00+00:00,9344.11
2020-07-22 12:00:00+00:00,9338.53
2020-07-22 16:00:00+00:00,9372.24
2020-07-22 20:00:00+00:00,9518.25
2020-07-23 00:00:00+00:00,9493.62
2020-07-23 04:00:00+00:00,9495.17
2020-07-23 08:00:00+00:00,9507.98
2020-07-23 12:00:00+00:00,9527.4
2020-07-23 16:00:00+00:00,9597.28
2020-07-23 20:00:00+00:00,9604.41
2020-07-24 00:00:00+00:00,9563.96
2020-07-24 04:00:00+00:00,9514.31
2020-07-24 08:00:00+00:00,9534.62
2020-07-24 12:00:00+00:00,9554.14
2020-07-24 16:00:00+00:00,9583.65
2020-07-24 20:00:00+00:00,9539.7
2020-07-25 00:00:00+00:00,9584.83
2020-07-25 04:00:00+00:00,9574.68
2020-07-25 08:00:00+00:00,9577.04
2020-07-25 12:00:00+00:00,9594.87
2020-07-25 16:00:00+00:00,9674.11
2020-07-25 20:00:00+00:00,9701.49
2020-07-26 00:00:00+00:00,9681.26
2020-07-26 04:00:00+00:00,9719.99
2020-07-26 08:00:00+00:00,9979.15
2020-07-26 12:00:00+00:00,9967.76
2020-07-26 16:00:00+00:00,9876.51
2020-07-26 20:00:00+00:00,9939.69
2020-07-27 00:00:00+00:00,10277.22
2020-07-27 04:00:00+00:00,10168.0
2020-07-27 08:00:00+00:00,10269.56
2020-07-27 12:00:00+00:00,10310.11
2020-07-27 16:00:00+00:00,10806.52
2020-07-27 20:00:00+00:00,11047.58
2020-07-28 00:00:00+00:00,10994.99
2020-07-28 04:00:00+00:00,10897.26
2020-07-28 08:00:00+00:00,11000.98
2020-07-28 12:00:00+00:00,11165.07
2020-07-28 16:00:00+00:00,11008.87
2020-07-28 20:00:00+00:00,10919.94
2020-07-29 00:00:00+00:00,10989.95
2020-07-29 04:00:00+00:00,11027.64
2020-07-29 08:00:00+00:00,11110.06
2020-07-29 12:00:00+00:00,11174.78
2020-07-29 16:00:00+00:00,11217.69
2020-07-29 20:00:00+00:00,11113.03
2020-07-30 00:00:00+00:00,10998.37
2020-07-30 04:00:00+00:00,10952.87
2020-07-30 08:00:00+00:00,10942.01
2020-07-30 12:00:00+00:00,11020.31
2020-07-30 16:00:00+00:00,11130.69
2020-07-30 20:00:00+00:00,11111.96
2020-07-31 00:00:00+00:00,10988.59
2020-07-31 04:00:00+00:00,11140.65
2020-07-31 08:00:00+00:00,11231.87
2020-07-31 12:00:00+00:00,11355.05
2020-07-31 16:00:00+00:00,11326.36
2020-07-31 20:00:00+00:00,11343.68
2020-08-01 00:00:00+00:00,11373.99
2020-08-01 04:00:00+00:00,11666.32
2020-08-01 08:00:00+00:00,11669.01
2020-08-01 12:00:00+00:00,11642.13
2020-08-01 16:00:00+00:00,11790.77
2020-08-01 20:00:00+00:00,11811.42
2020-08-02 00:00:00+00:00,12026.41
2020-08-02 04:00:00+00:00,11327.7
2020-08-02 08:00:00+00:00,11114.19
2020-08-02 12:00:00+00:00,11093.91
2020-08-02 16:00:00+00:00,11212.69
2020-08-02 20:00:00+00:00,11079.72
2020-08-03 00:00:00+00:00,11146.75
2020-08-03 04:00:00+00:00,11207.1
2020-08-03 08:00:00+00:00,11243.81
2020-08-03 12:00:00+00:00,11392.33
2020-08-03 16:00:00+00:00,11409.76
2020-08-03 20:00:00+00:00,11227.07
2020-08-04 00:00:00+00:00,11270.58
2020-08-04 04:00:00+00:00,11298.66
2020-08-04 08:00:00+00:00,11128.36
2020-08-04 12:00:00+00:00,11220.32
2020-08-04 16:00:00+00:00,11230.24
2020-08-04 20:00:00+00:00,11200.05
2020-08-05 00:00:00+00:00,11248.83
2020-08-05 04:00:00+00:00,11286.62
2020-08-05 08:00:00+00:00,11444.63
2020-08-05 12:00:00+00:00,11672.0
2020-08-05 16:00:00+00:00,11656.72
2020-08-05 20:00:00+00:00,11752.5
2020-08-06 00:00:00+00:00,11655.1
2020-08-06 04:00:00+00:00,11641.13
2020-08-06 08:00:00+00:00,11701.44
2020-08-06 12:00:00+00:00,11850.0
2020-08-06 16:00:00+00:00,11875.83
2020-08-06 20:00:00+00:00,11770.56
2020-08-07 00:00:00+00:00,11832.95
2020-08-07 04:00:00+00:00,11785.84
2020-08-07 08:00:00+00:00,11763.58
2020-08-07 12:00:00+00:00,11647.96
2020-08-07 16:00:00+00:00,11494.28
2020-08-07 20:00:00+00:00,11596.06
2020-08-08 00:00:00+00:00,11545.01
2020-08-08 04:00:00+00:00,11588.0
2020-08-08 08:00:00+00:00,11780.0
2020-08-08 12:00:00+00:00,11745.26
2020-08-08 16:00:00+00:00,11719.31
2020-08-08 20:00:00+00:00,11765.72
2020-08-09 00:00:00+00:00,11739.8
2020-08-09 04:00:00+00:00,11709.0
2020-08-09 08:00:00+00:00,11694.18
2020-08-09 12:00:00+00:00,11575.09
2020-08-09 16:00:00+00:00,11635.3
2020-08-09 20:00:00+00:00,11685.99
2020-08-10 00:00:00+00:00,12041.82
2020-08-10 04:00:00+00:00,11980.72
2020-08-10 08:00:00+00:00,11741.77
2020-08-10 12:00:00+00:00,11930.8
2020-08-10 16:00:00+00:00,11869.79
2020-08-10 20:00:00+00:00,11896.89
2020-08-11 00:00:00+00:00,11846.1
2020-08-11 04:00:00+00:00,11757.66
2020-08-11 08:00:00+00:00,11753.63
2020-08-11 12:00:00+00:00,11493.15
2020-08-11 16:00:00+00:00,11395.4
2020-08-11 20:00:00+00:00,11392.64
2020-08-12 00:00:00+00:00,11386.45
2020-08-12 04:00:00+00:00,11450.69
2020-08-12 08:00:00+00:00,11465.64
2020-08-12 12:00:00+00:00,11584.09
2020-08-12 16:00:00+00:00,11574.18
2020-08-12 20:00:00+00:00,11568.36
2020-08-13 00:00:00+00:00,11571.58
2020-08-13 04:00:00+00:00,11519.82
2020-08-13 08:00:00+00:00,11561.48
2020-08-13 12:00:00+00:00,11505.16
2020-08-13 16:00:00+00:00,11514.18
2020-08-13 20:00:00+00:00,11790.0
2020-08-14 00:00:00+00:00,11734.57
2020-08-14 04:00:00+00:00,11706.99
2020-08-14 08:00:00+00:00,11770.41
2020-08-14 12:00:00+00:00,11748.52
2020-08-14 16:00:00+00:00,11808.98
2020-08-14 20:00:00+00:00,11767.89
2020-08-15 00:00:00+00:00,11900.97
2020-08-15 04:00:00+00:00,11902.08
2020-08-15 08:00:00+00:00,11853.53
2020-08-15 12:00:00+00:00,11858.01
2020-08-15 16:00:00+00:00,11845.91
2020-08-15 20:00:00+00:00,11859.04
2020-08-16 00:00:00+00:00,11942.2
2020-08-16 04:00:00+00:00,11873.14
2020-08-16 08:00:00+00:00,11762.44
2020-08-16 12:00:00+00:00,11867.06
2020-08-16 16:00:00+00:00,11827.2
2020-08-16 20:00:00+00:00,11921.23
2020-08-17 00:00:00+00:00,11856.27
2020-08-17 04:00:00+00:00,11816.96
2020-08-17 08:00:00+00:00,11919.01
2020-08-17 12:00:00+00:00,12443.99
2020-08-17 16:00:00+00:00,12349.85
2020-08-17 20:00:00+00:00,12298.06
2020-08-18 00:00:00+00:00,12318.35
2020-08-18 04:00:00+00:00,12275.56
2020-08-18 08:00:00+00:00,12188.31
2020-08-18 12:00:00+00:00,11950.01
2020-08-18 16:00:00+00:00,11999.95
2020-08-18 20:00:00+00:00,11960.79
2020-08-19 00:00:00+00:00,11855.34
2020-08-19 04:00:00+00:00,11830.99
2020-08-19 08:00:00+00:00,11850.9
2020-08-19 12:00:00+00:00,11735.22
2020-08-19 16:00:00+00:00,11663.56
2020-08-19 20:00:00+00:00,11763.87
2020-08-20 00:00:00+00:00,11707.83
2020-08-20 04:00:00+00:00,11710.37
2020-08-20 08:00:00+00:00,11825.0
2020-08-20 12:00:00+00:00,11860.95
2020-08-20 16:00:00+00:00,11851.93
2020-08-20 20:00:00+00:00,11857.92
2020-08-21 00:00:00+00:00,11870.5
2020-08-21 04:00:00+00:00,11842.01
2020-08-21 08:00:00+00:00,11721.84
2020-08-21 12:00:00+00:00,11725.67
2020-08-21 16:00:00+00:00,11679.24
2020-08-21 20:00:00+00:00,11538.53
2020-08-22 00:00:00+00:00,11478.46
2020-08-22 04:00:00+00:00,11584.77
2020-08-22 08:00:00+00:00,11566.0
2020-08-22 12:00:00+00:00,11587.13
2020-08-22 16:00:00+00:00,11595.63
2020-08-22 20:00:00+00:00,11670.47
2020-08-23 00:00:00+00:00,11605.59
2020-08-23 04:00:00+00:00,11621.61
2020-08-23 08:00:00+00:00,11532.84
2020-08-23 12:00:00+00:00,11655.48
2020-08-23 16:00:00+00:00,11686.39
2020-08-23 20:00:00+00:00,11654.0
2020-08-24 00:00:00+00:00,11687.61
2020-08-24 04:00:00+00:00,11761.52
2020-08-24 08:00:00+00:00,11799.0
2020-08-24 12:00:00+00:00,11768.0
2020-08-24 16:00:00+00:00,11755.27
2020-08-24 20:00:00+00:00,11753.3
2020-08-25 00:00:00+00:00,11675.08
2020-08-25 04:00:00+00:00,11594.96
2020-08-25 08:00:00+00:00,11622.01
2020-08-25 12:00:00+00:00,11431.11
2020-08-25 16:00:00+00:00,11304.62
2020-08-25 20:00:00+00:00,11327.17
2020-08-26 00:00:00+00:00,11370.99
2020-08-26 04:00:00+00:00,11353.29
2020-08-26 08:00:00+00:00,11385.43
2020-08-26 12:00:00+00:00,11484.57
2020-08-26 16:00:00+00:00,11468.81
2020-08-26 20:00:00+00:00,11466.22
2020-08-27 00:00:00+00:00,11388.76
2020-08-27 04:00:00+00:00,11411.33
2020-08-27 08:00:00+00:00,11316.77
2020-08-27 12:00:00+00:00,11329.47
2020-08-27 16:00:00+00:00,11251.34
2020-08-27 20:00:00+00:00,11335.53
2020-08-28 00:00:00+00:00,11383.95
2020-08-28 04:00:00+00:00,11382.52
2020-08-28 08:00:00+00:00,11474.99
2020-08-28 12:00:00+00:00,11531.42
2020-08-28 16:00:00+00:00,11501.01
2020-08-28 20:00:00+00:00,11526.85
2020-08-29 00:00:00+00:00,11504.01
2020-08-29 04:00:00+00:00,11558.99
2020-08-29 08:00:00+00:00,11450.19
2020-08-29 12:00:00+00:00,11501.59
2020-08-29 16:00:00+00:00,11525.53
2020-08-29 20:00:00+00:00,11466.66
2020-08-30 00:00:00+00:00,11616.36
2020-08-30 04:00:00+00:00,11595.34
2020-08-30 08:00:00+00:00,11607.64
2020-08-30 12:00:00+00:00,11618.57
2020-08-30 16:00:00+00:00,11649.13
2020-08-30 20:00:00+00:00,11714.14
2020-08-31 00:00:00+00:00,11681.3
2020-08-31 04:00:00+00:00,11625.35
2020-08-31 08:00:00+00:00,11688.99
2020-08-31 12:00:00+00:00,11748.99
2020-08-31 16:00:00+00:00,11730.17
2020-08-31 20:00:00+00:00,11658.11
2020-09-01 00:00:00+00:00,11698.75
2020-09-01 04:00:00+00:00,11933.08
2020-09-01 08:00:00+00:00,11884.94
2020-09-01 12:00:00+00:00,12049.13
2020-09-01 16:00:00+00:00,11969.79
2020-09-01 20:00:00+00:00,11930.18
2020-09-02 00:00:00+00:00,11844.12
2020-09-02 04:00:00+00:00,11737.67
2020-09-02 08:00:00+00:00,11417.49
2020-09-02 12:00:00+00:00,11340.25
2020-09-02 16:00:00+00:00,11398.25
2020-09-02 20:00:00+00:00,11396.96
2020-09-03 00:00:00+00:00,11356.12
2020-09-03 04:00:00+00:00,11408.58
2020-09-03 08:00:00+00:00,11218.97
2020-09-03 12:00:00+00:00,10683.59
2020-09-03 16:00:00+00:00,10689.77
2020-09-03 20:00:00+00:00,10141.08
2020-09-04 00:00:00+00:00,10269.79
2020-09-04 04:00:00+00:00,10295.64
2020-09-04 08:00:00+00:00,10421.25
2020-09-04 12:00:00+00:00,10427.24
2020-09-04 16:00:00+00:00,10568.37
2020-09-04 20:00:00+00:00,10448.0
2020-09-05 00:00:00+00:00,10409.93
2020-09-05 04:00:00+00:00,10404.88
2020-09-05 08:00:00+00:00,10227.9
2020-09-05 12:00:00+00:00,10274.78
2020-09-05 16:00:00+00:00,9960.16
2020-09-05 20:00:00+00:00,10168.71
2020-09-06 00:00:00+00:00,10167.22
2020-09-06 04:00:00+00:00,10232.56
2020-09-06 08:00:00+00:00,10266.67
2020-09-06 12:00:00+00:00,10176.25
2020-09-06 16:00:00+00:00,10257.52
2020-09-06 20:00:00+00:00,10258.13
2020-09-07 00:00:00+00:00,10203.56
2020-09-07 04:00:00+00:00,10116.19
2020-09-07 08:00:00+00:00,10031.6
2020-09-07 12:00:00+00:00,10147.19
2020-09-07 16:00:00+00:00,10150.63
2020-09-07 20:00:00+00:00,10378.76
2020-09-08 00:00:00+00:00,10306.5
2020-09-08 04:00:00+00:00,10269.9
2020-09-08 08:00:00+00:00,9987.07
2020-09-08 12:00:00+00:00,10101.92
2020-09-08 16:00:00+00:00,9994.0
2020-09-08 20:00:00+00:00,10129.02
2020-09-09 00:00:00+00:00,10028.24
2020-09-09 04:00:00+00:00,10191.96
2020-09-09 08:00:00+00:00,10224.42
2020-09-09 12:00:00+00:00,10246.0
2020-09-09 16:00:00+00:00,10277.91
2020-09-09 20:00:00+00:00,10219.29
2020-09-10 00:00:00+00:00,10372.36
2020-09-10 04:00:00+00:00,10274.01
2020-09-10 08:00:00+00:00,10293.12
2020-09-10 12:00:00+00:00,10414.51
2020-09-10 16:00:00+00:00,10269.36
2020-09-10 20:00:00+00:00,10335.91
2020-09-11 00:00:00+00:00,10221.7
2020-09-11 04:00:00+00:00,10260.0
2020-09-11 08:00:00+00:00,10256.26
2020-09-11 12:00:00+00:00,10319.09
2020-09-11 16:00:00+00:00,10324.68
2020-09-11 20:00:00+00:00,10387.81
2020-09-12 00:00:00+00:00,10342.39
2020-09-12 04:00:00+00:00,10343.7
2020-09-12 08:00:00+00:00,10340.62
2020-09-12 12:00:00+00:00,10359.86
2020-09-12 16:00:00+00:00,10458.26
2020-09-12 20:00:00+00:00,10438.28
2020-09-13 00:00:00+00:00,10553.48
2020-09-13 04:00:00+00:00,10540.08
2020-09-13 08:00:00+00:00,10322.51
2020-09-13 12:00:00+00:00,10281.78
2020-09-13 16:00:00+00:00,10307.61
2020-09-13 20:00:00+00:00,10327.72
2020-09-14 00:00:00+00:00,10344.9
2020-09-14 04:00:00+00:00,10395.81
2020-09-14 08:00:00+00:00,10465.46
2020-09-14 12:00:00+00:00,10688.0
2020-09-14 16:00:00+00:00,10657.78
2020-09-14 20:00:00+00:00,10664.1
2020-09-15 00:00:00+00:00,10747.59
2020-09-15 04:00:00+00:00,10735.41
2020-09-15 08:00:00+00:00,10814.0
2020-09-15 12:00:00+00:00,10781.0
2020-09-15 16:00:00+00:00,10777.76
2020-09-15 20:00:00+00:00,10776.78
2020-09-16 00:00:00+00:00,10772.61
2020-09-16 04:00:00+00:00,10910.7
2020-09-16 08:00:00+00:00,10893.78
2020-09-16 12:00:00+00:00,10998.0
2020-09-16 16:00:00+00:00,10979.01
2020-09-16 20:00:00+00:00,10948.17
2020-09-17 00:00:00+00:00,10867.12
2020-09-17 04:00:00+00:00,10878.42
2020-09-17 08:00:00+00:00,10871.59
2020-09-17 12:00:00+00:00,10833.0
2020-09-17 16:00:00+00:00,10910.58
2020-09-17 20:00:00+00:00,10935.33
2020-09-18 00:00:00+00:00,10917.89
2020-09-18 04:00:00+00:00,10948.05
2020-09-18 08:00:00+00:00,10972.08
2020-09-18 12:00:00+00:00,10892.7
2020-09-18 16:00:00+00:00,10858.76
2020-09-18 20:00:00+00:00,10926.29
2020-09-19 00:00:00+00:00,10969.67
2020-09-19 04:00:00+00:00,10892.64
2020-09-19 08:00:00+00:00,11130.7
2020-09-19 12:00:00+00:00,11082.99
2020-09-19 16:00:00+00:00,11046.34
2020-09-19 20:00:00+00:00,11073.74
2020-09-20 00:00:00+00:00,10940.54
2020-09-20 04:00:00+00:00,10956.63
2020-09-20 08:00:00+00:00,10946.15
2020-09-20 12:00:00+00:00,10829.0
2020-09-20 16:00:00+00:00,10863.32
2020-09-20 20:00:00+00:00,10914.28
2020-09-21 00:00:00+00:00,10955.0
2020-09-21 04:00:00+00:00,10896.0
2020-09-21 08:00:00+00:00,10634.48
2020-09-21 12:00:00+00:00,10415.61
2020-09-21 16:00:00+00:00,10496.0
2020-09-21 20:00:00+00:00,10414.73
2020-09-22 00:00:00+00:00,10447.7
2020-09-22 04:00:00+00:00,10374.05
2020-09-22 08:00:00+00:00,10449.99
2020-09-22 12:00:00+00:00,10448.68
2020-09-22 16:00:00+00:00,10487.06
2020-09-22 20:00:00+00:00,10523.32
2020-09-23 00:00:00+00:00,10470.21
2020-09-23 04:00:00+00:00,10423.76
2020-09-23 08:00:00+00:00,10469.31
2020-09-23 12:00:00+00:00,10446.46
2020-09-23 16:00:00+00:00,10288.97
2020-09-23 20:00:00+00:00,10237.91
2020-09-24 00:00:00+00:00,10298.86
2020-09-24 04:00:00+00:00,10334.99
2020-09-24 08:00:00+00:00,10406.49
2020-09-24 12:00:00+00:00,10532.65
2020-09-24 16:00:00+00:00,10644.56
2020-09-24 20:00:00+00:00,10724.92
2020-09-25 00:00:00+00:00,10661.48
2020-09-25 04:00:00+00:00,10682.49
2020-09-25 08:00:00+00:00,10624.8
2020-09-25 12:00:00+00:00,10640.81
2020-09-25 16:00:00+00:00,10713.35
2020-09-25 20:00:00+00:00,10683.51
2020-09-26 00:00:00+00:00,10701.0
2020-09-26 04:00:00+00:00,10701.39
2020-09-26 08:00:00+00:00,10706.95
2020-09-26 12:00:00+00:00,10718.63
2020-09-26 16:00:00+00:00,10715.79
2020-09-26 20:00:00+00:00,10726.5
2020-09-27 00:00:00+00:00,10777.99
2020-09-27 04:00:00+00:00,10667.25
2020-09-27 08:00:00+00:00,10622.43
2020-09-27 12:00:00+00:00,10750.0
2020-09-27 16:00:00+00:00,10727.23
2020-09-27 20:00:00+00:00,10768.0
2020-09-28 00:00:00+00:00,10881.81
2020-09-28 04:00:00+00:00,10852.93
2020-09-28 08:00:00+00:00,10877.47
2020-09-28 12:00:00+00:00,10898.97
2020-09-28 16:00:00+00:00,10866.0
2020-09-28 20:00:00+00:00,10691.45
2020-09-29 00:00:00+00:00,10687.45
2020-09-29 04:00:00+00:00,10722.0
2020-09-29 08:00:00+00:00,10754.98
2020-09-29 12:00:00+00:00,10722.5
2020-09-29 16:00:00+00:00,10735.0
2020-09-29 20:00:00+00:00,10836.98
2020-09-30 00:00:00+00:00,10739.49
2020-09-30 04:00:00+00:00,10700.95
2020-09-30 08:00:00+00:00,10677.26
2020-09-30 12:00:00+00:00,10773.26
2020-09-30 16:00:00+00:00,10704.65
2020-09-30 20:00:00+00:00,10773.0
2020-10-01 00:00:00+00:00,10795.17
2020-10-01 04:00:00+00:00,10817.81
2020-10-01 08:00:00+00:00,10897.75
2020-10-01 12:00:00+00:00,10710.35
2020-10-01 16:00:00+00:00,10611.01
2020-10-01 20:00:00+00:00,10612.63
2020-10-02 00:00:00+00:00,10642.01
2020-10-02 04:00:00+00:00,10483.88
2020-10-02 08:00:00+00:00,10430.13
2020-10-02 12:00:00+00:00,10507.17
2020-10-02 16:00:00+00:00,10511.99
2020-10-02 20:00:00+00:00,10565.15
2020-10-03 00:00:00+00:00,10548.07
2020-10-03 04:00:00+00:00,10523.67
2020-10-03 08:00:00+00:00,10530.89
2020-10-03 12:00:00+00:00,10536.95
2020-10-03 16:00:00+00:00,10577.29
2020-10-03 20:00:00+00:00,10537.96
2020-10-04 00:00:00+00:00,10541.29
2020-10-04 04:00:00+00:00,10607.86
2020-10-04 08:00:00+00:00,10594.2
2020-10-04 12:00:00+00:00,10586.81
2020-10-04 16:00:00+00:00,10667.93
2020-10-04 20:00:00+00:00,10660.16
2020-10-05 00:00:00+00:00,10659.44
2020-10-05 04:00:00+00:00,10677.99
2020-10-05 08:00:00+00:00,10658.41
2020-10-05 12:00:00+00:00,10718.57
2020-10-05 16:00:00+00:00,10724.01
2020-10-05 20:00:00+00:00,10785.0
2020-10-06 00:00:00+00:00,10757.71
2020-10-06 04:00:00+00:00,10705.0
2020-10-06 08:00:00+00:00,10693.32
2020-10-06 12:00:00+00:00,10726.87
2020-10-06 16:00:00+00:00,10565.0
2020-10-06 20:00:00+00:00,10593.65
2020-10-07 00:00:00+00:00,10571.35
2020-10-07 04:00:00+00:00,10612.16
2020-10-07 08:00:00+00:00,10592.28
2020-10-07 12:00:00+00:00,10624.88
2020-10-07 16:00:00+00:00,10645.92
2020-10-07 20:00:00+00:00,10658.75
2020-10-08 00:00:00+00:00,10634.23
2020-10-08 04:00:00+00:00,10586.29
2020-10-08 08:00:00+00:00,10598.42
2020-10-08 12:00:00+00:00,10892.69
2020-10-08 16:00:00+00:00,10873.71
2020-10-08 20:00:00+00:00,10919.45
2020-10-09 00:00:00+00:00,10881.96
2020-10-09 04:00:00+00:00,10888.66
2020-10-09 08:00:00+00:00,11049.28
2020-10-09 12:00:00+00:00,11083.37
2020-10-09 16:00:00+00:00,11034.15
2020-10-09 20:00:00+00:00,11050.47
2020-10-10 00:00:00+00:00,11413.28
2020-10-10 04:00:00+00:00,11381.99
2020-10-10 08:00:00+00:00,11317.25
2020-10-10 12:00:00+00:00,11352.85
2020-10-10 16:00:00+00:00,11353.93
2020-10-10 20:00:00+00:00,11294.79
2020-10-11 00:00:00+00:00,11332.17
2020-10-11 04:00:00+00:00,11353.96
2020-10-11 08:00:00+00:00,11375.46
2020-10-11 12:00:00+00:00,11404.69
2020-10-11 16:00:00+00:00,11335.0
2020-10-11 20:00:00+00:00,11369.59
2020-10-12 00:00:00+00:00,11382.48
2020-10-12 04:00:00+00:00,11376.31
2020-10-12 08:00:00+00:00,11246.32
2020-10-12 12:00:00+00:00,11551.71
2020-10-12 16:00:00+00:00,11548.46
2020-10-12 20:00:00+00:00,11530.36
2020-10-13 00:00:00+00:00,11460.52
2020-10-13 04:00:00+00:00,11452.92
2020-10-13 08:00:00+00:00,11486.28
2020-10-13 12:00:00+00:00,11384.65
2020-10-13 16:00:00+00:00,11387.66
2020-10-13 20:00:00+00:00,11419.36
2020-10-14 00:00:00+00:00,11386.97
2020-10-14 04:00:00+00:00,11412.24
2020-10-14 08:00:00+00:00,11362.0
2020-10-14 12:00:00+00:00,11319.81
2020-10-14 16:00:00+00:00,11341.26
2020-10-14 20:00:00+00:00,11417.13
2020-10-15 00:00:00+00:00,11378.28
2020-10-15 04:00:00+00:00,11393.98
2020-10-15 08:00:00+00:00,11315.0
2020-10-15 12:00:00+00:00,11395.42
2020-10-15 16:00:00+00:00,11518.48
2020-10-15 20:00:00+00:00,11502.0
2020-10-16 00:00:00+00:00,11507.11
2020-10-16 04:00:00+00:00,11309.01
2020-10-16 08:00:00+00:00,11367.77
2020-10-16 12:00:00+00:00,11332.58
2020-10-16 16:00:00+00:00,11307.66
2020-10-16 20:00:00+00:00,11318.92
2020-10-17 00:00:00+00:00,11358.73
2020-10-17 04:00:00+00:00,11340.95
2020-10-17 08:00:00+00:00,11342.21
2020-10-17 12:00:00+00:00,11335.91
2020-10-17 16:00:00+00:00,11340.29
2020-10-17 20:00:00+00:00,11356.25
2020-10-18 00:00:00+00:00,11364.54
2020-10-18 04:00:00+00:00,11452.44
2020-10-18 08:00:00+00:00,11417.81
2020-10-18 12:00:00+00:00,11445.55
2020-10-18 16:00:00+00:00,11430.44
2020-10-18 20:00:00+00:00,11501.1
2020-10-19 00:00:00+00:00,11412.59
2020-10-19 04:00:00+00:00,11459.05
2020-10-19 08:00:00+00:00,11474.34
2020-10-19 12:00:00+00:00,11801.12
2020-10-19 16:00:00+00:00,11687.69
2020-10-19 20:00:00+00:00,11745.0
2020-10-20 00:00:00+00:00,11737.91
2020-10-20 04:00:00+00:00,11730.01
2020-10-20 08:00:00+00:00,11774.2
2020-10-20 12:00:00+00:00,11920.79
2020-10-20 16:00:00+00:00,11905.27
2020-10-20 20:00:00+00:00,11900.03
2020-10-21 00:00:00+00:00,12172.67
2020-10-21 04:00:00+00:00,12193.32
2020-10-21 08:00:00+00:00,12329.99
2020-10-21 12:00:00+00:00,12729.81
2020-10-21 16:00:00+00:00,12680.0
2020-10-21 20:00:00+00:00,12796.07
2020-10-22 00:00:00+00:00,12724.73
2020-10-22 04:00:00+00:00,12751.88
2020-10-22 08:00:00+00:00,12970.46
2020-10-22 12:00:00+00:00,12932.33
2020-10-22 16:00:00+00:00,13072.17
2020-10-22 20:00:00+00:00,12968.87
2020-10-23 00:00:00+00:00,12959.76
2020-10-23 04:00:00+00:00,12889.36
2020-10-23 08:00:00+00:00,12971.7
2020-10-23 12:00:00+00:00,12925.26
2020-10-23 16:00:00+00:00,12918.0
2020-10-23 20:00:00+00:00,12925.82
2020-10-24 00:00:00+00:00,12971.48
2020-10-24 04:00:00+00:00,12926.21
2020-10-24 08:00:00+00:00,12991.99
2020-10-24 12:00:00+00:00,13103.61
2020-10-24 16:00:00+00:00,13119.0
2020-10-24 20:00:00+00:00,13110.88
2020-10-25 00:00:00+00:00,13300.61
2020-10-25 04:00:00+00:00,13019.26
2020-10-25 08:00:00+00:00,12947.62
2020-10-25 12:00:00+00:00,12939.37
2020-10-25 16:00:00+00:00,13038.35
2020-10-25 20:00:00+00:00,13023.81
2020-10-26 00:00:00+00:00,13086.21
2020-10-26 04:00:00+00:00,13033.7
2020-10-26 08:00:00+00:00,13139.8
2020-10-26 12:00:00+00:00,12974.55
2020-10-26 16:00:00+00:00,12997.57
2020-10-26 20:00:00+00:00,13047.24
2020-10-27 00:00:00+00:00,13078.89
2020-10-27 04:00:00+00:00,13138.51
2020-10-27 08:00:00+00:00,13448.85
2020-10-27 12:00:00+00:00,13605.24
2020-10-27 16:00:00+00:00,13650.0
2020-10-27 20:00:00+00:00,13629.38
2020-10-28 00:00:00+00:00,13776.15
2020-10-28 04:00:00+00:00,13657.91
2020-10-28 08:00:00+00:00,13314.95
2020-10-28 12:00:00+00:00,13208.65
2020-10-28 16:00:00+00:00,13156.48
2020-10-28 20:00:00+00:00,13256.17
2020-10-29 00:00:00+00:00,13269.91
2020-10-29 04:00:00+00:00,13131.05
2020-10-29 08:00:00+00:00,13043.12
2020-10-29 12:00:00+00:00,13429.04
2020-10-29 16:00:00+00:00,13482.02
2020-10-29 20:00:00+00:00,13446.65
2020-10-30 00:00:00+00:00,13425.56
2020-10-30 04:00:00+00:00,13215.0
2020-10-30 08:00:00+00:00,13339.0
2020-10-30 12:00:00+00:00,13540.01
2020-10-30 16:00:00+00:00,13526.19
2020-10-30 20:00:00+00:00,13549.12
2020-10-31 00:00:00+00:00,13484.59
2020-10-31 04:00:00+00:00,13565.0
2020-10-31 08:00:00+00:00,13929.99
2020-10-31 12:00:00+00:00,13841.56
2020-10-31 16:00:00+00:00,13773.19
2020-10-31 20:00:00+00:00,13783.73
2020-11-01 00:00:00+00:00,13680.13
2020-11-01 04:00:00+00:00,13784.71
2020-11-01 08:00:00+00:00,13688.98
2020-11-01 12:00:00+00:00,13790.77
2020-11-01 16:00:00+00:00,13782.0
2020-11-01 20:00:00+00:00,13752.86
2020-11-02 00:00:00+00:00,13688.53
2020-11-02 04:00:00+00:00,13732.14
2020-11-02 08:00:00+00:00,13406.01
2020-11-02 12:00:00+00:00,13488.13
2020-11-02 16:00:00+00:00,13545.84
2020-11-02 20:00:00+00:00,13540.54
2020-11-03 00:00:00+00:00,13386.5
2020-11-03 04:00:00+00:00,13436.33
2020-11-03 08:00:00+00:00,13523.49
2020-11-03 12:00:00+00:00,13701.33
2020-11-03 16:00:00+00:00,13711.49
2020-11-03 20:00:00+00:00,14016.55
2020-11-04 00:00:00+00:00,13890.02
2020-11-04 04:00:00+00:00,13592.83
2020-11-04 08:00:00+00:00,13712.59
2020-11-04 12:00:00+00:00,13899.01
2020-11-04 16:00:00+00:00,14096.63
2020-11-04 20:00:00+00:00,14134.31
2020-11-05 00:00:00+00:00,14302.06
2020-11-05 04:00:00+00:00,14469.71
2020-11-05 08:00:00+00:00,14713.97
2020-11-05 12:00:00+00:00,15079.08
2020-11-05 16:00:00+00:00,15119.98
2020-11-05 20:00:00+00:00,15598.75
2020-11-06 00:00:00+00:00,15452.09
2020-11-06 04:00:00+00:00,15738.0
2020-11-06 08:00:00+00:00,15588.0
2020-11-06 12:00:00+00:00,15418.38
2020-11-06 16:00:00+00:00,15446.61
2020-11-06 20:00:00+00:00,15590.96
2020-11-07 00:00:00+00:00,15555.91
2020-11-07 04:00:00+00:00,15459.42
2020-11-07 08:00:00+00:00,15528.4
2020-11-07 12:00:00+00:00,15352.22
2020-11-07 16:00:00+00:00,14654.74
2020-11-07 20:00:00+00:00,14824.34
2020-11-08 00:00:00+00:00,14969.8
2020-11-08 04:00:00+00:00,14932.41
2020-11-08 08:00:00+00:00,15171.82
2020-11-08 12:00:00+00:00,15349.33
2020-11-08 16:00:00+00:00,15339.53
2020-11-08 20:00:00+00:00,15473.2
2020-11-09 00:00:00+00:00,15433.37
2020-11-09 04:00:00+00:00,15306.0
2020-11-09 08:00:00+00:00,15807.88
2020-11-09 12:00:00+00:00,15006.9
2020-11-09 16:00:00+00:00,15359.57
2020-11-09 20:00:00+00:00,15328.72
2020-11-10 00:00:00+00:00,15333.01
2020-11-10 04:00:00+00:00,15279.24
2020-11-10 08:00:00+00:00,15282.81
2020-11-10 12:00:00+00:00,15167.88
2020-11-10 16:00:00+00:00,15298.13
2020-11-10 20:00:00+00:00,15294.68
2020-11-11 00:00:00+00:00,15404.53
2020-11-11 04:00:00+00:00,15401.93
2020-11-11 08:00:00+00:00,15576.66
2020-11-11 12:00:00+00:00,15671.21
2020-11-11 16:00:00+00:00,15814.85
2020-11-11 20:00:00+00:00,15690.24
2020-11-12 00:00:00+00:00,15633.01
2020-11-12 04:00:00+00:00,15863.1
2020-11-12 08:00:00+00:00,15762.88
2020-11-12 12:00:00+00:00,16123.99
2020-11-12 16:00:00+00:00,16058.82
2020-11-12 20:00:00+00:00,16289.02
2020-11-13 00:00:00+00:00,16432.35
2020-11-13 04:00:00+00:00,16251.79
2020-11-13 08:00:00+00:00,16221.99
2020-11-13 12:00:00+00:00,16101.81
2020-11-13 16:00:00+00:00,16282.0
2020-11-13 20:00:00+00:00,16320.54
2020-11-14 00:00:00+00:00,16177.01
2020-11-14 04:00:00+00:00,16085.39
2020-11-14 08:00:00+00:00,15916.92
2020-11-14 12:00:00+00:00,15944.01
2020-11-14 16:00:00+00:00,15875.71
2020-11-14 20:00:00+00:00,16064.51
2020-11-15 00:00:00+00:00,15923.8
2020-11-15 04:00:00+00:00,16027.39
2020-11-15 08:00:00+00:00,15950.0
2020-11-15 12:00:00+00:00,16022.0
2020-11-15 16:00:00+00:00,15849.84
2020-11-15 20:00:00+00:00,15952.27
2020-11-16 00:00:00+00:00,16001.08
2020-11-16 04:00:00+00:00,16230.87
2020-11-16 08:00:00+00:00,16232.04
2020-11-16 12:00:00+00:00,16445.0
2020-11-16 16:00:00+00:00,16776.35
2020-11-16 20:00:00+00:00,16707.07
2020-11-17 00:00:00+00:00,16572.58
2020-11-17 04:00:00+00:00,16741.17
2020-11-17 08:00:00+00:00,17001.99
2020-11-17 12:00:00+00:00,17322.38
2020-11-17 16:00:00+00:00,17693.48
2020-11-17 20:00:00+00:00,17670.01
2020-11-18 00:00:00+00:00,18071.58
2020-11-18 04:00:00+00:00,18077.38
2020-11-18 08:00:00+00:00,18260.0
2020-11-18 12:00:00+00:00,17878.61
2020-11-18 16:00:00+00:00,17669.99
2020-11-18 20:00:00+00:00,17788.32
2020-11-19 00:00:00+00:00,17935.57
2020-11-19 04:00:00+00:00,17663.14
2020-11-19 08:00:00+00:00,17783.11
2020-11-19 12:00:00+00:00,18065.29
2020-11-19 16:00:00+00:00,17974.75
2020-11-19 20:00:00+00:00,17811.68
2020-11-20 00:00:00+00:00,17968.58
2020-11-20 04:00:00+00:00,18223.0
2020-11-20 08:00:00+00:00,18283.96
2020-11-20 12:00:00+00:00,18678.74
2020-11-20 16:00:00+00:00,18640.0
2020-11-20 20:00:00+00:00,18664.31
2020-11-21 00:00:00+00:00,18669.96
2020-11-21 04:00:00+00:00,18681.64
2020-11-21 08:00:00+00:00,18542.56
2020-11-21 12:00:00+00:00,18812.73
2020-11-21 16:00:00+00:00,18709.64
2020-11-21 20:00:00+00:00,18721.99
2020-11-22 00:00:00+00:00,18585.39
2020-11-22 04:00:00+00:00,18524.37
2020-11-22 08:00:00+00:00,17925.2
2020-11-22 12:00:00+00:00,18310.35
2020-11-22 16:00:00+00:00,18607.72
2020-11-22 20:00:00+00:00,18435.2
2020-11-23 00:00:00+00:00,18390.41
2020-11-23 04:00:00+00:00,18480.33
2020-11-23 08:00:00+00:00,18606.18
2020-11-23 12:00:00+00:00,18283.32
2020-11-23 16:00:00+00:00,18466.34
2020-11-23 20:00:00+00:00,18382.07
2020-11-24 00:00:00+00:00,18359.27
2020-11-24 04:00:00+00:00,18381.99
2020-11-24 08:00:00+00:00,19089.69
2020-11-24 12:00:00+00:00,19369.19
2020-11-24 16:00:00+00:00,19183.24
2020-11-24 20:00:00+00:00,19179.64
2020-11-25 00:00:00+00:00,18825.0
2020-11-25 04:00:00+00:00,18991.05
2020-11-25 08:00:00+00:00,19311.08
2020-11-25 12:00:00+00:00,19148.32
2020-11-25 16:00:00+00:00,18995.43
2020-11-25 20:00:00+00:00,18741.67
2020-11-26 00:00:00+00:00,17930.0
2020-11-26 04:00:00+00:00,17646.21
2020-11-26 08:00:00+00:00,17114.19
2020-11-26 12:00:00+00:00,16919.0
2020-11-26 16:00:00+00:00,16536.91
2020-11-26 20:00:00+00:00,17155.34
2020-11-27 00:00:00+00:00,17084.05
2020-11-27 04:00:00+00:00,17105.25
2020-11-27 08:00:00+00:00,16797.19
2020-11-27 12:00:00+00:00,16514.7
2020-11-27 16:00:00+00:00,16805.0
2020-11-27 20:00:00+00:00,17144.1
2020-11-28 00:00:00+00:00,16996.99
2020-11-28 04:00:00+00:00,17021.77
2020-11-28 08:00:00+00:00,17168.99
2020-11-28 12:00:00+00:00,17518.56
2020-11-28 16:00:00+00:00,17817.07
2020-11-28 20:00:00+00:00,17717.74
2020-11-29 00:00:00+00:00,17870.0
2020-11-29 04:00:00+00:00,17819.3
2020-11-29 08:00:00+00:00,18086.25
2020-11-29 12:00:00+00:00,18113.36
2020-11-29 16:00:00+00:00,18038.0
2020-11-29 20:00:00+00:00,18181.09
2020-11-30 00:00:00+00:00,18574.47
2020-11-30 04:00:00+00:00,18618.0
2020-11-30 08:00:00+00:00,18601.0
2020-11-30 12:00:00+00:00,19339.41
2020-11-30 16:00:00+00:00,19275.44
2020-11-30 20:00:00+00:00,19720.0
2020-12-01 00:00:00+00:00,19433.71
2020-12-01 04:00:00+00:00,19539.46
2020-12-01 08:00:00+00:00,19440.0
2020-12-01 12:00:00+00:00,19276.01
2020-12-01 16:00:00+00:00,19081.95
2020-12-01 20:00:00+00:00,18772.7
2020-12-02 00:00:00+00:00,18623.81
2020-12-02 04:00:00+00:00,19136.0
2020-12-02 08:00:00+00:00,19130.01
2020-12-02 12:00:00+00:00,18898.97
2020-12-02 16:00:00+00:00,19106.14
2020-12-02 20:00:00+00:00,19207.01
2020-12-03 00:00:00+00:00,19096.0
2020-12-03 04:00:00+00:00,19213.55
2020-12-03 08:00:00+00:00,19420.01
2020-12-03 12:00:00+00:00,19560.91
2020-12-03 16:00:00+00:00,19426.35
2020-12-03 20:00:00+00:00,19434.3
2020-12-04 00:00:00+00:00,19168.51
2020-12-04 04:00:00+00:00,19289.25
2020-12-04 08:00:00+00:00,18838.05
2020-12-04 12:00:00+00:00,18950.0
2020-12-04 16:00:00+00:00,19042.51
2020-12-04 20:00:00+00:00,18664.2
2020-12-05 00:00:00+00:00,18828.6
2020-12-05 04:00:00+00:00,18919.13
2020-12-05 08:00:00+00:00,19025.97
2020-12-05 12:00:00+00:00,19112.58
2020-12-05 16:00:00+00:00,19118.0
2020-12-05 20:00:00+00:00,19147.62
2020-12-06 00:00:00+00:00,19183.82
2020-12-06 04:00:00+00:00,19238.17
2020-12-06 08:00:00+00:00,19092.99
2020-12-06 12:00:00+00:00,19132.16
2020-12-06 16:00:00+00:00,19137.11
2020-12-06 20:00:00+00:00,19375.02
2020-12-07 00:00:00+00:00,19287.31
2020-12-07 04:00:00+00:00,19381.57
2020-12-07 08:00:00+00:00,19114.18
2020-12-07 12:00:00+00:00,19215.93
2020-12-07 16:00:00+00:00,18968.0
2020-12-07 20:00:00+00:00,19172.88
2020-12-08 00:00:00+00:00,19160.0
2020-12-08 04:00:00+00:00,19151.5
2020-12-08 08:00:00+00:00,18765.94
2020-12-08 12:00:00+00:00,18804.99
2020-12-08 16:00:00+00:00,18791.99
2020-12-08 20:00:00+00:00,18319.32
2020-12-09 00:00:00+00:00,18289.7
2020-12-09 04:00:00+00:00,17923.95
2020-12-09 08:00:00+00:00,18235.84
2020-12-09 12:00:00+00:00,18345.0
2020-12-09 16:00:00+00:00,18248.0
2020-12-09 20:00:00+00:00,18537.98
2020-12-10 00:00:00+00:00,18410.31
2020-12-10 04:00:00+00:00,18334.77
2020-12-10 08:00:00+00:00,18190.0
2020-12-10 12:00:00+00:00,18131.28
2020-12-10 16:00:00+00:00,18397.46
2020-12-10 20:00:00+00:00,18253.51
2020-12-11 00:00:00+00:00,17987.56
2020-12-11 04:00:00+00:00,17810.01
2020-12-11 08:00:00+00:00,17646.4
2020-12-11 12:00:00+00:00,18093.98
2020-12-11 16:00:00+00:00,17969.19
2020-12-11 20:00:00+00:00,18031.47
2020-12-12 00:00:00+00:00,18271.24
2020-12-12 04:00:00+00:00,18368.0
2020-12-12 08:00:00+00:00,18498.02
2020-12-12 12:00:00+00:00,18391.52
2020-12-12 16:00:00+00:00,18796.0
2020-12-12 20:00:00+00:00,18800.0
2020-12-13 00:00:00+00:00,18773.0
2020-12-13 04:00:00+00:00,19243.57
2020-12-13 08:00:00+00:00,19313.43
2020-12-13 12:00:00+00:00,19223.54
2020-12-13 16:00:00+00:00,19199.96
2020-12-13 20:00:00+00:00,19175.07
2020-12-14 00:00:00+00:00,19262.73
2020-12-14 04:00:00+00:00,19157.0
2020-12-14 08:00:00+00:00,19107.7
2020-12-14 12:00:00+00:00,19198.09
2020-12-14 16:00:00+00:00,19166.1
2020-12-14 20:00:00+00:00,19270.7
2020-12-15 00:00:00+00:00,19488.76
2020-12-15 04:00:00+00:00,19197.15
2020-12-15 08:00:00+00:00,19293.58
2020-12-15 12:00:00+00:00,19405.8
2020-12-15 16:00:00+00:00,19533.19
2020-12-15 20:00:00+00:00,19424.91
2020-12-16 00:00:00+00:00,19343.8
2020-12-16 04:00:00+00:00,19419.51
2020-12-16 08:00:00+00:00,19748.84
2020-12-16 12:00:00+00:00,20666.5
2020-12-16 16:00:00+00:00,20737.75
2020-12-16 20:00:00+00:00,21346.8
2020-12-17 00:00:00+00:00,21768.35
2020-12-17 04:00:00+00:00,22495.01
2020-12-17 08:00:00+00:00,22778.28
2020-12-17 12:00:00+00:00,23348.36
2020-12-17 16:00:00+00:00,22910.74
2020-12-17 20:00:00+00:00,22816.99
2020-12-18 00:00:00+00:00,22833.17
2020-12-18 04:00:00+00:00,23082.01
2020-12-18 08:00:00+00:00,22910.0
2020-12-18 12:00:00+00:00,22563.79
2020-12-18 16:00:00+00:00,22772.81
2020-12-18 20:00:00+00:00,23124.35
2020-12-19 00:00:00+00:00,23122.04
2020-12-19 04:00:00+00:00,22876.11
2020-12-19 08:00:00+00:00,22907.99
2020-12-19 12:00:00+00:00,23569.23
2020-12-19 16:00:00+00:00,23825.04
2020-12-19 20:00:00+00:00,23847.28
2020-12-20 00:00:00+00:00,23369.11
2020-12-20 04:00:00+00:00,23653.19
2020-12-20 08:00:00+00:00,23575.2
2020-12-20 12:00:00+00:00,23897.75
2020-12-20 16:00:00+00:00,23950.97
2020-12-20 20:00:00+00:00,23472.96
2020-12-21 00:00:00+00:00,23962.82
2020-12-21 04:00:00+00:00,23995.77
2020-12-21 08:00:00+00:00,22663.0
2020-12-21 12:00:00+00:00,23099.26
2020-12-21 16:00:00+00:00,22830.0
2020-12-21 20:00:00+00:00,22730.1
2020-12-22 00:00:00+00:00,22864.47
2020-12-22 04:00:00+00:00,22668.05
2020-12-22 08:00:00+00:00,23130.41
2020-12-22 12:00:00+00:00,23364.44
2020-12-22 16:00:00+00:00,23419.82
2020-12-22 20:00:00+00:00,23826.99
2020-12-23 00:00:00+00:00,23709.99
2020-12-23 04:00:00+00:00,23577.01
2020-12-23 08:00:00+00:00,23080.0
2020-12-23 12:00:00+00:00,23471.08
2020-12-23 16:00:00+00:00,23566.0
2020-12-23 20:00:00+00:00,23238.27
2020-12-24 00:00:00+00:00,22897.88
2020-12-24 04:00:00+00:00,23178.87
2020-12-24 08:00:00+00:00,23235.65
2020-12-24 12:00:00+00:00,23245.29
2020-12-24 16:00:00+00:00,23301.27
2020-12-24 20:00:00+00:00,23737.44
2020-12-25 00:00:00+00:00,23492.62
2020-12-25 04:00:00+00:00,23664.51
2020-12-25 08:00:00+00:00,24605.23
2020-12-25 12:00:00+00:00,24033.28
2020-12-25 16:00:00+00:00,24461.23
2020-12-25 20:00:00+00:00,24730.0
2020-12-26 00:00:00+00:00,24931.98
2020-12-26 04:00:00+00:00,24793.28
2020-12-26 08:00:00+00:00,24843.8
2020-12-26 12:00:00+00:00,25638.48
2020-12-26 16:00:00+00:00,25944.43
2020-12-26 20:00:00+00:00,26508.83
2020-12-27 00:00:00+00:00,26590.96
2020-12-27 04:00:00+00:00,27655.27
2020-12-27 08:00:00+00:00,27679.15
2020-12-27 12:00:00+00:00,27399.38
2020-12-27 16:00:00+00:00,27117.16
2020-12-27 20:00:00+00:00,26305.64
2020-12-28 00:00:00+00:00,27287.11
2020-12-28 04:00:00+00:00,27028.86
2020-12-28 08:00:00+00:00,26893.96
2020-12-28 12:00:00+00:00,26944.25
2020-12-28 16:00:00+00:00,27026.25
2020-12-28 20:00:00+00:00,27102.66
2020-12-29 00:00:00+00:00,26473.39
2020-12-29 04:00:00+00:00,26457.77
2020-12-29 08:00:00+00:00,26908.01
2020-12-29 12:00:00+00:00,26636.84
2020-12-29 16:00:00+00:00,26957.13
2020-12-29 20:00:00+00:00,27402.83
2020-12-30 00:00:00+00:00,28110.62
2020-12-30 04:00:00+00:00,28437.38
2020-12-30 08:00:00+00:00,27873.0
2020-12-30 12:00:00+00:00,28182.26
2020-12-30 16:00:00+00:00,28806.81
2020-12-30 20:00:00+00:00,28906.99
2020-12-31 00:00:00+00:00,29060.01
2020-12-31 04:00:00+00:00,29190.0
2020-12-31 08:00:00+00:00,28945.99
2020-12-31 12:00:00+00:00,28792.58
2020-12-31 16:00:00+00:00,28917.08
2020-12-31 20:00:00+00:00,28951.68
2021-01-01 00:00:00+00:00,29302.11
2021-01-01 04:00:00+00:00,29107.71
2021-01-01 08:00:00+00:00,29341.99
2021-01-01 12:00:00+00:00,29210.84
2021-01-01 16:00:00+00:00,29048.47
2021-01-01 20:00:00+00:00,29337.16
2021-01-02 00:00:00+00:00,29364.67
2021-01-02 04:00:00+00:00,29777.33
2021-01-02 08:00:00+00:00,29775.52
2021-01-02 12:00:00+00:00,31717.01
2021-01-02 16:00:00+00:00,33115.41
2021-01-02 20:00:00+00:00,32199.91
2021-01-03 00:00:00+00:00,32601.49
2021-01-03 04:00:00+00:00,34472.24
2021-01-03 08:00:00+00:00,34464.06
2021-01-03 12:00:00+00:00,33540.46
2021-01-03 16:00:00+00:00,32823.72
2021-01-03 20:00:00+00:00,33054.53
2021-01-04 00:00:00+00:00,33562.22
2021-01-04 04:00:00+00:00,32186.58
2021-01-04 08:00:00+00:00,30760.39
2021-01-04 12:00:00+00:00,31758.38
2021-01-04 16:00:00+00:00,31689.27
2021-01-04 20:00:00+00:00,32031.07
2021-01-05 00:00:00+00:00,31217.58
2021-01-05 04:00:00+00:00,30844.23
2021-01-05 08:00:00+00:00,31824.53
2021-01-05 12:00:00+00:00,32133.79
2021-01-05 16:00:00+00:00,33747.0
2021-01-05 20:00:00+00:00,33999.52
2021-01-06 00:00:00+00:00,34182.5
2021-01-06 04:00:00+00:00,34718.61
2021-01-06 08:00:00+00:00,34994.66
2021-01-06 12:00:00+00:00,34606.4
2021-01-06 16:00:00+00:00,34861.7
2021-01-06 20:00:00+00:00,36823.68
2021-01-07 00:00:00+00:00,37555.54
2021-01-07 04:00:00+00:00,36906.64
2021-01-07 08:00:00+00:00,37920.0
2021-01-07 12:00:00+00:00,39049.99
2021-01-07 16:00:00+00:00,39128.05
2021-01-07 20:00:00+00:00,39498.92
2021-01-08 00:00:00+00:00,38374.71
2021-01-08 04:00:00+00:00,38965.76
2021-01-08 08:00:00+00:00,41399.98
2021-01-08 12:00:00+00:00,40879.4
2021-01-08 16:00:00+00:00,40426.44
2021-01-08 20:00:00+00:00,40637.23
2021-01-09 00:00:00+00:00,40275.85
2021-01-09 04:00:00+00:00,39683.38
2021-01-09 08:00:00+00:00,40639.04
2021-01-09 12:00:00+00:00,40600.0
2021-01-09 16:00:00+00:00,40769.42
2021-01-09 20:00:00+00:00,40136.04
2021-01-10 00:00:00+00:00,40393.5
2021-01-10 04:00:00+00:00,41056.69
2021-01-10 08:00:00+00:00,39233.99
2021-01-10 12:00:00+00:00,39723.0
2021-01-10 16:00:00+00:00,37531.91
2021-01-10 20:00:00+00:00,38221.67
2021-01-11 00:00:00+00:00,35473.52
2021-01-11 04:00:00+00:00,34399.95
2021-01-11 08:00:00+00:00,34218.66
2021-01-11 12:00:00+00:00,31618.49
2021-01-11 16:00:00+00:00,32282.08
2021-01-11 20:00:00+00:00,35408.46
2021-01-12 00:00:00+00:00,35020.0
2021-01-12 04:00:00+00:00,36452.84
2021-01-12 08:00:00+00:00,35451.0
2021-01-12 12:00:00+00:00,33861.95
2021-01-12 16:00:00+00:00,34722.18
2021-01-12 20:00:00+00:00,34056.9
2021-01-13 00:00:00+00:00,33842.49
2021-01-13 04:00:00+00:00,35019.26
2021-01-13 08:00:00+00:00,34428.04
2021-01-13 12:00:00+00:00,34711.76
2021-01-13 16:00:00+00:00,36035.43
2021-01-13 20:00:00+00:00,37421.07
2021-01-14 00:00:00+00:00,37103.0
2021-01-14 04:00:00+00:00,38240.0
2021-01-14 08:00:00+00:00,38415.39
2021-01-14 12:00:00+00:00,39580.96
2021-01-14 16:00:00+00:00,39925.5
2021-01-14 20:00:00+00:00,39163.31
2021-01-15 00:00:00+00:00,38749.01
2021-01-15 04:00:00+00:00,38510.21
2021-01-15 08:00:00+00:00,38168.33
2021-01-15 12:00:00+00:00,35691.31
2021-01-15 16:00:00+00:00,35255.64
2021-01-15 20:00:00+00:00,36755.24
2021-01-16 00:00:00+00:00,36564.81
2021-01-16 04:00:00+00:00,36599.68
2021-01-16 08:00:00+00:00,37750.0
2021-01-16 12:00:00+00:00,37513.79
2021-01-16 16:00:00+00:00,36420.5
2021-01-16 20:00:00+00:00,36025.66
2021-01-17 00:00:00+00:00,36221.21
2021-01-17 04:00:00+00:00,34787.55
2021-01-17 08:00:00+00:00,35270.41
2021-01-17 12:00:00+00:00,35749.53
2021-01-17 16:00:00+00:00,35657.41
2021-01-17 20:00:00+00:00,35869.83
2021-01-18 00:00:00+00:00,35148.25
2021-01-18 04:00:00+00:00,36139.12
2021-01-18 08:00:00+00:00,36499.32
2021-01-18 12:00:00+00:00,36448.42
2021-01-18 16:00:00+00:00,35988.74
2021-01-18 20:00:00+00:00,36686.86
2021-01-19 00:00:00+00:00,36555.99
2021-01-19 04:00:00+00:00,37225.61
2021-01-19 08:00:00+00:00,37387.97
2021-01-19 12:00:00+00:00,37376.48
2021-01-19 16:00:00+00:00,36346.35
2021-01-19 20:00:00+00:00,35891.03
2021-01-20 00:00:00+00:00,35097.16
2021-01-20 04:00:00+00:00,35679.08
2021-01-20 08:00:00+00:00,34463.47
2021-01-20 12:00:00+00:00,34226.78
2021-01-20 16:00:00+00:00,35227.77
2021-01-20 20:00:00+00:00,35500.0
2021-01-21 00:00:00+00:00,34608.01
2021-01-21 04:00:00+00:00,34681.91
2021-01-21 08:00:00+00:00,32247.3
2021-01-21 12:00:00+00:00,31422.1
2021-01-21 16:00:00+00:00,32473.64
2021-01-21 20:00:00+00:00,30879.97
2021-01-22 00:00:00+00:00,30944.04
2021-01-22 04:00:00+00:00,30875.13
2021-01-22 08:00:00+00:00,31743.83
2021-01-22 12:00:00+00:00,32454.51
2021-01-22 16:00:00+00:00,33608.99
2021-01-22 20:00:00+00:00,32986.34
2021-01-23 00:00:00+00:00,32385.01
2021-01-23 04:00:00+00:00,32950.0
2021-01-23 08:00:00+00:00,31663.37
2021-01-23 12:00:00+00:00,31883.58
2021-01-23 16:00:00+00:00,32356.2
2021-01-23 20:00:00+00:00,32086.48
2021-01-24 00:00:00+00:00,32494.03
2021-01-24 04:00:00+00:00,32834.85
2021-01-24 08:00:00+00:00,32866.87
2021-01-24 12:00:00+00:00,31967.5
2021-01-24 16:00:00+00:00,31293.67
2021-01-24 20:00:00+00:00,32275.63
2021-01-25 00:00:00+00:00,33600.0
2021-01-25 04:00:00+00:00,33377.96
2021-01-25 08:00:00+00:00,33217.34
2021-01-25 12:00:00+00:00,34507.81
2021-01-25 16:00:00+00:00,33441.32
2021-01-25 20:00:00+00:00,32253.68
2021-01-26 00:00:00+00:00,31520.68
2021-01-26 04:00:00+00:00,31640.7
2021-01-26 08:00:00+00:00,31807.99
2021-01-26 12:00:00+00:00,31764.99
2021-01-26 16:00:00+00:00,32219.68
2021-01-26 20:00:00+00:00,32474.14
2021-01-27 00:00:00+00:00,31817.08
2021-01-27 04:00:00+00:00,31751.41
2021-01-27 08:00:00+00:00,30647.15
2021-01-27 12:00:00+00:00,30318.63
2021-01-27 16:00:00+00:00,30736.5
2021-01-27 20:00:00+00:00,30381.04
2021-01-28 00:00:00+00:00,31424.01
2021-01-28 04:00:00+00:00,31201.32
2021-01-28 08:00:00+00:00,31477.14
2021-01-28 12:00:00+00:00,31937.9
2021-01-28 16:00:00+00:00,32564.08
2021-01-28 20:00:00+00:00,33399.75
2021-01-29 00:00:00+00:00,33756.0
2021-01-29 04:00:00+00:00,32306.15
2021-01-29 08:00:00+00:00,37066.11
2021-01-29 12:00:00+00:00,37176.39
2021-01-29 16:00:00+00:00,34356.19
2021-01-29 20:00:00+00:00,34269.35
2021-01-30 00:00:00+00:00,33299.99
2021-01-30 04:00:00+00:00,34073.81
2021-01-30 08:00:00+00:00,33707.77
2021-01-30 12:00:00+00:00,34240.0
2021-01-30 16:00:00+00:00,34337.98
2021-01-30 20:00:00+00:00,34289.85
2021-01-31 00:00:00+00:00,33962.92
2021-01-31 04:00:00+00:00,33632.41
2021-01-31 08:00:00+00:00,33603.93
2021-01-31 12:00:00+00:00,32875.93
2021-01-31 16:00:00+00:00,32817.33
2021-01-31 20:00:00+00:00,33126.21
2021-02-01 00:00:00+00:00,33600.37
2021-02-01 04:00:00+00:00,33827.0
2021-02-01 08:00:00+00:00,34219.91
2021-02-01 12:00:00+00:00,33178.13
2021-02-01 16:00:00+00:00,33867.65
2021-02-01 20:00:00+00:00,33546.09
2021-02-02 00:00:00+00:00,33592.79
2021-02-02 04:00:00+00:00,34261.84
2021-02-02 08:00:00+00:00,34821.61
2021-02-02 12:00:00+00:00,34750.83
2021-02-02 16:00:00+00:00,35805.48
2021-02-02 20:00:00+00:00,35504.06
2021-02-03 00:00:00+00:00,36446.25
2021-02-03 04:00:00+00:00,36358.28
2021-02-03 08:00:00+00:00,36024.06
2021-02-03 12:00:00+00:00,36891.1
2021-02-03 16:00:00+00:00,36820.87
2021-02-03 20:00:00+00:00,37652.51
2021-02-04 00:00:00+00:00,37565.17
2021-02-04 04:00:00+00:00,37884.43
2021-02-04 08:00:00+00:00,37361.16
2021-02-04 12:00:00+00:00,36604.61
2021-02-04 16:00:00+00:00,37508.08
2021-02-04 20:00:00+00:00,36976.93
2021-02-05 00:00:00+00:00,37424.55
2021-02-05 04:00:00+00:00,37708.46
2021-02-05 08:00:00+00:00,37745.41
2021-02-05 12:00:00+00:00,38006.64
2021-02-05 16:00:00+00:00,37638.22
2021-02-05 20:00:00+00:00,38362.65
2021-02-06 00:00:00+00:00,39441.31
2021-02-06 04:00:00+00:00,39410.68
2021-02-06 08:00:00+00:00,40264.34
2021-02-06 12:00:00+00:00,40886.91
2021-02-06 16:00:00+00:00,40258.99
2021-02-06 20:00:00+00:00,39249.54
2021-02-07 00:00:00+00:00,38904.05
2021-02-07 04:00:00+00:00,39056.38
2021-02-07 08:00:00+00:00,39125.98
2021-02-07 12:00:00+00:00,37965.79
2021-02-07 16:00:00+00:00,38108.75
2021-02-07 20:00:00+00:00,38849.25
2021-02-08 00:00:00+00:00,38120.84
2021-02-08 04:00:00+00:00,39307.82
2021-02-08 08:00:00+00:00,39495.35
2021-02-08 12:00:00+00:00,43785.81
2021-02-08 16:00:00+00:00,43147.2
2021-02-08 20:00:00+00:00,46451.32
2021-02-09 00:00:00+00:00,46695.41
2021-02-09 04:00:00+00:00,47612.4
2021-02-09 08:00:00+00:00,46469.5
2021-02-09 12:00:00+00:00,46835.77
2021-02-09 16:00:00+00:00,47162.5
2021-02-09 20:00:00+00:00,46492.54
2021-02-10 00:00:00+00:00,46329.99
2021-02-10 04:00:00+00:00,46676.91
2021-02-10 08:00:00+00:00,46685.0
2021-02-10 12:00:00+00:00,44397.24
2021-02-10 16:00:00+00:00,45241.04
2021-02-10 20:00:00+00:00,44850.0
2021-02-11 00:00:00+00:00,45518.84
2021-02-11 04:00:00+00:00,44750.25
2021-02-11 08:00:00+00:00,46146.33
2021-02-11 12:00:00+00:00,48070.75
2021-02-11 16:00:00+00:00,47846.5
2021-02-11 20:00:00+00:00,48060.21
2021-02-12 00:00:00+00:00,47690.9
2021-02-12 04:00:00+00:00,47398.6
2021-02-12 08:00:00+00:00,47660.8
2021-02-12 12:00:00+00:00,47083.34
2021-02-12 16:00:00+00:00,47352.99
2021-02-12 20:00:00+00:00,47361.03
2021-02-13 00:00:00+00:00,47926.63
2021-02-13 04:00:00+00:00,47036.2
2021-02-13 08:00:00+00:00,46656.62
2021-02-13 12:00:00+00:00,47127.31
2021-02-13 16:00:00+00:00,46938.24
2021-02-13 20:00:00+00:00,47221.62
2021-02-14 00:00:00+00:00,47368.79
2021-02-14 04:00:00+00:00,48823.85
2021-02-14 08:00:00+00:00,49144.99
2021-02-14 12:00:00+00:00,48630.09
2021-02-14 16:00:00+00:00,48796.05
2021-02-14 20:00:00+00:00,48655.21
2021-02-15 00:00:00+00:00,47165.18
2021-02-15 04:00:00+00:00,47294.44
2021-02-15 08:00:00+00:00,47855.77
2021-02-15 12:00:00+00:00,47978.09
2021-02-15 16:00:00+00:00,48722.66
2021-02-15 20:00:00+00:00,47981.58
2021-02-16 00:00:00+00:00,49716.6
2021-02-16 04:00:00+00:00,49224.0
2021-02-16 08:00:00+00:00,49013.86
2021-02-16 12:00:00+00:00,49036.02
2021-02-16 16:00:00+00:00,48600.63
2021-02-16 20:00:00+00:00,49197.94
2021-02-17 00:00:00+00:00,49729.99
2021-02-17 04:00:00+00:00,51181.48
2021-02-17 08:00:00+00:00,51373.56
2021-02-17 12:00:00+00:00,51271.2
2021-02-17 16:00:00+00:00,52250.27
2021-02-17 20:00:00+00:00,52194.62
2021-02-18 00:00:00+00:00,52131.96
2021-02-18 04:00:00+00:00,51992.96
2021-02-18 08:00:00+00:00,51492.91
2021-02-18 12:00:00+00:00,51663.64
2021-02-18 16:00:00+00:00,51819.88
2021-02-18 20:00:00+00:00,51619.7
2021-02-19 00:00:00+00:00,51327.21
2021-02-19 04:00:00+00:00,51812.0
2021-02-19 08:00:00+00:00,52832.04
2021-02-19 12:00:00+00:00,53944.7
2021-02-19 16:00:00+00:00,55146.04
2021-02-19 20:00:00+00:00,56004.1
2021-02-20 00:00:00+00:00,55836.2
2021-02-20 04:00:00+00:00,55313.47
2021-02-20 08:00:00+00:00,56446.49
2021-02-20 12:00:00+00:00,56226.39
2021-02-20 16:00:00+00:00,57063.19
2021-02-20 20:00:00+00:00,55917.41
2021-02-21 00:00:00+00:00,56599.04
2021-02-21 04:00:00+00:00,56169.88
2021-02-21 08:00:00+00:00,57415.43
2021-02-21 12:00:00+00:00,57408.48
2021-02-21 16:00:00+00:00,58181.35
2021-02-21 20:00:00+00:00,57487.43
2021-02-22 00:00:00+00:00,55954.31
2021-02-22 04:00:00+00:00,56489.93
2021-02-22 08:00:00+00:00,54606.16
2021-02-22 12:00:00+00:00,53277.04
2021-02-22 16:00:00+00:00,53645.97
2021-02-22 20:00:00+00:00,54121.1
2021-02-23 00:00:00+00:00,51964.83
2021-02-23 04:00:00+00:00,49680.0
2021-02-23 08:00:00+00:00,46377.07
2021-02-23 12:00:00+00:00,48634.4
2021-02-23 16:00:00+00:00,45550.52
2021-02-23 20:00:00+00:00,48930.0
2021-02-24 00:00:00+00:00,50897.64
2021-02-24 04:00:00+00:00,50145.53
2021-02-24 08:00:00+00:00,50405.16
2021-02-24 12:00:00+00:00,49863.34
2021-02-24 16:00:00+00:00,49021.21
2021-02-24 20:00:00+00:00,49702.03
2021-02-25 00:00:00+00:00,50251.01
2021-02-25 04:00:00+00:00,50406.0
2021-02-25 08:00:00+00:00,50333.93
2021-02-25 12:00:00+00:00,50874.99
2021-02-25 16:00:00+00:00,49470.26
2021-02-25 20:00:00+00:00,47089.37
2021-02-26 00:00:00+00:00,47346.45
2021-02-26 04:00:00+00:00,44970.77
2021-02-26 08:00:00+00:00,46433.79
2021-02-26 12:00:00+00:00,47620.54
2021-02-26 16:00:00+00:00,47010.0
2021-02-26 20:00:00+00:00,46313.13
2021-02-27 00:00:00+00:00,47483.02
2021-02-27 04:00:00+00:00,47198.4
2021-02-27 08:00:00+00:00,47330.24
2021-02-27 12:00:00+00:00,46573.05
2021-02-27 16:00:00+00:00,47439.35
2021-02-27 20:00:00+00:00,46102.63
2021-02-28 00:00:00+00:00,44646.33
2021-02-28 04:00:00+00:00,44426.62
2021-02-28 08:00:00+00:00,45335.56
2021-02-28 12:00:00+00:00,43424.6
2021-02-28 16:00:00+00:00,44430.33
2021-02-28 20:00:00+00:00,45163.36
2021-03-01 00:00:00+00:00,46351.91
2021-03-01 04:00:00+00:00,46314.44
2021-03-01 08:00:00+00:00,47720.0
2021-03-01 12:00:00+00:00,49184.51
2021-03-01 16:00:00+00:00,48279.28
2021-03-01 20:00:00+00:00,49592.7
2021-03-02 00:00:00+00:00,48988.38
2021-03-02 04:00:00+00:00,48345.01
2021-03-02 08:00:00+00:00,48866.0
2021-03-02 12:00:00+00:00,48689.39
2021-03-02 16:00:00+00:00,47494.92
2021-03-02 20:00:00+00:00,48450.57
2021-03-03 00:00:00+00:00,48728.06
2021-03-03 04:00:00+00:00,49769.54
2021-03-03 08:00:00+00:00,51721.4
2021-03-03 12:00:00+00:00,50796.23
2021-03-03 16:00:00+00:00,50879.73
2021-03-03 20:00:00+00:00,50373.75
2021-03-04 00:00:00+00:00,49611.69
2021-03-04 04:00:00+00:00,49708.93
2021-03-04 08:00:00+00:00,49350.45
2021-03-04 12:00:00+00:00,49438.63
2021-03-04 16:00:00+00:00,48019.76
2021-03-04 20:00:00+00:00,48385.77
2021-03-05 00:00:00+00:00,47300.23
2021-03-05 04:00:00+00:00,47394.41
2021-03-05 08:00:00+00:00,47492.7
2021-03-05 12:00:00+00:00,47888.0
2021-03-05 16:00:00+00:00,49298.42
2021-03-05 20:00:00+00:00,48770.57
2021-03-06 00:00:00+00:00,48676.99
2021-03-06 04:00:00+00:00,48833.21
2021-03-06 08:00:00+00:00,48185.05
2021-03-06 12:00:00+00:00,47284.11
2021-03-06 16:00:00+00:00,48356.88
2021-03-06 20:00:00+00:00,48908.21
2021-03-07 00:00:00+00:00,49582.55
2021-03-07 04:00:00+00:00,50084.61
2021-03-07 08:00:00+00:00,50745.34
2021-03-07 12:00:00+00:00,50618.66
2021-03-07 16:00:00+00:00,50414.38
2021-03-07 20:00:00+00:00,50995.27
2021-03-08 00:00:00+00:00,50625.98
2021-03-08 04:00:00+00:00,49783.97
2021-03-08 08:00:00+00:00,50529.08
2021-03-08 12:00:00+00:00,51082.65
2021-03-08 16:00:00+00:00,51370.07
2021-03-08 20:00:00+00:00,52429.43
2021-03-09 00:00:00+00:00,53877.22
2021-03-09 04:00:00+00:00,53602.41
2021-03-09 08:00:00+00:00,54299.99
2021-03-09 12:00:00+00:00,54127.61
2021-03-09 16:00:00+00:00,54143.1
2021-03-09 20:00:00+00:00,54917.78
2021-03-10 00:00:00+00:00,53557.15
2021-03-10 04:00:00+00:00,54190.9
2021-03-10 08:00:00+00:00,54924.75
2021-03-10 12:00:00+00:00,56373.52
2021-03-10 16:00:00+00:00,56831.08
2021-03-10 20:00:00+00:00,55947.98
2021-03-11 00:00:00+00:00,56083.22
2021-03-11 04:00:00+00:00,55105.5
2021-03-11 08:00:00+00:00,56284.27
2021-03-11 12:00:00+00:00,56429.56
2021-03-11 16:00:00+00:00,56904.92
2021-03-11 20:00:00+00:00,57844.52
2021-03-12 00:00:00+00:00,57176.58
2021-03-12 04:00:00+00:00,56718.79
2021-03-12 08:00:00+00:00,56561.57
2021-03-12 12:00:00+00:00,57014.47
2021-03-12 16:00:00+00:00,57004.62
2021-03-12 20:00:00+00:00,57291.03
2021-03-13 00:00:00+00:00,56756.66
2021-03-13 04:00:00+00:00,57389.96
2021-03-13 08:00:00+00:00,59905.92
2021-03-13 12:00:00+00:00,59740.78
2021-03-13 16:00:00+00:00,60804.75
2021-03-13 20:00:00+00:00,61267.41
2021-03-14 00:00:00+00:00,61432.39
2021-03-14 04:00:00+00:00,60600.67
2021-03-14 08:00:00+00:00,60417.75
2021-03-14 12:00:00+00:00,59761.93
2021-03-14 16:00:00+00:00,60019.15
2021-03-14 20:00:00+00:00,59037.12
2021-03-15 00:00:00+00:00,60488.0
2021-03-15 04:00:00+00:00,57830.61
2021-03-15 08:00:00+00:00,56182.03
2021-03-15 12:00:00+00:00,56259.14
2021-03-15 16:00:00+00:00,56602.01
2021-03-15 20:00:00+00:00,55646.61
2021-03-16 00:00:00+00:00,54330.15
2021-03-16 04:00:00+00:00,55267.51
2021-03-16 08:00:00+00:00,55528.68
2021-03-16 12:00:00+00:00,55885.38
2021-03-16 16:00:00+00:00,55782.36
2021-03-16 20:00:00+00:00,56954.19
2021-03-17 00:00:00+00:00,55561.82
2021-03-17 04:00:00+00:00,55862.73
2021-03-17 08:00:00+00:00,54878.05
2021-03-17 12:00:00+00:00,54959.45
2021-03-17 16:00:00+00:00,57897.1
2021-03-17 20:00:00+00:00,58959.0
2021-03-18 00:00:00+00:00,58773.47
2021-03-18 04:00:00+00:00,58398.23
2021-03-18 08:00:00+00:00,58244.61
2021-03-18 12:00:00+00:00,59592.67
2021-03-18 16:00:00+00:00,57359.68
2021-03-18 20:00:00+00:00,57700.01
2021-03-19 00:00:00+00:00,57796.06
2021-03-19 04:00:00+00:00,57885.36
2021-03-19 08:00:00+00:00,58881.31
2021-03-19 12:00:00+00:00,59016.14
2021-03-19 16:00:00+00:00,58875.66
2021-03-19 20:00:00+00:00,58089.11
2021-03-20 00:00:00+00:00,58436.97
2021-03-20 04:00:00+00:00,58472.13
2021-03-20 08:00:00+00:00,59338.99
2021-03-20 12:00:00+00:00,59285.22
2021-03-20 16:00:00+00:00,59332.32
2021-03-20 20:00:00+00:00,58145.61
2021-03-21 00:00:00+00:00,57813.98
2021-03-21 04:00:00+00:00,57011.46
2021-03-21 08:00:00+00:00,56296.4
2021-03-21 12:00:00+00:00,57200.91
2021-03-21 16:00:00+00:00,57567.86
2021-03-21 20:00:00+00:00,57415.18
2021-03-22 00:00:00+00:00,57614.32
2021-03-22 04:00:00+00:00,57641.44
2021-03-22 08:00:00+00:00,57779.3
2021-03-22 12:00:00+00:00,57121.2
2021-03-22 16:00:00+00:00,55563.91
2021-03-22 20:00:00+00:00,54129.56
2021-03-23 00:00:00+00:00,54714.99
2021-03-23 04:00:00+00:00,54196.11
2021-03-23 08:00:00+00:00,54322.64
2021-03-23 12:00:00+00:00,55215.67
2021-03-23 16:00:00+00:00,55055.83
2021-03-23 20:00:00+00:00,54400.0
2021-03-24 00:00:00+00:00,54400.0
2021-03-24 04:00:00+00:00,55485.7
2021-03-24 08:00:00+00:00,56591.65
2021-03-24 12:00:00+00:00,56359.57
2021-03-24 16:00:00+00:00,54789.04
2021-03-24 20:00:00+00:00,52311.54
2021-03-25 00:00:00+00:00,52128.62
2021-03-25 04:00:00+00:00,52298.34
2021-03-25 08:00:00+00:00,52197.7
2021-03-25 12:00:00+00:00,51024.33
2021-03-25 16:00:00+00:00,52220.0
2021-03-25 20:00:00+00:00,51325.21
2021-03-26 00:00:00+00:00,52421.62
2021-03-26 04:00:00+00:00,53574.29
2021-03-26 08:00:00+00:00,52759.34
2021-03-26 12:00:00+00:00,53328.84
2021-03-26 16:00:00+00:00,53771.25
2021-03-26 20:00:00+00:00,55030.0
2021-03-27 00:00:00+00:00,54761.83
2021-03-27 04:00:00+00:00,54966.6
2021-03-27 08:00:00+00:00,54480.01
2021-03-27 12:00:00+00:00,54977.0
2021-03-27 16:00:00+00:00,55784.28
2021-03-27 20:00:00+00:00,55828.0
2021-03-28 00:00:00+00:00,56054.33
2021-03-28 04:00:00+00:00,56209.31
2021-03-28 08:00:00+00:00,55808.33
2021-03-28 12:00:00+00:00,56375.31
2021-03-28 16:00:00+00:00,55217.96
2021-03-28 20:00:00+00:00,55805.08
2021-03-29 00:00:00+00:00,55416.04
2021-03-29 04:00:00+00:00,55949.99
2021-03-29 08:00:00+00:00,57893.21
2021-03-29 12:00:00+00:00,57765.26
2021-03-29 16:00:00+00:00,57737.13
2021-03-29 20:00:00+00:00,57677.64
2021-03-30 00:00:00+00:00,57227.28
2021-03-30 04:00:00+00:00,58173.44
2021-03-30 08:00:00+00:00,59326.4
2021-03-30 12:00:00+00:00,58615.66
2021-03-30 16:00:00+00:00,59172.42
2021-03-30 20:00:00+00:00,58794.16
2021-03-31 00:00:00+00:00,58695.91
2021-03-31 04:00:00+00:00,58244.24
2021-03-31 08:00:00+00:00,58076.84
2021-03-31 12:00:00+00:00,59367.07
2021-03-31 16:00:00+00:00,58644.25
2021-03-31 20:00:00+00:00,58807.24
2021-04-01 00:00:00+00:00,59219.99
2021-04-01 04:00:00+00:00,58880.94
2021-04-01 08:00:00+00:00,58640.77
2021-04-01 12:00:00+00:00,59040.89
2021-04-01 16:00:00+00:00,58991.9
2021-04-01 20:00:00+00:00,58794.01
2021-04-02 00:00:00+00:00,59979.99
2021-04-02 04:00:00+00:00,59515.91
2021-04-02 08:00:00+00:00,59654.52
2021-04-02 12:00:00+00:00,59547.65
2021-04-02 16:00:00+00:00,58944.81
2021-04-02 20:00:00+00:00,59031.36
2021-04-03 00:00:00+00:00,59322.99
2021-04-03 04:00:00+00:00,59372.99
2021-04-03 08:00:00+00:00,59353.45
2021-04-03 12:00:00+00:00,58888.74
2021-04-03 16:00:00+00:00,58657.0
2021-04-03 20:00:00+00:00,57134.65
2021-04-04 00:00:00+00:00,57545.11
2021-04-04 04:00:00+00:00,57674.33
2021-04-04 08:00:00+00:00,57343.88
2021-04-04 12:00:00+00:00,57957.58
2021-04-04 16:00:00+00:00,58027.77
2021-04-04 20:00:00+00:00,58234.61
2021-04-05 00:00:00+00:00,57540.01
2021-04-05 04:00:00+00:00,57290.53
2021-04-05 08:00:00+00:00,57799.92
2021-04-05 12:00:00+00:00,59098.01
2021-04-05 16:00:00+00:00,59082.46
2021-04-05 20:00:00+00:00,59243.39
2021-04-06 00:00:00+00:00,58681.45
2021-04-06 04:00:00+00:00,58638.34
2021-04-06 08:00:00+00:00,58624.08
2021-04-06 12:00:00+00:00,57876.95
2021-04-06 16:00:00+00:00,58301.21
2021-04-06 20:00:00+00:00,58059.99
2021-04-07 00:00:00+00:00,58004.37
2021-04-07 04:00:00+00:00,57887.07
2021-04-07 08:00:00+00:00,56376.7
2021-04-07 12:00:00+00:00,56527.38
2021-04-07 16:00:00+00:00,56216.31
2021-04-07 20:00:00+00:00,56018.18
2021-04-08 00:00:00+00:00,56590.0
2021-04-08 04:00:00+00:00,57067.4
2021-04-08 08:00:00+00:00,56490.15
2021-04-08 12:00:00+00:00,57795.24
2021-04-08 16:00:00+00:00,57778.71
2021-04-08 20:00:00+00:00,58122.26
2021-04-09 00:00:00+00:00,58023.98
2021-04-09 04:00:00+00:00,58109.8
2021-04-09 08:00:00+00:00,58590.11
2021-04-09 12:00:00+00:00,58301.32
2021-04-09 16:00:00+00:00,58398.3
2021-04-09 20:00:00+00:00,58176.03
2021-04-10 00:00:00+00:00,59286.01
2021-04-10 04:00:00+00:00,60614.65
2021-04-10 08:00:00+00:00,60685.04
2021-04-10 12:00:00+00:00,60348.46
2021-04-10 16:00:00+00:00,59674.69
2021-04-10 20:00:00+00:00,59832.43
2021-04-11 00:00:00+00:00,60343.27
2021-04-11 04:00:00+00:00,59725.5
2021-04-11 08:00:00+00:00,59821.66
2021-04-11 12:00:00+00:00,59730.0
2021-04-11 16:00:00+00:00,59785.85
2021-04-11 20:00:00+00:00,60090.2
2021-04-12 00:00:00+00:00,60449.93
2021-04-12 04:00:00+00:00,60832.23
2021-04-12 08:00:00+00:00,60333.87
2021-04-12 12:00:00+00:00,60075.19
2021-04-12 16:00:00+00:00,60168.55
2021-04-12 20:00:00+00:00,59911.18
2021-04-13 00:00:00+00:00,60593.59
2021-04-13 04:00:00+00:00,61133.17
2021-04-13 08:00:00+00:00,63068.31
2021-04-13 12:00:00+00:00,63420.34
2021-04-13 16:00:00+00:00,63085.22
2021-04-13 20:00:00+00:00,63649.71
2021-04-14 00:00:00+00:00,63857.87
2021-04-14 04:00:00+00:00,64382.35
2021-04-14 08:00:00+00:00,64623.03
2021-04-14 12:00:00+00:00,63132.48
2021-04-14 16:00:00+00:00,62242.47
2021-04-14 20:00:00+00:00,63019.1
2021-04-15 00:00:00+00:00,63139.95
2021-04-15 04:00:00+00:00,62933.31
2021-04-15 08:00:00+00:00,62461.25
2021-04-15 12:00:00+00:00,62787.12
2021-04-15 16:00:00+00:00,63469.69
2021-04-15 20:00:00+00:00,63232.55
2021-04-16 00:00:00+00:00,63045.25
2021-04-16 04:00:00+00:00,61513.57
2021-04-16 08:00:00+00:00,60939.48
2021-04-16 12:00:00+00:00,61620.18
2021-04-16 16:00:00+00:00,61782.3
2021-04-16 20:00:00+00:00,61424.67
2021-04-17 00:00:00+00:00,62456.46
2021-04-17 04:00:00+00:00,62165.28
2021-04-17 08:00:00+00:00,60973.99
2021-04-17 12:00:00+00:00,60338.15
2021-04-17 16:00:00+00:00,60779.32
2021-04-17 20:00:00+00:00,60090.14
2021-04-18 00:00:00+00:00,54849.46
2021-04-18 04:00:00+00:00,56216.8
2021-04-18 08:00:00+00:00,53349.32
2021-04-18 12:00:00+00:00,55470.0
2021-04-18 16:00:00+00:00,55729.99
2021-04-18 20:00:00+00:00,56140.05
2021-04-19 00:00:00+00:00,57018.73
2021-04-19 04:00:00+00:00,57325.01
2021-04-19 08:00:00+00:00,57160.59
2021-04-19 12:00:00+00:00,54577.19
2021-04-19 16:00:00+00:00,55909.0
2021-04-19 20:00:00+00:00,55634.39
2021-04-20 00:00:00+00:00,54552.0
2021-04-20 04:00:00+00:00,54435.0
2021-04-20 08:00:00+00:00,56293.57
2021-04-20 12:00:00+00:00,55348.87
2021-04-20 16:00:00+00:00,56574.32
2021-04-20 20:00:00+00:00,56410.56
2021-04-21 00:00:00+00:00,55205.66
2021-04-21 04:00:00+00:00,55291.42
2021-04-21 08:00:00+00:00,54556.02
2021-04-21 12:00:00+00:00,56147.88
2021-04-21 16:00:00+00:00,55460.91
2021-04-21 20:00:00+00:00,53800.0
2021-04-22 00:00:00+00:00,53505.17
2021-04-22 04:00:00+00:00,54159.51
2021-04-22 08:00:00+00:00,54882.43
2021-04-22 12:00:00+00:00,54672.07
2021-04-22 16:00:00+00:00,52940.59
2021-04-22 20:00:00+00:00,51714.61
2021-04-23 00:00:00+00:00,50319.33
2021-04-23 04:00:00+00:00,48000.81
2021-04-23 08:00:00+00:00,50080.25
2021-04-23 12:00:00+00:00,49852.52
2021-04-23 16:00:00+00:00,50885.06
2021-04-23 20:00:00+00:00,51122.62
2021-04-24 00:00:00+00:00,50157.41
2021-04-24 04:00:00+00:00,49852.31
2021-04-24 08:00:00+00:00,49114.39
2021-04-24 12:00:00+00:00,50225.36
2021-04-24 16:00:00+00:00,50698.61
2021-04-24 20:00:00+00:00,50092.4
2021-04-25 00:00:00+00:00,49680.0
2021-04-25 04:00:00+00:00,49697.06
2021-04-25 08:00:00+00:00,49566.14
2021-04-25 12:00:00+00:00,50273.29
2021-04-25 16:00:00+00:00,49354.08
2021-04-25 20:00:00+00:00,49063.94
2021-04-26 00:00:00+00:00,52420.42
2021-04-26 04:00:00+00:00,52816.0
2021-04-26 08:00:00+00:00,53591.99
2021-04-26 12:00:00+00:00,53572.76
2021-04-26 16:00:00+00:00,54026.17
2021-04-26 20:00:00+00:00,53984.33
2021-04-27 00:00:00+00:00,53463.57
2021-04-27 04:00:00+00:00,54524.36
2021-04-27 08:00:00+00:00,55144.07
2021-04-27 12:00:00+00:00,54985.0
2021-04-27 16:00:00+00:00,54755.19
2021-04-27 20:00:00+00:00,55006.25
2021-04-28 00:00:00+00:00,54788.88
2021-04-28 04:00:00+00:00,54278.97
2021-04-28 08:00:00+00:00,54871.01
2021-04-28 12:00:00+00:00,54367.05
2021-04-28 16:00:00+00:00,55447.48
2021-04-28 20:00:00+00:00,54861.77
2021-04-29 00:00:00+00:00,54273.23
2021-04-29 04:00:00+00:00,54469.06
2021-04-29 08:00:00+00:00,54311.0
2021-04-29 12:00:00+00:00,53748.77
2021-04-29 16:00:00+00:00,52894.68
2021-04-29 20:00:00+00:00,53558.8
2021-04-30 00:00:00+00:00,53673.16
2021-04-30 04:00:00+00:00,54354.01
2021-04-30 08:00:00+00:00,54279.99
2021-04-30 12:00:00+00:00,57138.23
2021-04-30 16:00:00+00:00,57060.17
2021-04-30 20:00:00+00:00,57684.16
2021-05-01 00:00:00+00:00,58206.9
2021-05-01 04:00:00+00:00,57770.19
2021-05-01 08:00:00+00:00,57846.83
2021-05-01 12:00:00+00:00,57399.06
2021-05-01 16:00:00+00:00,57797.74
2021-05-01 20:00:00+00:00,57836.34
2021-05-02 00:00:00+00:00,56510.01
2021-05-02 04:00:00+00:00,56682.01
2021-05-02 08:00:00+00:00,57158.17
2021-05-02 12:00:00+00:00,56654.38
2021-05-02 16:00:00+00:00,56908.0
2021-05-02 20:00:00+00:00,56630.33
2021-05-03 00:00:00+00:00,58004.55
2021-05-03 04:00:00+00:00,58845.47
2021-05-03 08:00:00+00:00,58727.95
2021-05-03 12:00:00+00:00,57682.93
2021-05-03 16:00:00+00:00,57649.99
2021-05-03 20:00:00+00:00,57214.83
2021-05-04 00:00:00+00:00,55519.15
2021-05-04 04:00:00+00:00,55951.22
2021-05-04 08:00:00+00:00,56192.31
2021-05-04 12:00:00+00:00,53881.84
2021-05-04 16:00:00+00:00,54586.68
2021-05-04 20:00:00+00:00,53263.32
2021-05-05 00:00:00+00:00,54874.99
2021-05-05 04:00:00+00:00,54901.33
2021-05-05 08:00:00+00:00,55191.6
2021-05-05 12:00:00+00:00,57596.1
2021-05-05 16:00:00+00:00,57243.4
2021-05-05 20:00:00+00:00,57497.77
2021-05-06 00:00:00+00:00,56869.89
2021-05-06 04:00:00+00:00,56865.01
2021-05-06 08:00:00+00:00,58081.3
2021-05-06 12:00:00+00:00,57173.49
2021-05-06 16:00:00+00:00,56186.01
2021-05-06 20:00:00+00:00,56435.35
2021-05-07 00:00:00+00:00,55770.02
2021-05-07 04:00:00+00:00,55854.4
2021-05-07 08:00:00+00:00,56510.58
2021-05-07 12:00:00+00:00,57558.06
2021-05-07 16:00:00+00:00,57670.62
2021-05-07 20:00:00+00:00,57350.88
2021-05-08 00:00:00+00:00,58172.21
2021-05-08 04:00:00+00:00,58500.0
2021-05-08 08:00:00+00:00,58593.08
2021-05-08 12:00:00+00:00,57660.76
2021-05-08 16:00:00+00:00,59097.42
2021-05-08 20:00:00+00:00,58924.98
2021-05-09 00:00:00+00:00,58651.17
2021-05-09 04:00:00+00:00,57997.2
2021-05-09 08:00:00+00:00,57975.01
2021-05-09 12:00:00+00:00,57461.83
2021-05-09 16:00:00+00:00,57343.03
2021-05-09 20:00:00+00:00,58292.53
2021-05-10 00:00:00+00:00,59428.55
2021-05-10 04:00:00+00:00,58465.01
2021-05-10 08:00:00+00:00,58168.62
2021-05-10 12:00:00+00:00,58359.23
2021-05-10 16:00:00+00:00,55828.14
2021-05-10 20:00:00+00:00,55869.67
2021-05-11 00:00:00+00:00,55197.59
2021-05-11 04:00:00+00:00,55792.83
2021-05-11 08:00:00+00:00,55276.56
2021-05-11 12:00:00+00:00,56084.25
2021-05-11 16:00:00+00:00,56657.12
2021-05-11 20:00:00+00:00,56710.43
2021-05-12 00:00:00+00:00,57813.05
2021-05-12 04:00:00+00:00,57177.01
2021-05-12 08:00:00+00:00,56472.06
2021-05-12 12:00:00+00:00,55540.65
2021-05-12 16:00:00+00:00,54468.36
2021-05-12 20:00:00+00:00,49595.76
2021-05-13 00:00:00+00:00,50477.14
2021-05-13 04:00:00+00:00,50893.36
2021-05-13 08:00:00+00:00,49813.31
2021-05-13 12:00:00+00:00,49679.57
2021-05-13 16:00:00+00:00,48635.63
2021-05-13 20:00:00+00:00,49707.9
2021-05-14 00:00:00+00:00,49203.15
2021-05-14 04:00:00+00:00,50043.74
2021-05-14 08:00:00+00:00,50569.0
2021-05-14 12:00:00+00:00,51241.26
2021-05-14 16:00:00+00:00,50188.78
2021-05-14 20:00:00+00:00,49873.27
2021-05-15 00:00:00+00:00,49675.11
2021-05-15 04:00:00+00:00,48510.0
2021-05-15 08:00:00+00:00,48959.41
2021-05-15 12:00:00+00:00,49019.96
2021-05-15 16:00:00+00:00,48157.36
2021-05-15 20:00:00+00:00,46793.41
2021-05-16 00:00:00+00:00,48436.0
2021-05-16 04:00:00+00:00,49400.0
2021-05-16 08:00:00+00:00,49044.01
2021-05-16 12:00:00+00:00,47812.34
2021-05-16 16:00:00+00:00,45573.29
2021-05-16 20:00:00+00:00,46429.28
2021-05-17 00:00:00+00:00,42990.79
2021-05-17 04:00:00+00:00,45182.45
2021-05-17 08:00:00+00:00,45799.97
2021-05-17 12:00:00+00:00,43401.14
2021-05-17 16:00:00+00:00,44246.97
2021-05-17 20:00:00+00:00,43566.18
2021-05-18 00:00:00+00:00,44819.75
2021-05-18 04:00:00+00:00,45175.91
2021-05-18 08:00:00+00:00,45366.0
2021-05-18 12:00:00+00:00,43000.01
2021-05-18 16:00:00+00:00,43283.16
2021-05-18 20:00:00+00:00,42882.53
2021-05-19 00:00:00+00:00,40635.3
2021-05-19 04:00:00+00:00,40372.57
2021-05-19 08:00:00+00:00,38708.85
2021-05-19 12:00:00+00:00,37304.85
2021-05-19 16:00:00+00:00,39340.27
2021-05-19 20:00:00+00:00,36689.14
2021-05-20 00:00:00+00:00,38341.24
2021-05-20 04:00:00+00:00,39946.92
2021-05-20 08:00:00+00:00,40458.36
2021-05-20 12:00:00+00:00,41448.84
2021-05-20 16:00:00+00:00,40089.34
2021-05-20 20:00:00+00:00,40500.3
2021-05-21 00:00:00+00:00,40639.82
2021-05-21 04:00:00+00:00,39822.0
2021-05-21 08:00:00+00:00,41090.34
2021-05-21 12:00:00+00:00,36818.07
2021-05-21 16:00:00+00:00,36043.11
2021-05-21 20:00:00+00:00,37211.02
2021-05-22 00:00:00+00:00,36938.44
2021-05-22 04:00:00+00:00,36259.78
2021-05-22 08:00:00+00:00,38136.03
2021-05-22 12:00:00+00:00,38139.69
2021-05-22 16:00:00+00:00,37275.3
2021-05-22 20:00:00+00:00,37432.58
2021-05-23 00:00:00+00:00,37393.05
2021-05-23 04:00:00+00:00,35911.08
2021-05-23 08:00:00+00:00,35367.81
2021-05-23 12:00:00+00:00,33306.95
2021-05-23 16:00:00+00:00,33033.85
2021-05-23 20:00:00+00:00,34651.6
2021-05-24 00:00:00+00:00,35221.25
2021-05-24 04:00:00+00:00,36612.34
2021-05-24 08:00:00+00:00,37558.3
2021-05-24 12:00:00+00:00,37535.2
2021-05-24 16:00:00+00:00,39563.58
2021-05-24 20:00:00+00:00,38779.66
2021-05-25 00:00:00+00:00,38300.27
2021-05-25 04:00:00+00:00,38985.21
2021-05-25 08:00:00+00:00,36567.87
2021-05-25 12:00:00+00:00,38269.99
2021-05-25 16:00:00+00:00,37293.26
2021-05-25 20:00:00+00:00,38326.84
2021-05-26 00:00:00+00:00,39495.03
2021-05-26 04:00:00+00:00,40436.0
2021-05-26 08:00:00+00:00,39851.9
2021-05-26 12:00:00+00:00,38779.56
2021-05-26 16:00:00+00:00,38474.08
2021-05-26 20:00:00+00:00,39224.2
2021-05-27 00:00:00+00:00,37634.0
2021-05-27 04:00:00+00:00,38269.73
2021-05-27 08:00:00+00:00,39677.21
2021-05-27 12:00:00+00:00,39690.04
2021-05-27 16:00:00+00:00,38774.19
2021-05-27 20:00:00+00:00,38527.38
2021-05-28 00:00:00+00:00,38225.25
2021-05-28 04:00:00+00:00,36965.27
2021-05-28 08:00:00+00:00,35374.31
2021-05-28 12:00:00+00:00,36741.5
2021-05-28 16:00:00+00:00,35799.22
2021-05-28 20:00:00+00:00,35670.99
2021-05-29 00:00:00+00:00,36470.03
2021-05-29 04:00:00+00:00,36180.71
2021-05-29 08:00:00+00:00,35388.92
2021-05-29 12:00:00+00:00,34452.15
2021-05-29 16:00:00+00:00,34051.48
2021-05-29 20:00:00+00:00,34611.94
2021-05-30 00:00:00+00:00,34780.52
2021-05-30 04:00:00+00:00,35999.99
2021-05-30 08:00:00+00:00,36360.37
2021-05-30 12:00:00+00:00,35489.78
2021-05-30 16:00:00+00:00,36096.15
2021-05-30 20:00:00+00:00,35651.81
2021-05-31 00:00:00+00:00,34498.65
2021-05-31 04:00:00+00:00,35853.59
2021-05-31 08:00:00+00:00,36833.0
2021-05-31 12:00:00+00:00,36944.12
2021-05-31 16:00:00+00:00,36858.83
2021-05-31 20:00:00+00:00,37243.38
2021-06-01 00:00:00+00:00,36709.23
2021-06-01 04:00:00+00:00,36817.43
2021-06-01 08:00:00+00:00,36573.31
2021-06-01 12:00:00+00:00,36233.59
2021-06-01 16:00:00+00:00,35969.61
2021-06-01 20:00:00+00:00,36693.41
2021-06-02 00:00:00+00:00,36483.19
2021-06-02 04:00:00+00:00,37218.19
2021-06-02 08:00:00+00:00,37208.91
2021-06-02 12:00:00+00:00,38032.66
2021-06-02 16:00:00+00:00,37890.0
2021-06-02 20:00:00+00:00,37569.99
2021-06-03 00:00:00+00:00,37623.5
2021-06-03 04:00:00+00:00,38631.51
2021-06-03 08:00:00+00:00,38783.65
2021-06-03 12:00:00+00:00,38546.06
2021-06-03 16:00:00+00:00,38612.05
2021-06-03 20:00:00+00:00,39247.4
2021-06-04 00:00:00+00:00,37945.72
2021-06-04 04:00:00+00:00,36631.46
2021-06-04 08:00:00+00:00,36610.28
2021-06-04 12:00:00+00:00,36944.23
2021-06-04 16:00:00+00:00,36798.91
2021-06-04 20:00:00+00:00,36828.03
2021-06-05 00:00:00+00:00,37414.07
2021-06-05 04:00:00+00:00,37581.0
2021-06-05 08:00:00+00:00,35863.07
2021-06-05 12:00:00+00:00,36316.45
2021-06-05 16:00:00+00:00,35784.94
2021-06-05 20:00:00+00:00,35498.62
2021-06-06 00:00:00+00:00,35994.26
2021-06-06 04:00:00+00:00,36131.74
2021-06-06 08:00:00+00:00,35874.23
2021-06-06 12:00:00+00:00,36159.24
2021-06-06 16:00:00+00:00,35754.77
2021-06-06 20:00:00+00:00,35801.71
2021-06-07 00:00:00+00:00,36400.37
2021-06-07 04:00:00+00:00,36152.91
2021-06-07 08:00:00+00:00,36382.01
2021-06-07 12:00:00+00:00,36039.99
2021-06-07 16:00:00+00:00,35642.68
2021-06-07 20:00:00+00:00,33550.96
2021-06-08 00:00:00+00:00,32797.91
2021-06-08 04:00:00+00:00,32945.48
2021-06-08 08:00:00+00:00,33067.04
2021-06-08 12:00:00+00:00,31686.94
2021-06-08 16:00:00+00:00,32838.29
2021-06-08 20:00:00+00:00,33372.58
2021-06-09 00:00:00+00:00,32850.75
2021-06-09 04:00:00+00:00,34143.5
2021-06-09 08:00:00+00:00,34933.0
2021-06-09 12:00:00+00:00,36339.26
2021-06-09 16:00:00+00:00,36222.21
2021-06-09 20:00:00+00:00,37368.45
2021-06-10 00:00:00+00:00,36948.46
2021-06-10 04:00:00+00:00,36940.88
2021-06-10 08:00:00+00:00,37806.48
2021-06-10 12:00:00+00:00,36893.51
2021-06-10 16:00:00+00:00,36664.55
2021-06-10 20:00:00+00:00,36669.66
2021-06-11 00:00:00+00:00,36739.45
2021-06-11 04:00:00+00:00,37123.76
2021-06-11 08:00:00+00:00,37361.94
2021-06-11 12:00:00+00:00,36805.77
2021-06-11 16:00:00+00:00,37223.56
2021-06-11 20:00:00+00:00,37300.42
2021-06-12 00:00:00+00:00,35576.0
2021-06-12 04:00:00+00:00,35271.65
2021-06-12 08:00:00+00:00,35572.49
2021-06-12 12:00:00+00:00,35381.37
2021-06-12 16:00:00+00:00,35719.8
2021-06-12 20:00:00+00:00,35537.05
2021-06-13 00:00:00+00:00,34864.96
2021-06-13 04:00:00+00:00,35263.02
2021-06-13 08:00:00+00:00,35879.01
2021-06-13 12:00:00+00:00,36007.59
2021-06-13 16:00:00+00:00,37610.33
2021-06-13 20:00:00+00:00,38993.65
2021-06-14 00:00:00+00:00,38978.0
2021-06-14 04:00:00+00:00,39529.99
2021-06-14 08:00:00+00:00,39151.68
2021-06-14 12:00:00+00:00,40677.54
2021-06-14 16:00:00+00:00,39709.57
2021-06-14 20:00:00+00:00,40489.1
2021-06-15 00:00:00+00:00,40386.47
2021-06-15 04:00:00+00:00,40350.98
2021-06-15 08:00:00+00:00,39839.81
2021-06-15 12:00:00+00:00,40056.8
2021-06-15 16:00:00+00:00,39950.0
2021-06-15 20:00:00+00:00,40132.86
2021-06-16 00:00:00+00:00,40001.23
2021-06-16 04:00:00+00:00,40130.0
2021-06-16 08:00:00+00:00,39079.6
2021-06-16 12:00:00+00:00,38768.3
2021-06-16 16:00:00+00:00,38677.45
2021-06-16 20:00:00+00:00,38344.97
2021-06-17 00:00:00+00:00,38855.57
2021-06-17 04:00:00+00:00,39198.03
2021-06-17 08:00:00+00:00,39156.01
2021-06-17 12:00:00+00:00,39002.18
2021-06-17 16:00:00+00:00,37682.27
2021-06-17 20:00:00+00:00,38060.71
2021-06-18 00:00:00+00:00,37905.6
2021-06-18 04:00:00+00:00,37689.99
2021-06-18 08:00:00+00:00,37805.92
2021-06-18 12:00:00+00:00,36363.91
2021-06-18 16:00:00+00:00,35305.16
2021-06-18 20:00:00+00:00,35811.41
2021-06-19 00:00:00+00:00,35080.9
2021-06-19 04:00:00+00:00,35767.59
2021-06-19 08:00:00+00:00,35919.99
2021-06-19 12:00:00+00:00,36104.67
2021-06-19 16:00:00+00:00,35932.49
2021-06-19 20:00:00+00:00,35483.0
2021-06-20 00:00:00+00:00,35522.63
2021-06-20 04:00:00+00:00,35614.39
2021-06-20 08:00:00+00:00,33856.0
2021-06-20 12:00:00+00:00,34383.37
2021-06-20 16:00:00+00:00,35476.45
2021-06-20 20:00:00+00:00,35588.64
2021-06-21 00:00:00+00:00,34652.45
2021-06-21 04:00:00+00:00,32985.72
2021-06-21 08:00:00+00:00,32513.16
2021-06-21 12:00:00+00:00,32664.1
2021-06-21 16:00:00+00:00,32544.12
2021-06-21 20:00:00+00:00,31606.0
2021-06-22 00:00:00+00:00,32996.56
2021-06-22 04:00:00+00:00,32641.51
2021-06-22 08:00:00+00:00,31243.15
2021-06-22 12:00:00+00:00,31635.72
2021-06-22 16:00:00+00:00,32388.97
2021-06-22 20:00:00+00:00,32496.0
2021-06-23 00:00:00+00:00,33939.05
2021-06-23 04:00:00+00:00,33959.13
2021-06-23 08:00:00+00:00,33881.95
2021-06-23 12:00:00+00:00,33488.23
2021-06-23 16:00:00+00:00,32872.72
2021-06-23 20:00:00+00:00,33649.0
2021-06-24 00:00:00+00:00,32579.91
2021-06-24 04:00:00+00:00,32833.59
2021-06-24 08:00:00+00:00,33816.04
2021-06-24 12:00:00+00:00,33851.0
2021-06-24 16:00:00+00:00,34839.0
2021-06-24 20:00:00+00:00,34644.64
2021-06-25 00:00:00+00:00,35033.16
2021-06-25 04:00:00+00:00,34262.69
2021-06-25 08:00:00+00:00,33300.0
2021-06-25 12:00:00+00:00,32618.31
2021-06-25 16:00:00+00:00,32192.38
2021-06-25 20:00:00+00:00,31568.07
2021-06-26 00:00:00+00:00,31955.09
2021-06-26 04:00:00+00:00,30700.0
2021-06-26 08:00:00+00:00,31758.44
2021-06-26 12:00:00+00:00,31511.57
2021-06-26 16:00:00+00:00,31561.63
2021-06-26 20:00:00+00:00,32255.56
2021-06-27 00:00:00+00:00,33119.04
2021-06-27 04:00:00+00:00,33252.0
2021-06-27 08:00:00+00:00,33214.0
2021-06-27 12:00:00+00:00,33171.2
2021-06-27 16:00:00+00:00,32793.43
2021-06-27 20:00:00+00:00,34687.71
2021-06-28 00:00:00+00:00,34390.66
2021-06-28 04:00:00+00:00,35007.58
2021-06-28 08:00:00+00:00,34099.32
2021-06-28 12:00:00+00:00,34946.66
2021-06-28 16:00:00+00:00,34425.01
2021-06-28 20:00:00+00:00,34487.22
2021-06-29 00:00:00+00:00,34564.83
2021-06-29 04:00:00+00:00,34841.15
2021-06-29 08:00:00+00:00,35544.42
2021-06-29 12:00:00+00:00,36244.89
2021-06-29 16:00:00+00:00,36375.62
2021-06-29 20:00:00+00:00,35911.26
2021-06-30 00:00:00+00:00,35113.99
2021-06-30 04:00:00+00:00,35227.67
2021-06-30 08:00:00+00:00,34844.89
2021-06-30 12:00:00+00:00,34191.68
2021-06-30 16:00:00+00:00,34747.31
2021-06-30 20:00:00+00:00,35031.39
2021-07-01 00:00:00+00:00,34120.06
2021-07-01 04:00:00+00:00,33337.58
2021-07-01 08:00:00+00:00,33696.91
2021-07-01 12:00:00+00:00,33417.74
2021-07-01 16:00:00+00:00,33072.19
2021-07-01 20:00:00+00:00,33489.96
2021-07-02 00:00:00+00:00,32896.63
2021-07-02 04:00:00+00:00,33340.17
2021-07-02 08:00:00+00:00,33007.96
2021-07-02 12:00:00+00:00,33684.88
2021-07-02 16:00:00+00:00,33300.34
2021-07-02 20:00:00+00:00,33760.94
2021-07-03 00:00:00+00:00,33500.95
2021-07-03 04:00:00+00:00,34477.46
2021-07-03 08:00:00+00:00,34596.42
2021-07-03 12:00:00+00:00,34592.56
2021-07-03 16:00:00+00:00,34717.99
2021-07-03 20:00:00+00:00,34652.94
2021-07-04 00:00:00+00:00,34623.82
2021-07-04 04:00:00+00:00,35565.98
2021-07-04 08:00:00+00:00,35492.0
2021-07-04 12:00:00+00:00,35486.35
2021-07-04 16:00:00+00:00,35553.72
2021-07-04 20:00:00+00:00,35280.16
2021-07-05 00:00:00+00:00,34345.63
2021-07-05 04:00:00+00:00,34237.24
2021-07-05 08:00:00+00:00,33363.31
2021-07-05 12:00:00+00:00,33575.23
2021-07-05 16:00:00+00:00,34098.7
2021-07-05 20:00:00+00:00,33672.72
2021-07-06 00:00:00+00:00,33896.83
2021-07-06 04:00:00+00:00,34853.46
2021-07-06 08:00:00+00:00,34037.0
2021-07-06 12:00:00+00:00,34031.17
2021-07-06 16:00:00+00:00,33999.39
2021-07-06 20:00:00+00:00,34206.01
2021-07-07 00:00:00+00:00,34434.87
2021-07-07 04:00:00+00:00,34699.66
2021-07-07 08:00:00+00:00,34824.32
2021-07-07 12:00:00+00:00,34534.9
2021-07-07 16:00:00+00:00,34610.55
2021-07-07 20:00:00+00:00,33845.64
2021-07-08 00:00:00+00:00,33283.2
2021-07-08 04:00:00+00:00,32476.39
2021-07-08 08:00:00+00:00,32667.58
2021-07-08 12:00:00+00:00,32874.95
2021-07-08 16:00:00+00:00,32984.99
2021-07-08 20:00:00+00:00,32852.04
2021-07-09 00:00:00+00:00,32923.14
2021-07-09 04:00:00+00:00,32878.87
2021-07-09 08:00:00+00:00,32751.07
2021-07-09 12:00:00+00:00,33537.49
2021-07-09 16:00:00+00:00,33420.44
2021-07-09 20:00:00+00:00,33805.01
2021-07-10 00:00:00+00:00,33777.86
2021-07-10 04:00:00+00:00,33747.98
2021-07-10 08:00:00+00:00,33781.67
2021-07-10 12:00:00+00:00,33840.28
2021-07-10 16:00:00+00:00,33403.08
2021-07-10 20:00:00+00:00,33497.98
2021-07-11 00:00:00+00:00,33446.92
2021-07-11 04:00:00+00:00,33501.53
2021-07-11 08:00:00+00:00,33792.04
2021-07-11 12:00:00+00:00,33926.19
2021-07-11 16:00:00+00:00,33883.11
2021-07-11 20:00:00+00:00,34253.81
2021-07-12 00:00:00+00:00,34429.44
2021-07-12 04:00:00+00:00,34271.16
2021-07-12 08:00:00+00:00,33524.79
2021-07-12 12:00:00+00:00,33340.32
2021-07-12 16:00:00+00:00,32828.59
2021-07-12 20:00:00+00:00,33070.87
2021-07-13 00:00:00+00:00,33065.0
2021-07-13 04:00:00+00:00,33159.99
2021-07-13 08:00:00+00:00,33032.23
2021-07-13 12:00:00+00:00,32781.41
2021-07-13 16:00:00+00:00,32306.71
2021-07-13 20:00:00+00:00,32709.09
2021-07-14 00:00:00+00:00,31808.0
2021-07-14 04:00:00+00:00,31910.38
2021-07-14 08:00:00+00:00,32440.37
2021-07-14 12:00:00+00:00,32772.97
2021-07-14 16:00:00+00:00,32717.98
2021-07-14 20:00:00+00:00,32803.01
2021-07-15 00:00:00+00:00,32619.72
2021-07-15 04:00:00+00:00,32461.0
2021-07-15 08:00:00+00:00,31866.95
2021-07-15 12:00:00+00:00,31673.4
2021-07-15 16:00:00+00:00,31513.98
2021-07-15 20:00:00+00:00,31866.43
2021-07-16 00:00:00+00:00,31897.05
2021-07-16 04:00:00+00:00,31768.61
2021-07-16 08:00:00+00:00,31080.62
2021-07-16 12:00:00+00:00,32105.81
2021-07-16 16:00:00+00:00,31898.02
2021-07-16 20:00:00+00:00,31382.95
2021-07-17 00:00:00+00:00,31301.37
2021-07-17 04:00:00+00:00,31497.05
2021-07-17 08:00:00+00:00,31377.09
2021-07-17 12:00:00+00:00,31737.92
2021-07-17 16:00:00+00:00,31819.0
2021-07-17 20:00:00+00:00,31496.65
2021-07-18 00:00:00+00:00,32155.46
2021-07-18 04:00:00+00:00,31705.0
2021-07-18 08:00:00+00:00,31782.01
2021-07-18 12:00:00+00:00,31349.07
2021-07-18 16:00:00+00:00,31626.34
2021-07-18 20:00:00+00:00,31767.0
2021-07-19 00:00:00+00:00,31525.72
2021-07-19 04:00:00+00:00,31595.92
2021-07-19 08:00:00+00:00,31262.16
2021-07-19 12:00:00+00:00,30672.99
2021-07-19 16:00:00+00:00,30734.99
2021-07-19 20:00:00+00:00,30823.62
2021-07-20 00:00:00+00:00,29582.94
2021-07-20 04:00:00+00:00,29797.81
2021-07-20 08:00:00+00:00,29673.33
2021-07-20 12:00:00+00:00,29860.11
2021-07-20 16:00:00+00:00,29754.88
2021-07-20 20:00:00+00:00,29775.9
2021-07-21 00:00:00+00:00,29818.53
2021-07-21 04:00:00+00:00,30797.85
2021-07-21 08:00:00+00:00,31500.0
2021-07-21 12:00:00+00:00,31904.38
2021-07-21 16:00:00+00:00,31618.46
2021-07-21 20:00:00+00:00,32120.0
2021-07-22 00:00:00+00:00,31915.0
2021-07-22 04:00:00+00:00,32115.11
2021-07-22 08:00:00+00:00,31886.59
2021-07-22 12:00:00+00:00,32482.65
2021-07-22 16:00:00+00:00,32348.11
2021-07-22 20:00:00+00:00,32268.11
2021-07-23 00:00:00+00:00,32570.79
2021-07-23 04:00:00+00:00,32478.19
2021-07-23 08:00:00+00:00,32287.6
2021-07-23 12:00:00+00:00,32305.83
2021-07-23 16:00:00+00:00,32221.12
2021-07-23 20:00:00+00:00,33634.46
2021-07-24 00:00:00+00:00,33647.97
2021-07-24 04:00:00+00:00,33793.83
2021-07-24 08:00:00+00:00,33855.37
2021-07-24 12:00:00+00:00,33831.17
2021-07-24 16:00:00+00:00,33828.05
2021-07-24 20:00:00+00:00,34230.0
2021-07-25 00:00:00+00:00,34150.0
2021-07-25 04:00:00+00:00,34672.76
2021-07-25 08:00:00+00:00,34366.63
2021-07-25 12:00:00+00:00,34152.77
2021-07-25 16:00:00+00:00,34312.9
2021-07-25 20:00:00+00:00,35370.66
2021-07-26 00:00:00+00:00,38276.54
2021-07-26 04:00:00+00:00,38157.02
2021-07-26 08:00:00+00:00,38468.05
2021-07-26 12:00:00+00:00,38537.0
2021-07-26 16:00:00+00:00,39358.4
2021-07-26 20:00:00+00:00,37218.09
2021-07-27 00:00:00+00:00,36819.12
2021-07-27 04:00:00+00:00,37103.66
2021-07-27 08:00:00+00:00,38030.0
2021-07-27 12:00:00+00:00,38203.37
2021-07-27 16:00:00+00:00,37780.52
2021-07-27 20:00:00+00:00,39442.33
2021-07-28 00:00:00+00:00,39815.0
2021-07-28 04:00:00+00:00,39888.0
2021-07-28 08:00:00+00:00,40729.99
2021-07-28 12:00:00+00:00,39670.0
2021-07-28 16:00:00+00:00,40375.3
2021-07-28 20:00:00+00:00,40003.08
2021-07-29 00:00:00+00:00,39595.02
2021-07-29 04:00:00+00:00,39925.01
2021-07-29 08:00:00+00:00,39748.7
2021-07-29 12:00:00+00:00,39926.5
2021-07-29 16:00:00+00:00,39647.85
2021-07-29 20:00:00+00:00,40012.9
2021-07-30 00:00:00+00:00,39951.21
2021-07-30 04:00:00+00:00,39729.99
2021-07-30 08:00:00+00:00,38637.34
2021-07-30 12:00:00+00:00,39056.09
2021-07-30 16:00:00+00:00,39857.82
2021-07-30 20:00:00+00:00,42203.25
2021-07-31 00:00:00+00:00,41824.68
2021-07-31 04:00:00+00:00,41537.59
2021-07-31 08:00:00+00:00,41599.67
2021-07-31 12:00:00+00:00,41529.67
2021-07-31 16:00:00+00:00,41296.62
2021-07-31 20:00:00+00:00,41448.11
2021-08-01 00:00:00+00:00,42420.62
2021-08-01 04:00:00+00:00,41704.99
2021-08-01 08:00:00+00:00,41596.01
2021-08-01 12:00:00+00:00,41303.72
2021-08-01 16:00:00+00:00,41267.09
2021-08-01 20:00:00+00:00,39846.78
2021-08-02 00:00:00+00:00,39782.41
2021-08-02 04:00:00+00:00,40099.99
2021-08-02 08:00:00+00:00,39535.48
2021-08-02 12:00:00+00:00,39678.0
2021-08-02 16:00:00+00:00,39174.29
2021-08-02 20:00:00+00:00,39147.48
2021-08-03 00:00:00+00:00,38651.44
2021-08-03 04:00:00+00:00,38569.99
2021-08-03 08:00:00+00:00,38483.68
2021-08-03 12:00:00+00:00,38170.37
2021-08-03 16:00:00+00:00,38015.54
2021-08-03 20:00:00+00:00,38203.26
2021-08-04 00:00:00+00:00,37980.34
2021-08-04 04:00:00+00:00,37827.97
2021-08-04 08:00:00+00:00,38152.86
2021-08-04 12:00:00+00:00,39289.96
2021-08-04 16:00:00+00:00,39745.16
2021-08-04 20:00:00+00:00,39731.31
2021-08-05 00:00:00+00:00,39450.0
2021-08-05 04:00:00+00:00,38889.08
2021-08-05 08:00:00+00:00,38004.0
2021-08-05 12:00:00+00:00,38723.29
2021-08-05 16:00:00+00:00,40694.19
2021-08-05 20:00:00+00:00,40882.4
2021-08-06 00:00:00+00:00,40224.62
2021-08-06 04:00:00+00:00,40727.86
2021-08-06 08:00:00+00:00,40500.0
2021-08-06 12:00:00+00:00,42213.52
2021-08-06 16:00:00+00:00,42912.09
2021-08-06 20:00:00+00:00,42825.43
2021-08-07 00:00:00+00:00,43670.3
2021-08-07 04:00:00+00:00,43207.27
2021-08-07 08:00:00+00:00,43801.59
2021-08-07 12:00:00+00:00,43362.44
2021-08-07 16:00:00+00:00,43945.16
2021-08-07 20:00:00+00:00,44601.11
2021-08-08 00:00:00+00:00,44333.53
2021-08-08 04:00:00+00:00,44796.46
2021-08-08 08:00:00+00:00,44458.35
2021-08-08 12:00:00+00:00,44000.56
2021-08-08 16:00:00+00:00,43723.26
2021-08-08 20:00:00+00:00,43787.71
2021-08-09 00:00:00+00:00,43486.16
2021-08-09 04:00:00+00:00,43790.0
2021-08-09 08:00:00+00:00,45930.81
2021-08-09 12:00:00+00:00,45872.11
2021-08-09 16:00:00+00:00,45986.77
2021-08-09 20:00:00+00:00,46259.7
2021-08-10 00:00:00+00:00,45728.38
2021-08-10 04:00:00+00:00,45972.43
2021-08-10 08:00:00+00:00,45360.61
2021-08-10 12:00:00+00:00,45178.06
2021-08-10 16:00:00+00:00,45516.81
2021-08-10 20:00:00+00:00,45589.99
2021-08-11 00:00:00+00:00,45588.41
2021-08-11 04:00:00+00:00,46367.38
2021-08-11 08:00:00+00:00,45946.21
2021-08-11 12:00:00+00:00,46448.0
2021-08-11 16:00:00+00:00,46448.42
2021-08-11 20:00:00+00:00,45522.12
2021-08-12 00:00:00+00:00,45938.54
2021-08-12 04:00:00+00:00,45230.0
2021-08-12 08:00:00+00:00,44764.31
2021-08-12 12:00:00+00:00,44203.37
2021-08-12 16:00:00+00:00,44370.26
2021-08-12 20:00:00+00:00,44385.09
2021-08-13 00:00:00+00:00,45162.37
2021-08-13 04:00:00+00:00,46108.85
2021-08-13 08:00:00+00:00,46154.14
2021-08-13 12:00:00+00:00,46371.2
2021-08-13 16:00:00+00:00,46466.14
2021-08-13 20:00:00+00:00,47792.52
2021-08-14 00:00:00+00:00,47563.99
2021-08-14 04:00:00+00:00,47639.81
2021-08-14 08:00:00+00:00,46580.0
2021-08-14 12:00:00+00:00,46943.19
2021-08-14 16:00:00+00:00,47044.67
2021-08-14 20:00:00+00:00,47083.74
2021-08-15 00:00:00+00:00,46900.01
2021-08-15 04:00:00+00:00,45788.25
2021-08-15 08:00:00+00:00,45945.79
2021-08-15 12:00:00+00:00,46163.48
2021-08-15 16:00:00+00:00,46335.28
2021-08-15 20:00:00+00:00,47006.02
2021-08-16 00:00:00+00:00,47391.88
2021-08-16 04:00:00+00:00,47335.09
2021-08-16 08:00:00+00:00,47541.9
2021-08-16 12:00:00+00:00,46350.8
2021-08-16 16:00:00+00:00,46125.24
2021-08-16 20:00:00+00:00,45926.23
2021-08-17 00:00:00+00:00,46426.12
2021-08-17 04:00:00+00:00,45959.99
2021-08-17 08:00:00+00:00,46864.78
2021-08-17 12:00:00+00:00,45754.47
2021-08-17 16:00:00+00:00,45471.21
2021-08-17 20:00:00+00:00,44704.84
2021-08-18 00:00:00+00:00,45083.38
2021-08-18 04:00:00+00:00,44957.76
2021-08-18 08:00:00+00:00,44784.19
2021-08-18 12:00:00+00:00,45827.23
2021-08-18 16:00:00+00:00,44922.74
2021-08-18 20:00:00+00:00,44714.09
2021-08-19 00:00:00+00:00,44058.62
2021-08-19 04:00:00+00:00,44684.87
2021-08-19 08:00:00+00:00,44235.0
2021-08-19 12:00:00+00:00,45789.99
2021-08-19 16:00:00+00:00,46719.82
2021-08-19 20:00:00+00:00,46772.0
2021-08-20 00:00:00+00:00,47092.39
2021-08-20 04:00:00+00:00,46871.29
2021-08-20 08:00:00+00:00,46961.01
2021-08-20 12:00:00+00:00,48752.38
2021-08-20 16:00:00+00:00,48692.29
2021-08-20 20:00:00+00:00,49332.74
2021-08-21 00:00:00+00:00,48872.26
2021-08-21 04:00:00+00:00,48985.51
2021-08-21 08:00:00+00:00,48543.29
2021-08-21 12:00:00+00:00,49198.9
2021-08-21 16:00:00+00:00,48999.94
2021-08-21 20:00:00+00:00,48848.29
2021-08-22 00:00:00+00:00,48809.18
2021-08-22 04:00:00+00:00,49212.4
2021-08-22 08:00:00+00:00,49171.46
2021-08-22 12:00:00+00:00,48549.78
2021-08-22 16:00:00+00:00,48680.23
2021-08-22 20:00:00+00:00,49273.28
2021-08-23 00:00:00+00:00,50306.81
2021-08-23 04:00:00+00:00,50180.25
2021-08-23 08:00:00+00:00,50418.05
2021-08-23 12:00:00+00:00,49571.64
2021-08-23 16:00:00+00:00,49287.3
2021-08-23 20:00:00+00:00,49523.91
2021-08-24 00:00:00+00:00,49360.77
2021-08-24 04:00:00+00:00,49800.0
2021-08-24 08:00:00+00:00,49459.48
2021-08-24 12:00:00+00:00,48370.25
2021-08-24 16:00:00+00:00,48267.14
2021-08-24 20:00:00+00:00,47719.36
2021-08-25 00:00:00+00:00,48002.75
2021-08-25 04:00:00+00:00,48159.67
2021-08-25 08:00:00+00:00,47592.49
2021-08-25 12:00:00+00:00,48811.99
2021-08-25 16:00:00+00:00,48668.11
2021-08-25 20:00:00+00:00,48992.65
2021-08-26 00:00:00+00:00,47945.44
2021-08-26 04:00:00+00:00,46920.11
2021-08-26 08:00:00+00:00,46851.44
2021-08-26 12:00:00+00:00,46820.38
2021-08-26 16:00:00+00:00,46947.13
2021-08-26 20:00:00+00:00,46853.06
2021-08-27 00:00:00+00:00,46845.7
2021-08-27 04:00:00+00:00,47483.55
2021-08-27 08:00:00+00:00,47455.85
2021-08-27 12:00:00+00:00,48199.56
2021-08-27 16:00:00+00:00,48292.5
2021-08-27 20:00:00+00:00,49083.98
2021-08-28 00:00:00+00:00,48892.89
2021-08-28 04:00:00+00:00,48978.13
2021-08-28 08:00:00+00:00,48707.73
2021-08-28 12:00:00+00:00,48840.0
2021-08-28 16:00:00+00:00,48668.51
2021-08-28 20:00:00+00:00,48931.99
2021-08-29 00:00:00+00:00,48242.87
2021-08-29 04:00:00+00:00,48498.0
2021-08-29 08:00:00+00:00,48188.0
2021-08-29 12:00:00+00:00,48489.96
2021-08-29 16:00:00+00:00,48808.94
2021-08-29 20:00:00+00:00,48795.41
2021-08-30 00:00:00+00:00,47989.05
2021-08-30 04:00:00+00:00,47981.01
2021-08-30 08:00:00+00:00,47934.44
2021-08-30 12:00:00+00:00,48039.99
2021-08-30 16:00:00+00:00,48666.62
2021-08-30 20:00:00+00:00,47024.7
2021-08-31 00:00:00+00:00,47177.21
2021-08-31 04:00:00+00:00,47789.0
2021-08-31 08:00:00+00:00,47997.22
2021-08-31 12:00:00+00:00,47439.56
2021-08-31 16:00:00+00:00,47344.02
2021-08-31 20:00:00+00:00,47150.32
2021-09-01 00:00:00+00:00,47086.61
2021-09-01 04:00:00+00:00,47214.0
2021-09-01 08:00:00+00:00,47745.0
2021-09-01 12:00:00+00:00,47527.69
2021-09-01 16:00:00+00:00,48200.44
2021-09-01 20:00:00+00:00,48842.94
2021-09-02 00:00:00+00:00,49616.9
2021-09-02 04:00:00+00:00,49891.07
2021-09-02 08:00:00+00:00,50116.4
2021-09-02 12:00:00+00:00,49604.46
2021-09-02 16:00:00+00:00,49403.35
2021-09-02 20:00:00+00:00,49299.14
2021-09-03 00:00:00+00:00,49509.88
2021-09-03 04:00:00+00:00,49353.7
2021-09-03 08:00:00+00:00,50203.77
2021-09-03 12:00:00+00:00,50589.99
2021-09-03 16:00:00+00:00,50575.71
2021-09-03 20:00:00+00:00,50027.08
2021-09-04 00:00:00+00:00,50302.75
2021-09-04 04:00:00+00:00,50230.07
2021-09-04 08:00:00+00:00,49934.45
2021-09-04 12:00:00+00:00,49917.51
2021-09-04 16:00:00+00:00,50000.0
2021-09-04 20:00:00+00:00,49940.74
2021-09-05 00:00:00+00:00,49694.34
2021-09-05 04:00:00+00:00,49890.96
2021-09-05 08:00:00+00:00,50230.0
2021-09-05 12:00:00+00:00,50250.69
2021-09-05 16:00:00+00:00,50723.01
2021-09-05 20:00:00+00:00,51799.57
2021-09-06 00:00:00+00:00,51618.29
2021-09-06 04:00:00+00:00,51824.8
2021-09-06 08:00:00+00:00,51444.39
2021-09-06 12:00:00+00:00,51631.84
2021-09-06 16:00:00+00:00,51756.43
2021-09-06 20:00:00+00:00,52683.97
2021-09-07 00:00:00+00:00,52680.9
2021-09-07 04:00:00+00:00,52379.52
2021-09-07 08:00:00+00:00,50989.36
2021-09-07 12:00:00+00:00,46644.0
2021-09-07 16:00:00+00:00,46713.14
2021-09-07 20:00:00+00:00,46864.39
2021-09-08 00:00:00+00:00,46461.52
2021-09-08 04:00:00+00:00,45111.16
2021-09-08 08:00:00+00:00,46406.55
2021-09-08 12:00:00+00:00,46099.44
2021-09-08 16:00:00+00:00,46454.12
2021-09-08 20:00:00+00:00,46062.29
2021-09-09 00:00:00+00:00,46013.55
2021-09-09 04:00:00+00:00,46271.64
2021-09-09 08:00:00+00:00,46289.6
2021-09-09 12:00:00+00:00,46989.14
2021-09-09 16:00:00+00:00,46593.21
2021-09-09 20:00:00+00:00,46413.88
2021-09-10 00:00:00+00:00,46732.16
2021-09-10 04:00:00+00:00,46172.21
2021-09-10 08:00:00+00:00,46349.99
2021-09-10 12:00:00+00:00,45441.49
2021-09-10 16:00:00+00:00,45668.56
2021-09-10 20:00:00+00:00,44860.83
2021-09-11 00:00:00+00:00,45223.52
2021-09-11 04:00:00+00:00,45068.61
2021-09-11 08:00:00+00:00,45568.06
2021-09-11 12:00:00+00:00,45589.34
2021-09-11 16:00:00+00:00,45376.19
2021-09-11 20:00:00+00:00,45193.78
2021-09-12 00:00:00+00:00,45329.5
2021-09-12 04:00:00+00:00,45364.48
2021-09-12 08:00:00+00:00,46095.98
2021-09-12 12:00:00+00:00,45906.4
2021-09-12 16:00:00+00:00,45925.47
2021-09-12 20:00:00+00:00,46046.73
2021-09-13 00:00:00+00:00,44626.0
2021-09-13 04:00:00+00:00,44492.14
2021-09-13 08:00:00+00:00,44864.14
2021-09-13 12:00:00+00:00,44361.98
2021-09-13 16:00:00+00:00,44763.15
2021-09-13 20:00:00+00:00,44975.96
2021-09-14 00:00:00+00:00,45204.07
2021-09-14 04:00:00+00:00,45731.1
2021-09-14 08:00:00+00:00,45986.45
2021-09-14 12:00:00+00:00,46747.45
2021-09-14 16:00:00+00:00,46467.4
2021-09-14 20:00:00+00:00,47087.18
2021-09-15 00:00:00+00:00,47067.69
2021-09-15 04:00:00+00:00,47166.3
2021-09-15 08:00:00+00:00,47538.1
2021-09-15 12:00:00+00:00,48255.86
2021-09-15 16:00:00+00:00,48054.58
2021-09-15 20:00:00+00:00,48106.12
2021-09-16 00:00:00+00:00,47614.56
2021-09-16 04:00:00+00:00,48320.0
2021-09-16 08:00:00+00:00,47890.03
2021-09-16 12:00:00+00:00,48012.96
2021-09-16 16:00:00+00:00,47439.15
2021-09-16 20:00:00+00:00,47745.55
2021-09-17 00:00:00+00:00,47899.18
2021-09-17 04:00:00+00:00,47726.77
2021-09-17 08:00:00+00:00,47416.58
2021-09-17 12:00:00+00:00,47531.0
2021-09-17 16:00:00+00:00,47498.99
2021-09-17 20:00:00+00:00,47303.11
2021-09-18 00:00:00+00:00,47917.73
2021-09-18 04:00:00+00:00,48621.6
2021-09-18 08:00:00+00:00,48383.15
2021-09-18 12:00:00+00:00,48420.21
2021-09-18 16:00:00+00:00,48272.23
2021-09-18 20:00:00+00:00,48285.15
2021-09-19 00:00:00+00:00,47850.55
2021-09-19 04:00:00+00:00,48156.25
2021-09-19 08:00:00+00:00,47344.16
2021-09-19 12:00:00+00:00,47656.61
2021-09-19 16:00:00+00:00,47389.98
2021-09-19 20:00:00+00:00,47256.91
2021-09-20 00:00:00+00:00,45552.92
2021-09-20 04:00:00+00:00,44825.72
2021-09-20 08:00:00+00:00,43731.44
2021-09-20 12:00:00+00:00,43836.9
2021-09-20 16:00:00+00:00,43852.02
2021-09-20 20:00:00+00:00,43026.6
2021-09-21 00:00:00+00:00,42668.97
2021-09-21 04:00:00+00:00,43282.03
2021-09-21 08:00:00+00:00,43269.19
2021-09-21 12:00:00+00:00,43066.21
2021-09-21 16:00:00+00:00,41999.99
2021-09-21 20:00:00+00:00,40726.1
2021-09-22 00:00:00+00:00,42045.65
2021-09-22 04:00:00+00:00,42522.33
2021-09-22 08:00:00+00:00,41919.42
2021-09-22 12:00:00+00:00,43198.05
2021-09-22 16:00:00+00:00,43375.74
2021-09-22 20:00:00+00:00,43520.0
2021-09-23 00:00:00+00:00,44053.95
2021-09-23 04:00:00+00:00,44211.73
2021-09-23 08:00:00+00:00,43633.6
2021-09-23 12:00:00+00:00,43740.46
2021-09-23 16:00:00+00:00,44743.97
2021-09-23 20:00:00+00:00,44828.29
2021-09-24 00:00:00+00:00,44270.3
2021-09-24 04:00:00+00:00,44785.01
2021-09-24 08:00:00+00:00,41510.06
2021-09-24 12:00:00+00:00,41927.65
2021-09-24 16:00:00+00:00,42337.69
2021-09-24 20:00:00+00:00,42798.49
2021-09-25 00:00:00+00:00,42588.72
2021-09-25 04:00:00+00:00,42357.97
2021-09-25 08:00:00+00:00,42472.89
2021-09-25 12:00:00+00:00,42644.01
2021-09-25 16:00:00+00:00,42637.26
2021-09-25 20:00:00+00:00,42651.58
2021-09-26 00:00:00+00:00,42196.89
2021-09-26 04:00:00+00:00,41214.97
2021-09-26 08:00:00+00:00,43058.87
2021-09-26 12:00:00+00:00,43314.19
2021-09-26 16:00:00+00:00,43244.59
2021-09-26 20:00:00+00:00,43150.0
2021-09-27 00:00:00+00:00,44028.89
2021-09-27 04:00:00+00:00,43665.96
2021-09-27 08:00:00+00:00,43735.01
2021-09-27 12:00:00+00:00,43266.54
2021-09-27 16:00:00+00:00,42994.8
2021-09-27 20:00:00+00:00,42122.69
2021-09-28 00:00:00+00:00,42527.0
2021-09-28 04:00:00+00:00,41762.05
2021-09-28 08:00:00+00:00,42087.21
2021-09-28 12:00:00+00:00,41446.3
2021-09-28 16:00:00+00:00,41583.23
2021-09-28 20:00:00+00:00,41006.32
2021-09-29 00:00:00+00:00,42186.65
2021-09-29 04:00:00+00:00,42429.27
2021-09-29 08:00:00+00:00,42374.1
2021-09-29 12:00:00+00:00,41694.15
2021-09-29 16:00:00+00:00,41198.42
2021-09-29 20:00:00+00:00,41499.71
2021-09-30 00:00:00+00:00,43566.97
2021-09-30 04:00:00+00:00,43276.02
2021-09-30 08:00:00+00:00,43055.44
2021-09-30 12:00:00+00:00,43126.77
2021-09-30 16:00:00+00:00,43515.5
2021-09-30 20:00:00+00:00,43796.57
2021-10-01 00:00:00+00:00,43609.27
2021-10-01 04:00:00+00:00,44753.98
2021-10-01 08:00:00+00:00,47482.27
2021-10-01 12:00:00+00:00,47339.99
2021-10-01 16:00:00+00:00,48009.37
2021-10-01 20:00:00+00:00,48123.94
2021-10-02 00:00:00+00:00,47510.45
2021-10-02 04:00:00+00:00,47702.96
2021-10-02 08:00:00+00:00,47665.0
2021-10-02 12:00:00+00:00,47812.24
2021-10-02 16:00:00+00:00,48234.41
2021-10-02 20:00:00+00:00,47626.61
2021-10-03 00:00:00+00:00,47890.05
2021-10-03 04:00:00+00:00,47874.99
2021-10-03 08:00:00+00:00,47961.48
2021-10-03 12:00:00+00:00,47863.5
2021-10-03 16:00:00+00:00,48774.37
2021-10-03 20:00:00+00:00,48187.3
2021-10-04 00:00:00+00:00,47457.68
2021-10-04 04:00:00+00:00,47836.39
2021-10-04 08:00:00+00:00,47570.0
2021-10-04 12:00:00+00:00,47747.79
2021-10-04 16:00:00+00:00,49374.94
2021-10-04 20:00:00+00:00,49198.22
2021-10-05 00:00:00+00:00,49277.76
2021-10-05 04:00:00+00:00,49447.41
2021-10-05 08:00:00+00:00,49850.0
2021-10-05 12:00:00+00:00,49770.9
2021-10-05 16:00:00+00:00,51164.85
2021-10-05 20:00:00+00:00,51455.12
2021-10-06 00:00:00+00:00,51484.84
2021-10-06 04:00:00+00:00,51430.03
2021-10-06 08:00:00+00:00,51296.44
2021-10-06 12:00:00+00:00,55014.04
2021-10-06 16:00:00+00:00,55078.56
2021-10-06 20:00:00+00:00,55321.6
2021-10-07 00:00:00+00:00,54853.63
2021-10-07 04:00:00+00:00,54808.39
2021-10-07 08:00:00+00:00,54356.0
2021-10-07 12:00:00+00:00,53959.27
2021-10-07 16:00:00+00:00,54019.5
2021-10-07 20:00:00+00:00,53814.99
2021-10-08 00:00:00+00:00,53858.46
2021-10-08 04:00:00+00:00,54851.88
2021-10-08 08:00:00+00:00,55300.99
2021-10-08 12:00:00+00:00,54349.03
2021-10-08 16:00:00+00:00,54711.8
2021-10-08 20:00:00+00:00,53975.0
2021-10-09 00:00:00+00:00,54587.26
2021-10-09 04:00:00+00:00,54943.45
2021-10-09 08:00:00+00:00,54820.0
2021-10-09 12:00:00+00:00,55016.38
2021-10-09 16:00:00+00:00,54680.44
2021-10-09 20:00:00+00:00,54960.77
2021-10-10 00:00:00+00:00,55076.4
2021-10-10 04:00:00+00:00,55699.0
2021-10-10 08:00:00+00:00,55182.23
2021-10-10 12:00:00+00:00,55383.24
2021-10-10 16:00:00+00:00,55475.46
2021-10-10 20:00:00+00:00,54700.0
2021-10-11 00:00:00+00:00,56538.24
2021-10-11 04:00:00+00:00,56819.99
2021-10-11 08:00:00+00:00,56437.85
2021-10-11 12:00:00+00:00,57500.0
2021-10-11 16:00:00+00:00,57501.9
2021-10-11 20:00:00+00:00,57500.01
2021-10-12 00:00:00+00:00,56743.26
2021-10-12 04:00:00+00:00,57335.3
2021-10-12 08:00:00+00:00,57259.99
2021-10-12 12:00:00+00:00,56352.17
2021-10-12 16:00:00+00:00,55369.15
2021-10-12 20:00:00+00:00,56011.84
2021-10-13 00:00:00+00:00,56275.5
2021-10-13 04:00:00+00:00,54640.19
2021-10-13 08:00:00+00:00,55209.51
2021-10-13 12:00:00+00:00,56170.86
2021-10-13 16:00:00+00:00,57260.95
2021-10-13 20:00:00+00:00,57393.65
2021-10-14 00:00:00+00:00,58117.79
2021-10-14 04:00:00+00:00,57416.57
2021-10-14 08:00:00+00:00,57682.0
2021-10-14 12:00:00+00:00,57379.56
2021-10-14 16:00:00+00:00,57860.89
2021-10-14 20:00:00+00:00,57378.19
2021-10-15 00:00:00+00:00,59445.04
2021-10-15 04:00:00+00:00,59290.78
2021-10-15 08:00:00+00:00,59550.17
2021-10-15 12:00:00+00:00,60090.68
2021-10-15 16:00:00+00:00,61507.61
2021-10-15 20:00:00+00:00,61702.33
2021-10-16 00:00:00+00:00,61691.63
2021-10-16 04:00:00+00:00,61782.64
2021-10-16 08:00:00+00:00,61687.72
2021-10-16 12:00:00+00:00,60988.97
2021-10-16 16:00:00+00:00,60884.35
2021-10-16 20:00:00+00:00,60925.56
2021-10-17 00:00:00+00:00,61175.2
2021-10-17 04:00:00+00:00,60389.57
2021-10-17 08:00:00+00:00,61021.05
2021-10-17 12:00:00+00:00,60820.55
2021-10-17 16:00:00+00:00,60563.24
2021-10-17 20:00:00+00:00,61571.45
2021-10-18 00:00:00+00:00,62175.01
2021-10-18 04:00:00+00:00,61929.37
2021-10-18 08:00:00+00:00,60983.73
2021-10-18 12:00:00+00:00,62021.07
2021-10-18 16:00:00+00:00,61449.9
2021-10-18 20:00:00+00:00,62037.92
2021-10-19 00:00:00+00:00,62634.99
2021-10-19 04:00:00+00:00,62320.32
2021-10-19 08:00:00+00:00,62176.5
2021-10-19 12:00:00+00:00,62427.11
2021-10-19 16:00:00+00:00,64219.99
2021-10-19 20:00:00+00:00,64316.7
2021-10-20 00:00:00+00:00,63871.45
2021-10-20 04:00:00+00:00,64033.57
2021-10-20 08:00:00+00:00,63856.84
2021-10-20 12:00:00+00:00,66914.74
2021-10-20 16:00:00+00:00,66450.94
2021-10-20 20:00:00+00:00,66064.24
2021-10-21 00:00:00+00:00,65125.63
2021-10-21 04:00:00+00:00,65128.87
2021-10-21 08:00:00+00:00,64891.94
2021-10-21 12:00:00+00:00,63040.21
2021-10-21 16:00:00+00:00,62869.5
2021-10-21 20:00:00+00:00,62260.33
2021-10-22 00:00:00+00:00,63279.94
2021-10-22 04:00:00+00:00,63424.53
2021-10-22 08:00:00+00:00,63420.67
2021-10-22 12:00:00+00:00,60744.92
2021-10-22 16:00:00+00:00,61087.33
2021-10-22 20:00:00+00:00,60734.27
2021-10-23 00:00:00+00:00,61272.26
2021-10-23 04:00:00+00:00,60925.49
2021-10-23 08:00:00+00:00,61592.68
2021-10-23 12:00:00+00:00,61486.24
2021-10-23 16:00:00+00:00,61058.2
2021-10-23 20:00:00+00:00,61325.11
2021-10-24 00:00:00+00:00,61279.86
2021-10-24 04:00:00+00:00,60745.15
2021-10-24 08:00:00+00:00,60329.66
2021-10-24 12:00:00+00:00,59918.44
2021-10-24 16:00:00+00:00,60688.24
2021-10-24 20:00:00+00:00,60902.82
2021-10-25 00:00:00+00:00,62129.81
2021-10-25 04:00:00+00:00,62683.86
2021-10-25 08:00:00+00:00,62800.0
2021-10-25 12:00:00+00:00,63654.4
2021-10-25 16:00:00+00:00,62749.99
2021-10-25 20:00:00+00:00,63127.04
2021-10-26 00:00:00+00:00,62826.48
2021-10-26 04:00:00+00:00,62495.28
2021-10-26 08:00:00+00:00,62834.4
2021-10-26 12:00:00+00:00,62555.13
2021-10-26 16:00:00+00:00,62085.47
2021-10-26 20:00:00+00:00,60358.75
2021-10-27 00:00:00+00:00,60751.82
2021-10-27 04:00:00+00:00,59999.0
2021-10-27 08:00:00+00:00,58615.66
2021-10-27 12:00:00+00:00,58857.61
2021-10-27 16:00:00+00:00,59114.1
2021-10-27 20:00:00+00:00,58449.36
2021-10-28 00:00:00+00:00,58876.25
2021-10-28 04:00:00+00:00,59027.0
2021-10-28 08:00:00+00:00,60996.42
2021-10-28 12:00:00+00:00,61186.92
2021-10-28 16:00:00+00:00,61347.52
2021-10-28 20:00:00+00:00,60622.03
2021-10-29 00:00:00+00:00,61687.75
2021-10-29 04:00:00+00:00,60610.32
2021-10-29 08:00:00+00:00,60981.91
2021-10-29 12:00:00+00:00,62346.25
2021-10-29 16:00:00+00:00,62590.98
2021-10-29 20:00:00+00:00,62308.22
2021-10-30 00:00:00+00:00,61745.3
2021-10-30 04:00:00+00:00,61635.05
2021-10-30 08:00:00+00:00,61661.97
2021-10-30 12:00:00+00:00,61417.73
2021-10-30 16:00:00+00:00,61774.37
2021-10-30 20:00:00+00:00,61895.19
2021-10-31 00:00:00+00:00,61768.51
2021-10-31 04:00:00+00:00,61413.34
2021-10-31 08:00:00+00:00,60523.94
2021-10-31 12:00:00+00:00,60521.99
2021-10-31 16:00:00+00:00,60747.01
2021-10-31 20:00:00+00:00,61348.61
2021-11-01 00:00:00+00:00,59934.99
2021-11-01 04:00:00+00:00,62257.67
2021-11-01 08:00:00+00:00,61881.04
2021-11-01 12:00:00+00:00,61600.01
2021-11-01 16:00:00+00:00,61484.92
2021-11-01 20:00:00+00:00,60942.87
2021-11-02 00:00:00+00:00,61120.39
2021-11-02 04:00:00+00:00,61576.57
2021-11-02 08:00:00+00:00,62989.67
2021-11-02 12:00:00+00:00,64042.66
2021-11-02 16:00:00+00:00,63638.58
2021-11-02 20:00:00+00:00,63266.69
2021-11-03 00:00:00+00:00,63270.5
2021-11-03 04:00:00+00:00,63437.1
2021-11-03 08:00:00+00:00,63175.6
2021-11-03 12:00:00+00:00,62210.59
2021-11-03 16:00:00+00:00,62859.51
2021-11-03 20:00:00+00:00,62946.45
2021-11-04 00:00:00+00:00,62475.04
2021-11-04 04:00:00+00:00,61899.68
2021-11-04 08:00:00+00:00,61508.56
2021-11-04 12:00:00+00:00,61098.91
2021-11-04 16:00:00+00:00,61286.0
2021-11-04 20:00:00+00:00,61431.86
2021-11-05 00:00:00+00:00,62243.11
2021-11-05 04:00:00+00:00,62183.9
2021-11-05 08:00:00+00:00,61311.01
2021-11-05 12:00:00+00:00,60832.8
2021-11-05 16:00:00+00:00,61152.78
2021-11-05 20:00:00+00:00,61006.0
2021-11-06 00:00:00+00:00,61169.16
2021-11-06 04:00:00+00:00,60823.63
2021-11-06 08:00:00+00:00,60391.29
2021-11-06 12:00:00+00:00,60690.75
2021-11-06 16:00:00+00:00,61220.0
2021-11-06 20:00:00+00:00,61511.3
2021-11-07 00:00:00+00:00,62185.28
2021-11-07 04:00:00+00:00,61814.29
2021-11-07 08:00:00+00:00,61957.18
2021-11-07 12:00:00+00:00,61979.7
2021-11-07 16:00:00+00:00,62304.66
2021-11-07 20:00:00+00:00,63316.4
2021-11-08 00:00:00+00:00,65274.99
2021-11-08 04:00:00+00:00,65996.72
2021-11-08 08:00:00+00:00,66095.2
2021-11-08 12:00:00+00:00,66443.67
2021-11-08 16:00:00+00:00,65887.94
2021-11-08 20:00:00+00:00,67606.96
2021-11-09 00:00:00+00:00,68563.98
2021-11-09 04:00:00+00:00,67895.48
2021-11-09 08:00:00+00:00,67679.34
2021-11-09 12:00:00+00:00,66875.0
2021-11-09 16:00:00+00:00,66862.56
2021-11-09 20:00:00+00:00,67009.98
2021-11-10 00:00:00+00:00,66577.76
2021-11-10 04:00:00+00:00,66504.39
2021-11-10 08:00:00+00:00,66609.29
2021-11-10 12:00:00+00:00,68398.96
2021-11-10 16:00:00+00:00,66740.07
2021-11-10 20:00:00+00:00,64920.13
2021-11-11 00:00:00+00:00,64782.64
2021-11-11 04:00:00+00:00,65258.43
2021-11-11 08:00:00+00:00,65306.02
2021-11-11 12:00:00+00:00,64848.18
2021-11-11 16:00:00+00:00,65162.83
2021-11-11 20:00:00+00:00,64831.3
2021-11-12 00:00:00+00:00,64890.44
2021-11-12 04:00:00+00:00,64534.11
2021-11-12 08:00:00+00:00,63810.23
2021-11-12 12:00:00+00:00,63214.89
2021-11-12 16:00:00+00:00,63892.78
2021-11-12 20:00:00+00:00,64156.08
2021-11-13 00:00:00+00:00,63827.76
2021-11-13 04:00:00+00:00,64079.99
2021-11-13 08:00:00+00:00,63605.51
2021-11-13 12:00:00+00:00,64744.23
2021-11-13 16:00:00+00:00,63974.11
2021-11-13 20:00:00+00:00,64427.0
2021-11-14 00:00:00+00:00,64688.44
2021-11-14 04:00:00+00:00,64677.59
2021-11-14 08:00:00+00:00,64479.06
2021-11-14 12:00:00+00:00,64117.84
2021-11-14 16:00:00+00:00,64211.72
2021-11-14 20:00:00+00:00,65568.39
2021-11-15 00:00:00+00:00,65760.2
2021-11-15 04:00:00+00:00,65626.03
2021-11-15 08:00:00+00:00,65800.97
2021-11-15 12:00:00+00:00,64348.95
2021-11-15 16:00:00+00:00,64308.89
2021-11-15 20:00:00+00:00,63654.49
2021-11-16 00:00:00+00:00,60943.69
2021-11-16 04:00:00+00:00,60840.59
2021-11-16 08:00:00+00:00,60593.99
2021-11-16 12:00:00+00:00,60700.01
2021-11-16 16:00:00+00:00,60243.54
2021-11-16 20:00:00+00:00,60106.03
2021-11-17 00:00:00+00:00,59079.0
2021-11-17 04:00:00+00:00,59724.98
2021-11-17 08:00:00+00:00,60769.01
2021-11-17 12:00:00+00:00,59670.0
2021-11-17 16:00:00+00:00,60221.52
2021-11-17 20:00:00+00:00,60366.96
2021-11-18 00:00:00+00:00,59880.45
2021-11-18 04:00:00+00:00,59782.69
2021-11-18 08:00:00+00:00,59255.0
2021-11-18 12:00:00+00:00,58142.13
2021-11-18 16:00:00+00:00,57952.3
2021-11-18 20:00:00+00:00,56921.05
2021-11-19 00:00:00+00:00,55940.0
2021-11-19 04:00:00+00:00,56026.37
2021-11-19 08:00:00+00:00,57018.83
2021-11-19 12:00:00+00:00,57896.32
2021-11-19 16:00:00+00:00,58049.62
2021-11-19 20:00:00+00:00,58069.51
2021-11-20 00:00:00+00:00,58532.75
2021-11-20 04:00:00+00:00,58405.34
2021-11-20 08:00:00+00:00,58655.29
2021-11-20 12:00:00+00:00,57633.69
2021-11-20 16:00:00+00:00,59460.97
2021-11-20 20:00:00+00:00,59716.29
2021-11-21 00:00:00+00:00,58713.53
2021-11-21 04:00:00+00:00,59005.1
2021-11-21 08:00:00+00:00,58723.65
2021-11-21 12:00:00+00:00,59214.54
2021-11-21 16:00:00+00:00,59330.79
2021-11-21 20:00:00+00:00,58661.39
2021-11-22 00:00:00+00:00,57433.77
2021-11-22 04:00:00+00:00,57280.0
2021-11-22 08:00:00+00:00,57211.86
2021-11-22 12:00:00+00:00,58206.7
2021-11-22 16:00:00+00:00,56007.95
2021-11-22 20:00:00+00:00,56268.31
2021-11-23 00:00:00+00:00,56973.83
2021-11-23 04:00:00+00:00,56058.24
2021-11-23 08:00:00+00:00,56177.84
2021-11-23 12:00:00+00:00,56921.98
2021-11-23 16:00:00+00:00,57815.12
2021-11-23 20:00:00+00:00,57574.23
2021-11-24 00:00:00+00:00,56432.31
2021-11-24 04:00:00+00:00,56544.37
2021-11-24 08:00:00+00:00,56657.05
2021-11-24 12:00:00+00:00,56750.7
2021-11-24 16:00:00+00:00,56870.19
2021-11-24 20:00:00+00:00,57165.08
2021-11-25 00:00:00+00:00,57779.29
2021-11-25 04:00:00+00:00,57676.05
2021-11-25 08:00:00+00:00,58064.5
2021-11-25 12:00:00+00:00,59087.59
2021-11-25 16:00:00+00:00,58908.1
2021-11-25 20:00:00+00:00,58988.21
2021-11-26 00:00:00+00:00,57963.99
2021-11-26 04:00:00+00:00,57014.61
2021-11-26 08:00:00+00:00,53766.35
2021-11-26 12:00:00+00:00,54363.1
2021-11-26 16:00:00+00:00,54355.8
2021-11-26 20:00:00+00:00,53755.65
2021-11-27 00:00:00+00:00,54368.67
2021-11-27 04:00:00+00:00,54413.02
2021-11-27 08:00:00+00:00,54633.01
2021-11-27 12:00:00+00:00,54917.69
2021-11-27 16:00:00+00:00,54952.88
2021-11-27 20:00:00+00:00,54738.77
2021-11-28 00:00:00+00:00,54176.78
2021-11-28 04:00:00+00:00,54533.56
2021-11-28 08:00:00+00:00,54540.07
2021-11-28 12:00:00+00:00,54334.0
2021-11-28 16:00:00+00:00,54644.88
2021-11-28 20:00:00+00:00,57315.73
2021-11-29 00:00:00+00:00,57407.25
2021-11-29 04:00:00+00:00,57536.53
2021-11-29 08:00:00+00:00,56929.74
2021-11-29 12:00:00+00:00,57143.02
2021-11-29 16:00:00+00:00,57929.53
2021-11-29 20:00:00+00:00,57827.98
2021-11-30 00:00:00+00:00,57120.0
2021-11-30 04:00:00+00:00,56527.82
2021-11-30 08:00:00+00:00,57606.8
2021-11-30 12:00:00+00:00,57260.01
2021-11-30 16:00:00+00:00,57672.08
2021-11-30 20:00:00+00:00,56975.0
2021-12-01 00:00:00+00:00,57425.83
2021-12-01 04:00:00+00:00,57205.42
2021-12-01 08:00:00+00:00,57187.6
2021-12-01 12:00:00+00:00,58650.25
2021-12-01 16:00:00+00:00,57476.3
2021-12-01 20:00:00+00:00,57209.29
2021-12-02 00:00:00+00:00,56328.39
2021-12-02 04:00:00+00:00,56833.48
2021-12-02 08:00:00+00:00,56350.01
2021-12-02 12:00:00+00:00,56536.6
2021-12-02 16:00:00+00:00,56650.0
2021-12-02 20:00:00+00:00,56513.57
2021-12-03 00:00:00+00:00,56361.8
2021-12-03 04:00:00+00:00,56777.14
2021-12-03 08:00:00+00:00,57011.36
2021-12-03 12:00:00+00:00,56030.73
2021-12-03 16:00:00+00:00,53884.35
2021-12-03 20:00:00+00:00,53612.0
2021-12-04 00:00:00+00:00,52003.89
2021-12-04 04:00:00+00:00,47241.93
2021-12-04 08:00:00+00:00,46483.34
2021-12-04 12:00:00+00:00,48162.0
2021-12-04 16:00:00+00:00,49246.77
2021-12-04 20:00:00+00:00,49135.66
2021-12-05 00:00:00+00:00,49160.0
2021-12-05 04:00:00+00:00,49267.19
2021-12-05 08:00:00+00:00,49211.11
2021-12-05 12:00:00+00:00,47954.99
2021-12-05 16:00:00+00:00,48892.4
2021-12-05 20:00:00+00:00,49376.6
2021-12-06 00:00:00+00:00,49001.78
2021-12-06 04:00:00+00:00,48393.9
2021-12-06 08:00:00+00:00,48572.09
2021-12-06 12:00:00+00:00,48922.12
2021-12-06 16:00:00+00:00,49095.33
2021-12-06 20:00:00+00:00,50424.72
2021-12-07 00:00:00+00:00,50922.04
2021-12-07 04:00:00+00:00,50890.15
2021-12-07 08:00:00+00:00,51433.34
2021-12-07 12:00:00+00:00,51721.54
2021-12-07 16:00:00+00:00,50880.7
2021-12-07 20:00:00+00:00,50577.2
2021-12-08 00:00:00+00:00,50121.08
2021-12-08 04:00:00+00:00,50489.99
2021-12-08 08:00:00+00:00,49180.57
2021-12-08 12:00:00+00:00,50626.17
2021-12-08 16:00:00+00:00,50416.92
2021-12-08 20:00:00+00:00,50455.61
2021-12-09 00:00:00+00:00,49507.24
2021-12-09 04:00:00+00:00,49987.9
2021-12-09 08:00:00+00:00,49150.01
2021-12-09 12:00:00+00:00,48454.96
2021-12-09 16:00:00+00:00,47619.5
2021-12-09 20:00:00+00:00,47539.76
2021-12-10 00:00:00+00:00,48348.78
2021-12-10 04:00:00+00:00,47685.3
2021-12-10 08:00:00+00:00,48697.41
2021-12-10 12:00:00+00:00,47973.4
2021-12-10 16:00:00+00:00,48101.35
2021-12-10 20:00:00+00:00,47136.35
2021-12-11 00:00:00+00:00,48296.6
2021-12-11 04:00:00+00:00,48018.81
2021-12-11 08:00:00+00:00,48222.24
2021-12-11 12:00:00+00:00,48730.51
2021-12-11 16:00:00+00:00,48400.0
2021-12-11 20:00:00+00:00,49381.15
2021-12-12 00:00:00+00:00,49279.08
2021-12-12 04:00:00+00:00,49276.18
2021-12-12 08:00:00+00:00,49103.88
2021-12-12 12:00:00+00:00,49609.38
2021-12-12 16:00:00+00:00,50214.67
2021-12-12 20:00:00+00:00,50057.01
2021-12-13 00:00:00+00:00,48852.97
2021-12-13 04:00:00+00:00,48731.03
2021-12-13 08:00:00+00:00,48825.17
2021-12-13 12:00:00+00:00,47239.07
2021-12-13 16:00:00+00:00,46699.36
2021-12-13 20:00:00+00:00,46679.93
2021-12-14 00:00:00+00:00,46937.26
2021-12-14 04:00:00+00:00,46981.79
2021-12-14 08:00:00+00:00,47599.9
2021-12-14 12:00:00+00:00,46833.09
2021-12-14 16:00:00+00:00,46844.02
2021-12-14 20:00:00+00:00,48324.04
2021-12-15 00:00:00+00:00,48250.16
2021-12-15 04:00:00+00:00,48200.0
2021-12-15 08:00:00+00:00,48135.18
2021-12-15 12:00:00+00:00,46622.38
2021-12-15 16:00:00+00:00,48659.07
2021-12-15 20:00:00+00:00,48870.48
2021-12-16 00:00:00+00:00,48821.44
2021-12-16 04:00:00+00:00,48718.17
2021-12-16 08:00:00+00:00,49198.04
2021-12-16 12:00:00+00:00,48584.85
2021-12-16 16:00:00+00:00,47874.0
2021-12-16 20:00:00+00:00,47624.5
2021-12-17 00:00:00+00:00,47762.21
2021-12-17 04:00:00+00:00,46990.01
2021-12-17 08:00:00+00:00,47100.0
2021-12-17 12:00:00+00:00,46487.19
2021-12-17 16:00:00+00:00,46742.66
2021-12-17 20:00:00+00:00,46125.33
2021-12-18 00:00:00+00:00,46267.44
2021-12-18 04:00:00+00:00,46324.6
2021-12-18 08:00:00+00:00,47059.59
2021-12-18 12:00:00+00:00,46846.39
2021-12-18 16:00:00+00:00,46623.99
2021-12-18 20:00:00+00:00,46815.99
2021-12-19 00:00:00+00:00,47685.96
2021-12-19 04:00:00+00:00,47507.85
2021-12-19 08:00:00+00:00,47141.22
2021-12-19 12:00:00+00:00,47228.69
2021-12-19 16:00:00+00:00,46656.13
2021-12-19 20:00:00+00:00,46668.63
2021-12-20 00:00:00+00:00,46676.54
2021-12-20 04:00:00+00:00,46421.66
2021-12-20 08:00:00+00:00,46074.13
2021-12-20 12:00:00+00:00,45969.0
2021-12-20 16:00:00+00:00,46559.71
2021-12-20 20:00:00+00:00,46898.14
2021-12-21 00:00:00+00:00,47927.51
2021-12-21 04:00:00+00:00,48574.38
2021-12-21 08:00:00+00:00,48844.63
2021-12-21 12:00:00+00:00,48408.64
2021-12-21 16:00:00+00:00,48606.89
2021-12-21 20:00:00+00:00,48875.15
2021-12-22 00:00:00+00:00,49236.8
2021-12-22 04:00:00+00:00,49175.75
2021-12-22 08:00:00+00:00,48979.4
2021-12-22 12:00:00+00:00,48858.42
2021-12-22 16:00:00+00:00,48911.21
2021-12-22 20:00:00+00:00,48569.69
2021-12-23 00:00:00+00:00,48509.3
2021-12-23 04:00:00+00:00,48118.0
2021-12-23 08:00:00+00:00,48344.91
2021-12-23 12:00:00+00:00,48788.0
2021-12-23 16:00:00+00:00,51082.35
2021-12-23 20:00:00+00:00,50817.92
2021-12-24 00:00:00+00:00,51029.98
2021-12-24 04:00:00+00:00,50990.0
2021-12-24 08:00:00+00:00,50976.0
2021-12-24 12:00:00+00:00,50923.47
2021-12-24 16:00:00+00:00,51127.36
2021-12-24 20:00:00+00:00,50808.55
2021-12-25 00:00:00+00:00,50833.29
2021-12-25 04:00:00+00:00,50916.29
2021-12-25 08:00:00+00:00,50685.22
2021-12-25 12:00:00+00:00,50669.01
2021-12-25 16:00:00+00:00,50901.01
2021-12-25 20:00:00+00:00,50403.64
2021-12-26 00:00:00+00:00,49672.67
2021-12-26 04:00:00+00:00,49915.86
2021-12-26 08:00:00+00:00,49729.35
2021-12-26 12:00:00+00:00,50039.1
2021-12-26 16:00:00+00:00,50330.01
2021-12-26 20:00:00+00:00,50765.73
2021-12-27 00:00:00+00:00,51007.02
2021-12-27 04:00:00+00:00,50693.01
2021-12-27 08:00:00+00:00,50765.06
2021-12-27 12:00:00+00:00,51449.29
2021-12-27 16:00:00+00:00,51207.92
2021-12-27 20:00:00+00:00,50707.72
2021-12-28 00:00:00+00:00,49826.48
2021-12-28 04:00:00+00:00,49197.91
2021-12-28 08:00:00+00:00,49182.14
2021-12-28 12:00:00+00:00,48921.84
2021-12-28 16:00:00+00:00,47676.66
2021-12-28 20:00:00+00:00,47522.03
2021-12-29 00:00:00+00:00,47979.43
2021-12-29 04:00:00+00:00,47558.5
2021-12-29 08:00:00+00:00,47734.91
2021-12-29 12:00:00+00:00,47941.37
2021-12-29 16:00:00+00:00,47123.01
2021-12-29 20:00:00+00:00,46436.54
2021-12-30 00:00:00+00:00,46495.88
2021-12-30 04:00:00+00:00,46953.32
2021-12-30 08:00:00+00:00,47492.99
2021-12-30 12:00:00+00:00,47144.27
2021-12-30 16:00:00+00:00,47540.18
2021-12-30 20:00:00+00:00,47095.02
2021-12-31 00:00:00+00:00,47185.18
2021-12-31 04:00:00+00:00,47168.94
2021-12-31 08:00:00+00:00,47977.58
2021-12-31 12:00:00+00:00,48004.73
2021-12-31 16:00:00+00:00,45707.62
2021-12-31 20:00:00+00:00,46210.56
2022-01-01 00:00:00+00:00,46789.56
2022-01-01 04:00:00+00:00,47186.83
2022-01-01 08:00:00+00:00,46755.01
2022-01-01 12:00:00+00:00,47194.78
2022-01-01 16:00:00+00:00,47326.98
2022-01-01 20:00:00+00:00,47704.35
2022-01-02 00:00:00+00:00,47330.75
2022-01-02 04:00:00+00:00,47171.04
2022-01-02 08:00:00+00:00,47231.3
2022-01-02 12:00:00+00:00,47329.68
2022-01-02 16:00:00+00:00,46908.29
2022-01-02 20:00:00+00:00,47280.0
2022-01-03 00:00:00+00:00,46802.86
2022-01-03 04:00:00+00:00,47041.11
2022-01-03 08:00:00+00:00,47364.11
2022-01-03 12:00:00+00:00,46689.99
2022-01-03 16:00:00+00:00,46364.55
2022-01-03 20:00:00+00:00,46445.81
2022-01-04 00:00:00+00:00,46313.95
2022-01-04 04:00:00+00:00,46521.68
2022-01-04 08:00:00+00:00,46709.98
2022-01-04 12:00:00+00:00,46925.28
2022-01-04 16:00:00+00:00,46058.09
2022-01-04 20:00:00+00:00,45833.42
2022-01-05 00:00:00+00:00,46409.76
2022-01-05 04:00:00+00:00,46399.33
2022-01-05 08:00:00+00:00,46271.93
2022-01-05 12:00:00+00:00,46611.46
2022-01-05 16:00:00+00:00,44673.22
2022-01-05 20:00:00+00:00,43421.69
2022-01-06 00:00:00+00:00,42817.38
2022-01-06 04:00:00+00:00,43222.22
2022-01-06 08:00:00+00:00,42865.15
2022-01-06 12:00:00+00:00,42947.79
2022-01-06 16:00:00+00:00,43409.03
2022-01-06 20:00:00+00:00,43080.01
2022-01-07 00:00:00+00:00,41789.97
2022-01-07 04:00:00+00:00,41691.61
2022-01-07 08:00:00+00:00,42249.99
2022-01-07 12:00:00+00:00,41297.41
2022-01-07 16:00:00+00:00,41764.32
2022-01-07 20:00:00+00:00,41553.86
2022-01-08 00:00:00+00:00,41796.03
2022-01-08 04:00:00+00:00,41902.21
2022-01-08 08:00:00+00:00,41918.02
2022-01-08 12:00:00+00:00,41600.72
2022-01-08 16:00:00+00:00,40837.51
2022-01-08 20:00:00+00:00,41688.05
2022-01-09 00:00:00+00:00,41835.6
2022-01-09 04:00:00+00:00,41784.63
2022-01-09 08:00:00+00:00,41854.25
2022-01-09 12:00:00+00:00,41611.09
2022-01-09 16:00:00+00:00,42678.95
2022-01-09 20:00:00+00:00,41851.22
2022-01-10 00:00:00+00:00,41946.05
2022-01-10 04:00:00+00:00,42034.99
2022-01-10 08:00:00+00:00,41564.26
2022-01-10 12:00:00+00:00,40973.56
2022-01-10 16:00:00+00:00,41280.45
2022-01-10 20:00:00+00:00,41801.55
2022-01-11 00:00:00+00:00,42251.59
2022-01-11 04:00:00+00:00,42191.79
2022-01-11 08:00:00+00:00,41800.95
2022-01-11 12:00:00+00:00,41716.42
2022-01-11 16:00:00+00:00,42938.55
2022-01-11 20:00:00+00:00,42700.68
2022-01-12 00:00:00+00:00,42592.92
2022-01-12 04:00:00+00:00,42550.09
2022-01-12 08:00:00+00:00,42906.98
2022-01-12 12:00:00+00:00,43549.99
2022-01-12 16:00:00+00:00,43707.2
2022-01-12 20:00:00+00:00,43880.72
2022-01-13 00:00:00+00:00,43501.19
2022-01-13 04:00:00+00:00,43682.7
2022-01-13 08:00:00+00:00,43592.1
2022-01-13 12:00:00+00:00,43170.0
2022-01-13 16:00:00+00:00,42690.02
2022-01-13 20:00:00+00:00,42534.32
2022-01-14 00:00:00+00:00,42611.77
2022-01-14 04:00:00+00:00,42635.62
2022-01-14 08:00:00+00:00,41983.12
2022-01-14 12:00:00+00:00,43082.57
2022-01-14 16:00:00+00:00,43055.09
2022-01-14 20:00:00+00:00,43042.4
2022-01-15 00:00:00+00:00,42918.27
2022-01-15 04:00:00+00:00,43073.99
2022-01-15 08:00:00+00:00,42995.23
2022-01-15 12:00:00+00:00,43370.01
2022-01-15 16:00:00+00:00,43496.85
2022-01-15 20:00:00+00:00,43070.51
2022-01-16 00:00:00+00:00,42966.51
2022-01-16 04:00:00+00:00,43173.02
2022-01-16 08:00:00+00:00,42960.0
2022-01-16 12:00:00+00:00,43207.81
2022-01-16 16:00:00+00:00,42817.01
2022-01-16 20:00:00+00:00,43060.66
2022-01-17 00:00:00+00:00,42635.91
2022-01-17 04:00:00+00:00,42639.51
2022-01-17 08:00:00+00:00,42656.61
2022-01-17 12:00:00+00:00,42467.49
2022-01-17 16:00:00+00:00,42221.15
2022-01-17 20:00:00+00:00,42176.34
2022-01-18 00:00:00+00:00,42027.18
2022-01-18 04:00:00+00:00,42040.0
2022-01-18 08:00:00+00:00,41842.4
2022-01-18 12:00:00+00:00,41574.09
2022-01-18 16:00:00+00:00,41680.93
2022-01-18 20:00:00+00:00,42337.58
2022-01-19 00:00:00+00:00,41690.59
2022-01-19 04:00:00+00:00,41271.21
2022-01-19 08:00:00+00:00,42023.15
2022-01-19 12:00:00+00:00,41971.31
2022-01-19 16:00:00+00:00,41864.47
2022-01-19 20:00:00+00:00,41657.89
2022-01-20 00:00:00+00:00,41915.36
2022-01-20 04:00:00+00:00,42039.99
2022-01-20 08:00:00+00:00,42117.31
2022-01-20 12:00:00+00:00,43275.74
2022-01-20 16:00:00+00:00,42909.99
2022-01-20 20:00:00+00:00,40661.69
2022-01-21 00:00:00+00:00,38447.91
2022-01-21 04:00:00+00:00,39106.42
2022-01-21 08:00:00+00:00,38878.71
2022-01-21 12:00:00+00:00,38831.88
2022-01-21 16:00:00+00:00,37967.04
2022-01-21 20:00:00+00:00,36425.98
2022-01-22 00:00:00+00:00,36319.99
2022-01-22 04:00:00+00:00,35374.14
2022-01-22 08:00:00+00:00,35385.59
2022-01-22 12:00:00+00:00,34829.93
2022-01-22 16:00:00+00:00,34506.47
2022-01-22 20:00:00+00:00,35043.73
2022-01-23 00:00:00+00:00,35032.09
2022-01-23 04:00:00+00:00,35553.2
2022-01-23 08:00:00+00:00,35671.57
2022-01-23 12:00:00+00:00,35265.33
2022-01-23 16:00:00+00:00,34763.65
2022-01-23 20:00:00+00:00,36230.01
2022-01-24 00:00:00+00:00,35315.02
2022-01-24 04:00:00+00:00,34875.53
2022-01-24 08:00:00+00:00,33690.01
2022-01-24 12:00:00+00:00,34217.72
2022-01-24 16:00:00+00:00,36050.48
2022-01-24 20:00:00+00:00,36648.31
2022-01-25 00:00:00+00:00,36405.01
2022-01-25 04:00:00+00:00,36035.0
2022-01-25 08:00:00+00:00,36385.0
2022-01-25 12:00:00+00:00,36522.01
2022-01-25 16:00:00+00:00,37039.99
2022-01-25 20:00:00+00:00,36934.26
2022-01-26 00:00:00+00:00,37363.81
2022-01-26 04:00:00+00:00,37321.95
2022-01-26 08:00:00+00:00,38045.91
2022-01-26 12:00:00+00:00,37962.11
2022-01-26 16:00:00+00:00,37548.79
2022-01-26 20:00:00+00:00,36787.43
2022-01-27 00:00:00+00:00,35730.42
2022-01-27 04:00:00+00:00,36150.76
2022-01-27 08:00:00+00:00,36670.15
2022-01-27 12:00:00+00:00,36625.3
2022-01-27 16:00:00+00:00,36194.34
2022-01-27 20:00:00+00:00,37131.0
2022-01-28 00:00:00+00:00,37341.84
2022-01-28 04:00:00+00:00,36788.86
2022-01-28 08:00:00+00:00,36433.29
2022-01-28 12:00:00+00:00,37169.99
2022-01-28 16:00:00+00:00,37205.88
2022-01-28 20:00:00+00:00,37696.21
2022-01-29 00:00:00+00:00,37715.0
2022-01-29 04:00:00+00:00,37822.15
2022-01-29 08:00:00+00:00,37723.57
2022-01-29 12:00:00+00:00,37543.79
2022-01-29 16:00:00+00:00,37831.0
2022-01-29 20:00:00+00:00,38150.01
2022-01-30 00:00:00+00:00,37899.99
2022-01-30 04:00:00+00:00,38228.0
2022-01-30 08:00:00+00:00,38095.46
2022-01-30 12:00:00+00:00,37962.13
2022-01-30 16:00:00+00:00,37505.73
2022-01-30 20:00:00+00:00,37870.01
2022-01-31 00:00:00+00:00,36998.67
2022-01-31 04:00:00+00:00,37098.68
2022-01-31 08:00:00+00:00,37245.0
2022-01-31 12:00:00+00:00,37694.46
2022-01-31 16:00:00+00:00,38400.0
2022-01-31 20:00:00+00:00,38439.04
2022-02-01 00:00:00+00:00,38570.11
2022-02-01 04:00:00+00:00,38420.65
2022-02-01 08:00:00+00:00,38402.86
2022-02-01 12:00:00+00:00,38604.97
2022-02-01 16:00:00+00:00,38356.04
2022-02-01 20:00:00+00:00,38680.51
2022-02-02 00:00:00+00:00,38540.29
2022-02-02 04:00:00+00:00,38268.32
2022-02-02 08:00:00+00:00,38473.75
2022-02-02 12:00:00+00:00,37419.51
2022-02-02 16:00:00+00:00,37538.91
2022-02-02 20:00:00+00:00,36892.03
2022-02-03 00:00:00+00:00,36801.12
2022-02-03 04:00:00+00:00,36995.5
2022-02-03 08:00:00+00:00,36754.99
2022-02-03 12:00:00+00:00,36876.56
2022-02-03 16:00:00+00:00,36538.76
2022-02-03 20:00:00+00:00,37289.86
2022-02-04 00:00:00+00:00,37282.81
2022-02-04 04:00:00+00:00,37858.99
2022-02-04 08:00:00+00:00,37800.02
2022-02-04 12:00:00+00:00,39481.72
2022-02-04 16:00:00+00:00,40701.71
2022-02-04 20:00:00+00:00,41550.0
2022-02-05 00:00:00+00:00,41428.66
2022-02-05 04:00:00+00:00,41368.14
2022-02-05 08:00:00+00:00,41427.85
2022-02-05 12:00:00+00:00,41731.74
2022-02-05 16:00:00+00:00,41532.76
2022-02-05 20:00:00+00:00,41374.69
2022-02-06 00:00:00+00:00,41429.06
2022-02-06 04:00:00+00:00,41588.0
2022-02-06 08:00:00+00:00,41510.72
2022-02-06 12:00:00+00:00,41494.99
2022-02-06 16:00:00+00:00,41692.8
2022-02-06 20:00:00+00:00,42361.35
2022-02-07 00:00:00+00:00,42784.68
2022-02-07 04:00:00+00:00,42712.8
2022-02-07 08:00:00+00:00,42692.25
2022-02-07 12:00:00+00:00,43805.26
2022-02-07 16:00:00+00:00,44243.0
2022-02-07 20:00:00+00:00,43829.99
2022-02-08 00:00:00+00:00,44162.22
2022-02-08 04:00:00+00:00,44842.26
2022-02-08 08:00:00+00:00,43978.64
2022-02-08 12:00:00+00:00,43406.53
2022-02-08 16:00:00+00:00,42985.41
2022-02-08 20:00:00+00:00,44021.57
2022-02-09 00:00:00+00:00,43321.58
2022-02-09 04:00:00+00:00,43798.9
2022-02-09 08:00:00+00:00,43686.65
2022-02-09 12:00:00+00:00,43855.17
2022-02-09 16:00:00+00:00,44455.07
2022-02-09 20:00:00+00:00,44358.08
2022-02-10 00:00:00+00:00,43748.78
2022-02-10 04:00:00+00:00,44066.19
2022-02-10 08:00:00+00:00,44815.74
2022-02-10 12:00:00+00:00,44936.02
2022-02-10 16:00:00+00:00,44355.73
2022-02-10 20:00:00+00:00,43471.29
2022-02-11 00:00:00+00:00,43310.87
2022-02-11 04:00:00+00:00,43330.46
2022-02-11 08:00:00+00:00,43332.95
2022-02-11 12:00:00+00:00,43648.87
2022-02-11 16:00:00+00:00,42725.35
2022-02-11 20:00:00+00:00,42366.0
2022-02-12 00:00:00+00:00,42279.98
2022-02-12 04:00:00+00:00,42090.76
2022-02-12 08:00:00+00:00,42385.66
2022-02-12 12:00:00+00:00,42115.6
2022-02-12 16:00:00+00:00,42644.67
2022-02-12 20:00:00+00:00,42199.87
2022-02-13 00:00:00+00:00,42214.65
2022-02-13 04:00:00+00:00,42385.69
2022-02-13 08:00:00+00:00,42462.0
2022-02-13 12:00:00+00:00,42548.47
2022-02-13 16:00:00+00:00,42015.27
2022-02-13 20:00:00+00:00,42041.13
2022-02-14 00:00:00+00:00,41892.95
2022-02-14 04:00:00+00:00,42290.41
2022-02-14 08:00:00+00:00,42107.81
2022-02-14 12:00:00+00:00,42565.0
2022-02-14 16:00:00+00:00,42102.29
2022-02-14 20:00:00+00:00,42525.14
2022-02-15 00:00:00+00:00,43535.1
2022-02-15 04:00:00+00:00,43665.7
2022-02-15 08:00:00+00:00,44214.4
2022-02-15 12:00:00+00:00,44190.3
2022-02-15 16:00:00+00:00,43989.6
2022-02-15 20:00:00+00:00,44529.6
2022-02-16 00:00:00+00:00,43970.9
2022-02-16 04:00:00+00:00,44165.5
2022-02-16 08:00:00+00:00,44160.6
2022-02-16 12:00:00+00:00,43588.5
2022-02-16 16:00:00+00:00,44202.2
2022-02-16 20:00:00+00:00,43860.7
2022-02-17 00:00:00+00:00,43574.3
2022-02-17 04:00:00+00:00,43902.4
2022-02-17 08:00:00+00:00,43158.2
2022-02-17 12:00:00+00:00,41907.7
2022-02-17 16:00:00+00:00,41177.1
2022-02-17 20:00:00+00:00,40491.7
2022-02-18 00:00:00+00:00,40677.0
2022-02-18 04:00:00+00:00,40637.0
2022-02-18 08:00:00+00:00,40167.2
2022-02-18 12:00:00+00:00,39805.1
2022-02-18 16:00:00+00:00,40196.2
2022-02-18 20:00:00+00:00,39966.8
2022-02-19 00:00:00+00:00,40107.6
2022-02-19 04:00:00+00:00,40245.8
2022-02-19 08:00:00+00:00,39822.8
2022-02-19 12:00:00+00:00,39950.1
2022-02-19 16:00:00+00:00,39959.0
2022-02-19 20:00:00+00:00,40052.6
2022-02-20 00:00:00+00:00,39778.1
2022-02-20 04:00:00+00:00,38770.4
2022-02-20 08:00:00+00:00,38316.0
2022-02-20 12:00:00+00:00,38308.9
2022-02-20 16:00:00+00:00,38379.1
2022-02-20 20:00:00+00:00,38368.1
2022-02-21 00:00:00+00:00,38900.1
2022-02-21 04:00:00+00:00,39266.2
2022-02-21 08:00:00+00:00,37549.9
2022-02-21 12:00:00+00:00,38804.5
2022-02-21 16:00:00+00:00,38114.5
2022-02-21 20:00:00+00:00,36986.4
2022-02-22 00:00:00+00:00,36580.0
2022-02-22 04:00:00+00:00,36748.6
2022-02-22 08:00:00+00:00,37504.7
2022-02-22 12:00:00+00:00,37744.7
2022-02-22 16:00:00+00:00,38039.6
2022-02-22 20:00:00+00:00,38212.0
2022-02-23 00:00:00+00:00,37730.4
2022-02-23 04:00:00+00:00,38121.6
2022-02-23 08:00:00+00:00,38757.2
2022-02-23 12:00:00+00:00,38504.9
2022-02-23 16:00:00+00:00,37602.8
2022-02-23 20:00:00+00:00,37227.8
2022-02-24 00:00:00+00:00,34907.8
2022-02-24 04:00:00+00:00,35282.3
2022-02-24 08:00:00+00:00,35425.4
2022-02-24 12:00:00+00:00,35892.2
2022-02-24 16:00:00+00:00,37272.3
2022-02-24 20:00:00+00:00,38315.1
2022-02-25 00:00:00+00:00,38899.4
2022-02-25 04:00:00+00:00,38462.5
2022-02-25 08:00:00+00:00,38730.0
2022-02-25 12:00:00+00:00,39388.5
2022-02-25 16:00:00+00:00,38667.3
2022-02-25 20:00:00+00:00,39205.4
2022-02-26 00:00:00+00:00,39380.0
2022-02-26 04:00:00+00:00,39199.8
2022-02-26 08:00:00+00:00,38921.0
2022-02-26 12:00:00+00:00,39192.0
2022-02-26 16:00:00+00:00,39238.4
2022-02-26 20:00:00+00:00,39099.3
2022-02-27 00:00:00+00:00,38584.1
2022-02-27 04:00:00+00:00,38770.3
2022-02-27 08:00:00+00:00,39463.4
2022-02-27 12:00:00+00:00,39329.1
2022-02-27 16:00:00+00:00,37574.7
2022-02-27 20:00:00+00:00,37672.0
2022-02-28 00:00:00+00:00,37771.7
2022-02-28 04:00:00+00:00,38317.1
2022-02-28 08:00:00+00:00,38310.4
2022-02-28 12:00:00+00:00,40792.8
2022-02-28 16:00:00+00:00,41306.4
2022-02-28 20:00:00+00:00,43155.0
2022-03-01 00:00:00+00:00,43140.8
2022-03-01 04:00:00+00:00,43471.7
2022-03-01 08:00:00+00:00,43599.9
2022-03-01 12:00:00+00:00,43625.9
2022-03-01 16:00:00+00:00,43693.7
2022-03-01 20:00:00+00:00,44394.1
2022-03-02 00:00:00+00:00,44319.0
2022-03-02 04:00:00+00:00,43963.0
2022-03-02 08:00:00+00:00,44099.8
2022-03-02 12:00:00+00:00,44116.1
2022-03-02 16:00:00+00:00,43690.3
2022-03-02 20:00:00+00:00,43885.7
2022-03-03 00:00:00+00:00,43312.7
2022-03-03 04:00:00+00:00,43468.0
2022-03-03 08:00:00+00:00,43377.2
2022-03-03 12:00:00+00:00,42549.5
2022-03-03 16:00:00+00:00,42220.6
2022-03-03 20:00:00+00:00,42449.5
2022-03-04 00:00:00+00:00,41441.1
2022-03-04 04:00:00+00:00,41427.6
2022-03-04 08:00:00+00:00,41639.6
2022-03-04 12:00:00+00:00,40694.6
2022-03-04 16:00:00+00:00,39785.4
2022-03-04 20:00:00+00:00,39127.7
2022-03-05 00:00:00+00:00,39029.1
2022-03-05 04:00:00+00:00,39003.9
2022-03-05 08:00:00+00:00,39106.1
2022-03-05 12:00:00+00:00,39133.8
2022-03-05 16:00:00+00:00,39416.6
2022-03-05 20:00:00+00:00,39375.1
2022-03-06 00:00:00+00:00,39281.9
2022-03-06 04:00:00+00:00,39369.6
2022-03-06 08:00:00+00:00,38330.9
2022-03-06 12:00:00+00:00,38845.0
2022-03-06 16:00:00+00:00,38649.4
2022-03-06 20:00:00+00:00,38401.1
2022-03-07 00:00:00+00:00,37848.8
2022-03-07 04:00:00+00:00,37878.2
2022-03-07 08:00:00+00:00,38314.1
2022-03-07 12:00:00+00:00,39062.3
2022-03-07 16:00:00+00:00,37288.7
2022-03-07 20:00:00+00:00,37963.8
2022-03-08 00:00:00+00:00,38678.5
2022-03-08 04:00:00+00:00,38530.4
2022-03-08 08:00:00+00:00,38967.8
2022-03-08 12:00:00+00:00,38648.9
2022-03-08 16:00:00+00:00,38741.5
2022-03-08 20:00:00+00:00,38709.9
2022-03-09 00:00:00+00:00,41198.5
2022-03-09 04:00:00+00:00,41773.8
2022-03-09 08:00:00+00:00,42150.1
2022-03-09 12:00:00+00:00,42509.0
2022-03-09 16:00:00+00:00,42200.2
2022-03-09 20:00:00+00:00,41937.5
2022-03-10 00:00:00+00:00,40765.4
2022-03-10 04:00:00+00:00,39219.9
2022-03-10 08:00:00+00:00,39055.4
2022-03-10 12:00:00+00:00,39155.7
2022-03-10 16:00:00+00:00,39405.5
2022-03-10 20:00:00+00:00,39407.2
2022-03-11 00:00:00+00:00,38703.1
2022-03-11 04:00:00+00:00,39111.8
2022-03-11 08:00:00+00:00,39878.4
2022-03-11 12:00:00+00:00,39070.0
2022-03-11 16:00:00+00:00,38776.1
2022-03-11 20:00:00+00:00,38713.0
2022-03-12 00:00:00+00:00,39073.5
2022-03-12 04:00:00+00:00,39092.8
2022-03-12 08:00:00+00:00,39054.1
2022-03-12 12:00:00+00:00,39018.3
2022-03-12 16:00:00+00:00,39006.7
2022-03-12 20:00:00+00:00,38792.6
2022-03-13 00:00:00+00:00,39170.9
2022-03-13 04:00:00+00:00,39075.4
2022-03-13 08:00:00+00:00,38727.4
2022-03-13 12:00:00+00:00,38913.7
2022-03-13 16:00:00+00:00,38843.4
2022-03-13 20:00:00+00:00,37743.7
2022-03-14 00:00:00+00:00,38121.8
2022-03-14 04:00:00+00:00,39062.2
2022-03-14 08:00:00+00:00,38885.1
2022-03-14 12:00:00+00:00,38940.9
2022-03-14 16:00:00+00:00,38795.0
2022-03-14 20:00:00+00:00,39653.8
2022-03-15 00:00:00+00:00,38746.5
2022-03-15 04:00:00+00:00,38428.0
2022-03-15 08:00:00+00:00,38630.5
2022-03-15 12:00:00+00:00,39000.8
2022-03-15 16:00:00+00:00,39730.7
2022-03-15 20:00:00+00:00,39271.0
2022-03-16 00:00:00+00:00,39137.9
2022-03-16 04:00:00+00:00,39561.0
2022-03-16 08:00:00+00:00,40492.8
2022-03-16 12:00:00+00:00,40609.0
2022-03-16 16:00:00+00:00,40868.3
2022-03-16 20:00:00+00:00,41105.8
2022-03-17 00:00:00+00:00,40999.0
2022-03-17 04:00:00+00:00,40720.6
2022-03-17 08:00:00+00:00,40743.4
2022-03-17 12:00:00+00:00,40788.0
2022-03-17 16:00:00+00:00,40859.2
2022-03-17 20:00:00+00:00,40898.1
2022-03-18 00:00:00+00:00,40500.6
2022-03-18 04:00:00+00:00,40560.7
2022-03-18 08:00:00+00:00,40380.7
2022-03-18 12:00:00+00:00,40902.2
2022-03-18 16:00:00+00:00,42020.3
2022-03-18 20:00:00+00:00,41751.5
2022-03-19 00:00:00+00:00,41785.0
2022-03-19 04:00:00+00:00,41605.1
2022-03-19 08:00:00+00:00,41718.6
2022-03-19 12:00:00+00:00,41909.0
2022-03-19 16:00:00+00:00,42008.4
2022-03-19 20:00:00+00:00,42188.2
2022-03-20 00:00:00+00:00,41922.2
2022-03-20 04:00:00+00:00,41848.7
2022-03-20 08:00:00+00:00,41587.9
2022-03-20 12:00:00+00:00,41334.2
2022-03-20 16:00:00+00:00,41364.5
2022-03-20 20:00:00+00:00,41261.0
2022-03-21 00:00:00+00:00,40811.3
2022-03-21 04:00:00+00:00,41076.4
2022-03-21 08:00:00+00:00,41218.7
2022-03-21 12:00:00+00:00,41198.3
2022-03-21 16:00:00+00:00,41168.0
2022-03-21 20:00:00+00:00,40982.0
2022-03-22 00:00:00+00:00,42230.0
2022-03-22 04:00:00+00:00,42197.9
2022-03-22 08:00:00+00:00,42977.0
2022-03-22 12:00:00+00:00,42567.2
2022-03-22 16:00:00+00:00,42268.2
2022-03-22 20:00:00+00:00,42349.8
2022-03-23 00:00:00+00:00,42058.7
2022-03-23 04:00:00+00:00,42094.1
2022-03-23 08:00:00+00:00,42028.8
2022-03-23 12:00:00+00:00,42588.7
2022-03-23 16:00:00+00:00,42192.8
2022-03-23 20:00:00+00:00,42867.9
2022-03-24 00:00:00+00:00,42696.4
2022-03-24 04:00:00+00:00,43061.0
2022-03-24 08:00:00+00:00,42949.5
2022-03-24 12:00:00+00:00,43967.0
2022-03-24 16:00:00+00:00,43891.1
2022-03-24 20:00:00+00:00,43973.4
2022-03-25 00:00:00+00:00,43961.8
2022-03-25 04:00:00+00:00,43902.4
2022-03-25 08:00:00+00:00,44554.5
2022-03-25 12:00:00+00:00,44320.2
2022-03-25 16:00:00+00:00,44428.8
2022-03-25 20:00:00+00:00,44290.6
2022-03-26 00:00:00+00:00,44374.0
2022-03-26 04:00:00+00:00,44482.8
2022-03-26 08:00:00+00:00,44323.6
2022-03-26 12:00:00+00:00,44193.6
2022-03-26 16:00:00+00:00,44340.9
2022-03-26 20:00:00+00:00,44489.2
2022-03-27 00:00:00+00:00,44691.0
2022-03-27 04:00:00+00:00,44719.9
2022-03-27 08:00:00+00:00,44556.5
2022-03-27 12:00:00+00:00,44836.1
2022-03-27 16:00:00+00:00,44813.6
2022-03-27 20:00:00+00:00,46820.8
2022-03-28 00:00:00+00:00,47042.8
2022-03-28 04:00:00+00:00,46984.5
2022-03-28 08:00:00+00:00,47250.0
2022-03-28 12:00:00+00:00,47410.9
2022-03-28 16:00:00+00:00,47923.0
2022-03-28 20:00:00+00:00,47121.9
2022-03-29 00:00:00+00:00,47328.0
2022-03-29 04:00:00+00:00,47330.1
2022-03-29 08:00:00+00:00,47873.3
2022-03-29 12:00:00+00:00,47424.0
2022-03-29 16:00:00+00:00,47704.0
2022-03-29 20:00:00+00:00,47418.5
2022-03-30 00:00:00+00:00,47408.1
2022-03-30 04:00:00+00:00,47371.6
2022-03-30 08:00:00+00:00,47318.1
2022-03-30 12:00:00+00:00,47153.7
2022-03-30 16:00:00+00:00,47061.2
2022-03-30 20:00:00+00:00,47053.2
2022-03-31 00:00:00+00:00,47088.4
2022-03-31 04:00:00+00:00,47140.0
2022-03-31 08:00:00+00:00,47146.5
2022-03-31 12:00:00+00:00,46450.0
2022-03-31 16:00:00+00:00,45578.1
2022-03-31 20:00:00+00:00,45506.0
2022-04-01 00:00:00+00:00,44585.0
2022-04-01 04:00:00+00:00,44993.8
2022-04-01 08:00:00+00:00,45045.2
2022-04-01 12:00:00+00:00,46523.5
2022-04-01 16:00:00+00:00,46349.4
2022-04-01 20:00:00+00:00,46266.2
2022-04-02 00:00:00+00:00,46587.5
2022-04-02 04:00:00+00:00,46578.0
2022-04-02 08:00:00+00:00,46534.5
2022-04-02 12:00:00+00:00,46284.1
2022-04-02 16:00:00+00:00,46099.0
2022-04-02 20:00:00+00:00,45794.6
2022-04-03 00:00:00+00:00,45930.2
2022-04-03 04:00:00+00:00,46363.7
2022-04-03 08:00:00+00:00,46237.1
2022-04-03 12:00:00+00:00,46397.9
2022-04-03 16:00:00+00:00,46388.0
2022-04-03 20:00:00+00:00,46392.4
2022-04-04 00:00:00+00:00,45990.2
2022-04-04 04:00:00+00:00,46158.3
2022-04-04 08:00:00+00:00,46149.9
2022-04-04 12:00:00+00:00,45627.0
2022-04-04 16:00:00+00:00,45905.6
2022-04-04 20:00:00+00:00,46580.9
2022-04-05 00:00:00+00:00,46630.0
2022-04-05 04:00:00+00:00,46705.4
2022-04-05 08:00:00+00:00,46673.4
2022-04-05 12:00:00+00:00,45740.5
2022-04-05 16:00:00+00:00,46019.5
2022-04-05 20:00:00+00:00,45477.4
2022-04-06 00:00:00+00:00,45200.0
2022-04-06 04:00:00+00:00,45255.0
2022-04-06 08:00:00+00:00,44802.5
2022-04-06 12:00:00+00:00,44159.4
2022-04-06 16:00:00+00:00,43751.2
2022-04-06 20:00:00+00:00,43159.7
2022-04-07 00:00:00+00:00,43292.0
2022-04-07 04:00:00+00:00,43416.6
2022-04-07 08:00:00+00:00,43739.9
2022-04-07 12:00:00+00:00,43305.0
2022-04-07 16:00:00+00:00,43367.5
2022-04-07 20:00:00+00:00,43417.1
2022-04-08 00:00:00+00:00,43582.2
2022-04-08 04:00:00+00:00,43742.5
2022-04-08 08:00:00+00:00,43289.8
2022-04-08 12:00:00+00:00,43636.3
2022-04-08 16:00:00+00:00,42722.1
2022-04-08 20:00:00+00:00,42229.2
2022-04-09 00:00:00+00:00,42357.9
2022-04-09 04:00:00+00:00,42466.5
2022-04-09 08:00:00+00:00,42435.5
2022-04-09 12:00:00+00:00,42243.9
2022-04-09 16:00:00+00:00,42490.4
2022-04-09 20:00:00+00:00,42727.7
2022-04-10 00:00:00+00:00,42761.2
2022-04-10 04:00:00+00:00,42610.1
2022-04-10 08:00:00+00:00,42666.1
2022-04-10 12:00:00+00:00,42722.6
2022-04-10 16:00:00+00:00,43217.2
2022-04-10 20:00:00+00:00,42140.4
2022-04-11 00:00:00+00:00,42105.1
2022-04-11 04:00:00+00:00,42282.6
2022-04-11 08:00:00+00:00,41055.1
2022-04-11 12:00:00+00:00,40575.7
2022-04-11 16:00:00+00:00,39961.7
2022-04-11 20:00:00+00:00,39505.6
2022-04-12 00:00:00+00:00,39719.8
2022-04-12 04:00:00+00:00,40154.9
2022-04-12 08:00:00+00:00,40354.5
2022-04-12 12:00:00+00:00,40163.9
2022-04-12 16:00:00+00:00,39281.1
2022-04-12 20:00:00+00:00,40060.7
2022-04-13 00:00:00+00:00,40059.3
2022-04-13 04:00:00+00:00,40112.0
2022-04-13 08:00:00+00:00,39697.7
2022-04-13 12:00:00+00:00,41134.5
2022-04-13 16:00:00+00:00,41041.5
2022-04-13 20:00:00+00:00,41129.8
2022-04-14 00:00:00+00:00,41303.9
2022-04-14 04:00:00+00:00,41245.0
2022-04-14 08:00:00+00:00,40913.5
2022-04-14 12:00:00+00:00,39943.2
2022-04-14 16:00:00+00:00,39752.6
2022-04-14 20:00:00+00:00,39915.9
2022-04-15 00:00:00+00:00,40180.0
2022-04-15 04:00:00+00:00,40225.6
2022-04-15 08:00:00+00:00,40207.6
2022-04-15 12:00:00+00:00,40397.9
2022-04-15 16:00:00+00:00,40296.6
2022-04-15 20:00:00+00:00,40529.5
2022-04-16 00:00:00+00:00,40417.2
2022-04-16 04:00:00+00:00,40376.0
2022-04-16 08:00:00+00:00,40403.3
2022-04-16 12:00:00+00:00,40039.8
2022-04-16 16:00:00+00:00,40189.5
2022-04-16 20:00:00+00:00,40361.0
2022-04-17 00:00:00+00:00,40215.8
2022-04-17 04:00:00+00:00,40271.9
2022-04-17 08:00:00+00:00,40454.6
2022-04-17 12:00:00+00:00,40430.7
2022-04-17 16:00:00+00:00,40357.8
2022-04-17 20:00:00+00:00,39649.1
2022-04-18 00:00:00+00:00,39788.4
2022-04-18 04:00:00+00:00,38902.1
2022-04-18 08:00:00+00:00,38975.3
2022-04-18 12:00:00+00:00,39239.2
2022-04-18 16:00:00+00:00,40670.4
2022-04-18 20:00:00+00:00,40785.6
2022-04-19 00:00:00+00:00,40683.2
2022-04-19 04:00:00+00:00,40671.6
2022-04-19 08:00:00+00:00,40661.5
2022-04-19 12:00:00+00:00,41433.3
2022-04-19 16:00:00+00:00,41400.1
2022-04-19 20:00:00+00:00,41472.9
2022-04-20 00:00:00+00:00,41372.6
2022-04-20 04:00:00+00:00,41325.6
2022-04-20 08:00:00+00:00,42070.8
2022-04-20 12:00:00+00:00,41247.1
2022-04-20 16:00:00+00:00,41177.6
2022-04-20 20:00:00+00:00,41327.7
2022-04-21 00:00:00+00:00,41673.9
2022-04-21 04:00:00+00:00,41833.7
2022-04-21 08:00:00+00:00,42418.0
2022-04-21 12:00:00+00:00,42129.2
2022-04-21 16:00:00+00:00,41209.9
2022-04-21 20:00:00+00:00,40449.8
2022-04-22 00:00:00+00:00,40470.4
2022-04-22 04:00:00+00:00,40687.1
2022-04-22 08:00:00+00:00,40558.0
2022-04-22 12:00:00+00:00,39414.6
2022-04-22 16:00:00+00:00,39482.6
2022-04-22 20:00:00+00:00,39674.2
2022-04-23 00:00:00+00:00,39438.7
2022-04-23 04:00:00+00:00,39578.2
2022-04-23 08:00:00+00:00,39583.2
2022-04-23 12:00:00+00:00,39759.9
2022-04-23 16:00:00+00:00,39734.9
2022-04-23 20:00:00+00:00,39415.1
2022-04-24 00:00:00+00:00,39750.1
2022-04-24 04:00:00+00:00,39725.7
2022-04-24 08:00:00+00:00,39591.2
2022-04-24 12:00:00+00:00,39640.0
2022-04-24 16:00:00+00:00,39675.9
2022-04-24 20:00:00+00:00,39433.4
2022-04-25 00:00:00+00:00,39226.2
2022-04-25 04:00:00+00:00,38437.2
2022-04-25 08:00:00+00:00,38810.6
2022-04-25 12:00:00+00:00,38967.4
2022-04-25 16:00:00+00:00,40204.0
2022-04-25 20:00:00+00:00,40411.0
2022-04-26 00:00:00+00:00,40520.0
2022-04-26 04:00:00+00:00,40573.2
2022-04-26 08:00:00+00:00,40452.2
2022-04-26 12:00:00+00:00,38546.9
2022-04-26 16:00:00+00:00,38250.8
2022-04-26 20:00:00+00:00,38093.7
2022-04-27 00:00:00+00:00,38324.9
2022-04-27 04:00:00+00:00,39064.8
2022-04-27 08:00:00+00:00,38998.5
2022-04-27 12:00:00+00:00,38990.3
2022-04-27 16:00:00+00:00,38836.8
2022-04-27 20:00:00+00:00,39209.0
2022-04-28 00:00:00+00:00,39332.9
2022-04-28 04:00:00+00:00,39365.0
2022-04-28 08:00:00+00:00,39666.7
2022-04-28 12:00:00+00:00,39428.2
2022-04-28 16:00:00+00:00,39973.2
2022-04-28 20:00:00+00:00,39732.5
2022-04-29 00:00:00+00:00,39528.2
2022-04-29 04:00:00+00:00,39583.9
2022-04-29 08:00:00+00:00,38737.7
2022-04-29 12:00:00+00:00,38988.1
2022-04-29 16:00:00+00:00,38314.2
2022-04-29 20:00:00+00:00,38572.2
2022-04-30 00:00:00+00:00,38641.5
2022-04-30 04:00:00+00:00,38634.9
2022-04-30 08:00:00+00:00,38564.9
2022-04-30 12:00:00+00:00,38439.9
2022-04-30 16:00:00+00:00,38447.7
2022-04-30 20:00:00+00:00,37614.5
2022-05-01 00:00:00+00:00,38021.2
2022-05-01 04:00:00+00:00,37944.1
2022-05-01 08:00:00+00:00,37922.1
2022-05-01 12:00:00+00:00,38470.2
2022-05-01 16:00:00+00:00,37790.0
2022-05-01 20:00:00+00:00,38440.5
2022-05-02 00:00:00+00:00,38653.7
2022-05-02 04:00:00+00:00,38869.6
2022-05-02 08:00:00+00:00,38516.0
2022-05-02 12:00:00+00:00,38692.1
2022-05-02 16:00:00+00:00,38551.9
2022-05-02 20:00:00+00:00,38525.6
2022-05-03 00:00:00+00:00,38522.7
2022-05-03 04:00:00+00:00,38553.1
2022-05-03 08:00:00+00:00,38561.9
2022-05-03 12:00:00+00:00,38327.3
2022-05-03 16:00:00+00:00,37707.3
2022-05-03 20:00:00+00:00,37712.9
2022-05-04 00:00:00+00:00,37996.2
2022-05-04 04:00:00+00:00,38673.1
2022-05-04 08:00:00+00:00,38987.5
2022-05-04 12:00:00+00:00,38969.0
2022-05-04 16:00:00+00:00,39855.2
2022-05-04 20:00:00+00:00,39684.0
2022-05-05 00:00:00+00:00,39731.4
2022-05-05 04:00:00+00:00,39585.4
2022-05-05 08:00:00+00:00,39499.0
2022-05-05 12:00:00+00:00,36886.4
2022-05-05 16:00:00+00:00,36284.0
2022-05-05 20:00:00+00:00,36534.7
2022-05-06 00:00:00+00:00,36441.4
2022-05-06 04:00:00+00:00,36359.3
2022-05-06 08:00:00+00:00,35766.0
2022-05-06 12:00:00+00:00,35989.1
2022-05-06 16:00:00+00:00,35980.3
2022-05-06 20:00:00+00:00,35995.3
2022-05-07 00:00:00+00:00,35796.1
2022-05-07 04:00:00+00:00,35900.0
2022-05-07 08:00:00+00:00,36042.3
2022-05-07 12:00:00+00:00,35947.1
2022-05-07 16:00:00+00:00,35858.4
2022-05-07 20:00:00+00:00,35466.7
2022-05-08 00:00:00+00:00,34475.7
2022-05-08 04:00:00+00:00,34593.0
2022-05-08 08:00:00+00:00,34781.2
2022-05-08 12:00:00+00:00,34360.6
2022-05-08 16:00:00+00:00,34585.5
2022-05-08 20:00:00+00:00,34032.0
2022-05-09 00:00:00+00:00,33567.0
2022-05-09 04:00:00+00:00,33509.7
2022-05-09 08:00:00+00:00,33107.9
2022-05-09 12:00:00+00:00,32339.9
2022-05-09 16:00:00+00:00,30923.8
2022-05-09 20:00:00+00:00,30056.6
2022-05-10 00:00:00+00:00,30640.9
2022-05-10 04:00:00+00:00,31603.1
2022-05-10 08:00:00+00:00,31623.1
2022-05-10 12:00:00+00:00,31314.3
2022-05-10 16:00:00+00:00,31318.0
2022-05-10 20:00:00+00:00,31002.1
2022-05-11 00:00:00+00:00,31190.0
2022-05-11 04:00:00+00:00,30598.9
2022-05-11 08:00:00+00:00,31517.1
2022-05-11 12:00:00+00:00,30971.3
2022-05-11 16:00:00+00:00,29360.5
2022-05-11 20:00:00+00:00,29074.7
2022-05-12 00:00:00+00:00,28380.9
2022-05-12 04:00:00+00:00,28151.9
2022-05-12 08:00:00+00:00,28460.5
2022-05-12 12:00:00+00:00,29015.1
2022-05-12 16:00:00+00:00,28622.7
2022-05-12 20:00:00+00:00,29020.7
2022-05-13 00:00:00+00:00,30564.3
2022-05-13 04:00:00+00:00,30172.3
2022-05-13 08:00:00+00:00,30650.5
2022-05-13 12:00:00+00:00,30327.4
2022-05-13 16:00:00+00:00,30076.0
2022-05-13 20:00:00+00:00,29274.3
2022-05-14 00:00:00+00:00,29563.4
2022-05-14 04:00:00+00:00,29414.1
2022-05-14 08:00:00+00:00,29065.0
2022-05-14 12:00:00+00:00,28812.6
2022-05-14 16:00:00+00:00,29325.8
2022-05-14 20:00:00+00:00,30079.8
2022-05-15 00:00:00+00:00,29715.9
2022-05-15 04:00:00+00:00,29811.6
2022-05-15 08:00:00+00:00,30224.8
2022-05-15 12:00:00+00:00,30003.5
2022-05-15 16:00:00+00:00,30452.2
2022-05-15 20:00:00+00:00,31324.4
2022-05-16 00:00:00+00:00,30315.0
2022-05-16 04:00:00+00:00,29572.8
2022-05-16 08:00:00+00:00,29937.5
2022-05-16 12:00:00+00:00,29663.1
2022-05-16 16:00:00+00:00,29564.3
2022-05-16 20:00:00+00:00,29866.7
2022-05-17 00:00:00+00:00,30341.6
2022-05-17 04:00:00+00:00,30394.3
2022-05-17 08:00:00+00:00,30302.0
2022-05-17 12:00:00+00:00,30130.7
2022-05-17 16:00:00+00:00,30081.2
2022-05-17 20:00:00+00:00,30437.0
2022-05-18 00:00:00+00:00,29815.2
2022-05-18 04:00:00+00:00,29893.7
2022-05-18 08:00:00+00:00,29818.1
2022-05-18 12:00:00+00:00,28971.9
2022-05-18 16:00:00+00:00,29257.6
2022-05-18 20:00:00+00:00,28700.6
2022-05-19 00:00:00+00:00,29179.6
2022-05-19 04:00:00+00:00,29181.9
2022-05-19 08:00:00+00:00,29482.2
2022-05-19 12:00:00+00:00,30386.4
2022-05-19 16:00:00+00:00,29959.2
2022-05-19 20:00:00+00:00,30319.9
2022-05-20 00:00:00+00:00,30172.6
2022-05-20 04:00:00+00:00,30251.5
2022-05-20 08:00:00+00:00,30412.5
2022-05-20 12:00:00+00:00,29142.0
2022-05-20 16:00:00+00:00,29271.7
2022-05-20 20:00:00+00:00,29188.9
2022-05-21 00:00:00+00:00,29246.8
2022-05-21 04:00:00+00:00,29411.1
2022-05-21 08:00:00+00:00,29272.0
2022-05-21 12:00:00+00:00,29531.5
2022-05-21 16:00:00+00:00,29452.2
2022-05-21 20:00:00+00:00,29427.4
2022-05-22 00:00:00+00:00,29343.9
2022-05-22 04:00:00+00:00,29430.1
2022-05-22 08:00:00+00:00,29891.1
2022-05-22 12:00:00+00:00,29834.8
2022-05-22 16:00:00+00:00,29932.7
2022-05-22 20:00:00+00:00,30284.0
2022-05-23 00:00:00+00:00,30165.3
2022-05-23 04:00:00+00:00,30446.7
2022-05-23 08:00:00+00:00,30393.8
2022-05-23 12:00:00+00:00,30358.8
2022-05-23 16:00:00+00:00,29062.8
2022-05-23 20:00:00+00:00,29097.7
2022-05-24 00:00:00+00:00,29288.2
2022-05-24 04:00:00+00:00,29387.3
2022-05-24 08:00:00+00:00,29280.4
2022-05-24 12:00:00+00:00,29373.9
2022-05-24 16:00:00+00:00,29378.8
2022-05-24 20:00:00+00:00,29643.1
2022-05-25 00:00:00+00:00,30188.9
2022-05-25 04:00:00+00:00,29695.6
2022-05-25 08:00:00+00:00,29403.5
2022-05-25 12:00:00+00:00,29616.1
2022-05-25 16:00:00+00:00,29584.0
2022-05-25 20:00:00+00:00,29536.7
2022-05-26 00:00:00+00:00,29826.3
2022-05-26 04:00:00+00:00,29714.9
2022-05-26 08:00:00+00:00,28992.8
2022-05-26 12:00:00+00:00,29374.4
2022-05-26 16:00:00+00:00,29374.8
2022-05-26 20:00:00+00:00,29194.0
2022-05-27 00:00:00+00:00,29004.7
2022-05-27 04:00:00+00:00,28977.0
2022-05-27 08:00:00+00:00,28902.1
2022-05-27 12:00:00+00:00,28835.5
2022-05-27 16:00:00+00:00,28870.0
2022-05-27 20:00:00+00:00,28623.2
2022-05-28 00:00:00+00:00,28805.2
2022-05-28 04:00:00+00:00,28870.9
2022-05-28 08:00:00+00:00,28817.8
2022-05-28 12:00:00+00:00,28974.7
2022-05-28 16:00:00+00:00,29013.5
2022-05-28 20:00:00+00:00,29018.8
2022-05-29 00:00:00+00:00,28969.9
2022-05-29 04:00:00+00:00,29000.4
2022-05-29 08:00:00+00:00,29204.0
2022-05-29 12:00:00+00:00,29210.5
2022-05-29 16:00:00+00:00,29119.4
2022-05-29 20:00:00+00:00,29452.8
2022-05-30 00:00:00+00:00,30345.6
2022-05-30 04:00:00+00:00,30625.3
2022-05-30 08:00:00+00:00,30659.1
2022-05-30 12:00:00+00:00,30617.9
2022-05-30 16:00:00+00:00,30629.4
2022-05-30 20:00:00+00:00,31726.5
2022-05-31 00:00:00+00:00,31763.3
2022-05-31 04:00:00+00:00,31570.4
2022-05-31 08:00:00+00:00,31756.0
2022-05-31 12:00:00+00:00,32045.9
2022-05-31 16:00:00+00:00,31618.9
2022-05-31 20:00:00+00:00,31797.8
2022-06-01 00:00:00+00:00,31624.0
2022-06-01 04:00:00+00:00,31479.6
2022-06-01 08:00:00+00:00,31596.0
2022-06-01 12:00:00+00:00,30733.7
2022-06-01 16:00:00+00:00,30116.5
2022-06-01 20:00:00+00:00,29796.9
2022-06-02 00:00:00+00:00,29718.4
2022-06-02 04:00:00+00:00,29952.8
2022-06-02 08:00:00+00:00,30157.8
2022-06-02 12:00:00+00:00,30194.4
2022-06-02 16:00:00+00:00,30272.2
2022-06-02 20:00:00+00:00,30437.1
2022-06-03 00:00:00+00:00,30510.5
2022-06-03 04:00:00+00:00,30424.3
2022-06-03 08:00:00+00:00,29744.0
2022-06-03 12:00:00+00:00,29486.7
2022-06-03 16:00:00+00:00,29560.5
2022-06-03 20:00:00+00:00,29682.8
2022-06-04 00:00:00+00:00,29543.2
2022-06-04 04:00:00+00:00,29690.5
2022-06-04 08:00:00+00:00,29669.7
2022-06-04 12:00:00+00:00,29839.9
2022-06-04 16:00:00+00:00,29642.6
2022-06-04 20:00:00+00:00,29848.4
2022-06-05 00:00:00+00:00,29756.2
2022-06-05 04:00:00+00:00,29630.6
2022-06-05 08:00:00+00:00,29700.7
2022-06-05 12:00:00+00:00,29958.3
2022-06-05 16:00:00+00:00,30036.3
2022-06-05 20:00:00+00:00,29909.9
2022-06-06 00:00:00+00:00,31235.0
2022-06-06 04:00:00+00:00,31277.9
2022-06-06 08:00:00+00:00,31392.0
2022-06-06 12:00:00+00:00,31529.8
2022-06-06 16:00:00+00:00,31466.9
2022-06-06 20:00:00+00:00,31361.2
2022-06-07 00:00:00+00:00,29547.5
2022-06-07 04:00:00+00:00,29569.0
2022-06-07 08:00:00+00:00,29504.5
2022-06-07 12:00:00+00:00,29876.0
2022-06-07 16:00:00+00:00,31050.5
2022-06-07 20:00:00+00:00,31118.1
2022-06-08 00:00:00+00:00,30006.0
2022-06-08 04:00:00+00:00,30547.9
2022-06-08 08:00:00+00:00,30399.2
2022-06-08 12:00:00+00:00,30458.0
2022-06-08 16:00:00+00:00,30127.6
2022-06-08 20:00:00+00:00,30192.5
2022-06-09 00:00:00+00:00,30283.0
2022-06-09 04:00:00+00:00,30477.3
2022-06-09 08:00:00+00:00,30286.7
2022-06-09 12:00:00+00:00,30285.8
2022-06-09 16:00:00+00:00,30003.8
2022-06-09 20:00:00+00:00,30093.3
2022-06-10 00:00:00+00:00,30102.0
2022-06-10 04:00:00+00:00,30041.6
2022-06-10 08:00:00+00:00,30005.5
2022-06-10 12:00:00+00:00,29438.2
2022-06-10 16:00:00+00:00,28970.5
2022-06-10 20:00:00+00:00,29077.7
2022-06-11 00:00:00+00:00,29258.4
2022-06-11 04:00:00+00:00,29309.0
2022-06-11 08:00:00+00:00,28723.9
2022-06-11 12:00:00+00:00,28392.3
2022-06-11 16:00:00+00:00,28581.0
2022-06-11 20:00:00+00:00,28416.7
2022-06-12 00:00:00+00:00,27538.2
2022-06-12 04:00:00+00:00,27629.4
2022-06-12 08:00:00+00:00,27443.8
2022-06-12 12:00:00+00:00,28077.8
2022-06-12 16:00:00+00:00,27410.0
2022-06-12 20:00:00+00:00,26564.7
2022-06-13 00:00:00+00:00,25500.0
2022-06-13 04:00:00+00:00,24801.2
2022-06-13 08:00:00+00:00,23718.3
2022-06-13 12:00:00+00:00,23253.1
2022-06-13 16:00:00+00:00,23200.1
2022-06-13 20:00:00+00:00,22471.5
2022-06-14 00:00:00+00:00,22106.5
2022-06-14 04:00:00+00:00,22863.2
2022-06-14 08:00:00+00:00,21980.0
2022-06-14 12:00:00+00:00,22672.6
2022-06-14 16:00:00+00:00,22182.0
2022-06-14 20:00:00+00:00,22122.7
2022-06-15 00:00:00+00:00,21442.3
2022-06-15 04:00:00+00:00,20707.5
2022-06-15 08:00:00+00:00,21163.8
2022-06-15 12:00:00+00:00,21408.8
2022-06-15 16:00:00+00:00,21617.3
2022-06-15 20:00:00+00:00,22567.5
2022-06-16 00:00:00+00:00,22197.5
2022-06-16 04:00:00+00:00,21748.9
2022-06-16 08:00:00+00:00,21028.1
2022-06-16 12:00:00+00:00,21067.0
2022-06-16 16:00:00+00:00,20862.2
2022-06-16 20:00:00+00:00,20387.4
2022-06-17 00:00:00+00:00,20369.0
2022-06-17 04:00:00+00:00,21087.5
2022-06-17 08:00:00+00:00,20963.9
2022-06-17 12:00:00+00:00,20656.0
2022-06-17 16:00:00+00:00,20506.6
2022-06-17 20:00:00+00:00,20457.3
2022-06-18 00:00:00+00:00,20450.0
2022-06-18 04:00:00+00:00,19244.9
2022-06-18 08:00:00+00:00,19237.0
2022-06-18 12:00:00+00:00,18946.6
2022-06-18 16:00:00+00:00,18059.4
2022-06-18 20:00:00+00:00,18959.7
2022-06-19 00:00:00+00:00,18299.8
2022-06-19 04:00:00+00:00,18297.2
2022-06-19 08:00:00+00:00,19685.4
2022-06-19 12:00:00+00:00,19816.3
2022-06-19 16:00:00+00:00,20111.2
2022-06-19 20:00:00+00:00,20564.2
2022-06-20 00:00:00+00:00,19966.7
2022-06-20 04:00:00+00:00,20076.7
2022-06-20 08:00:00+00:00,20791.0
2022-06-20 12:00:00+00:00,20815.4
2022-06-20 16:00:00+00:00,20064.3
2022-06-20 20:00:00+00:00,20570.1
2022-06-21 00:00:00+00:00,20604.4
2022-06-21 04:00:00+00:00,21107.7
2022-06-21 08:00:00+00:00,20953.2
2022-06-21 12:00:00+00:00,21382.8
2022-06-21 16:00:00+00:00,20879.5
2022-06-21 20:00:00+00:00,20713.1
2022-06-22 00:00:00+00:00,20309.0
2022-06-22 04:00:00+00:00,20091.6
2022-06-22 08:00:00+00:00,20497.5
2022-06-22 12:00:00+00:00,20075.4
2022-06-22 16:00:00+00:00,20103.0
2022-06-22 20:00:00+00:00,19977.4
2022-06-23 00:00:00+00:00,20202.9
2022-06-23 04:00:00+00:00,20446.2
2022-06-23 08:00:00+00:00,20629.5
2022-06-23 12:00:00+00:00,20339.9
2022-06-23 16:00:00+00:00,20900.5
2022-06-23 20:00:00+00:00,21096.6
2022-06-24 00:00:00+00:00,21066.3
2022-06-24 04:00:00+00:00,20903.9
2022-06-24 08:00:00+00:00,21165.0
2022-06-24 12:00:00+00:00,20875.4
2022-06-24 16:00:00+00:00,21241.9
2022-06-24 20:00:00+00:00,21231.2
2022-06-25 00:00:00+00:00,21295.0
2022-06-25 04:00:00+00:00,21495.5
2022-06-25 08:00:00+00:00,21329.1
2022-06-25 12:00:00+00:00,20958.9
2022-06-25 16:00:00+00:00,21195.5
2022-06-25 20:00:00+00:00,21481.9
2022-06-26 00:00:00+00:00,21415.1
2022-06-26 04:00:00+00:00,21390.1
2022-06-26 08:00:00+00:00,21699.5
2022-06-26 12:00:00+00:00,21314.2
2022-06-26 16:00:00+00:00,21273.6
2022-06-26 20:00:00+00:00,21029.1
2022-06-27 00:00:00+00:00,21160.9
2022-06-27 04:00:00+00:00,21354.9
2022-06-27 08:00:00+00:00,21298.2
2022-06-27 12:00:00+00:00,20744.0
2022-06-27 16:00:00+00:00,20845.8
2022-06-27 20:00:00+00:00,20730.0
2022-06-28 00:00:00+00:00,20722.6
2022-06-28 04:00:00+00:00,20868.2
2022-06-28 08:00:00+00:00,20987.9
2022-06-28 12:00:00+00:00,20595.4
2022-06-28 16:00:00+00:00,20246.6
2022-06-28 20:00:00+00:00,20268.6
2022-06-29 00:00:00+00:00,20275.9
2022-06-29 04:00:00+00:00,20080.6
2022-06-29 08:00:00+00:00,20096.9
2022-06-29 12:00:00+00:00,20076.3
2022-06-29 16:00:00+00:00,20214.1
2022-06-29 20:00:00+00:00,20109.9
2022-06-30 00:00:00+00:00,20062.6
2022-06-30 04:00:00+00:00,19423.5
2022-06-30 08:00:00+00:00,19088.7
2022-06-30 12:00:00+00:00,19133.5
2022-06-30 16:00:00+00:00,18921.3
2022-06-30 20:00:00+00:00,19923.5
2022-07-01 00:00:00+00:00,19720.1
2022-07-01 04:00:00+00:00,19566.1
2022-07-01 08:00:00+00:00,19180.0
2022-07-01 12:00:00+00:00,19279.5
2022-07-01 16:00:00+00:00,19380.1
2022-07-01 20:00:00+00:00,19272.0
2022-07-02 00:00:00+00:00,19121.7
2022-07-02 04:00:00+00:00,19119.9
2022-07-02 08:00:00+00:00,19188.6
2022-07-02 12:00:00+00:00,19219.9
2022-07-02 16:00:00+00:00,19263.6
2022-07-02 20:00:00+00:00,19240.9
2022-07-03 00:00:00+00:00,19254.6
2022-07-03 04:00:00+00:00,19127.8
2022-07-03 08:00:00+00:00,19080.0
2022-07-03 12:00:00+00:00,19035.3
2022-07-03 16:00:00+00:00,19483.3
2022-07-03 20:00:00+00:00,19305.9
2022-07-04 00:00:00+00:00,19094.0
2022-07-04 04:00:00+00:00,19115.2
2022-07-04 08:00:00+00:00,19794.2
2022-07-04 12:00:00+00:00,19792.4
2022-07-04 16:00:00+00:00,19823.9
2022-07-04 20:00:00+00:00,20226.6
2022-07-05 00:00:00+00:00,20302.8
2022-07-05 04:00:00+00:00,20207.7
2022-07-05 08:00:00+00:00,19514.3
2022-07-05 12:00:00+00:00,19507.0
2022-07-05 16:00:00+00:00,20392.8
2022-07-05 20:00:00+00:00,20170.0
2022-07-06 00:00:00+00:00,19940.4
2022-07-06 04:00:00+00:00,20150.9
2022-07-06 08:00:00+00:00,20098.7
2022-07-06 12:00:00+00:00,20140.1
2022-07-06 16:00:00+00:00,20319.8
2022-07-06 20:00:00+00:00,20554.1
2022-07-07 00:00:00+00:00,20474.0
2022-07-07 04:00:00+00:00,20432.8
2022-07-07 08:00:00+00:00,20504.3
2022-07-07 12:00:00+00:00,20881.9
2022-07-07 16:00:00+00:00,21797.8
2022-07-07 20:00:00+00:00,21613.4
2022-07-08 00:00:00+00:00,22119.7
2022-07-08 04:00:00+00:00,21791.3
2022-07-08 08:00:00+00:00,21577.7
2022-07-08 12:00:00+00:00,21947.3
2022-07-08 16:00:00+00:00,21805.6
2022-07-08 20:00:00+00:00,21587.9
2022-07-09 00:00:00+00:00,21605.9
2022-07-09 04:00:00+00:00,21644.7
2022-07-09 08:00:00+00:00,21437.4
2022-07-09 12:00:00+00:00,21538.7
2022-07-09 16:00:00+00:00,21613.3
2022-07-09 20:00:00+00:00,21580.0
2022-07-10 00:00:00+00:00,21288.6
2022-07-10 04:00:00+00:00,21329.9
2022-07-10 08:00:00+00:00,21296.1
2022-07-10 12:00:00+00:00,20892.5
2022-07-10 16:00:00+00:00,20913.1
2022-07-10 20:00:00+00:00,20853.8
2022-07-11 00:00:00+00:00,20540.0
2022-07-11 04:00:00+00:00,20429.3
2022-07-11 08:00:00+00:00,20465.0
2022-07-11 12:00:00+00:00,20430.1
2022-07-11 16:00:00+00:00,20499.8
2022-07-11 20:00:00+00:00,19954.3
2022-07-12 00:00:00+00:00,19934.3
2022-07-12 04:00:00+00:00,19722.9
2022-07-12 08:00:00+00:00,19765.1
2022-07-12 12:00:00+00:00,19876.9
2022-07-12 16:00:00+00:00,19383.6
2022-07-12 20:00:00+00:00,19322.9
2022-07-13 00:00:00+00:00,19462.7
2022-07-13 04:00:00+00:00,19699.5
2022-07-13 08:00:00+00:00,19833.0
2022-07-13 12:00:00+00:00,19445.1
2022-07-13 16:00:00+00:00,19644.7
2022-07-13 20:00:00+00:00,20220.1
2022-07-14 00:00:00+00:00,20215.3
2022-07-14 04:00:00+00:00,19981.3
2022-07-14 08:00:00+00:00,19728.0
2022-07-14 12:00:00+00:00,20379.3
2022-07-14 16:00:00+00:00,20602.9
2022-07-14 20:00:00+00:00,20578.6
2022-07-15 00:00:00+00:00,20601.4
2022-07-15 04:00:00+00:00,20823.4
2022-07-15 08:00:00+00:00,20764.2
2022-07-15 12:00:00+00:00,20785.1
2022-07-15 16:00:00+00:00,21156.7
2022-07-15 20:00:00+00:00,20823.1
2022-07-16 00:00:00+00:00,20727.3
2022-07-16 04:00:00+00:00,20541.0
2022-07-16 08:00:00+00:00,20604.6
2022-07-16 12:00:00+00:00,20935.0
2022-07-16 16:00:00+00:00,21184.3
2022-07-16 20:00:00+00:00,21183.5
2022-07-17 00:00:00+00:00,21314.1
2022-07-17 04:00:00+00:00,21460.0
2022-07-17 08:00:00+00:00,21450.7
2022-07-17 12:00:00+00:00,21158.0
2022-07-17 16:00:00+00:00,21020.9
2022-07-17 20:00:00+00:00,20794.4
2022-07-18 00:00:00+00:00,21274.0
2022-07-18 04:00:00+00:00,22243.4
2022-07-18 08:00:00+00:00,22130.0
2022-07-18 12:00:00+00:00,22674.2
2022-07-18 16:00:00+00:00,21614.8
2022-07-18 20:00:00+00:00,22423.9
2022-07-19 00:00:00+00:00,21897.9
2022-07-19 04:00:00+00:00,21761.0
2022-07-19 08:00:00+00:00,21967.6
2022-07-19 12:00:00+00:00,23116.2
2022-07-19 16:00:00+00:00,23391.5
2022-07-19 20:00:00+00:00,23385.9
2022-07-20 00:00:00+00:00,23433.8
2022-07-20 04:00:00+00:00,23376.7
2022-07-20 08:00:00+00:00,23720.0
2022-07-20 12:00:00+00:00,24153.4
2022-07-20 16:00:00+00:00,23650.6
2022-07-20 20:00:00+00:00,23221.5
2022-07-21 00:00:00+00:00,22774.4
2022-07-21 04:00:00+00:00,22926.7
2022-07-21 08:00:00+00:00,22605.4
2022-07-21 12:00:00+00:00,22633.7
2022-07-21 16:00:00+00:00,23193.0
2022-07-21 20:00:00+00:00,23144.5
2022-07-22 00:00:00+00:00,22903.5
2022-07-22 04:00:00+00:00,23109.2
2022-07-22 08:00:00+00:00,23600.8
2022-07-22 12:00:00+00:00,23286.7
2022-07-22 16:00:00+00:00,22578.9
2022-07-22 20:00:00+00:00,22675.1
2022-07-23 00:00:00+00:00,22796.4
2022-07-23 04:00:00+00:00,22764.2
2022-07-23 08:00:00+00:00,22226.3
2022-07-23 12:00:00+00:00,22209.9
2022-07-23 16:00:00+00:00,22268.8
2022-07-23 20:00:00+00:00,22440.2
2022-07-24 00:00:00+00:00,22326.5
2022-07-24 04:00:00+00:00,22692.4
2022-07-24 08:00:00+00:00,22648.2
2022-07-24 12:00:00+00:00,22837.0
2022-07-24 16:00:00+00:00,22695.1
2022-07-24 20:00:00+00:00,22570.6
2022-07-25 00:00:00+00:00,21858.0
2022-07-25 04:00:00+00:00,21951.3
2022-07-25 08:00:00+00:00,21931.5
2022-07-25 12:00:00+00:00,21884.3
2022-07-25 16:00:00+00:00,21879.5
2022-07-25 20:00:00+00:00,21300.0
2022-07-26 00:00:00+00:00,21130.2
2022-07-26 04:00:00+00:00,21053.7
2022-07-26 08:00:00+00:00,21078.9
2022-07-26 12:00:00+00:00,20737.6
2022-07-26 16:00:00+00:00,20907.9
2022-07-26 20:00:00+00:00,21241.0
2022-07-27 00:00:00+00:00,21065.1
2022-07-27 04:00:00+00:00,21335.0
2022-07-27 08:00:00+00:00,21193.2
2022-07-27 12:00:00+00:00,21516.4
2022-07-27 16:00:00+00:00,22763.8
2022-07-27 20:00:00+00:00,22941.1
2022-07-28 00:00:00+00:00,23126.7
2022-07-28 04:00:00+00:00,22916.9
2022-07-28 08:00:00+00:00,23106.0
2022-07-28 12:00:00+00:00,23739.4
2022-07-28 16:00:00+00:00,23790.4
2022-07-28 20:00:00+00:00,23836.2
2022-07-29 00:00:00+00:00,23905.8
2022-07-29 04:00:00+00:00,23938.0
2022-07-29 08:00:00+00:00,23717.2
2022-07-29 12:00:00+00:00,24003.0
2022-07-29 16:00:00+00:00,23889.9
2022-07-29 20:00:00+00:00,23771.1
2022-07-30 00:00:00+00:00,23800.7
2022-07-30 04:00:00+00:00,23869.8
2022-07-30 08:00:00+00:00,23956.3
2022-07-30 12:00:00+00:00,24522.8
2022-07-30 16:00:00+00:00,23915.0
2022-07-30 20:00:00+00:00,23629.9
2022-07-31 00:00:00+00:00,23732.5
2022-07-31 04:00:00+00:00,23704.9
2022-07-31 08:00:00+00:00,23788.4
2022-07-31 12:00:00+00:00,23764.2
2022-07-31 16:00:00+00:00,23832.8
2022-07-31 20:00:00+00:00,23290.1
2022-08-01 00:00:00+00:00,23366.3
2022-08-01 04:00:00+00:00,23313.4
2022-08-01 08:00:00+00:00,23216.2
2022-08-01 12:00:00+00:00,23315.1
2022-08-01 16:00:00+00:00,22944.9
2022-08-01 20:00:00+00:00,23257.6
2022-08-02 00:00:00+00:00,22845.3
2022-08-02 04:00:00+00:00,22875.5
2022-08-02 08:00:00+00:00,22872.0
2022-08-02 12:00:00+00:00,22962.9
2022-08-02 16:00:00+00:00,22935.6
2022-08-02 20:00:00+00:00,22975.1
2022-08-03 00:00:00+00:00,22852.9
2022-08-03 04:00:00+00:00,22979.5
2022-08-03 08:00:00+00:00,23390.9
2022-08-03 12:00:00+00:00,23346.0
2022-08-03 16:00:00+00:00,23449.1
2022-08-03 20:00:00+00:00,22801.5
2022-08-04 00:00:00+00:00,23083.7
2022-08-04 04:00:00+00:00,22935.0
2022-08-04 08:00:00+00:00,22872.3
2022-08-04 12:00:00+00:00,22914.3
2022-08-04 16:00:00+00:00,22439.1
2022-08-04 20:00:00+00:00,22608.9
2022-08-05 00:00:00+00:00,23158.5
2022-08-05 04:00:00+00:00,23176.9
2022-08-05 08:00:00+00:00,23393.0
2022-08-05 12:00:00+00:00,22979.1
2022-08-05 16:00:00+00:00,22922.7
2022-08-05 20:00:00+00:00,23298.1
2022-08-06 00:00:00+00:00,23161.8
2022-08-06 04:00:00+00:00,23196.5
2022-08-06 08:00:00+00:00,23148.1
2022-08-06 12:00:00+00:00,23191.2
2022-08-06 16:00:00+00:00,23175.1
2022-08-06 20:00:00+00:00,22943.3
2022-08-07 00:00:00+00:00,22979.7
2022-08-07 04:00:00+00:00,23000.0
2022-08-07 08:00:00+00:00,23026.1
2022-08-07 12:00:00+00:00,23012.1
2022-08-07 16:00:00+00:00,23154.9
2022-08-07 20:00:00+00:00,23167.8
2022-08-08 00:00:00+00:00,23294.5
2022-08-08 04:00:00+00:00,23796.8
2022-08-08 08:00:00+00:00,24160.0
2022-08-08 12:00:00+00:00,23986.9
2022-08-08 16:00:00+00:00,23918.7
2022-08-08 20:00:00+00:00,23804.4
2022-08-09 00:00:00+00:00,23819.0
2022-08-09 04:00:00+00:00,23866.2
2022-08-09 08:00:00+00:00,23257.8
2022-08-09 12:00:00+00:00,23061.7
2022-08-09 16:00:00+00:00,23048.3
2022-08-09 20:00:00+00:00,23140.2
2022-08-10 00:00:00+00:00,22850.2
2022-08-10 04:00:00+00:00,22951.2
2022-08-10 08:00:00+00:00,23108.3
2022-08-10 12:00:00+00:00,23983.6
2022-08-10 16:00:00+00:00,23626.3
2022-08-10 20:00:00+00:00,23940.9
2022-08-11 00:00:00+00:00,24313.7
2022-08-11 04:00:00+00:00,24429.5
2022-08-11 08:00:00+00:00,24547.3
2022-08-11 12:00:00+00:00,24336.6
2022-08-11 16:00:00+00:00,24213.7
2022-08-11 20:00:00+00:00,23917.2
2022-08-12 00:00:00+00:00,23997.7
2022-08-12 04:00:00+00:00,23949.2
2022-08-12 08:00:00+00:00,23663.2
2022-08-12 12:00:00+00:00,23966.7
2022-08-12 16:00:00+00:00,24162.0
2022-08-12 20:00:00+00:00,24387.5
2022-08-13 00:00:00+00:00,24786.4
2022-08-13 04:00:00+00:00,24566.1
2022-08-13 08:00:00+00:00,24426.0
2022-08-13 12:00:00+00:00,24501.8
2022-08-13 16:00:00+00:00,24389.2
2022-08-13 20:00:00+00:00,24429.0
2022-08-14 00:00:00+00:00,24554.3
2022-08-14 04:00:00+00:00,24867.1
2022-08-14 08:00:00+00:00,24554.2
2022-08-14 12:00:00+00:00,24512.1
2022-08-14 16:00:00+00:00,24273.8
2022-08-14 20:00:00+00:00,24294.1
2022-08-15 00:00:00+00:00,24856.1
2022-08-15 04:00:00+00:00,24010.8
2022-08-15 08:00:00+00:00,24037.1
2022-08-15 12:00:00+00:00,24211.8
2022-08-15 16:00:00+00:00,23972.2
2022-08-15 20:00:00+00:00,24085.2
2022-08-16 00:00:00+00:00,24072.7
2022-08-16 04:00:00+00:00,24054.1
2022-08-16 08:00:00+00:00,24027.1
2022-08-16 12:00:00+00:00,23886.3
2022-08-16 16:00:00+00:00,23919.6
2022-08-16 20:00:00+00:00,23843.0
2022-08-17 00:00:00+00:00,23996.9
2022-08-17 04:00:00+00:00,23774.2
2022-08-17 08:00:00+00:00,23737.2
2022-08-17 12:00:00+00:00,23385.7
2022-08-17 16:00:00+00:00,23268.5
2022-08-17 20:00:00+00:00,23333.1
2022-08-18 00:00:00+00:00,23423.8
2022-08-18 04:00:00+00:00,23402.5
2022-08-18 08:00:00+00:00,23521.3
2022-08-18 12:00:00+00:00,23439.4
2022-08-18 16:00:00+00:00,23340.0
2022-08-18 20:00:00+00:00,23185.1
2022-08-19 00:00:00+00:00,22759.0
2022-08-19 04:00:00+00:00,21892.8
2022-08-19 08:00:00+00:00,21453.7
2022-08-19 12:00:00+00:00,21431.1
2022-08-19 16:00:00+00:00,21319.4
2022-08-19 20:00:00+00:00,20824.9
2022-08-20 00:00:00+00:00,21128.5
2022-08-20 04:00:00+00:00,21295.1
2022-08-20 08:00:00+00:00,21220.1
2022-08-20 12:00:00+00:00,21291.7
2022-08-20 16:00:00+00:00,20981.7
2022-08-20 20:00:00+00:00,21127.8
2022-08-21 00:00:00+00:00,21198.3
2022-08-21 04:00:00+00:00,21241.7
2022-08-21 08:00:00+00:00,21514.3
2022-08-21 12:00:00+00:00,21407.7
2022-08-21 16:00:00+00:00,21498.8
2022-08-21 20:00:00+00:00,21505.6
2022-08-22 00:00:00+00:00,21406.5
2022-08-22 04:00:00+00:00,21089.1
2022-08-22 08:00:00+00:00,21238.6
2022-08-22 12:00:00+00:00,21388.0
2022-08-22 16:00:00+00:00,21047.1
2022-08-22 20:00:00+00:00,21387.0
2022-08-23 00:00:00+00:00,21228.5
2022-08-23 04:00:00+00:00,21297.3
2022-08-23 08:00:00+00:00,21444.4
2022-08-23 12:00:00+00:00,21460.6
2022-08-23 16:00:00+00:00,21512.5
2022-08-23 20:00:00+00:00,21518.2
2022-08-24 00:00:00+00:00,21253.2
2022-08-24 04:00:00+00:00,21305.6
2022-08-24 08:00:00+00:00,21426.1
2022-08-24 12:00:00+00:00,21605.6
2022-08-24 16:00:00+00:00,21695.8
2022-08-24 20:00:00+00:00,21354.9
2022-08-25 00:00:00+00:00,21460.8
2022-08-25 04:00:00+00:00,21732.2
2022-08-25 08:00:00+00:00,21713.1
2022-08-25 12:00:00+00:00,21557.0
2022-08-25 16:00:00+00:00,21594.3
2022-08-25 20:00:00+00:00,21548.3
2022-08-26 00:00:00+00:00,21542.0
2022-08-26 04:00:00+00:00,21438.4
2022-08-26 08:00:00+00:00,21179.7
2022-08-26 12:00:00+00:00,20770.1
2022-08-26 16:00:00+00:00,20635.5
2022-08-26 20:00:00+00:00,20228.7
2022-08-27 00:00:00+00:00,20189.9
2022-08-27 04:00:00+00:00,20255.0
2022-08-27 08:00:00+00:00,20198.6
2022-08-27 12:00:00+00:00,19966.1
2022-08-27 16:00:00+00:00,20007.1
2022-08-27 20:00:00+00:00,20023.9
2022-08-28 00:00:00+00:00,19978.7
2022-08-28 04:00:00+00:00,20045.0
2022-08-28 08:00:00+00:00,20021.9
2022-08-28 12:00:00+00:00,20007.5
2022-08-28 16:00:00+00:00,19962.5
2022-08-28 20:00:00+00:00,19547.5
2022-08-29 00:00:00+00:00,19854.6
2022-08-29 04:00:00+00:00,19885.3
2022-08-29 08:00:00+00:00,19812.0
2022-08-29 12:00:00+00:00,20249.1
2022-08-29 16:00:00+00:00,20090.5
2022-08-29 20:00:00+00:00,20275.5
2022-08-30 00:00:00+00:00,20261.3
2022-08-30 04:00:00+00:00,20423.3
2022-08-30 08:00:00+00:00,20395.8
2022-08-30 12:00:00+00:00,19743.8
2022-08-30 16:00:00+00:00,19937.1
2022-08-30 20:00:00+00:00,19803.1
2022-08-31 00:00:00+00:00,20392.6
2022-08-31 04:00:00+00:00,20247.5
2022-08-31 08:00:00+00:00,20308.0
2022-08-31 12:00:00+00:00,20130.5
2022-08-31 16:00:00+00:00,20217.7
2022-08-31 20:00:00+00:00,20041.5
2022-09-01 00:00:00+00:00,20016.9
2022-09-01 04:00:00+00:00,19885.7
2022-09-01 08:00:00+00:00,20060.9
2022-09-01 12:00:00+00:00,19775.8
2022-09-01 16:00:00+00:00,19857.4
2022-09-01 20:00:00+00:00,20122.5
2022-09-02 00:00:00+00:00,20145.1
2022-09-02 04:00:00+00:00,20100.5
2022-09-02 08:00:00+00:00,20082.4
2022-09-02 12:00:00+00:00,20344.8
2022-09-02 16:00:00+00:00,19899.3
2022-09-02 20:00:00+00:00,19941.0
2022-09-03 00:00:00+00:00,19890.3
2022-09-03 04:00:00+00:00,19808.2
2022-09-03 08:00:00+00:00,19790.0
2022-09-03 12:00:00+00:00,19764.3
2022-09-03 16:00:00+00:00,19702.9
2022-09-03 20:00:00+00:00,19820.7
2022-09-04 00:00:00+00:00,19766.0
2022-09-04 04:00:00+00:00,19618.5
2022-09-04 08:00:00+00:00,19843.0
2022-09-04 12:00:00+00:00,19781.6
2022-09-04 16:00:00+00:00,19872.7
2022-09-04 20:00:00+00:00,19992.7
2022-09-05 00:00:00+00:00,19871.9
2022-09-05 04:00:00+00:00,19740.0
2022-09-05 08:00:00+00:00,19692.9
2022-09-05 12:00:00+00:00,19848.1
2022-09-05 16:00:00+00:00,19700.9
2022-09-05 20:00:00+00:00,19784.9
2022-09-06 00:00:00+00:00,19780.2
2022-09-06 04:00:00+00:00,19900.7
2022-09-06 08:00:00+00:00,19909.2
2022-09-06 12:00:00+00:00,19810.1
2022-09-06 16:00:00+00:00,18813.0
2022-09-06 20:00:00+00:00,18781.5
2022-09-07 00:00:00+00:00,18736.3
2022-09-07 04:00:00+00:00,18791.5
2022-09-07 08:00:00+00:00,18729.5
2022-09-07 12:00:00+00:00,18863.3
2022-09-07 16:00:00+00:00,18982.1
2022-09-07 20:00:00+00:00,19287.0
2022-09-08 00:00:00+00:00,19209.1
2022-09-08 04:00:00+00:00,19164.0
2022-09-08 08:00:00+00:00,19303.1
2022-09-08 12:00:00+00:00,19240.4
2022-09-08 16:00:00+00:00,19341.7
2022-09-08 20:00:00+00:00,19309.3
2022-09-09 00:00:00+00:00,19936.0
2022-09-09 04:00:00+00:00,20623.6
2022-09-09 08:00:00+00:00,20931.7
2022-09-09 12:00:00+00:00,21258.5
2022-09-09 16:00:00+00:00,21280.0
2022-09-09 20:00:00+00:00,21352.0
2022-09-10 00:00:00+00:00,21294.5
2022-09-10 04:00:00+00:00,21274.9
2022-09-10 08:00:00+00:00,21279.0
2022-09-10 12:00:00+00:00,21213.3
2022-09-10 16:00:00+00:00,21569.4
2022-09-10 20:00:00+00:00,21639.5
2022-09-11 00:00:00+00:00,21537.4
2022-09-11 04:00:00+00:00,21599.9
2022-09-11 08:00:00+00:00,21601.9
2022-09-11 12:00:00+00:00,21633.9
2022-09-11 16:00:00+00:00,21610.5
2022-09-11 20:00:00+00:00,21820.3
2022-09-12 00:00:00+00:00,21649.2
2022-09-12 04:00:00+00:00,22180.9
2022-09-12 08:00:00+00:00,22301.0
2022-09-12 12:00:00+00:00,22106.0
2022-09-12 16:00:00+00:00,22415.0
2022-09-12 20:00:00+00:00,22386.0
2022-09-13 00:00:00+00:00,22225.7
2022-09-13 04:00:00+00:00,22267.8
2022-09-13 08:00:00+00:00,22516.3
2022-09-13 12:00:00+00:00,20823.9
2022-09-13 16:00:00+00:00,20272.0
2022-09-13 20:00:00+00:00,20162.5
2022-09-14 00:00:00+00:00,20313.2
2022-09-14 04:00:00+00:00,20235.3
2022-09-14 08:00:00+00:00,20219.8
2022-09-14 12:00:00+00:00,20165.6
2022-09-14 16:00:00+00:00,19935.1
2022-09-14 20:00:00+00:00,20217.0
2022-09-15 00:00:00+00:00,20015.9
2022-09-15 04:00:00+00:00,20195.2
2022-09-15 08:00:00+00:00,20140.9
2022-09-15 12:00:00+00:00,19728.8
2022-09-15 16:00:00+00:00,19774.9
2022-09-15 20:00:00+00:00,19690.8
2022-09-16 00:00:00+00:00,19738.4
2022-09-16 04:00:00+00:00,19730.5
2022-09-16 08:00:00+00:00,19856.0
2022-09-16 12:00:00+00:00,19653.3
2022-09-16 16:00:00+00:00,19605.9
2022-09-16 20:00:00+00:00,19792.5
2022-09-17 00:00:00+00:00,19875.0
2022-09-17 04:00:00+00:00,19834.0
2022-09-17 08:00:00+00:00,19800.8
2022-09-17 12:00:00+00:00,19951.6
2022-09-17 16:00:00+00:00,20001.2
2022-09-17 20:00:00+00:00,20102.0
2022-09-18 00:00:00+00:00,19990.9
2022-09-18 04:00:00+00:00,20041.2
2022-09-18 08:00:00+00:00,19915.2
2022-09-18 12:00:00+00:00,19804.5
2022-09-18 16:00:00+00:00,19715.6
2022-09-18 20:00:00+00:00,19404.5
2022-09-19 00:00:00+00:00,18766.2
2022-09-19 04:00:00+00:00,18459.6
2022-09-19 08:00:00+00:00,18672.6
2022-09-19 12:00:00+00:00,19071.1
2022-09-19 16:00:00+00:00,19504.7
2022-09-19 20:00:00+00:00,19528.6
2022-09-20 00:00:00+00:00,19353.7
2022-09-20 04:00:00+00:00,19349.9
2022-09-20 08:00:00+00:00,19209.6
2022-09-20 12:00:00+00:00,19225.6
2022-09-20 16:00:00+00:00,18985.2
2022-09-20 20:00:00+00:00,18866.8
2022-09-21 00:00:00+00:00,19011.8
2022-09-21 04:00:00+00:00,18938.8
2022-09-21 08:00:00+00:00,19155.6
2022-09-21 12:00:00+00:00,19182.5
2022-09-21 16:00:00+00:00,18990.3
2022-09-21 20:00:00+00:00,18447.5
2022-09-22 00:00:00+00:00,18677.6
2022-09-22 04:00:00+00:00,18923.8
2022-09-22 08:00:00+00:00,19220.1
2022-09-22 12:00:00+00:00,18975.5
2022-09-22 16:00:00+00:00,19304.2
2022-09-22 20:00:00+00:00,19392.5
2022-09-23 00:00:00+00:00,19384.0
2022-09-23 04:00:00+00:00,19216.4
2022-09-23 08:00:00+00:00,18854.5
2022-09-23 12:00:00+00:00,18704.4
2022-09-23 16:00:00+00:00,18798.7
2022-09-23 20:00:00+00:00,19280.7
2022-09-24 00:00:00+00:00,19113.3
2022-09-24 04:00:00+00:00,18985.6
2022-09-24 08:00:00+00:00,19044.7
2022-09-24 12:00:00+00:00,19115.2
2022-09-24 16:00:00+00:00,19093.0
2022-09-24 20:00:00+00:00,18911.0
2022-09-25 00:00:00+00:00,19044.5
2022-09-25 04:00:00+00:00,19089.2
2022-09-25 08:00:00+00:00,19108.0
2022-09-25 12:00:00+00:00,18978.3
2022-09-25 16:00:00+00:00,18906.5
2022-09-25 20:00:00+00:00,18799.7
2022-09-26 00:00:00+00:00,18862.7
2022-09-26 04:00:00+00:00,18902.3
2022-09-26 08:00:00+00:00,18864.7
2022-09-26 12:00:00+00:00,19103.9
2022-09-26 16:00:00+00:00,19191.0
2022-09-26 20:00:00+00:00,19216.3
2022-09-27 00:00:00+00:00,20091.9
2022-09-27 04:00:00+00:00,20174.2
2022-09-27 08:00:00+00:00,20221.1
2022-09-27 12:00:00+00:00,19885.3
2022-09-27 16:00:00+00:00,19068.7
2022-09-27 20:00:00+00:00,19070.1
2022-09-28 00:00:00+00:00,18736.0
2022-09-28 04:00:00+00:00,18770.6
2022-09-28 08:00:00+00:00,18947.6
2022-09-28 12:00:00+00:00,19477.9
2022-09-28 16:00:00+00:00,19534.7
2022-09-28 20:00:00+00:00,19407.3
2022-09-29 00:00:00+00:00,19497.3
2022-09-29 04:00:00+00:00,19353.1
2022-09-29 08:00:00+00:00,19454.3
2022-09-29 12:00:00+00:00,19280.7
2022-09-29 16:00:00+00:00,19399.3
2022-09-29 20:00:00+00:00,19582.5
2022-09-30 00:00:00+00:00,19394.0
2022-09-30 04:00:00+00:00,19560.8
2022-09-30 08:00:00+00:00,19430.3
2022-09-30 12:00:00+00:00,19749.4
2022-09-30 16:00:00+00:00,19467.0
2022-09-30 20:00:00+00:00,19411.7
2022-10-01 00:00:00+00:00,19408.0
2022-10-01 04:00:00+00:00,19305.5
2022-10-01 08:00:00+00:00,19304.2
2022-10-01 12:00:00+00:00,19322.8
2022-10-01 16:00:00+00:00,19257.0
2022-10-01 20:00:00+00:00,19304.0
2022-10-02 00:00:00+00:00,19301.2
2022-10-02 04:00:00+00:00,19276.5
2022-10-02 08:00:00+00:00,19180.9
2022-10-02 12:00:00+00:00,19137.5
2022-10-02 16:00:00+00:00,19253.6
2022-10-02 20:00:00+00:00,19049.4
2022-10-03 00:00:00+00:00,19159.4
2022-10-03 04:00:00+00:00,19190.0
2022-10-03 08:00:00+00:00,19240.5
2022-10-03 12:00:00+00:00,19329.9
2022-10-03 16:00:00+00:00,19537.7
2022-10-03 20:00:00+00:00,19622.0
2022-10-04 00:00:00+00:00,19588.1
2022-10-04 04:00:00+00:00,19957.0
2022-10-04 08:00:00+00:00,19930.0
2022-10-04 12:00:00+00:00,20092.2
2022-10-04 16:00:00+00:00,20213.5
2022-10-04 20:00:00+00:00,20333.0
2022-10-05 00:00:00+00:00,20184.9
2022-10-05 04:00:00+00:00,20218.9
2022-10-05 08:00:00+00:00,20026.1
2022-10-05 12:00:00+00:00,19994.6
2022-10-05 16:00:00+00:00,20112.5
2022-10-05 20:00:00+00:00,20150.0
2022-10-06 00:00:00+00:00,20346.6
2022-10-06 04:00:00+00:00,20214.7
2022-10-06 08:00:00+00:00,20238.0
2022-10-06 12:00:00+00:00,20004.4
2022-10-06 16:00:00+00:00,20005.9
2022-10-06 20:00:00+00:00,19954.0
2022-10-07 00:00:00+00:00,19976.0
2022-10-07 04:00:00+00:00,19916.8
2022-10-07 08:00:00+00:00,19990.3
2022-10-07 12:00:00+00:00,19574.1
2022-10-07 16:00:00+00:00,19453.0
2022-10-07 20:00:00+00:00,19520.9
2022-10-08 00:00:00+00:00,19494.5
2022-10-08 04:00:00+00:00,19489.8
2022-10-08 08:00:00+00:00,19526.3
2022-10-08 12:00:00+00:00,19480.0
2022-10-08 16:00:00+00:00,19460.1
2022-10-08 20:00:00+00:00,19406.2
2022-10-09 00:00:00+00:00,19357.9
2022-10-09 04:00:00+00:00,19398.2
2022-10-09 08:00:00+00:00,19461.0
2022-10-09 12:00:00+00:00,19524.5
2022-10-09 16:00:00+00:00,19459.8
2022-10-09 20:00:00+00:00,19430.0
2022-10-10 00:00:00+00:00,19441.2
2022-10-10 04:00:00+00:00,19401.3
2022-10-10 08:00:00+00:00,19323.2
2022-10-10 12:00:00+00:00,19261.7
2022-10-10 16:00:00+00:00,19204.9
2022-10-10 20:00:00+00:00,19124.0
2022-10-11 00:00:00+00:00,19039.7
2022-10-11 04:00:00+00:00,19075.1
2022-10-11 08:00:00+00:00,19149.9
2022-10-11 12:00:00+00:00,19137.6
2022-10-11 16:00:00+00:00,18991.3
2022-10-11 20:00:00+00:00,19055.0
2022-10-12 00:00:00+00:00,19041.5
2022-10-12 04:00:00+00:00,19103.4
2022-10-12 08:00:00+00:00,19107.2
2022-10-12 12:00:00+00:00,19130.5
2022-10-12 16:00:00+00:00,19132.3
2022-10-12 20:00:00+00:00,19148.0
2022-10-13 00:00:00+00:00,19080.7
2022-10-13 04:00:00+00:00,19000.1
2022-10-13 08:00:00+00:00,18744.9
2022-10-13 12:00:00+00:00,18947.7
2022-10-13 16:00:00+00:00,19360.9
2022-10-13 20:00:00+00:00,19365.5
2022-10-14 00:00:00+00:00,19806.3
2022-10-14 04:00:00+00:00,19633.2
2022-10-14 08:00:00+00:00,19588.3
2022-10-14 12:00:00+00:00,19352.9
2022-10-14 16:00:00+00:00,19160.0
2022-10-14 20:00:00+00:00,19164.6
2022-10-15 00:00:00+00:00,19190.7
2022-10-15 04:00:00+00:00,19159.0
2022-10-15 08:00:00+00:00,19160.8
2022-10-15 12:00:00+00:00,19119.5
2022-10-15 16:00:00+00:00,19091.9
2022-10-15 20:00:00+00:00,19060.4
2022-10-16 00:00:00+00:00,19111.4
2022-10-16 04:00:00+00:00,19124.2
2022-10-16 08:00:00+00:00,19136.7
2022-10-16 12:00:00+00:00,19148.6
2022-10-16 16:00:00+00:00,19369.9
2022-10-16 20:00:00+00:00,19251.9
2022-10-17 00:00:00+00:00,19178.4
2022-10-17 04:00:00+00:00,19285.0
2022-10-17 08:00:00+00:00,19452.8
2022-10-17 12:00:00+00:00,19524.5
2022-10-17 16:00:00+00:00,19519.3
2022-10-17 20:00:00+00:00,19540.6
2022-10-18 00:00:00+00:00,19539.9
2022-10-18 04:00:00+00:00,19655.8
2022-10-18 08:00:00+00:00,19555.8
2022-10-18 12:00:00+00:00,19364.1
2022-10-18 16:00:00+00:00,19209.6
2022-10-18 20:00:00+00:00,19320.9
2022-10-19 00:00:00+00:00,19276.0
2022-10-19 04:00:00+00:00,19210.0
2022-10-19 08:00:00+00:00,19193.2
2022-10-19 12:00:00+00:00,19259.8
2022-10-19 16:00:00+00:00,19223.6
2022-10-19 20:00:00+00:00,19116.7
2022-10-20 00:00:00+00:00,19033.2
2022-10-20 04:00:00+00:00,19138.0
2022-10-20 08:00:00+00:00,19199.0
2022-10-20 12:00:00+00:00,19244.3
2022-10-20 16:00:00+00:00,19055.8
2022-10-20 20:00:00+00:00,19034.7
2022-10-21 00:00:00+00:00,19044.0
2022-10-21 04:00:00+00:00,19019.4
2022-10-21 08:00:00+00:00,18934.3
2022-10-21 12:00:00+00:00,19158.7
2022-10-21 16:00:00+00:00,19178.8
2022-10-21 20:00:00+00:00,19150.9
2022-10-22 00:00:00+00:00,19142.0
2022-10-22 04:00:00+00:00,19155.3
2022-10-22 08:00:00+00:00,19168.9
2022-10-22 12:00:00+00:00,19223.7
2022-10-22 16:00:00+00:00,19175.1
2022-10-22 20:00:00+00:00,19195.1
2022-10-23 00:00:00+00:00,19188.9
2022-10-23 04:00:00+00:00,19151.6
2022-10-23 08:00:00+00:00,19142.0
2022-10-23 12:00:00+00:00,19180.6
2022-10-23 16:00:00+00:00,19492.2
2022-10-23 20:00:00+00:00,19560.7
2022-10-24 00:00:00+00:00,19384.0
2022-10-24 04:00:00+00:00,19318.4
2022-10-24 08:00:00+00:00,19412.6
2022-10-24 12:00:00+00:00,19291.7
2022-10-24 16:00:00+00:00,19335.9
2022-10-24 20:00:00+00:00,19318.1
2022-10-25 00:00:00+00:00,19332.7
2022-10-25 04:00:00+00:00,19296.9
2022-10-25 08:00:00+00:00,19291.0
2022-10-25 12:00:00+00:00,19740.3
2022-10-25 16:00:00+00:00,20266.8
2022-10-25 20:00:00+00:00,20068.3
2022-10-26 00:00:00+00:00,20238.6
2022-10-26 04:00:00+00:00,20333.7
2022-10-26 08:00:00+00:00,20595.9
2022-10-26 12:00:00+00:00,20835.7
2022-10-26 16:00:00+00:00,20754.4
2022-10-26 20:00:00+00:00,20758.3
2022-10-27 00:00:00+00:00,20744.3
2022-10-27 04:00:00+00:00,20703.6
2022-10-27 08:00:00+00:00,20613.1
2022-10-27 12:00:00+00:00,20554.0
2022-10-27 16:00:00+00:00,20620.0
2022-10-27 20:00:00+00:00,20285.5
2022-10-28 00:00:00+00:00,20284.3
2022-10-28 04:00:00+00:00,20069.9
2022-10-28 08:00:00+00:00,20163.4
2022-10-28 12:00:00+00:00,20473.2
2022-10-28 16:00:00+00:00,20597.3
2022-10-28 20:00:00+00:00,20582.8
2022-10-29 00:00:00+00:00,20745.2
2022-10-29 04:00:00+00:00,20765.7
2022-10-29 08:00:00+00:00,20688.7
2022-10-29 12:00:00+00:00,20913.2
2022-10-29 16:00:00+00:00,20827.1
2022-10-29 20:00:00+00:00,20796.7
2022-10-30 00:00:00+00:00,20767.7
2022-10-30 04:00:00+00:00,20842.5
2022-10-30 08:00:00+00:00,20760.2
2022-10-30 12:00:00+00:00,20667.6
2022-10-30 16:00:00+00:00,20637.3
2022-10-30 20:00:00+00:00,20615.6
2022-10-31 00:00:00+00:00,20507.9
2022-10-31 04:00:00+00:00,20537.2
2022-10-31 08:00:00+00:00,20722.1
2022-10-31 12:00:00+00:00,20390.4
2022-10-31 16:00:00+00:00,20358.8
2022-10-31 20:00:00+00:00,20482.0
2022-11-01 00:00:00+00:00,20471.3
2022-11-01 04:00:00+00:00,20590.2
2022-11-01 08:00:00+00:00,20511.7
2022-11-01 12:00:00+00:00,20435.6
2022-11-01 16:00:00+00:00,20438.6
2022-11-01 20:00:00+00:00,20472.1
2022-11-02 00:00:00+00:00,20511.0
2022-11-02 04:00:00+00:00,20414.2
2022-11-02 08:00:00+00:00,20423.0
2022-11-02 12:00:00+00:00,20400.2
2022-11-02 16:00:00+00:00,20241.1
2022-11-02 20:00:00+00:00,20140.1
2022-11-03 00:00:00+00:00,20299.4
2022-11-03 04:00:00+00:00,20293.8
2022-11-03 08:00:00+00:00,20124.3
2022-11-03 12:00:00+00:00,20241.0
2022-11-03 16:00:00+00:00,20253.7
2022-11-03 20:00:00+00:00,20199.7
2022-11-04 00:00:00+00:00,20309.2
2022-11-04 04:00:00+00:00,20603.3
2022-11-04 08:00:00+00:00,20547.0
2022-11-04 12:00:00+00:00,20829.3
2022-11-04 16:00:00+00:00,21097.3
2022-11-04 20:00:00+00:00,21137.6
2022-11-05 00:00:00+00:00,21436.5
2022-11-05 04:00:00+00:00,21374.4
2022-11-05 08:00:00+00:00,21395.5
2022-11-05 12:00:00+00:00,21289.7
2022-11-05 16:00:00+00:00,21321.5
2022-11-05 20:00:00+00:00,21289.9
2022-11-06 00:00:00+00:00,21226.9
2022-11-06 04:00:00+00:00,21185.3
2022-11-06 08:00:00+00:00,21247.1
2022-11-06 12:00:00+00:00,21233.7
2022-11-06 16:00:00+00:00,21186.7
2022-11-06 20:00:00+00:00,20900.0
2022-11-07 00:00:00+00:00,20907.6
2022-11-07 04:00:00+00:00,20628.1
2022-11-07 08:00:00+00:00,20724.4
2022-11-07 12:00:00+00:00,20756.2
2022-11-07 16:00:00+00:00,20836.4
2022-11-07 20:00:00+00:00,20578.6
2022-11-08 00:00:00+00:00,20140.6
2022-11-08 04:00:00+00:00,19785.6
2022-11-08 08:00:00+00:00,19689.0
2022-11-08 12:00:00+00:00,19513.8
2022-11-08 16:00:00+00:00,18238.0
2022-11-08 20:00:00+00:00,18534.0
2022-11-09 00:00:00+00:00,18303.3
2022-11-09 04:00:00+00:00,18224.9
2022-11-09 08:00:00+00:00,17800.4
2022-11-09 12:00:00+00:00,17098.4
2022-11-09 16:00:00+00:00,16764.5
2022-11-09 20:00:00+00:00,15905.0
2022-11-10 00:00:00+00:00,16351.7
2022-11-10 04:00:00+00:00,16739.5
2022-11-10 08:00:00+00:00,16388.1
2022-11-10 12:00:00+00:00,17541.6
2022-11-10 16:00:00+00:00,17438.6
2022-11-10 20:00:00+00:00,17588.0
2022-11-11 00:00:00+00:00,17052.3
2022-11-11 04:00:00+00:00,17397.3
2022-11-11 08:00:00+00:00,17339.9
2022-11-11 12:00:00+00:00,16864.8
2022-11-11 16:00:00+00:00,16842.6
2022-11-11 20:00:00+00:00,17058.3
2022-11-12 00:00:00+00:00,16899.0
2022-11-12 04:00:00+00:00,16811.3
2022-11-12 08:00:00+00:00,16859.6
2022-11-12 12:00:00+00:00,16925.4
2022-11-12 16:00:00+00:00,16885.4
2022-11-12 20:00:00+00:00,16806.9
2022-11-13 00:00:00+00:00,16906.1
2022-11-13 04:00:00+00:00,16765.5
2022-11-13 08:00:00+00:00,16651.8
2022-11-13 12:00:00+00:00,16568.4
2022-11-13 16:00:00+00:00,16547.6
2022-11-13 20:00:00+00:00,16321.2
2022-11-14 00:00:00+00:00,16130.0
2022-11-14 04:00:00+00:00,16813.0
2022-11-14 08:00:00+00:00,16740.8
2022-11-14 12:00:00+00:00,16582.7
2022-11-14 16:00:00+00:00,16245.0
2022-11-14 20:00:00+00:00,16605.2
2022-11-15 00:00:00+00:00,16808.8
2022-11-15 04:00:00+00:00,16834.9
2022-11-15 08:00:00+00:00,16774.5
2022-11-15 12:00:00+00:00,16978.0
2022-11-15 16:00:00+00:00,16847.4
2022-11-15 20:00:00+00:00,16888.3
2022-11-16 00:00:00+00:00,16959.8
2022-11-16 04:00:00+00:00,16814.0
2022-11-16 08:00:00+00:00,16695.2
2022-11-16 12:00:00+00:00,16424.1
2022-11-16 16:00:00+00:00,16548.0
2022-11-16 20:00:00+00:00,16650.6
2022-11-17 00:00:00+00:00,16517.4
2022-11-17 04:00:00+00:00,16602.0
2022-11-17 08:00:00+00:00,16587.8
2022-11-17 12:00:00+00:00,16526.8
2022-11-17 16:00:00+00:00,16614.7
2022-11-17 20:00:00+00:00,16682.1
2022-11-18 00:00:00+00:00,16845.6
2022-11-18 04:00:00+00:00,16739.8
2022-11-18 08:00:00+00:00,16744.0
2022-11-18 12:00:00+00:00,16686.8
2022-11-18 16:00:00+00:00,16648.0
2022-11-18 20:00:00+00:00,16689.7
2022-11-19 00:00:00+00:00,16622.2
2022-11-19 04:00:00+00:00,16592.2
2022-11-19 08:00:00+00:00,16669.3
2022-11-19 12:00:00+00:00,16648.5
2022-11-19 16:00:00+00:00,16619.7
2022-11-19 20:00:00+00:00,16692.9
2022-11-20 00:00:00+00:00,16672.8
2022-11-20 04:00:00+00:00,16710.2
2022-11-20 08:00:00+00:00,16517.5
2022-11-20 12:00:00+00:00,16570.3
2022-11-20 16:00:00+00:00,16582.0
2022-11-20 20:00:00+00:00,16272.6
2022-11-21 00:00:00+00:00,16067.2
2022-11-21 04:00:00+00:00,16032.2
2022-11-21 08:00:00+00:00,16077.6
2022-11-21 12:00:00+00:00,16122.7
2022-11-21 16:00:00+00:00,15712.8
2022-11-21 20:00:00+00:00,15773.0
2022-11-22 00:00:00+00:00,15841.0
2022-11-22 04:00:00+00:00,15754.9
2022-11-22 08:00:00+00:00,15742.3
2022-11-22 12:00:00+00:00,16232.8
2022-11-22 16:00:00+00:00,16160.5
2022-11-22 20:00:00+00:00,16220.6
2022-11-23 00:00:00+00:00,16577.9
2022-11-23 04:00:00+00:00,16572.9
2022-11-23 08:00:00+00:00,16577.0
2022-11-23 12:00:00+00:00,16415.9
2022-11-23 16:00:00+00:00,16466.9
2022-11-23 20:00:00+00:00,16595.8
2022-11-24 00:00:00+00:00,16703.2
2022-11-24 04:00:00+00:00,16613.8
2022-11-24 08:00:00+00:00,16567.1
2022-11-24 12:00:00+00:00,16549.0
2022-11-24 16:00:00+00:00,16569.0
2022-11-24 20:00:00+00:00,16592.4
2022-11-25 00:00:00+00:00,16480.3
2022-11-25 04:00:00+00:00,16453.8
2022-11-25 08:00:00+00:00,16523.5
2022-11-25 12:00:00+00:00,16505.4
2022-11-25 16:00:00+00:00,16516.0
2022-11-25 20:00:00+00:00,16516.1
2022-11-26 00:00:00+00:00,16615.0
2022-11-26 04:00:00+00:00,16576.9
2022-11-26 08:00:00+00:00,16572.8
2022-11-26 12:00:00+00:00,16506.4
2022-11-26 16:00:00+00:00,16480.7
2022-11-26 20:00:00+00:00,16449.2
2022-11-27 00:00:00+00:00,16520.0
2022-11-27 04:00:00+00:00,16553.9
2022-11-27 08:00:00+00:00,16544.4
2022-11-27 12:00:00+00:00,16566.2
2022-11-27 16:00:00+00:00,16546.9
2022-11-27 20:00:00+00:00,16422.6
2022-11-28 00:00:00+00:00,16168.9
2022-11-28 04:00:00+00:00,16215.1
2022-11-28 08:00:00+00:00,16205.0
2022-11-28 12:00:00+00:00,16136.7
2022-11-28 16:00:00+00:00,16215.1
2022-11-28 20:00:00+00:00,16204.5
2022-11-29 00:00:00+00:00,16279.1
2022-11-29 04:00:00+00:00,16455.9
2022-11-29 08:00:00+00:00,16488.0
2022-11-29 12:00:00+00:00,16384.8
2022-11-29 16:00:00+00:00,16418.2
2022-11-29 20:00:00+00:00,16433.2
2022-11-30 00:00:00+00:00,16836.7
2022-11-30 04:00:00+00:00,16874.1
2022-11-30 08:00:00+00:00,16871.4
2022-11-30 12:00:00+00:00,16856.8
2022-11-30 16:00:00+00:00,17051.5
2022-11-30 20:00:00+00:00,17153.3
2022-12-01 00:00:00+00:00,17143.8
2022-12-01 04:00:00+00:00,17062.6
2022-12-01 08:00:00+00:00,17096.9
2022-12-01 12:00:00+00:00,16970.5
2022-12-01 16:00:00+00:00,16945.4
2022-12-01 20:00:00+00:00,16970.5
2022-12-02 00:00:00+00:00,16893.9
2022-12-02 04:00:00+00:00,16947.1
2022-12-02 08:00:00+00:00,16987.1
2022-12-02 12:00:00+00:00,16928.9
2022-12-02 16:00:00+00:00,16979.3
2022-12-02 20:00:00+00:00,17083.0
2022-12-03 00:00:00+00:00,17012.3
2022-12-03 04:00:00+00:00,16954.7
2022-12-03 08:00:00+00:00,16938.5
2022-12-03 12:00:00+00:00,16953.8
2022-12-03 16:00:00+00:00,16945.3
2022-12-03 20:00:00+00:00,16879.5
2022-12-04 00:00:00+00:00,16951.8
2022-12-04 04:00:00+00:00,16987.9
2022-12-04 08:00:00+00:00,16938.4
2022-12-04 12:00:00+00:00,17022.2
2022-12-04 16:00:00+00:00,17077.6
2022-12-04 20:00:00+00:00,17099.5
2022-12-05 00:00:00+00:00,17190.1
2022-12-05 04:00:00+00:00,17303.7
2022-12-05 08:00:00+00:00,17302.2
2022-12-05 12:00:00+00:00,17073.8
2022-12-05 16:00:00+00:00,16919.5
2022-12-05 20:00:00+00:00,16958.3
2022-12-06 00:00:00+00:00,16995.4
2022-12-06 04:00:00+00:00,16993.6
2022-12-06 08:00:00+00:00,16974.6
2022-12-06 12:00:00+00:00,16974.9
2022-12-06 16:00:00+00:00,16964.1
2022-12-06 20:00:00+00:00,17078.6
2022-12-07 00:00:00+00:00,17017.4
2022-12-07 04:00:00+00:00,16755.4
2022-12-07 08:00:00+00:00,16787.1
2022-12-07 12:00:00+00:00,16829.1
2022-12-07 16:00:00+00:00,16807.5
2022-12-07 20:00:00+00:00,16828.0
2022-12-08 00:00:00+00:00,16825.6
2022-12-08 04:00:00+00:00,16816.7
2022-12-08 08:00:00+00:00,16842.0
2022-12-08 12:00:00+00:00,16907.7
2022-12-08 16:00:00+00:00,17241.9
2022-12-08 20:00:00+00:00,17216.0
2022-12-09 00:00:00+00:00,17194.0
2022-12-09 04:00:00+00:00,17203.7
2022-12-09 08:00:00+00:00,17231.9
2022-12-09 12:00:00+00:00,17170.4
2022-12-09 16:00:00+00:00,17134.9
2022-12-09 20:00:00+00:00,17122.0
2022-12-10 00:00:00+00:00,17140.0
2022-12-10 04:00:00+00:00,17144.6
2022-12-10 08:00:00+00:00,17159.9
2022-12-10 12:00:00+00:00,17200.3
2022-12-10 16:00:00+00:00,17166.3
2022-12-10 20:00:00+00:00,17120.0
2022-12-11 00:00:00+00:00,17147.7
2022-12-11 04:00:00+00:00,17173.4
2022-12-11 08:00:00+00:00,17160.8
2022-12-11 12:00:00+00:00,17145.5
2022-12-11 16:00:00+00:00,17169.5
2022-12-11 20:00:00+00:00,17077.3
2022-12-12 00:00:00+00:00,16909.0
2022-12-12 04:00:00+00:00,16916.2
2022-12-12 08:00:00+00:00,16977.8
2022-12-12 12:00:00+00:00,16999.9
2022-12-12 16:00:00+00:00,17035.7
2022-12-12 20:00:00+00:00,17200.0
2022-12-13 00:00:00+00:00,17143.2
2022-12-13 04:00:00+00:00,17157.0
2022-12-13 08:00:00+00:00,17436.8
2022-12-13 12:00:00+00:00,17749.6
2022-12-13 16:00:00+00:00,17740.6
2022-12-13 20:00:00+00:00,17777.1
2022-12-14 00:00:00+00:00,17782.4
2022-12-14 04:00:00+00:00,17807.1
2022-12-14 08:00:00+00:00,17823.8
2022-12-14 12:00:00+00:00,18054.8
2022-12-14 16:00:00+00:00,17789.5
2022-12-14 20:00:00+00:00,17803.9
2022-12-15 00:00:00+00:00,17724.9
2022-12-15 04:00:00+00:00,17686.0
2022-12-15 08:00:00+00:00,17712.1
2022-12-15 12:00:00+00:00,17424.0
2022-12-15 16:00:00+00:00,17435.1
2022-12-15 20:00:00+00:00,17351.8
2022-12-16 00:00:00+00:00,17418.9
2022-12-16 04:00:00+00:00,17496.6
2022-12-16 08:00:00+00:00,17018.6
2022-12-16 12:00:00+00:00,16961.8
2022-12-16 16:00:00+00:00,16856.5
2022-12-16 20:00:00+00:00,16624.1
2022-12-17 00:00:00+00:00,16667.5
2022-12-17 04:00:00+00:00,16738.0
2022-12-17 08:00:00+00:00,16700.6
2022-12-17 12:00:00+00:00,16692.4
2022-12-17 16:00:00+00:00,16684.2
2022-12-17 20:00:00+00:00,16768.0
2022-12-18 00:00:00+00:00,16736.5
2022-12-18 04:00:00+00:00,16739.9
2022-12-18 08:00:00+00:00,16702.2
2022-12-18 12:00:00+00:00,16676.4
2022-12-18 16:00:00+00:00,16745.6
2022-12-18 20:00:00+00:00,16730.3
2022-12-19 00:00:00+00:00,16673.6
2022-12-19 04:00:00+00:00,16714.4
2022-12-19 08:00:00+00:00,16725.3
2022-12-19 12:00:00+00:00,16660.2
2022-12-19 16:00:00+00:00,16549.3
2022-12-19 20:00:00+00:00,16429.2
2022-12-20 00:00:00+00:00,16718.0
2022-12-20 04:00:00+00:00,16796.1
2022-12-20 08:00:00+00:00,16805.1
2022-12-20 12:00:00+00:00,16910.9
2022-12-20 16:00:00+00:00,16894.7
2022-12-20 20:00:00+00:00,16887.2
2022-12-21 00:00:00+00:00,16829.8
2022-12-21 04:00:00+00:00,16809.2
2022-12-21 08:00:00+00:00,16872.4
2022-12-21 12:00:00+00:00,16854.6
2022-12-21 16:00:00+00:00,16746.8
2022-12-21 20:00:00+00:00,16819.6
2022-12-22 00:00:00+00:00,16844.5
2022-12-22 04:00:00+00:00,16820.0
2022-12-22 08:00:00+00:00,16827.6
2022-12-22 12:00:00+00:00,16631.5
2022-12-22 16:00:00+00:00,16658.3
2022-12-22 20:00:00+00:00,16815.5
2022-12-23 00:00:00+00:00,16823.5
2022-12-23 04:00:00+00:00,16842.0
2022-12-23 08:00:00+00:00,16837.4
2022-12-23 12:00:00+00:00,16825.9
2022-12-23 16:00:00+00:00,16838.5
2022-12-23 20:00:00+00:00,16776.4
2022-12-24 00:00:00+00:00,16833.3
2022-12-24 04:00:00+00:00,16840.3
2022-12-24 08:00:00+00:00,16819.2
2022-12-24 12:00:00+00:00,16830.2
2022-12-24 16:00:00+00:00,16834.6
2022-12-24 20:00:00+00:00,16828.9
2022-12-25 00:00:00+00:00,16824.0
2022-12-25 04:00:00+00:00,16816.8
2022-12-25 08:00:00+00:00,16814.9
2022-12-25 12:00:00+00:00,16784.1
2022-12-25 16:00:00+00:00,16786.7
2022-12-25 20:00:00+00:00,16824.4
2022-12-26 00:00:00+00:00,16887.1
2022-12-26 04:00:00+00:00,16836.6
2022-12-26 08:00:00+00:00,16854.0
2022-12-26 12:00:00+00:00,16801.2
2022-12-26 16:00:00+00:00,16834.9
2022-12-26 20:00:00+00:00,16912.9
2022-12-27 00:00:00+00:00,16868.1
2022-12-27 04:00:00+00:00,16859.6
2022-12-27 08:00:00+00:00,16823.7
2022-12-27 12:00:00+00:00,16790.7
2022-12-27 16:00:00+00:00,16681.3
2022-12-27 20:00:00+00:00,16698.2
2022-12-28 00:00:00+00:00,16643.3
2022-12-28 04:00:00+00:00,16639.0
2022-12-28 08:00:00+00:00,16672.0
2022-12-28 12:00:00+00:00,16571.3
2022-12-28 16:00:00+00:00,16589.6
2022-12-28 20:00:00+00:00,16539.0
2022-12-29 00:00:00+00:00,16553.2
2022-12-29 04:00:00+00:00,16553.0
2022-12-29 08:00:00+00:00,16593.8
2022-12-29 12:00:00+00:00,16610.1
2022-12-29 16:00:00+00:00,16608.1
2022-12-29 20:00:00+00:00,16630.3
2022-12-30 00:00:00+00:00,16593.9
2022-12-30 04:00:00+00:00,16467.5
2022-12-30 08:00:00+00:00,16489.5
2022-12-30 12:00:00+00:00,16547.7
2022-12-30 16:00:00+00:00,16520.8
2022-12-30 20:00:00+00:00,16601.2
2022-12-31 00:00:00+00:00,16549.1
2022-12-31 04:00:00+00:00,16564.4
2022-12-31 08:00:00+00:00,16565.6
2022-12-31 12:00:00+00:00,16586.0
2022-12-31 16:00:00+00:00,16564.3
2022-12-31 20:00:00+00:00,16537.6
2023-01-01 00:00:00+00:00,16529.3
2023-01-01 04:00:00+00:00,16519.6
2023-01-01 08:00:00+00:00,16549.8
2023-01-01 12:00:00+00:00,16553.1
2023-01-01 16:00:00+00:00,16596.1
2023-01-01 20:00:00+00:00,16610.3
2023-01-02 00:00:00+00:00,16654.6
2023-01-02 04:00:00+00:00,16712.5
2023-01-02 08:00:00+00:00,16728.5
2023-01-02 12:00:00+00:00,16729.2
2023-01-02 16:00:00+00:00,16730.5
2023-01-02 20:00:00+00:00,16666.0
2023-01-03 00:00:00+00:00,16684.5
2023-01-03 04:00:00+00:00,16723.1
2023-01-03 08:00:00+00:00,16714.2
2023-01-03 12:00:00+00:00,16670.8
2023-01-03 16:00:00+00:00,16637.7
2023-01-03 20:00:00+00:00,16667.2
2023-01-04 00:00:00+00:00,16855.9
2023-01-04 04:00:00+00:00,16862.5
2023-01-04 08:00:00+00:00,16826.8
2023-01-04 12:00:00+00:00,16846.5
2023-01-04 16:00:00+00:00,16835.9
2023-01-04 20:00:00+00:00,16842.1
2023-01-05 00:00:00+00:00,16819.0
2023-01-05 04:00:00+00:00,16816.1
2023-01-05 08:00:00+00:00,16827.0
2023-01-05 12:00:00+00:00,16836.6
2023-01-05 16:00:00+00:00,16856.4
2023-01-05 20:00:00+00:00,16823.8
2023-01-06 00:00:00+00:00,16825.1
2023-01-06 04:00:00+00:00,16785.6
2023-01-06 08:00:00+00:00,16731.4
2023-01-06 12:00:00+00:00,16834.2
2023-01-06 16:00:00+00:00,16932.6
2023-01-06 20:00:00+00:00,16943.8
2023-01-07 00:00:00+00:00,16944.4
2023-01-07 04:00:00+00:00,16939.8
2023-01-07 08:00:00+00:00,16912.3
2023-01-07 12:00:00+00:00,16934.5
2023-01-07 16:00:00+00:00,16937.3
2023-01-07 20:00:00+00:00,16936.5
2023-01-08 00:00:00+00:00,16939.0
2023-01-08 04:00:00+00:00,16945.5
2023-01-08 08:00:00+00:00,16918.6
2023-01-08 12:00:00+00:00,16991.0
2023-01-08 16:00:00+00:00,16920.3
2023-01-08 20:00:00+00:00,17124.7
2023-01-09 00:00:00+00:00,17188.1
2023-01-09 04:00:00+00:00,17189.7
2023-01-09 08:00:00+00:00,17232.2
2023-01-09 12:00:00+00:00,17260.4
2023-01-09 16:00:00+00:00,17285.7
2023-01-09 20:00:00+00:00,17169.7
2023-01-10 00:00:00+00:00,17199.9
2023-01-10 04:00:00+00:00,17194.7
2023-01-10 08:00:00+00:00,17244.4
2023-01-10 12:00:00+00:00,17317.5
2023-01-10 16:00:00+00:00,17424.1
2023-01-10 20:00:00+00:00,17428.8
2023-01-11 00:00:00+00:00,17407.7
2023-01-11 04:00:00+00:00,17437.1
2023-01-11 08:00:00+00:00,17428.7
2023-01-11 12:00:00+00:00,17325.3
2023-01-11 16:00:00+00:00,17540.6
2023-01-11 20:00:00+00:00,17935.7
2023-01-12 00:00:00+00:00,18217.2
2023-01-12 04:00:00+00:00,18129.3
2023-01-12 08:00:00+00:00,18194.5
2023-01-12 12:00:00+00:00,18077.7
2023-01-12 16:00:00+00:00,18877.2
2023-01-12 20:00:00+00:00,18838.0
2023-01-13 00:00:00+00:00,18871.6
2023-01-13 04:00:00+00:00,18817.7
2023-01-13 08:00:00+00:00,18911.7
2023-01-13 12:00:00+00:00,19252.5
2023-01-13 16:00:00+00:00,19354.2
2023-01-13 20:00:00+00:00,19924.2
2023-01-14 00:00:00+00:00,20996.3
2023-01-14 04:00:00+00:00,20913.1
2023-01-14 08:00:00+00:00,20733.4
2023-01-14 12:00:00+00:00,20796.9
2023-01-14 16:00:00+00:00,20796.8
2023-01-14 20:00:00+00:00,20962.8
2023-01-15 00:00:00+00:00,20736.5
2023-01-15 04:00:00+00:00,20750.0
2023-01-15 08:00:00+00:00,20737.4
2023-01-15 12:00:00+00:00,20925.0
2023-01-15 16:00:00+00:00,20877.2
2023-01-15 20:00:00+00:00,20882.7
2023-01-16 00:00:00+00:00,21084.3
2023-01-16 04:00:00+00:00,21116.0
2023-01-16 08:00:00+00:00,20821.7
2023-01-16 12:00:00+00:00,21000.6
2023-01-16 16:00:00+00:00,21314.4
2023-01-16 20:00:00+00:00,21188.3
2023-01-17 00:00:00+00:00,21129.6
2023-01-17 04:00:00+00:00,21134.7
2023-01-17 08:00:00+00:00,21218.6
2023-01-17 12:00:00+00:00,21175.6
2023-01-17 16:00:00+00:00,21337.2
2023-01-17 20:00:00+00:00,21130.9
2023-01-18 00:00:00+00:00,21254.1
2023-01-18 04:00:00+00:00,21307.7
2023-01-18 08:00:00+00:00,21201.6
2023-01-18 12:00:00+00:00,21035.5
2023-01-18 16:00:00+00:00,20905.1
2023-01-18 20:00:00+00:00,20680.0
2023-01-19 00:00:00+00:00,20748.9
2023-01-19 04:00:00+00:00,20818.2
2023-01-19 08:00:00+00:00,20741.3
2023-01-19 12:00:00+00:00,20870.7
2023-01-19 16:00:00+00:00,21090.0
2023-01-19 20:00:00+00:00,21068.3
2023-01-20 00:00:00+00:00,21086.2
2023-01-20 04:00:00+00:00,20954.2
2023-01-20 08:00:00+00:00,20957.6
2023-01-20 12:00:00+00:00,21139.7
2023-01-20 16:00:00+00:00,21494.2
2023-01-20 20:00:00+00:00,22661.1
2023-01-21 00:00:00+00:00,22541.7
2023-01-21 04:00:00+00:00,22631.5
2023-01-21 08:00:00+00:00,22903.5
2023-01-21 12:00:00+00:00,22996.2
2023-01-21 16:00:00+00:00,23271.9
2023-01-21 20:00:00+00:00,22781.9
2023-01-22 00:00:00+00:00,22766.1
2023-01-22 04:00:00+00:00,22893.2
2023-01-22 08:00:00+00:00,22785.5
2023-01-22 12:00:00+00:00,22792.9
2023-01-22 16:00:00+00:00,22720.0
2023-01-22 20:00:00+00:00,22704.6
2023-01-23 00:00:00+00:00,22657.6
2023-01-23 04:00:00+00:00,22692.4
2023-01-23 08:00:00+00:00,22906.5
2023-01-23 12:00:00+00:00,22852.0
2023-01-23 16:00:00+00:00,22789.6
2023-01-23 20:00:00+00:00,22913.1
2023-01-24 00:00:00+00:00,23078.2
2023-01-24 04:00:00+00:00,23052.3
2023-01-24 08:00:00+00:00,22912.0
2023-01-24 12:00:00+00:00,22924.0
2023-01-24 16:00:00+00:00,23015.0
2023-01-24 20:00:00+00:00,22627.4
2023-01-25 00:00:00+00:00,22641.0
2023-01-25 04:00:00+00:00,22703.9
2023-01-25 08:00:00+00:00,22595.9
2023-01-25 12:00:00+00:00,22573.3
2023-01-25 16:00:00+00:00,22743.4
2023-01-25 20:00:00+00:00,23060.6
2023-01-26 00:00:00+00:00,23129.4
2023-01-26 04:00:00+00:00,22961.3
2023-01-26 08:00:00+00:00,22985.4
2023-01-26 12:00:00+00:00,22947.3
2023-01-26 16:00:00+00:00,23063.4
2023-01-26 20:00:00+00:00,23001.9
2023-01-27 00:00:00+00:00,22762.2
2023-01-27 04:00:00+00:00,23068.1
2023-01-27 08:00:00+00:00,22964.5
2023-01-27 12:00:00+00:00,22928.8
2023-01-27 16:00:00+00:00,23246.7
2023-01-27 20:00:00+00:00,23068.0
2023-01-28 00:00:00+00:00,23109.0
2023-01-28 04:00:00+00:00,22984.3
2023-01-28 08:00:00+00:00,22973.4
2023-01-28 12:00:00+00:00,23004.7
2023-01-28 16:00:00+00:00,23033.1
2023-01-28 20:00:00+00:00,23015.9
2023-01-29 00:00:00+00:00,23190.0
2023-01-29 04:00:00+00:00,23200.4
2023-01-29 08:00:00+00:00,23430.0
2023-01-29 12:00:00+00:00,23522.7
2023-01-29 16:00:00+00:00,23896.6
2023-01-29 20:00:00+00:00,23740.3
2023-01-30 00:00:00+00:00,23700.8
2023-01-30 04:00:00+00:00,23648.1
2023-01-30 08:00:00+00:00,23075.2
2023-01-30 12:00:00+00:00,23178.6
2023-01-30 16:00:00+00:00,22783.7
2023-01-30 20:00:00+00:00,22819.9
2023-01-31 00:00:00+00:00,22826.7
2023-01-31 04:00:00+00:00,22967.7
2023-01-31 08:00:00+00:00,22856.9
2023-01-31 12:00:00+00:00,23113.9
2023-01-31 16:00:00+00:00,23154.6
2023-01-31 20:00:00+00:00,23119.4
2023-02-01 00:00:00+00:00,23127.3
2023-02-01 04:00:00+00:00,23071.0
2023-02-01 08:00:00+00:00,23076.1
2023-02-01 12:00:00+00:00,22975.7
2023-02-01 16:00:00+00:00,23379.9
2023-02-01 20:00:00+00:00,23730.0
2023-02-02 00:00:00+00:00,23852.2
2023-02-02 04:00:00+00:00,23787.0
2023-02-02 08:00:00+00:00,23827.0
2023-02-02 12:00:00+00:00,23843.3
2023-02-02 16:00:00+00:00,23804.9
2023-02-02 20:00:00+00:00,23493.1
2023-02-03 00:00:00+00:00,23534.9
2023-02-03 04:00:00+00:00,23457.1
2023-02-03 08:00:00+00:00,23532.9
2023-02-03 12:00:00+00:00,23601.1
2023-02-03 16:00:00+00:00,23308.2
2023-02-03 20:00:00+00:00,23424.7
2023-02-04 00:00:00+00:00,23340.8
2023-02-04 04:00:00+00:00,23322.4
2023-02-04 08:00:00+00:00,23359.2
2023-02-04 12:00:00+00:00,23420.1
2023-02-04 16:00:00+00:00,23427.3
2023-02-04 20:00:00+00:00,23322.6
2023-02-05 00:00:00+00:00,23343.4
2023-02-05 04:00:00+00:00,23377.0
2023-02-05 08:00:00+00:00,23354.1
2023-02-05 12:00:00+00:00,23094.2
2023-02-05 16:00:00+00:00,22889.5
2023-02-05 20:00:00+00:00,22929.2
2023-02-06 00:00:00+00:00,22891.9
2023-02-06 04:00:00+00:00,22873.0
2023-02-06 08:00:00+00:00,22876.1
2023-02-06 12:00:00+00:00,23040.5
2023-02-06 16:00:00+00:00,23026.2
2023-02-06 20:00:00+00:00,22757.7
2023-02-07 00:00:00+00:00,22870.9
2023-02-07 04:00:00+00:00,22905.6
2023-02-07 08:00:00+00:00,22970.4
2023-02-07 12:00:00+00:00,22898.8
2023-02-07 16:00:00+00:00,23086.1
2023-02-07 20:00:00+00:00,23234.1
2023-02-08 00:00:00+00:00,23250.6
2023-02-08 04:00:00+00:00,23226.9
2023-02-08 08:00:00+00:00,23152.8
2023-02-08 12:00:00+00:00,22862.4
2023-02-08 16:00:00+00:00,22867.3
2023-02-08 20:00:00+00:00,22955.9
2023-02-09 00:00:00+00:00,22511.6
2023-02-09 04:00:00+00:00,22668.7
2023-02-09 08:00:00+00:00,22677.4
2023-02-09 12:00:00+00:00,22603.8
2023-02-09 16:00:00+00:00,22027.3
2023-02-09 20:00:00+00:00,21793.4
2023-02-10 00:00:00+00:00,21817.5
2023-02-10 04:00:00+00:00,21901.9
2023-02-10 08:00:00+00:00,21726.6
2023-02-10 12:00:00+00:00,21649.0
2023-02-10 16:00:00+00:00,21764.0
2023-02-10 20:00:00+00:00,21618.6
2023-02-11 00:00:00+00:00,21668.8
2023-02-11 04:00:00+00:00,21681.9
2023-02-11 08:00:00+00:00,21689.2
2023-02-11 12:00:00+00:00,21727.0
2023-02-11 16:00:00+00:00,21652.6
2023-02-11 20:00:00+00:00,21851.3
2023-02-12 00:00:00+00:00,21772.1
2023-02-12 04:00:00+00:00,21788.2
2023-02-12 08:00:00+00:00,21877.6
2023-02-12 12:00:00+00:00,21931.4
2023-02-12 16:00:00+00:00,21983.1
2023-02-12 20:00:00+00:00,21771.1
2023-02-13 00:00:00+00:00,21800.9
2023-02-13 04:00:00+00:00,21857.2
2023-02-13 08:00:00+00:00,21595.9
2023-02-13 12:00:00+00:00,21553.3
2023-02-13 16:00:00+00:00,21597.8
2023-02-13 20:00:00+00:00,21766.2
2023-02-14 00:00:00+00:00,21691.8
2023-02-14 04:00:00+00:00,21759.9
2023-02-14 08:00:00+00:00,21798.9
2023-02-14 12:00:00+00:00,22033.3
2023-02-14 16:00:00+00:00,22196.7
2023-02-14 20:00:00+00:00,22187.4
2023-02-15 00:00:00+00:00,22088.9
2023-02-15 04:00:00+00:00,22097.5
2023-02-15 08:00:00+00:00,22433.0
2023-02-15 12:00:00+00:00,22798.1
2023-02-15 16:00:00+00:00,23310.6
2023-02-15 20:00:00+00:00,24332.6
2023-02-16 00:00:00+00:00,24741.0
2023-02-16 04:00:00+00:00,24630.8
2023-02-16 08:00:00+00:00,24580.0
2023-02-16 12:00:00+00:00,25090.2
2023-02-16 16:00:00+00:00,24879.0
2023-02-16 20:00:00+00:00,23526.6
2023-02-17 00:00:00+00:00,23839.1
2023-02-17 04:00:00+00:00,23636.0
2023-02-17 08:00:00+00:00,23792.6
2023-02-17 12:00:00+00:00,24131.4
2023-02-17 16:00:00+00:00,24526.7
2023-02-17 20:00:00+00:00,24581.5
2023-02-18 00:00:00+00:00,24619.9
2023-02-18 04:00:00+00:00,24522.8
2023-02-18 08:00:00+00:00,24525.6
2023-02-18 12:00:00+00:00,24670.0
2023-02-18 16:00:00+00:00,24610.1
2023-02-18 20:00:00+00:00,24636.9
2023-02-19 00:00:00+00:00,24687.0
2023-02-19 04:00:00+00:00,24576.7
2023-02-19 08:00:00+00:00,24665.4
2023-02-19 12:00:00+00:00,24929.7
2023-02-19 16:00:00+00:00,24512.5
2023-02-19 20:00:00+00:00,24265.9
2023-02-20 00:00:00+00:00,24414.9
2023-02-20 04:00:00+00:00,24500.1
2023-02-20 08:00:00+00:00,24895.9
2023-02-20 12:00:00+00:00,24944.6
2023-02-20 16:00:00+00:00,24878.5
2023-02-20 20:00:00+00:00,24849.9
2023-02-21 00:00:00+00:00,24926.2
2023-02-21 04:00:00+00:00,25004.6
2023-02-21 08:00:00+00:00,24572.6
2023-02-21 12:00:00+00:00,24554.0
2023-02-21 16:00:00+00:00,24607.7
2023-02-21 20:00:00+00:00,24443.4
2023-02-22 00:00:00+00:00,24198.8
2023-02-22 04:00:00+00:00,24059.6
2023-02-22 08:00:00+00:00,24156.4
2023-02-22 12:00:00+00:00,23707.8
2023-02-22 16:00:00+00:00,23781.7
2023-02-22 20:00:00+00:00,24171.3
2023-02-23 00:00:00+00:00,24444.3
2023-02-23 04:00:00+00:00,24365.3
2023-02-23 08:00:00+00:00,23767.6
2023-02-23 12:00:00+00:00,23940.0
2023-02-23 16:00:00+00:00,23962.2
2023-02-23 20:00:00+00:00,23928.8
2023-02-24 00:00:00+00:00,23945.1
2023-02-24 04:00:00+00:00,23821.5
2023-02-24 08:00:00+00:00,23876.4
2023-02-24 12:00:00+00:00,23337.2
2023-02-24 16:00:00+00:00,23172.3
2023-02-24 20:00:00+00:00,23175.6
2023-02-25 00:00:00+00:00,23064.9
2023-02-25 04:00:00+00:00,23108.7
2023-02-25 08:00:00+00:00,22974.0
2023-02-25 12:00:00+00:00,22996.4
2023-02-25 16:00:00+00:00,22975.7
2023-02-25 20:00:00+00:00,23146.2
2023-02-26 00:00:00+00:00,23201.8
2023-02-26 04:00:00+00:00,23142.7
2023-02-26 08:00:00+00:00,23244.2
2023-02-26 12:00:00+00:00,23239.7
2023-02-26 16:00:00+00:00,23491.0
2023-02-26 20:00:00+00:00,23545.3
2023-02-27 00:00:00+00:00,23541.0
2023-02-27 04:00:00+00:00,23411.1
2023-02-27 08:00:00+00:00,23420.0
2023-02-27 12:00:00+00:00,23546.5
2023-02-27 16:00:00+00:00,23262.5
2023-02-27 20:00:00+00:00,23480.0
2023-02-28 00:00:00+00:00,23454.3
2023-02-28 04:00:00+00:00,23223.3
2023-02-28 08:00:00+00:00,23381.6
2023-02-28 12:00:00+00:00,23511.2
2023-02-28 16:00:00+00:00,23251.0
2023-02-28 20:00:00+00:00,23129.6
2023-03-01 00:00:00+00:00,23431.6
2023-03-01 04:00:00+00:00,23709.6
2023-03-01 08:00:00+00:00,23736.8
2023-03-01 12:00:00+00:00,23702.8
2023-03-01 16:00:00+00:00,23342.9
2023-03-01 20:00:00+00:00,23619.8
2023-03-02 00:00:00+00:00,23487.1
2023-03-02 04:00:00+00:00,23381.9
2023-03-02 08:00:00+00:00,23405.6
2023-03-02 12:00:00+00:00,23350.3
2023-03-02 16:00:00+00:00,23456.6
2023-03-02 20:00:00+00:00,23457.1
2023-03-03 00:00:00+00:00,22306.3
2023-03-03 04:00:00+00:00,22347.8
2023-03-03 08:00:00+00:00,22333.9
2023-03-03 12:00:00+00:00,22323.9
2023-03-03 16:00:00+00:00,22348.3
2023-03-03 20:00:00+00:00,22342.8
2023-03-04 00:00:00+00:00,22339.4
2023-03-04 04:00:00+00:00,22346.6
2023-03-04 08:00:00+00:00,22338.1
2023-03-04 12:00:00+00:00,22306.3
2023-03-04 16:00:00+00:00,22238.7
2023-03-04 20:00:00+00:00,22335.7
2023-03-05 00:00:00+00:00,22374.2
2023-03-05 04:00:00+00:00,22365.2
2023-03-05 08:00:00+00:00,22380.1
2023-03-05 12:00:00+00:00,22424.4
2023-03-05 16:00:00+00:00,22394.0
2023-03-05 20:00:00+00:00,22419.4
2023-03-06 00:00:00+00:00,22378.0
2023-03-06 04:00:00+00:00,22380.9
2023-03-06 08:00:00+00:00,22370.0
2023-03-06 12:00:00+00:00,22543.6
2023-03-06 16:00:00+00:00,22382.8
2023-03-06 20:00:00+00:00,22397.1
2023-03-07 00:00:00+00:00,22449.1
2023-03-07 04:00:00+00:00,22408.4
2023-03-07 08:00:00+00:00,22339.8
2023-03-07 12:00:00+00:00,22307.5
2023-03-07 16:00:00+00:00,22118.6
2023-03-07 20:00:00+00:00,22187.1
2023-03-08 00:00:00+00:00,22141.8
2023-03-08 04:00:00+00:00,21962.2
2023-03-08 08:00:00+00:00,22061.2
2023-03-08 12:00:00+00:00,22129.5
2023-03-08 16:00:00+00:00,21993.7
2023-03-08 20:00:00+00:00,21695.4
2023-03-09 00:00:00+00:00,21762.6
2023-03-09 04:00:00+00:00,21680.9
2023-03-09 08:00:00+00:00,21664.4
2023-03-09 12:00:00+00:00,21637.4
2023-03-09 16:00:00+00:00,20845.6
2023-03-09 20:00:00+00:00,20348.3
2023-03-10 00:00:00+00:00,20042.1
2023-03-10 04:00:00+00:00,19942.9
2023-03-10 08:00:00+00:00,19750.0
2023-03-10 12:00:00+00:00,19995.0
2023-03-10 16:00:00+00:00,20015.3
2023-03-10 20:00:00+00:00,20140.3
2023-03-11 00:00:00+00:00,20381.2
2023-03-11 04:00:00+00:00,19844.3
2023-03-11 08:00:00+00:00,20077.6
2023-03-11 12:00:00+00:00,20052.3
2023-03-11 16:00:00+00:00,20210.0
2023-03-11 20:00:00+00:00,20447.3
2023-03-12 00:00:00+00:00,20367.4
2023-03-12 04:00:00+00:00,20335.6
2023-03-12 08:00:00+00:00,20435.0
2023-03-12 12:00:00+00:00,20347.9
2023-03-12 16:00:00+00:00,20770.5
2023-03-12 20:00:00+00:00,21986.2
2023-03-13 00:00:00+00:00,22221.7
2023-03-13 04:00:00+00:00,22451.6
2023-03-13 08:00:00+00:00,22092.6
2023-03-13 12:00:00+00:00,24009.0
2023-03-13 16:00:00+00:00,24314.6
2023-03-13 20:00:00+00:00,24119.5
2023-03-14 00:00:00+00:00,24379.9
2023-03-14 04:00:00+00:00,24251.9
2023-03-14 08:00:00+00:00,24747.3
2023-03-14 12:00:00+00:00,25911.3
2023-03-14 16:00:00+00:00,25065.5
2023-03-14 20:00:00+00:00,24682.5
2023-03-15 00:00:00+00:00,24741.6
2023-03-15 04:00:00+00:00,24892.0
2023-03-15 08:00:00+00:00,24782.6
2023-03-15 12:00:00+00:00,24480.1
2023-03-15 16:00:00+00:00,24379.8
2023-03-15 20:00:00+00:00,24288.0
2023-03-16 00:00:00+00:00,24271.9
2023-03-16 04:00:00+00:00,24614.5
2023-03-16 08:00:00+00:00,24821.4
2023-03-16 12:00:00+00:00,24880.6
2023-03-16 16:00:00+00:00,24945.9
2023-03-16 20:00:00+00:00,24990.4
2023-03-17 00:00:00+00:00,25769.9
2023-03-17 04:00:00+00:00,26046.9
2023-03-17 08:00:00+00:00,26914.1
2023-03-17 12:00:00+00:00,26412.6
2023-03-17 16:00:00+00:00,26830.0
2023-03-17 20:00:00+00:00,27384.0
2023-03-18 00:00:00+00:00,27293.3
2023-03-18 04:00:00+00:00,27351.9
2023-03-18 08:00:00+00:00,27440.0
2023-03-18 12:00:00+00:00,27218.9
2023-03-18 16:00:00+00:00,27322.9
2023-03-18 20:00:00+00:00,26907.0
2023-03-19 00:00:00+00:00,27194.7
2023-03-19 04:00:00+00:00,26963.4
2023-03-19 08:00:00+00:00,27152.2
2023-03-19 12:00:00+00:00,27534.3
2023-03-19 16:00:00+00:00,28245.3
2023-03-19 20:00:00+00:00,27955.7
2023-03-20 00:00:00+00:00,27264.3
2023-03-20 04:00:00+00:00,28168.5
2023-03-20 08:00:00+00:00,28176.8
2023-03-20 12:00:00+00:00,27679.7
2023-03-20 16:00:00+00:00,27769.5
2023-03-20 20:00:00+00:00,27704.1
2023-03-21 00:00:00+00:00,27773.0
2023-03-21 04:00:00+00:00,27490.9
2023-03-21 08:00:00+00:00,28026.1
2023-03-21 12:00:00+00:00,28028.7
2023-03-21 16:00:00+00:00,28111.3
2023-03-21 20:00:00+00:00,28091.1
2023-03-22 00:00:00+00:00,28137.7
2023-03-22 04:00:00+00:00,28088.2
2023-03-22 08:00:00+00:00,28113.5
2023-03-22 12:00:00+00:00,28586.2
2023-03-22 16:00:00+00:00,26654.1
2023-03-22 20:00:00+00:00,27233.8
2023-03-23 00:00:00+00:00,27343.7
2023-03-23 04:00:00+00:00,27616.4
2023-03-23 08:00:00+00:00,27573.4
2023-03-23 12:00:00+00:00,28574.5
2023-03-23 16:00:00+00:00,28362.5
2023-03-23 20:00:00+00:00,28284.1
2023-03-24 00:00:00+00:00,28211.3
2023-03-24 04:00:00+00:00,28269.9
2023-03-24 08:00:00+00:00,27558.4
2023-03-24 12:00:00+00:00,27997.2
2023-03-24 16:00:00+00:00,27811.3
2023-03-24 20:00:00+00:00,27438.9
2023-03-25 00:00:00+00:00,27568.6
2023-03-25 04:00:00+00:00,27473.5
2023-03-25 08:00:00+00:00,27445.6
2023-03-25 12:00:00+00:00,27631.4
2023-03-25 16:00:00+00:00,27179.5
2023-03-25 20:00:00+00:00,27447.3
2023-03-26 00:00:00+00:00,27517.3
2023-03-26 04:00:00+00:00,27492.4
2023-03-26 08:00:00+00:00,27852.1
2023-03-26 12:00:00+00:00,27790.1
2023-03-26 16:00:00+00:00,27814.1
2023-03-26 20:00:00+00:00,27954.3
2023-03-27 00:00:00+00:00,27878.4
2023-03-27 04:00:00+00:00,27794.5
2023-03-27 08:00:00+00:00,27879.9
2023-03-27 12:00:00+00:00,26887.3
2023-03-27 16:00:00+00:00,26956.8
2023-03-27 20:00:00+00:00,27112.0
2023-03-28 00:00:00+00:00,26955.5
2023-03-28 04:00:00+00:00,26947.2
2023-03-28 08:00:00+00:00,27046.7
2023-03-28 12:00:00+00:00,26984.9
2023-03-28 16:00:00+00:00,27412.1
2023-03-28 20:00:00+00:00,27249.7
2023-03-29 00:00:00+00:00,27354.1
2023-03-29 04:00:00+00:00,28077.7
2023-03-29 08:00:00+00:00,28347.5
2023-03-29 12:00:00+00:00,28426.3
2023-03-29 16:00:00+00:00,28406.1
2023-03-29 20:00:00+00:00,28338.5
2023-03-30 00:00:00+00:00,28470.5
2023-03-30 04:00:00+00:00,28706.6
2023-03-30 08:00:00+00:00,28630.1
2023-03-30 12:00:00+00:00,28282.8
2023-03-30 16:00:00+00:00,27971.3
2023-03-30 20:00:00+00:00,28015.0
2023-03-31 00:00:00+00:00,28152.3
2023-03-31 04:00:00+00:00,27733.3
2023-03-31 08:00:00+00:00,27916.0
2023-03-31 12:00:00+00:00,28488.5
2023-03-31 16:00:00+00:00,28459.0
2023-03-31 20:00:00+00:00,28454.9
2023-04-01 00:00:00+00:00,28532.0
2023-04-01 04:00:00+00:00,28416.1
2023-04-01 08:00:00+00:00,28365.5
2023-04-01 12:00:00+00:00,28387.2
2023-04-01 16:00:00+00:00,28368.3
2023-04-01 20:00:00+00:00,28443.8
2023-04-02 00:00:00+00:00,28463.0
2023-04-02 04:00:00+00:00,28401.3
2023-04-02 08:00:00+00:00,28344.9
2023-04-02 12:00:00+00:00,28110.2
2023-04-02 16:00:00+00:00,27933.7
2023-04-02 20:00:00+00:00,28161.2
2023-04-03 00:00:00+00:00,27738.1
2023-04-03 04:00:00+00:00,27946.5
2023-04-03 08:00:00+00:00,28243.4
2023-04-03 12:00:00+00:00,28032.5
2023-04-03 16:00:00+00:00,28071.8
2023-04-03 20:00:00+00:00,27786.1
2023-04-04 00:00:00+00:00,27843.7
2023-04-04 04:00:00+00:00,28013.2
2023-04-04 08:00:00+00:00,28274.6
2023-04-04 12:00:00+00:00,28011.7
2023-04-04 16:00:00+00:00,28171.1
2023-04-04 20:00:00+00:00,28155.2
2023-04-05 00:00:00+00:00,28536.1
2023-04-05 04:00:00+00:00,28515.7
2023-04-05 08:00:00+00:00,28544.0
2023-04-05 12:00:00+00:00,28014.9
2023-04-05 16:00:00+00:00,28229.1
2023-04-05 20:00:00+00:00,28154.0
2023-04-06 00:00:00+00:00,28117.4
2023-04-06 04:00:00+00:00,27896.8
2023-04-06 08:00:00+00:00,27934.9
2023-04-06 12:00:00+00:00,28079.3
2023-04-06 16:00:00+00:00,28005.0
2023-04-06 20:00:00+00:00,28022.8
2023-04-07 00:00:00+00:00,28022.2
2023-04-07 04:00:00+00:00,27822.0
2023-04-07 08:00:00+00:00,27830.0
2023-04-07 12:00:00+00:00,27930.2
2023-04-07 16:00:00+00:00,27886.4
2023-04-07 20:00:00+00:00,27890.7
2023-04-08 00:00:00+00:00,28005.9
2023-04-08 04:00:00+00:00,28073.8
2023-04-08 08:00:00+00:00,27997.7
2023-04-08 12:00:00+00:00,28004.3
2023-04-08 16:00:00+00:00,27909.1
2023-04-08 20:00:00+00:00,27924.9
2023-04-09 00:00:00+00:00,28012.0
2023-04-09 04:00:00+00:00,27888.2
2023-04-09 08:00:00+00:00,27919.3
2023-04-09 12:00:00+00:00,27873.6
2023-04-09 16:00:00+00:00,28132.4
2023-04-09 20:00:00+00:00,28309.4
2023-04-10 00:00:00+00:00,28269.8
2023-04-10 04:00:00+00:00,28278.2
2023-04-10 08:00:00+00:00,28294.3
2023-04-10 12:00:00+00:00,28427.7
2023-04-10 16:00:00+00:00,29164.9
2023-04-10 20:00:00+00:00,29623.1
2023-04-11 00:00:00+00:00,30105.8
2023-04-11 04:00:00+00:00,30095.3
2023-04-11 08:00:00+00:00,30045.0
2023-04-11 12:00:00+00:00,30179.4
2023-04-11 16:00:00+00:00,30121.9
2023-04-11 20:00:00+00:00,30185.1
2023-04-12 00:00:00+00:00,29914.8
2023-04-12 04:00:00+00:00,29979.4
2023-04-12 08:00:00+00:00,30003.7
2023-04-12 12:00:00+00:00,29948.0
2023-04-12 16:00:00+00:00,29789.5
2023-04-12 20:00:00+00:00,29875.0
2023-04-13 00:00:00+00:00,30057.3
2023-04-13 04:00:00+00:00,30054.1
2023-04-13 08:00:00+00:00,30149.2
2023-04-13 12:00:00+00:00,30422.5
2023-04-13 16:00:00+00:00,30323.1
2023-04-13 20:00:00+00:00,30362.7
2023-04-14 00:00:00+00:00,30684.6
2023-04-14 04:00:00+00:00,30739.9
2023-04-14 08:00:00+00:00,30790.0
2023-04-14 12:00:00+00:00,30226.7
2023-04-14 16:00:00+00:00,30311.2
2023-04-14 20:00:00+00:00,30453.1
2023-04-15 00:00:00+00:00,30367.1
2023-04-15 04:00:00+00:00,30416.6
2023-04-15 08:00:00+00:00,30371.0
2023-04-15 12:00:00+00:00,30319.9
2023-04-15 16:00:00+00:00,30318.8
2023-04-15 20:00:00+00:00,30280.4
2023-04-16 00:00:00+00:00,30249.0
2023-04-16 04:00:00+00:00,30330.8
2023-04-16 08:00:00+00:00,30220.1
2023-04-16 12:00:00+00:00,30324.7
2023-04-16 16:00:00+00:00,30306.0
2023-04-16 20:00:00+00:00,30286.6
2023-04-17 00:00:00+00:00,29966.5
2023-04-17 04:00:00+00:00,29831.1
2023-04-17 08:00:00+00:00,29558.1
2023-04-17 12:00:00+00:00,29346.5
2023-04-17 16:00:00+00:00,29459.6
2023-04-17 20:00:00+00:00,29420.0
2023-04-18 00:00:00+00:00,29431.7
2023-04-18 04:00:00+00:00,29756.8
2023-04-18 08:00:00+00:00,30369.7
2023-04-18 12:00:00+00:00,30170.2
2023-04-18 16:00:00+00:00,30205.8
2023-04-18 20:00:00+00:00,30365.8
2023-04-19 00:00:00+00:00,30199.9
2023-04-19 04:00:00+00:00,30064.8
2023-04-19 08:00:00+00:00,29299.9
2023-04-19 12:00:00+00:00,29247.9
2023-04-19 16:00:00+00:00,29210.6
2023-04-19 20:00:00+00:00,28795.1
2023-04-20 00:00:00+00:00,28850.1
2023-04-20 04:00:00+00:00,28857.7
2023-04-20 08:00:00+00:00,28601.6
2023-04-20 12:00:00+00:00,28492.3
2023-04-20 16:00:00+00:00,28091.2
2023-04-20 20:00:00+00:00,28229.9
2023-04-21 00:00:00+00:00,28309.1
2023-04-21 04:00:00+00:00,28142.3
2023-04-21 08:00:00+00:00,28054.5
2023-04-21 12:00:00+00:00,28032.8
2023-04-21 16:00:00+00:00,27273.6
2023-04-21 20:00:00+00:00,27252.5
2023-04-22 00:00:00+00:00,27309.9
2023-04-22 04:00:00+00:00,27268.4
2023-04-22 08:00:00+00:00,27276.1
2023-04-22 12:00:00+00:00,27477.1
2023-04-22 16:00:00+00:00,27604.7
2023-04-22 20:00:00+00:00,27807.2
2023-04-23 00:00:00+00:00,27545.2
2023-04-23 04:00:00+00:00,27704.6
2023-04-23 08:00:00+00:00,27632.8
2023-04-23 12:00:00+00:00,27460.2
2023-04-23 16:00:00+00:00,27453.3
2023-04-23 20:00:00+00:00,27576.0
2023-04-24 00:00:00+00:00,27780.0
2023-04-24 04:00:00+00:00,27440.8
2023-04-24 08:00:00+00:00,27540.0
2023-04-24 12:00:00+00:00,27256.0
2023-04-24 16:00:00+00:00,27373.8
2023-04-24 20:00:00+00:00,27497.5
2023-04-25 00:00:00+00:00,27337.6
2023-04-25 04:00:00+00:00,27252.3
2023-04-25 08:00:00+00:00,27382.1
2023-04-25 12:00:00+00:00,27329.5
2023-04-25 16:00:00+00:00,27596.1
2023-04-25 20:00:00+00:00,28286.7
2023-04-26 00:00:00+00:00,28296.2
2023-04-26 04:00:00+00:00,28365.0
2023-04-26 08:00:00+00:00,28940.7
2023-04-26 12:00:00+00:00,29803.0
2023-04-26 16:00:00+00:00,27871.9
2023-04-26 20:00:00+00:00,28395.9
2023-04-27 00:00:00+00:00,28876.6
2023-04-27 04:00:00+00:00,28880.0
2023-04-27 08:00:00+00:00,28921.2
2023-04-27 12:00:00+00:00,29136.7
2023-04-27 16:00:00+00:00,29659.9
2023-04-27 20:00:00+00:00,29459.0
2023-04-28 00:00:00+00:00,29412.8
2023-04-28 04:00:00+00:00,29473.9
2023-04-28 08:00:00+00:00,29226.0
2023-04-28 12:00:00+00:00,29133.9
2023-04-28 16:00:00+00:00,29317.6
2023-04-28 20:00:00+00:00,29300.0
2023-04-29 00:00:00+00:00,29328.8
2023-04-29 04:00:00+00:00,29333.9
2023-04-29 08:00:00+00:00,29323.4
2023-04-29 12:00:00+00:00,29258.1
2023-04-29 16:00:00+00:00,29222.0
2023-04-29 20:00:00+00:00,29212.7
2023-04-30 00:00:00+00:00,29168.0
2023-04-30 04:00:00+00:00,29252.0
2023-04-30 08:00:00+00:00,29184.6
2023-04-30 12:00:00+00:00,29644.2
2023-04-30 16:00:00+00:00,29346.0
2023-04-30 20:00:00+00:00,29223.0
2023-05-01 00:00:00+00:00,28545.6
2023-05-01 04:00:00+00:00,28610.0
2023-05-01 08:00:00+00:00,28510.6
2023-05-01 12:00:00+00:00,28158.3
2023-05-01 16:00:00+00:00,27833.9
2023-05-01 20:00:00+00:00,28054.4
2023-05-02 00:00:00+00:00,28031.9
2023-05-02 04:00:00+00:00,28045.0
2023-05-02 08:00:00+00:00,28076.1
2023-05-02 12:00:00+00:00,28521.1
2023-05-02 16:00:00+00:00,28676.4
2023-05-02 20:00:00+00:00,28656.5
2023-05-03 00:00:00+00:00,28505.4
2023-05-03 04:00:00+00:00,28638.3
2023-05-03 08:00:00+00:00,28535.1
2023-05-03 12:00:00+00:00,28292.7
2023-05-03 16:00:00+00:00,28308.8
2023-05-03 20:00:00+00:00,29018.4
2023-05-04 00:00:00+00:00,29084.7
2023-05-04 04:00:00+00:00,29048.6
2023-05-04 08:00:00+00:00,29145.0
2023-05-04 12:00:00+00:00,28850.0
2023-05-04 16:00:00+00:00,28883.2
2023-05-04 20:00:00+00:00,28826.0
2023-05-05 00:00:00+00:00,29187.0
2023-05-05 04:00:00+00:00,29059.0
2023-05-05 08:00:00+00:00,29137.5
2023-05-05 12:00:00+00:00,29347.4
2023-05-05 16:00:00+00:00,29548.7
2023-05-05 20:00:00+00:00,29491.5
2023-05-06 00:00:00+00:00,29360.1
2023-05-06 04:00:00+00:00,29350.2
2023-05-06 08:00:00+00:00,29264.5
2023-05-06 12:00:00+00:00,28557.9
2023-05-06 16:00:00+00:00,28831.9
2023-05-06 20:00:00+00:00,28837.8
2023-05-07 00:00:00+00:00,28790.8
2023-05-07 04:00:00+00:00,28891.9
2023-05-07 08:00:00+00:00,28826.5
2023-05-07 12:00:00+00:00,28933.1
2023-05-07 16:00:00+00:00,28894.0
2023-05-07 20:00:00+00:00,28419.4
2023-05-08 00:00:00+00:00,28188.0
2023-05-08 04:00:00+00:00,27957.8
2023-05-08 08:00:00+00:00,27922.2
2023-05-08 12:00:00+00:00,27874.1
2023-05-08 16:00:00+00:00,27329.1
2023-05-08 20:00:00+00:00,27659.8
2023-05-09 00:00:00+00:00,27612.5
2023-05-09 04:00:00+00:00,27649.3
2023-05-09 08:00:00+00:00,27663.9
2023-05-09 12:00:00+00:00,27385.8
2023-05-09 16:00:00+00:00,27704.7
2023-05-09 20:00:00+00:00,27610.2
2023-05-10 00:00:00+00:00,27668.8
2023-05-10 04:00:00+00:00,27532.4
2023-05-10 08:00:00+00:00,27660.7
2023-05-10 12:00:00+00:00,28141.2
2023-05-10 16:00:00+00:00,27683.6
2023-05-10 20:00:00+00:00,27582.9
2023-05-11 00:00:00+00:00,27435.1
2023-05-11 04:00:00+00:00,27437.5
2023-05-11 08:00:00+00:00,27393.2
2023-05-11 12:00:00+00:00,27166.3
2023-05-11 16:00:00+00:00,26831.4
2023-05-11 20:00:00+00:00,26956.4
2023-05-12 00:00:00+00:00,26574.8
2023-05-12 04:00:00+00:00,26294.1
2023-05-12 08:00:00+00:00,26333.0
2023-05-12 12:00:00+00:00,26307.7
2023-05-12 16:00:00+00:00,26445.2
2023-05-12 20:00:00+00:00,26785.1
2023-05-13 00:00:00+00:00,26794.6
2023-05-13 04:00:00+00:00,26759.3
2023-05-13 08:00:00+00:00,26814.3
2023-05-13 12:00:00+00:00,26802.0
2023-05-13 16:00:00+00:00,26822.6
2023-05-13 20:00:00+00:00,26762.7
2023-05-14 00:00:00+00:00,26853.6
2023-05-14 04:00:00+00:00,26839.9
2023-05-14 08:00:00+00:00,26794.8
2023-05-14 12:00:00+00:00,27071.4
2023-05-14 16:00:00+00:00,26865.0
2023-05-14 20:00:00+00:00,26901.9
2023-05-15 00:00:00+00:00,27216.3
2023-05-15 04:00:00+00:00,27398.6
2023-05-15 08:00:00+00:00,27323.2
2023-05-15 12:00:00+00:00,27383.0
2023-05-15 16:00:00+00:00,27410.1
2023-05-15 20:00:00+00:00,27152.5
2023-05-16 00:00:00+00:00,27118.7
2023-05-16 04:00:00+00:00,27240.6
2023-05-16 08:00:00+00:00,27049.3
2023-05-16 12:00:00+00:00,27027.9
2023-05-16 16:00:00+00:00,26917.9
2023-05-16 20:00:00+00:00,27024.8
2023-05-17 00:00:00+00:00,27052.1
2023-05-17 04:00:00+00:00,26831.9
2023-05-17 08:00:00+00:00,26626.5
2023-05-17 12:00:00+00:00,26788.0
2023-05-17 16:00:00+00:00,27377.1
2023-05-17 20:00:00+00:00,27395.8
2023-05-18 00:00:00+00:00,27357.3
2023-05-18 04:00:00+00:00,27375.1
2023-05-18 08:00:00+00:00,27391.9
2023-05-18 12:00:00+00:00,27075.2
2023-05-18 16:00:00+00:00,26719.3
2023-05-18 20:00:00+00:00,26809.3
2023-05-19 00:00:00+00:00,26825.0
2023-05-19 04:00:00+00:00,26841.9
2023-05-19 08:00:00+00:00,26843.8
2023-05-19 12:00:00+00:00,26869.9
2023-05-19 16:00:00+00:00,26826.4
2023-05-19 20:00:00+00:00,26870.1
2023-05-20 00:00:00+00:00,26849.2
2023-05-20 04:00:00+00:00,26841.8
2023-05-20 08:00:00+00:00,26868.6
2023-05-20 12:00:00+00:00,26936.0
2023-05-20 16:00:00+00:00,27054.3
2023-05-20 20:00:00+00:00,27089.5
2023-05-21 00:00:00+00:00,27166.5
2023-05-21 04:00:00+00:00,27044.5
2023-05-21 08:00:00+00:00,26818.1
2023-05-21 12:00:00+00:00,26885.0
2023-05-21 16:00:00+00:00,26889.2
2023-05-21 20:00:00+00:00,26732.8
2023-05-22 00:00:00+00:00,26637.7
2023-05-22 04:00:00+00:00,26830.7
2023-05-22 08:00:00+00:00,26819.9
2023-05-22 12:00:00+00:00,26863.2
2023-05-22 16:00:00+00:00,26857.0
2023-05-22 20:00:00+00:00,26840.2
2023-05-23 00:00:00+00:00,27354.6
2023-05-23 04:00:00+00:00,27295.8
2023-05-23 08:00:00+00:00,27326.9
2023-05-23 12:00:00+00:00,27310.7
2023-05-23 16:00:00+00:00,27171.6
2023-05-23 20:00:00+00:00,27209.9
2023-05-24 00:00:00+00:00,26770.0
2023-05-24 04:00:00+00:00,26664.2
2023-05-24 08:00:00+00:00,26731.7
2023-05-24 12:00:00+00:00,26306.9
2023-05-24 16:00:00+00:00,26241.6
2023-05-24 20:00:00+00:00,26313.8
2023-05-25 00:00:00+00:00,26171.0
2023-05-25 04:00:00+00:00,26118.9
2023-05-25 08:00:00+00:00,26282.5
2023-05-25 12:00:00+00:00,26216.9
2023-05-25 16:00:00+00:00,26457.9
2023-05-25 20:00:00+00:00,26461.8
2023-05-26 00:00:00+00:00,26425.7
2023-05-26 04:00:00+00:00,26491.3
2023-05-26 08:00:00+00:00,26451.9
2023-05-26 12:00:00+00:00,26737.5
2023-05-26 16:00:00+00:00,26755.2
2023-05-26 20:00:00+00:00,26689.9
2023-05-27 00:00:00+00:00,26739.5
2023-05-27 04:00:00+00:00,26715.3
2023-05-27 08:00:00+00:00,26687.7
2023-05-27 12:00:00+00:00,26682.1
2023-05-27 16:00:00+00:00,26721.6
2023-05-27 20:00:00+00:00,26841.6
2023-05-28 00:00:00+00:00,27174.4
2023-05-28 04:00:00+00:00,27218.9
2023-05-28 08:00:00+00:00,27146.0
2023-05-28 12:00:00+00:00,27264.1
2023-05-28 16:00:00+00:00,27518.4
2023-05-28 20:00:00+00:00,28055.7
2023-05-29 00:00:00+00:00,27947.9
2023-05-29 04:00:00+00:00,27895.0
2023-05-29 08:00:00+00:00,27908.1
2023-05-29 12:00:00+00:00,27622.1
2023-05-29 16:00:00+00:00,27624.0
2023-05-29 20:00:00+00:00,27722.0
2023-05-30 00:00:00+00:00,27815.0
2023-05-30 04:00:00+00:00,27721.0
2023-05-30 08:00:00+00:00,28005.9
2023-05-30 12:00:00+00:00,27665.0
2023-05-30 16:00:00+00:00,27836.4
2023-05-30 20:00:00+00:00,27680.1
2023-05-31 00:00:00+00:00,27646.5
2023-05-31 04:00:00+00:00,27150.4
2023-05-31 08:00:00+00:00,27087.9
2023-05-31 12:00:00+00:00,26900.1
2023-05-31 16:00:00+00:00,26999.5
2023-05-31 20:00:00+00:00,27201.1
2023-06-01 00:00:00+00:00,26768.6
2023-06-01 04:00:00+00:00,26790.2
2023-06-01 08:00:00+00:00,26881.7
2023-06-01 12:00:00+00:00,26884.2
2023-06-01 16:00:00+00:00,26851.6
2023-06-01 20:00:00+00:00,26805.3
2023-06-02 00:00:00+00:00,26985.1
2023-06-02 04:00:00+00:00,27038.3
2023-06-02 08:00:00+00:00,27118.5
2023-06-02 12:00:00+00:00,27081.3
2023-06-02 16:00:00+00:00,27231.6
2023-06-02 20:00:00+00:00,27227.8
2023-06-03 00:00:00+00:00,27130.9
2023-06-03 04:00:00+00:00,27161.3
2023-06-03 08:00:00+00:00,27121.0
2023-06-03 12:00:00+00:00,27292.7
2023-06-03 16:00:00+00:00,27084.9
2023-06-03 20:00:00+00:00,27054.9
2023-06-04 00:00:00+00:00,27048.4
2023-06-04 04:00:00+00:00,27141.0
2023-06-04 08:00:00+00:00,27190.9
2023-06-04 12:00:00+00:00,27166.9
2023-06-04 16:00:00+00:00,27205.0
2023-06-04 20:00:00+00:00,27102.4
2023-06-05 00:00:00+00:00,26835.9
2023-06-05 04:00:00+00:00,26819.2
2023-06-05 08:00:00+00:00,26760.1
2023-06-05 12:00:00+00:00,25991.9
2023-06-05 16:00:00+00:00,25618.5
2023-06-05 20:00:00+00:00,25714.7
2023-06-06 00:00:00+00:00,25719.8
2023-06-06 04:00:00+00:00,25706.4
2023-06-06 08:00:00+00:00,25676.0
2023-06-06 12:00:00+00:00,26051.2
2023-06-06 16:00:00+00:00,27073.2
2023-06-06 20:00:00+00:00,27221.5
2023-06-07 00:00:00+00:00,26897.0
2023-06-07 04:00:00+00:00,26786.7
2023-06-07 08:00:00+00:00,26888.3
2023-06-07 12:00:00+00:00,26333.9
2023-06-07 16:00:00+00:00,26469.2
2023-06-07 20:00:00+00:00,26325.9
2023-06-08 00:00:00+00:00,26332.0
2023-06-08 04:00:00+00:00,26431.5
2023-06-08 08:00:00+00:00,26421.4
2023-06-08 12:00:00+00:00,26705.9
2023-06-08 16:00:00+00:00,26526.3
2023-06-08 20:00:00+00:00,26485.9
2023-06-09 00:00:00+00:00,26469.5
2023-06-09 04:00:00+00:00,26482.7
2023-06-09 08:00:00+00:00,26599.8
2023-06-09 12:00:00+00:00,26465.1
2023-06-09 16:00:00+00:00,26400.0
2023-06-09 20:00:00+00:00,26468.1
2023-06-10 00:00:00+00:00,26312.6
2023-06-10 04:00:00+00:00,25637.2
2023-06-10 08:00:00+00:00,25718.7
2023-06-10 12:00:00+00:00,25620.0
2023-06-10 16:00:00+00:00,25738.2
2023-06-10 20:00:00+00:00,25826.6
2023-06-11 00:00:00+00:00,25714.7
2023-06-11 04:00:00+00:00,25728.0
2023-06-11 08:00:00+00:00,25784.9
2023-06-11 12:00:00+00:00,25741.2
2023-06-11 16:00:00+00:00,26021.0
2023-06-11 20:00:00+00:00,25909.9
2023-06-12 00:00:00+00:00,25779.6
2023-06-12 04:00:00+00:00,25793.3
2023-06-12 08:00:00+00:00,25975.7
2023-06-12 12:00:00+00:00,25809.3
2023-06-12 16:00:00+00:00,25816.8
2023-06-12 20:00:00+00:00,25894.8
2023-06-13 00:00:00+00:00,26054.6
2023-06-13 04:00:00+00:00,26060.2
2023-06-13 08:00:00+00:00,26178.1
2023-06-13 12:00:00+00:00,25750.9
2023-06-13 16:00:00+00:00,25891.2
2023-06-13 20:00:00+00:00,25918.0
2023-06-14 00:00:00+00:00,25970.7
2023-06-14 04:00:00+00:00,25884.1
2023-06-14 08:00:00+00:00,25967.2
2023-06-14 12:00:00+00:00,25976.4
2023-06-14 16:00:00+00:00,25860.5
2023-06-14 20:00:00+00:00,25115.9
2023-06-15 00:00:00+00:00,25054.8
2023-06-15 04:00:00+00:00,24974.6
2023-06-15 08:00:00+00:00,25007.0
2023-06-15 12:00:00+00:00,24948.4
2023-06-15 16:00:00+00:00,25443.0
2023-06-15 20:00:00+00:00,25586.1
2023-06-16 00:00:00+00:00,25545.7
2023-06-16 04:00:00+00:00,25526.1
2023-06-16 08:00:00+00:00,25462.8
2023-06-16 12:00:00+00:00,25832.4
2023-06-16 16:00:00+00:00,26371.2
2023-06-16 20:00:00+00:00,26336.0
2023-06-17 00:00:00+00:00,26253.4
2023-06-17 04:00:00+00:00,26587.6
2023-06-17 08:00:00+00:00,26497.5
2023-06-17 12:00:00+00:00,26399.9
2023-06-17 16:00:00+00:00,26466.2
2023-06-17 20:00:00+00:00,26508.9
2023-06-18 00:00:00+00:00,26538.4
2023-06-18 04:00:00+00:00,26572.0
2023-06-18 08:00:00+00:00,26488.5
2023-06-18 12:00:00+00:00,26547.5
2023-06-18 16:00:00+00:00,26641.6
2023-06-18 20:00:00+00:00,26329.7
2023-06-19 00:00:00+00:00,26393.5
2023-06-19 04:00:00+00:00,26415.3
2023-06-19 08:00:00+00:00,26438.6
2023-06-19 12:00:00+00:00,26431.1
2023-06-19 16:00:00+00:00,26672.8
2023-06-19 20:00:00+00:00,26828.5
2023-06-20 00:00:00+00:00,26880.7
2023-06-20 04:00:00+00:00,26820.4
2023-06-20 08:00:00+00:00,26895.2
2023-06-20 12:00:00+00:00,27054.2
2023-06-20 16:00:00+00:00,27973.8
2023-06-20 20:00:00+00:00,28290.6
2023-06-21 00:00:00+00:00,28704.6
2023-06-21 04:00:00+00:00,28860.4
2023-06-21 08:00:00+00:00,28913.5
2023-06-21 12:00:00+00:00,29837.0
2023-06-21 16:00:00+00:00,30105.5
2023-06-21 20:00:00+00:00,29988.5
2023-06-22 00:00:00+00:00,30283.7
2023-06-22 04:00:00+00:00,30094.5
2023-06-22 08:00:00+00:00,29919.3
2023-06-22 12:00:00+00:00,29837.3
2023-06-22 16:00:00+00:00,30208.8
2023-06-22 20:00:00+00:00,29875.0
2023-06-23 00:00:00+00:00,30002.4
2023-06-23 04:00:00+00:00,29927.0
2023-06-23 08:00:00+00:00,30125.3
2023-06-23 12:00:00+00:00,31232.9
2023-06-23 16:00:00+00:00,30873.7
2023-06-23 20:00:00+00:00,30673.4
2023-06-24 00:00:00+00:00,30719.5
2023-06-24 04:00:00+00:00,30563.4
2023-06-24 08:00:00+00:00,30674.9
2023-06-24 12:00:00+00:00,30390.9
2023-06-24 16:00:00+00:00,30622.2
2023-06-24 20:00:00+00:00,30524.2
2023-06-25 00:00:00+00:00,30742.0
2023-06-25 04:00:00+00:00,30714.0
2023-06-25 08:00:00+00:00,30710.0
2023-06-25 12:00:00+00:00,30574.1
2023-06-25 16:00:00+00:00,30420.0
2023-06-25 20:00:00+00:00,30458.0
2023-06-26 00:00:00+00:00,30285.0
2023-06-26 04:00:00+00:00,30395.6
2023-06-26 08:00:00+00:00,30315.1
2023-06-26 12:00:00+00:00,30400.5
2023-06-26 16:00:00+00:00,30233.9
2023-06-26 20:00:00+00:00,30260.1
2023-06-27 00:00:00+00:00,30360.0
2023-06-27 04:00:00+00:00,30404.5
2023-06-27 08:00:00+00:00,30720.1
2023-06-27 12:00:00+00:00,30487.4
2023-06-27 16:00:00+00:00,30638.4
2023-06-27 20:00:00+00:00,30683.2
2023-06-28 00:00:00+00:00,30441.8
2023-06-28 04:00:00+00:00,30176.0
2023-06-28 08:00:00+00:00,30294.3
2023-06-28 12:00:00+00:00,30399.8
2023-06-28 16:00:00+00:00,30080.4
2023-06-28 20:00:00+00:00,30066.3
2023-06-29 00:00:00+00:00,30162.3
2023-06-29 04:00:00+00:00,30333.9
2023-06-29 08:00:00+00:00,30660.6
2023-06-29 12:00:00+00:00,30468.3
2023-06-29 16:00:00+00:00,30571.5
2023-06-29 20:00:00+00:00,30439.9
2023-06-30 00:00:00+00:00,30734.3
2023-06-30 04:00:00+00:00,30759.1
2023-06-30 08:00:00+00:00,30897.7
2023-06-30 12:00:00+00:00,30052.0
2023-06-30 16:00:00+00:00,30360.3
2023-06-30 20:00:00+00:00,30460.2
2023-07-01 00:00:00+00:00,30391.2
2023-07-01 04:00:00+00:00,30448.1
2023-07-01 08:00:00+00:00,30508.5
2023-07-01 12:00:00+00:00,30561.5
2023-07-01 16:00:00+00:00,30600.5
2023-07-01 20:00:00+00:00,30573.6
2023-07-02 00:00:00+00:00,30505.2
2023-07-02 04:00:00+00:00,30504.7
2023-07-02 08:00:00+00:00,30537.2
2023-07-02 12:00:00+00:00,30491.4
2023-07-02 16:00:00+00:00,30552.8
2023-07-02 20:00:00+00:00,30612.7
2023-07-03 00:00:00+00:00,30747.9
2023-07-03 04:00:00+00:00,30662.8
2023-07-03 08:00:00+00:00,30619.6
2023-07-03 12:00:00+00:00,31068.0
2023-07-03 16:00:00+00:00,31254.1
2023-07-03 20:00:00+00:00,31149.0
2023-07-04 00:00:00+00:00,31189.8
2023-07-04 04:00:00+00:00,30902.3
2023-07-04 08:00:00+00:00,31056.5
2023-07-04 12:00:00+00:00,30959.3
2023-07-04 16:00:00+00:00,30685.3
2023-07-04 20:00:00+00:00,30756.1
2023-07-05 00:00:00+00:00,30857.3
2023-07-05 04:00:00+00:00,30765.9
2023-07-05 08:00:00+00:00,30395.0
2023-07-05 12:00:00+00:00,30345.0
2023-07-05 16:00:00+00:00,30420.0
2023-07-05 20:00:00+00:00,30488.4
2023-07-06 00:00:00+00:00,30477.7
2023-07-06 04:00:00+00:00,30792.3
2023-07-06 08:00:00+00:00,30833.0
2023-07-06 12:00:00+00:00,30390.3
2023-07-06 16:00:00+00:00,30294.6
2023-07-06 20:00:00+00:00,29874.4
2023-07-07 00:00:00+00:00,30122.1
2023-07-07 04:00:00+00:00,29992.9
2023-07-07 08:00:00+00:00,30104.0
2023-07-07 12:00:00+00:00,30375.4
2023-07-07 16:00:00+00:00,30227.9
2023-07-07 20:00:00+00:00,30327.9
2023-07-08 00:00:00+00:00,30260.0
2023-07-08 04:00:00+00:00,30174.8
2023-07-08 08:00:00+00:00,30185.3
2023-07-08 12:00:00+00:00,30196.7
2023-07-08 16:00:00+00:00,30100.0
2023-07-08 20:00:00+00:00,30269.3
2023-07-09 00:00:00+00:00,30277.6
2023-07-09 04:00:00+00:00,30250.0
2023-07-09 08:00:00+00:00,30257.3
2023-07-09 12:00:00+00:00,30336.8
2023-07-09 16:00:00+00:00,30227.7
2023-07-09 20:00:00+00:00,30147.8
2023-07-10 00:00:00+00:00,30144.9
2023-07-10 04:00:00+00:00,30100.0
2023-07-10 08:00:00+00:00,30221.5
2023-07-10 12:00:00+00:00,30297.6
2023-07-10 16:00:00+00:00,30824.5
2023-07-10 20:00:00+00:00,30396.9
2023-07-11 00:00:00+00:00,30461.0
2023-07-11 04:00:00+00:00,30528.5
2023-07-11 08:00:00+00:00,30391.3
2023-07-11 12:00:00+00:00,30585.5
2023-07-11 16:00:00+00:00,30565.5
2023-07-11 20:00:00+00:00,30608.4
2023-07-12 00:00:00+00:00,30581.3
2023-07-12 04:00:00+00:00,30730.8
2023-07-12 08:00:00+00:00,30765.3
2023-07-12 12:00:00+00:00,30510.2
2023-07-12 16:00:00+00:00,30268.1
2023-07-12 20:00:00+00:00,30368.9
2023-07-13 00:00:00+00:00,30283.7
2023-07-13 04:00:00+00:00,30355.1
2023-07-13 08:00:00+00:00,30530.6
2023-07-13 12:00:00+00:00,30915.4
2023-07-13 16:00:00+00:00,31600.6
2023-07-13 20:00:00+00:00,31441.7
2023-07-14 00:00:00+00:00,31445.4
2023-07-14 04:00:00+00:00,31096.0
2023-07-14 08:00:00+00:00,31206.4
2023-07-14 12:00:00+00:00,31236.5
2023-07-14 16:00:00+00:00,30099.9
2023-07-14 20:00:00+00:00,30293.3
2023-07-15 00:00:00+00:00,30276.0
2023-07-15 04:00:00+00:00,30317.6
2023-07-15 08:00:00+00:00,30298.5
2023-07-15 12:00:00+00:00,30290.5
2023-07-15 16:00:00+00:00,30309.7
2023-07-15 20:00:00+00:00,30276.4
2023-07-16 00:00:00+00:00,30174.1
2023-07-16 04:00:00+00:00,30253.0
2023-07-16 08:00:00+00:00,30293.6
2023-07-16 12:00:00+00:00,30366.0
2023-07-16 16:00:00+00:00,30239.5
2023-07-16 20:00:00+00:00,30216.8
2023-07-17 00:00:00+00:00,30295.9
2023-07-17 04:00:00+00:00,30265.3
2023-07-17 08:00:00+00:00,30145.0
2023-07-17 12:00:00+00:00,30163.4
2023-07-17 16:00:00+00:00,29870.0
2023-07-17 20:00:00+00:00,30126.1
2023-07-18 00:00:00+00:00,30063.8
2023-07-18 04:00:00+00:00,29951.9
2023-07-18 08:00:00+00:00,29871.9
2023-07-18 12:00:00+00:00,29895.1
2023-07-18 16:00:00+00:00,29708.1
2023-07-18 20:00:00+00:00,29845.6
2023-07-19 00:00:00+00:00,30048.0
2023-07-19 04:00:00+00:00,29984.0
2023-07-19 08:00:00+00:00,30004.7
2023-07-19 12:00:00+00:00,29939.8
2023-07-19 16:00:00+00:00,30032.4
2023-07-19 20:00:00+00:00,29895.5
2023-07-20 00:00:00+00:00,29937.0
2023-07-20 04:00:00+00:00,30195.5
2023-07-20 08:00:00+00:00,30274.0
2023-07-20 12:00:00+00:00,29792.8
2023-07-20 16:00:00+00:00,29744.4
2023-07-20 20:00:00+00:00,29791.0
2023-07-21 00:00:00+00:00,29884.3
2023-07-21 04:00:00+00:00,29757.8
2023-07-21 08:00:00+00:00,29764.8
2023-07-21 12:00:00+00:00,29852.0
2023-07-21 16:00:00+00:00,29865.1
2023-07-21 20:00:00+00:00,29891.4
2023-07-22 00:00:00+00:00,29886.6
2023-07-22 04:00:00+00:00,29933.0
2023-07-22 08:00:00+00:00,29874.1
2023-07-22 12:00:00+00:00,29883.9
2023-07-22 16:00:00+00:00,29820.6
2023-07-22 20:00:00+00:00,29783.5
2023-07-23 00:00:00+00:00,29832.5
2023-07-23 04:00:00+00:00,29900.9
2023-07-23 08:00:00+00:00,29881.5
2023-07-23 12:00:00+00:00,29886.0
2023-07-23 16:00:00+00:00,30083.1
2023-07-23 20:00:00+00:00,30070.8
2023-07-24 00:00:00+00:00,29705.6
2023-07-24 04:00:00+00:00,29816.4
2023-07-24 08:00:00+00:00,29259.6
2023-07-24 12:00:00+00:00,29085.8
2023-07-24 16:00:00+00:00,29106.9
2023-07-24 20:00:00+00:00,29163.8
2023-07-25 00:00:00+00:00,29099.6
2023-07-25 04:00:00+00:00,29132.3
2023-07-25 08:00:00+00:00,29117.6
2023-07-25 12:00:00+00:00,29167.0
2023-07-25 16:00:00+00:00,29189.0
2023-07-25 20:00:00+00:00,29216.3
2023-07-26 00:00:00+00:00,29228.0
2023-07-26 04:00:00+00:00,29205.3
2023-07-26 08:00:00+00:00,29163.9
2023-07-26 12:00:00+00:00,29307.2
2023-07-26 16:00:00+00:00,29390.3
2023-07-26 20:00:00+00:00,29336.0
2023-07-27 00:00:00+00:00,29388.1
2023-07-27 04:00:00+00:00,29396.9
2023-07-27 08:00:00+00:00,29493.9
2023-07-27 12:00:00+00:00,29278.0
2023-07-27 16:00:00+00:00,29152.6
2023-07-27 20:00:00+00:00,29209.7
2023-07-28 00:00:00+00:00,29239.8
2023-07-28 04:00:00+00:00,29126.9
2023-07-28 08:00:00+00:00,29195.3
2023-07-28 12:00:00+00:00,29379.0
2023-07-28 16:00:00+00:00,29303.4
2023-07-28 20:00:00+00:00,29299.9
2023-07-29 00:00:00+00:00,29355.7
2023-07-29 04:00:00+00:00,29283.0
2023-07-29 08:00:00+00:00,29253.2
2023-07-29 12:00:00+00:00,29284.8
2023-07-29 16:00:00+00:00,29328.0
2023-07-29 20:00:00+00:00,29339.1
2023-07-30 00:00:00+00:00,29300.2
2023-07-30 04:00:00+00:00,29280.0
2023-07-30 08:00:00+00:00,29301.3
2023-07-30 12:00:00+00:00,29337.1
2023-07-30 16:00:00+00:00,29187.2
2023-07-30 20:00:00+00:00,29271.1
2023-07-31 00:00:00+00:00,29411.8
2023-07-31 04:00:00+00:00,29363.7
2023-07-31 08:00:00+00:00,29395.9
2023-07-31 12:00:00+00:00,29231.3
2023-07-31 16:00:00+00:00,29146.5
2023-07-31 20:00:00+00:00,29220.8
2023-08-01 00:00:00+00:00,28820.1
2023-08-01 04:00:00+00:00,28921.2
2023-08-01 08:00:00+00:00,28853.0
2023-08-01 12:00:00+00:00,28942.9
2023-08-01 16:00:00+00:00,29263.6
2023-08-01 20:00:00+00:00,29701.2
2023-08-02 00:00:00+00:00,29622.5
2023-08-02 04:00:00+00:00,29570.1
2023-08-02 08:00:00+00:00,29552.9
2023-08-02 12:00:00+00:00,29312.6
2023-08-02 16:00:00+00:00,29141.8
2023-08-02 20:00:00+00:00,29170.1
2023-08-03 00:00:00+00:00,29170.1
2023-08-03 04:00:00+00:00,29034.0
2023-08-03 08:00:00+00:00,29134.2
2023-08-03 12:00:00+00:00,29244.4
2023-08-03 16:00:00+00:00,29265.7
2023-08-03 20:00:00+00:00,29180.2
2023-08-04 00:00:00+00:00,29152.6
2023-08-04 04:00:00+00:00,29201.6
2023-08-04 08:00:00+00:00,29157.2
2023-08-04 12:00:00+00:00,29258.8
2023-08-04 16:00:00+00:00,29021.0
2023-08-04 20:00:00+00:00,29101.1
2023-08-05 00:00:00+00:00,29082.6
2023-08-05 04:00:00+00:00,29037.9
2023-08-05 08:00:00+00:00,29040.6
2023-08-05 12:00:00+00:00,29032.4
2023-08-05 16:00:00+00:00,29056.9
2023-08-05 20:00:00+00:00,29057.7
2023-08-06 00:00:00+00:00,29053.5
2023-08-06 04:00:00+00:00,29081.4
2023-08-06 08:00:00+00:00,29067.0
2023-08-06 12:00:00+00:00,29001.0
2023-08-06 16:00:00+00:00,29076.9
2023-08-06 20:00:00+00:00,29075.9
2023-08-07 00:00:00+00:00,29148.9
2023-08-07 04:00:00+00:00,29084.7
2023-08-07 08:00:00+00:00,29085.8
2023-08-07 12:00:00+00:00,28853.2
2023-08-07 16:00:00+00:00,29144.9
2023-08-07 20:00:00+00:00,29202.7
2023-08-08 00:00:00+00:00,29182.8
2023-08-08 04:00:00+00:00,29177.0
2023-08-08 08:00:00+00:00,29428.0
2023-08-08 12:00:00+00:00,29517.5
2023-08-08 16:00:00+00:00,29866.4
2023-08-08 20:00:00+00:00,29759.0
2023-08-09 00:00:00+00:00,29710.0
2023-08-09 04:00:00+00:00,29807.9
2023-08-09 08:00:00+00:00,29877.1
2023-08-09 12:00:00+00:00,29749.4
2023-08-09 16:00:00+00:00,29404.2
2023-08-09 20:00:00+00:00,29572.8
2023-08-10 00:00:00+00:00,29568.9
2023-08-10 04:00:00+00:00,29504.0
2023-08-10 08:00:00+00:00,29490.0
2023-08-10 12:00:00+00:00,29452.8
2023-08-10 16:00:00+00:00,29435.5
2023-08-10 20:00:00+00:00,29443.7
2023-08-11 00:00:00+00:00,29400.7
2023-08-11 04:00:00+00:00,29406.7
2023-08-11 08:00:00+00:00,29435.0
2023-08-11 12:00:00+00:00,29383.0
2023-08-11 16:00:00+00:00,29387.8
2023-08-11 20:00:00+00:00,29415.5
2023-08-12 00:00:00+00:00,29388.0
2023-08-12 04:00:00+00:00,29410.2
2023-08-12 08:00:00+00:00,29416.7
2023-08-12 12:00:00+00:00,29426.0
2023-08-12 16:00:00+00:00,29407.5
2023-08-12 20:00:00+00:00,29420.7
2023-08-13 00:00:00+00:00,29401.8
2023-08-13 04:00:00+00:00,29385.5
2023-08-13 08:00:00+00:00,29374.0
2023-08-13 12:00:00+00:00,29362.8
2023-08-13 16:00:00+00:00,29426.1
2023-08-13 20:00:00+00:00,29293.3
2023-08-14 00:00:00+00:00,29390.0
2023-08-14 04:00:00+00:00,29410.5
2023-08-14 08:00:00+00:00,29399.8
2023-08-14 12:00:00+00:00,29592.9
2023-08-14 16:00:00+00:00,29353.8
2023-08-14 20:00:00+00:00,29419.5
2023-08-15 00:00:00+00:00,29386.9
2023-08-15 04:00:00+00:00,29396.9
2023-08-15 08:00:00+00:00,29357.1
2023-08-15 12:00:00+00:00,29315.2
2023-08-15 16:00:00+00:00,29172.4
2023-08-15 20:00:00+00:00,29188.8
2023-08-16 00:00:00+00:00,29216.7
2023-08-16 04:00:00+00:00,29187.0
2023-08-16 08:00:00+00:00,29154.9
2023-08-16 12:00:00+00:00,29098.0
2023-08-16 16:00:00+00:00,29105.5
2023-08-16 20:00:00+00:00,28714.4
2023-08-17 00:00:00+00:00,28643.5
2023-08-17 04:00:00+00:00,28613.0
2023-08-17 08:00:00+00:00,28540.0
2023-08-17 12:00:00+00:00,27920.9
2023-08-17 16:00:00+00:00,27889.4
2023-08-17 20:00:00+00:00,26609.7
2023-08-18 00:00:00+00:00,26385.9
2023-08-18 04:00:00+00:00,26413.8
2023-08-18 08:00:00+00:00,26479.5
2023-08-18 12:00:00+00:00,25993.1
2023-08-18 16:00:00+00:00,26053.4
2023-08-18 20:00:00+00:00,26042.1
2023-08-19 00:00:00+00:00,25958.7
2023-08-19 04:00:00+00:00,25906.8
2023-08-19 08:00:00+00:00,25885.2
2023-08-19 12:00:00+00:00,26201.0
2023-08-19 16:00:00+00:00,26112.6
2023-08-19 20:00:00+00:00,26088.3
2023-08-20 00:00:00+00:00,26090.9
2023-08-20 04:00:00+00:00,26073.6
2023-08-20 08:00:00+00:00,26163.9
2023-08-20 12:00:00+00:00,26095.0
2023-08-20 16:00:00+00:00,26122.1
2023-08-20 20:00:00+00:00,26175.9
2023-08-21 00:00:00+00:00,26076.7
2023-08-21 04:00:00+00:00,26012.0
2023-08-21 08:00:00+00:00,26020.7
2023-08-21 12:00:00+00:00,25925.1
2023-08-21 16:00:00+00:00,26086.2
2023-08-21 20:00:00+00:00,26115.4
2023-08-22 00:00:00+00:00,26042.2
2023-08-22 04:00:00+00:00,26091.6
2023-08-22 08:00:00+00:00,26039.0
2023-08-22 12:00:00+00:00,25923.0
2023-08-22 16:00:00+00:00,25767.2
2023-08-22 20:00:00+00:00,26044.4
2023-08-23 00:00:00+00:00,25992.1
2023-08-23 04:00:00+00:00,26045.3
2023-08-23 08:00:00+00:00,25928.1
2023-08-23 12:00:00+00:00,26134.3
2023-08-23 16:00:00+00:00,26615.2
2023-08-23 20:00:00+00:00,26419.2
2023-08-24 00:00:00+00:00,26430.0
2023-08-24 04:00:00+00:00,26460.7
2023-08-24 08:00:00+00:00,26433.8
2023-08-24 12:00:00+00:00,25987.3
2023-08-24 16:00:00+00:00,26025.9
2023-08-24 20:00:00+00:00,26164.6
2023-08-25 00:00:00+00:00,26095.2
2023-08-25 04:00:00+00:00,25969.3
2023-08-25 08:00:00+00:00,26087.7
2023-08-25 12:00:00+00:00,25917.4
2023-08-25 16:00:00+00:00,25961.9
2023-08-25 20:00:00+00:00,26051.7
2023-08-26 00:00:00+00:00,26076.4
2023-08-26 04:00:00+00:00,26039.7
2023-08-26 08:00:00+00:00,26035.9
2023-08-26 12:00:00+00:00,26040.2
2023-08-26 16:00:00+00:00,26023.0
2023-08-26 20:00:00+00:00,26004.3
2023-08-27 00:00:00+00:00,26009.6
2023-08-27 04:00:00+00:00,26028.5
2023-08-27 08:00:00+00:00,26049.0
2023-08-27 12:00:00+00:00,26110.8
2023-08-27 16:00:00+00:00,26112.1
2023-08-27 20:00:00+00:00,26087.7
2023-08-28 00:00:00+00:00,26002.0
2023-08-28 04:00:00+00:00,25923.0
2023-08-28 08:00:00+00:00,25992.8
2023-08-28 12:00:00+00:00,26093.3
2023-08-28 16:00:00+00:00,25981.6
2023-08-28 20:00:00+00:00,26106.5
2023-08-29 00:00:00+00:00,26068.3
2023-08-29 04:00:00+00:00,25992.0
2023-08-29 08:00:00+00:00,25962.2
2023-08-29 12:00:00+00:00,27411.4
2023-08-29 16:00:00+00:00,27820.0
2023-08-29 20:00:00+00:00,27700.1
2023-08-30 00:00:00+00:00,27379.3
2023-08-30 04:00:00+00:00,27427.2
2023-08-30 08:00:00+00:00,27323.5
2023-08-30 12:00:00+00:00,27192.0
2023-08-30 16:00:00+00:00,27167.3
2023-08-30 20:00:00+00:00,27290.4
2023-08-31 00:00:00+00:00,27207.8
2023-08-31 04:00:00+00:00,27249.1
2023-08-31 08:00:00+00:00,27291.8
2023-08-31 12:00:00+00:00,26909.5
2023-08-31 16:00:00+00:00,26148.7
2023-08-31 20:00:00+00:00,25928.0
2023-09-01 00:00:00+00:00,26071.5
2023-09-01 04:00:00+00:00,25975.2
2023-09-01 08:00:00+00:00,26033.7
2023-09-01 12:00:00+00:00,25798.0
2023-09-01 16:00:00+00:00,25637.1
2023-09-01 20:00:00+00:00,25795.6
2023-09-02 00:00:00+00:00,25786.1
2023-09-02 04:00:00+00:00,25783.9
2023-09-02 08:00:00+00:00,25800.1
2023-09-02 12:00:00+00:00,25880.0
2023-09-02 16:00:00+00:00,25821.6
2023-09-02 20:00:00+00:00,25855.8
2023-09-03 00:00:00+00:00,25850.0
2023-09-03 04:00:00+00:00,25941.4
2023-09-03 08:00:00+00:00,25930.4
2023-09-03 12:00:00+00:00,25858.2
2023-09-03 16:00:00+00:00,25997.6
2023-09-03 20:00:00+00:00,25962.1
2023-09-04 00:00:00+00:00,25974.1
2023-09-04 04:00:00+00:00,25953.8
2023-09-04 08:00:00+00:00,25878.0
2023-09-04 12:00:00+00:00,25803.9
2023-09-04 16:00:00+00:00,25881.0
2023-09-04 20:00:00+00:00,25814.0
2023-09-05 00:00:00+00:00,25681.8
2023-09-05 04:00:00+00:00,25724.7
2023-09-05 08:00:00+00:00,25771.2
2023-09-05 12:00:00+00:00,25747.9
2023-09-05 16:00:00+00:00,25670.4
2023-09-05 20:00:00+00:00,25779.7
2023-09-06 00:00:00+00:00,25770.1
2023-09-06 04:00:00+00:00,25715.0
2023-09-06 08:00:00+00:00,25722.1
2023-09-06 12:00:00+00:00,25576.3
2023-09-06 16:00:00+00:00,25679.4
2023-09-06 20:00:00+00:00,25747.4
2023-09-07 00:00:00+00:00,25824.7
2023-09-07 04:00:00+00:00,25750.9
2023-09-07 08:00:00+00:00,25695.5
2023-09-07 12:00:00+00:00,25766.7
2023-09-07 16:00:00+00:00,25867.1
2023-09-07 20:00:00+00:00,26240.7
2023-09-08 00:00:00+00:00,26235.6
2023-09-08 04:00:00+00:00,26244.1
2023-09-08 08:00:00+00:00,25828.9
2023-09-08 12:00:00+00:00,25829.8
2023-09-08 16:00:00+00:00,25883.7
2023-09-08 20:00:00+00:00,25899.8
2023-09-09 00:00:00+00:00,25866.2
2023-09-09 04:00:00+00:00,25871.0
2023-09-09 08:00:00+00:00,25850.8
2023-09-09 12:00:00+00:00,25881.9
2023-09-09 16:00:00+00:00,25858.0
2023-09-09 20:00:00+00:00,25892.6
2023-09-10 00:00:00+00:00,25851.1
2023-09-10 04:00:00+00:00,25843.0
2023-09-10 08:00:00+00:00,25782.9
2023-09-10 12:00:00+00:00,25764.1
2023-09-10 16:00:00+00:00,25786.7
2023-09-10 20:00:00+00:00,25828.4
2023-09-11 00:00:00+00:00,25727.4
2023-09-11 04:00:00+00:00,25801.3
2023-09-11 08:00:00+00:00,25591.9
2023-09-11 12:00:00+00:00,25102.5
2023-09-11 16:00:00+00:00,25008.3
2023-09-11 20:00:00+00:00,25150.4
2023-09-12 00:00:00+00:00,25788.2
2023-09-12 04:00:00+00:00,25810.2
2023-09-12 08:00:00+00:00,26087.2
2023-09-12 12:00:00+00:00,26192.4
2023-09-12 16:00:00+00:00,26052.0
2023-09-12 20:00:00+00:00,25825.8
2023-09-13 00:00:00+00:00,25868.4
2023-09-13 04:00:00+00:00,25865.7
2023-09-13 08:00:00+00:00,26184.7
2023-09-13 12:00:00+00:00,26229.1
2023-09-13 16:00:00+00:00,26129.5
2023-09-13 20:00:00+00:00,26209.9
2023-09-14 00:00:00+00:00,26253.8
2023-09-14 04:00:00+00:00,26332.3
2023-09-14 08:00:00+00:00,26431.5
2023-09-14 12:00:00+00:00,26679.9
2023-09-14 16:00:00+00:00,26662.0
2023-09-14 20:00:00+00:00,26510.3
2023-09-15 00:00:00+00:00,26602.6
2023-09-15 04:00:00+00:00,26554.4
2023-09-15 08:00:00+00:00,26415.3
2023-09-15 12:00:00+00:00,26311.1
2023-09-15 16:00:00+00:00,26386.9
2023-09-15 20:00:00+00:00,26591.1
2023-09-16 00:00:00+00:00,26602.4
2023-09-16 04:00:00+00:00,26486.0
2023-09-16 08:00:00+00:00,26510.7
2023-09-16 12:00:00+00:00,26493.6
2023-09-16 16:00:00+00:00,26524.2
2023-09-16 20:00:00+00:00,26546.9
2023-09-17 00:00:00+00:00,26511.1
2023-09-17 04:00:00+00:00,26482.6
2023-09-17 08:00:00+00:00,26553.9
2023-09-17 12:00:00+00:00,26537.0
2023-09-17 16:00:00+00:00,26491.3
2023-09-17 20:00:00+00:00,26514.2
2023-09-18 00:00:00+00:00,26646.2
2023-09-18 04:00:00+00:00,26701.7
2023-09-18 08:00:00+00:00,27184.7
2023-09-18 12:00:00+00:00,27258.8
2023-09-18 16:00:00+00:00,26803.2
2023-09-18 20:00:00+00:00,26749.9
2023-09-19 00:00:00+00:00,26805.1
2023-09-19 04:00:00+00:00,26836.1
2023-09-19 08:00:00+00:00,27224.3
2023-09-19 12:00:00+00:00,27413.4
2023-09-19 16:00:00+00:00,27172.1
2023-09-19 20:00:00+00:00,27196.0
2023-09-20 00:00:00+00:00,27106.4
2023-09-20 04:00:00+00:00,27089.5
2023-09-20 08:00:00+00:00,27085.4
2023-09-20 12:00:00+00:00,27168.7
2023-09-20 16:00:00+00:00,26916.6
2023-09-20 20:00:00+00:00,27107.7
2023-09-21 00:00:00+00:00,27027.0
2023-09-21 04:00:00+00:00,26978.4
2023-09-21 08:00:00+00:00,26722.7
2023-09-21 12:00:00+00:00,26567.7
2023-09-21 16:00:00+00:00,26589.1
2023-09-21 20:00:00+00:00,26552.6
2023-09-22 00:00:00+00:00,26616.8
2023-09-22 04:00:00+00:00,26660.9
2023-09-22 08:00:00+00:00,26630.0
2023-09-22 12:00:00+00:00,26619.9
2023-09-22 16:00:00+00:00,26525.1
2023-09-22 20:00:00+00:00,26566.7
2023-09-23 00:00:00+00:00,26519.1
2023-09-23 04:00:00+00:00,26572.0
2023-09-23 08:00:00+00:00,26562.5
2023-09-23 12:00:00+00:00,26567.5
2023-09-23 16:00:00+00:00,26594.4
2023-09-23 20:00:00+00:00,26563.1
2023-09-24 00:00:00+00:00,26559.9
2023-09-24 04:00:00+00:00,26552.4
2023-09-24 08:00:00+00:00,26587.6
2023-09-24 12:00:00+00:00,26566.0
2023-09-24 16:00:00+00:00,26432.5
2023-09-24 20:00:00+00:00,26232.4
2023-09-25 00:00:00+00:00,26148.6
2023-09-25 04:00:00+00:00,26176.8
2023-09-25 08:00:00+00:00,26064.6
2023-09-25 12:00:00+00:00,26230.9
2023-09-25 16:00:00+00:00,26318.6
2023-09-25 20:00:00+00:00,26290.5
2023-09-26 00:00:00+00:00,26338.8
2023-09-26 04:00:00+00:00,26256.3
2023-09-26 08:00:00+00:00,26262.4
2023-09-26 12:00:00+00:00,26114.8
2023-09-26 16:00:00+00:00,26235.8
2023-09-26 20:00:00+00:00,26208.8
2023-09-27 00:00:00+00:00,26266.9
2023-09-27 04:00:00+00:00,26233.4
2023-09-27 08:00:00+00:00,26755.8
2023-09-27 12:00:00+00:00,26293.4
2023-09-27 16:00:00+00:00,26258.6
2023-09-27 20:00:00+00:00,26359.6
2023-09-28 00:00:00+00:00,26363.8
2023-09-28 04:00:00+00:00,26445.7
2023-09-28 08:00:00+00:00,26464.4
2023-09-28 12:00:00+00:00,27012.3
2023-09-28 16:00:00+00:00,27088.5
2023-09-28 20:00:00+00:00,27011.8
2023-09-29 00:00:00+00:00,26944.6
2023-09-29 04:00:00+00:00,27168.0
2023-09-29 08:00:00+00:00,26958.3
2023-09-29 12:00:00+00:00,26874.8
2023-09-29 16:00:00+00:00,26912.7
2023-09-29 20:00:00+00:00,26890.9
2023-09-30 00:00:00+00:00,26904.1
2023-09-30 04:00:00+00:00,26915.9
2023-09-30 08:00:00+00:00,26924.3
2023-09-30 12:00:00+00:00,26986.2
2023-09-30 16:00:00+00:00,27011.2
2023-09-30 20:00:00+00:00,26950.9
2023-10-01 00:00:00+00:00,27033.0
2023-10-01 04:00:00+00:00,27092.1
2023-10-01 08:00:00+00:00,27174.2
2023-10-01 12:00:00+00:00,27135.8
2023-10-01 16:00:00+00:00,27091.1
2023-10-01 20:00:00+00:00,27981.4
2023-10-02 00:00:00+00:00,28114.8
2023-10-02 04:00:00+00:00,28299.1
2023-10-02 08:00:00+00:00,28183.2
2023-10-02 12:00:00+00:00,28015.0
2023-10-02 16:00:00+00:00,27955.3
2023-10-02 20:00:00+00:00,27477.6
2023-10-03 00:00:00+00:00,27585.8
2023-10-03 04:00:00+00:00,27528.1
2023-10-03 08:00:00+00:00,27549.1
2023-10-03 12:00:00+00:00,27332.0
2023-10-03 16:00:00+00:00,27263.8
2023-10-03 20:00:00+00:00,27412.0
2023-10-04 00:00:00+00:00,27416.3
2023-10-04 04:00:00+00:00,27442.0
2023-10-04 08:00:00+00:00,27559.9
2023-10-04 12:00:00+00:00,27388.3
2023-10-04 16:00:00+00:00,27606.0
2023-10-04 20:00:00+00:00,27759.8
2023-10-05 00:00:00+00:00,27638.1
2023-10-05 04:00:00+00:00,27595.3
2023-10-05 08:00:00+00:00,27710.7
2023-10-05 12:00:00+00:00,27540.0
2023-10-05 16:00:00+00:00,27457.1
2023-10-05 20:00:00+00:00,27398.4
2023-10-06 00:00:00+00:00,27544.8
2023-10-06 04:00:00+00:00,27626.8
2023-10-06 08:00:00+00:00,27750.0
2023-10-06 12:00:00+00:00,27926.5
2023-10-06 16:00:00+00:00,27939.1
2023-10-06 20:00:00+00:00,27916.3
2023-10-07 00:00:00+00:00,27890.9
2023-10-07 04:00:00+00:00,27878.2
2023-10-07 08:00:00+00:00,27929.4
2023-10-07 12:00:00+00:00,27926.4
2023-10-07 16:00:00+00:00,27849.7
2023-10-07 20:00:00+00:00,27943.0
2023-10-08 00:00:00+00:00,28049.9
2023-10-08 04:00:00+00:00,27892.4
2023-10-08 08:00:00+00:00,27799.2
2023-10-08 12:00:00+00:00,27883.5
2023-10-08 16:00:00+00:00,27880.4
2023-10-08 20:00:00+00:00,27901.2
2023-10-09 00:00:00+00:00,27911.9
2023-10-09 04:00:00+00:00,27804.6
2023-10-09 08:00:00+00:00,27455.9
2023-10-09 12:00:00+00:00,27433.0
2023-10-09 16:00:00+00:00,27607.6
2023-10-09 20:00:00+00:00,27578.3
2023-10-10 00:00:00+00:00,27621.6
2023-10-10 04:00:00+00:00,27634.9
2023-10-10 08:00:00+00:00,27494.1
2023-10-10 12:00:00+00:00,27395.5
2023-10-10 16:00:00+00:00,27386.4
2023-10-10 20:00:00+00:00,27381.2
2023-10-11 00:00:00+00:00,27000.7
2023-10-11 04:00:00+00:00,27012.8
2023-10-11 08:00:00+00:00,27185.0
2023-10-11 12:00:00+00:00,26769.1
2023-10-11 16:00:00+00:00,26753.7
2023-10-11 20:00:00+00:00,26864.5
2023-10-12 00:00:00+00:00,26836.1
2023-10-12 04:00:00+00:00,26799.4
2023-10-12 08:00:00+00:00,26827.4
2023-10-12 12:00:00+00:00,26665.4
2023-10-12 16:00:00+00:00,26700.3
2023-10-12 20:00:00+00:00,26744.0
2023-10-13 00:00:00+00:00,26769.5
2023-10-13 04:00:00+00:00,26857.8
2023-10-13 08:00:00+00:00,26809.9
2023-10-13 12:00:00+00:00,26693.0
2023-10-13 16:00:00+00:00,26768.9
2023-10-13 20:00:00+00:00,26849.8
2023-10-14 00:00:00+00:00,26918.2
2023-10-14 04:00:00+00:00,26860.5
2023-10-14 08:00:00+00:00,26860.1
2023-10-14 12:00:00+00:00,26927.9
2023-10-14 16:00:00+00:00,26851.5
2023-10-14 20:00:00+00:00,26836.3
2023-10-15 00:00:00+00:00,26871.4
2023-10-15 04:00:00+00:00,26872.7
2023-10-15 08:00:00+00:00,26840.4
2023-10-15 12:00:00+00:00,26885.6
2023-10-15 16:00:00+00:00,27030.1
2023-10-15 20:00:00+00:00,27139.8
2023-10-16 00:00:00+00:00,27221.4
2023-10-16 04:00:00+00:00,27837.2
2023-10-16 08:00:00+00:00,27737.0
2023-10-16 12:00:00+00:00,28054.0
2023-10-16 16:00:00+00:00,28457.9
2023-10-16 20:00:00+00:00,28486.3
2023-10-17 00:00:00+00:00,28259.9
2023-10-17 04:00:00+00:00,28408.2
2023-10-17 08:00:00+00:00,28408.8
2023-10-17 12:00:00+00:00,28445.8
2023-10-17 16:00:00+00:00,28499.0
2023-10-17 20:00:00+00:00,28381.9
2023-10-18 00:00:00+00:00,28498.0
2023-10-18 04:00:00+00:00,28485.1
2023-10-18 08:00:00+00:00,28327.3
2023-10-18 12:00:00+00:00,28235.3
2023-10-18 16:00:00+00:00,28233.3
2023-10-18 20:00:00+00:00,28307.1
2023-10-19 00:00:00+00:00,28247.2
2023-10-19 04:00:00+00:00,28315.0
2023-10-19 08:00:00+00:00,28436.0
2023-10-19 12:00:00+00:00,28659.5
2023-10-19 16:00:00+00:00,28734.7
2023-10-19 20:00:00+00:00,28696.9
2023-10-20 00:00:00+00:00,29222.8
2023-10-20 04:00:00+00:00,29228.5
2023-10-20 08:00:00+00:00,29829.9
2023-10-20 12:00:00+00:00,29538.7
2023-10-20 16:00:00+00:00,29549.8
2023-10-20 20:00:00+00:00,29653.0
2023-10-21 00:00:00+00:00,29591.0
2023-10-21 04:00:00+00:00,29681.0
2023-10-21 08:00:00+00:00,29794.7
2023-10-21 12:00:00+00:00,29916.5
2023-10-21 16:00:00+00:00,30128.7
2023-10-21 20:00:00+00:00,29895.4
2023-10-22 00:00:00+00:00,29897.1
2023-10-22 04:00:00+00:00,29800.5
2023-10-22 08:00:00+00:00,29895.9
2023-10-22 12:00:00+00:00,29815.3
2023-10-22 16:00:00+00:00,29830.0
2023-10-22 20:00:00+00:00,29981.5
2023-10-23 00:00:00+00:00,30724.0
2023-10-23 04:00:00+00:00,30508.0
2023-10-23 08:00:00+00:00,30644.4
2023-10-23 12:00:00+00:00,30864.1
2023-10-23 16:00:00+00:00,31339.9
2023-10-23 20:00:00+00:00,33074.0
2023-10-24 00:00:00+00:00,34071.1
2023-10-24 04:00:00+00:00,34025.9
2023-10-24 08:00:00+00:00,34550.0
2023-10-24 12:00:00+00:00,33674.0
2023-10-24 16:00:00+00:00,33792.0
2023-10-24 20:00:00+00:00,33917.0
2023-10-25 00:00:00+00:00,34003.6
2023-10-25 04:00:00+00:00,33853.4
2023-10-25 08:00:00+00:00,34195.5
2023-10-25 12:00:00+00:00,34841.4
2023-10-25 16:00:00+00:00,34732.1
2023-10-25 20:00:00+00:00,34487.7
2023-10-26 00:00:00+00:00,34783.3
2023-10-26 04:00:00+00:00,34648.7
2023-10-26 08:00:00+00:00,34104.2
2023-10-26 12:00:00+00:00,34050.0
2023-10-26 16:00:00+00:00,34052.1
2023-10-26 20:00:00+00:00,34154.0
2023-10-27 00:00:00+00:00,34124.0
2023-10-27 04:00:00+00:00,33954.0
2023-10-27 08:00:00+00:00,34055.3
2023-10-27 12:00:00+00:00,34010.9
2023-10-27 16:00:00+00:00,33705.5
2023-10-27 20:00:00+00:00,33893.1
2023-10-28 00:00:00+00:00,34068.5
2023-10-28 04:00:00+00:00,34057.2
2023-10-28 08:00:00+00:00,34182.5
2023-10-28 12:00:00+00:00,34199.9
2023-10-28 16:00:00+00:00,34118.3
2023-10-28 20:00:00+00:00,34086.6
2023-10-29 00:00:00+00:00,33981.0
2023-10-29 04:00:00+00:00,34086.0
2023-10-29 08:00:00+00:00,34272.6
2023-10-29 12:00:00+00:00,34462.5
2023-10-29 16:00:00+00:00,34571.5
2023-10-29 20:00:00+00:00,34528.6
2023-10-30 00:00:00+00:00,34276.5
2023-10-30 04:00:00+00:00,34191.7
2023-10-30 08:00:00+00:00,34627.9
2023-10-30 12:00:00+00:00,34664.5
2023-10-30 16:00:00+00:00,34440.0
2023-10-30 20:00:00+00:00,34483.8
2023-10-31 00:00:00+00:00,34219.9
2023-10-31 04:00:00+00:00,34151.9
2023-10-31 08:00:00+00:00,34504.0
2023-10-31 12:00:00+00:00,34290.2
2023-10-31 16:00:00+00:00,34553.5
2023-10-31 20:00:00+00:00,34651.4
2023-11-01 00:00:00+00:00,34430.0
2023-11-01 04:00:00+00:00,34463.9
2023-11-01 08:00:00+00:00,34442.9
2023-11-01 12:00:00+00:00,34296.9
2023-11-01 16:00:00+00:00,34564.3
2023-11-01 20:00:00+00:00,35437.4
2023-11-02 00:00:00+00:00,35578.0
2023-11-02 04:00:00+00:00,35280.7
2023-11-02 08:00:00+00:00,35377.5
2023-11-02 12:00:00+00:00,34645.2
2023-11-02 16:00:00+00:00,34998.2
2023-11-02 20:00:00+00:00,34940.1
2023-11-03 00:00:00+00:00,34680.0
2023-11-03 04:00:00+00:00,34470.0
2023-11-03 08:00:00+00:00,34265.5
2023-11-03 12:00:00+00:00,34759.5
2023-11-03 16:00:00+00:00,34518.1
2023-11-03 20:00:00+00:00,34700.4
2023-11-04 00:00:00+00:00,34699.9
2023-11-04 04:00:00+00:00,34759.1
2023-11-04 08:00:00+00:00,34706.2
2023-11-04 12:00:00+00:00,34709.8
2023-11-04 16:00:00+00:00,34721.2
2023-11-04 20:00:00+00:00,35069.7
2023-11-05 00:00:00+00:00,35292.1
2023-11-05 04:00:00+00:00,35175.4
2023-11-05 08:00:00+00:00,35103.5
2023-11-05 12:00:00+00:00,34893.9
2023-11-05 16:00:00+00:00,35001.3
2023-11-05 20:00:00+00:00,35025.5
2023-11-06 00:00:00+00:00,34992.9
2023-11-06 04:00:00+00:00,34918.5
2023-11-06 08:00:00+00:00,35253.1
2023-11-06 12:00:00+00:00,35094.5
2023-11-06 16:00:00+00:00,35076.7
2023-11-06 20:00:00+00:00,35057.4
2023-11-07 00:00:00+00:00,34932.0
2023-11-07 04:00:00+00:00,34947.3
2023-11-07 08:00:00+00:00,34633.3
2023-11-07 12:00:00+00:00,34728.4
2023-11-07 16:00:00+00:00,35473.4
2023-11-07 20:00:00+00:00,35406.5
2023-11-08 00:00:00+00:00,35287.8
2023-11-08 04:00:00+00:00,35239.6
2023-11-08 08:00:00+00:00,35336.7
2023-11-08 12:00:00+00:00,35231.3
2023-11-08 16:00:00+00:00,35630.9
2023-11-08 20:00:00+00:00,35626.7
2023-11-09 00:00:00+00:00,36455.5
2023-11-09 04:00:00+00:00,36550.6
2023-11-09 08:00:00+00:00,36816.9
2023-11-09 12:00:00+00:00,37141.5
2023-11-09 16:00:00+00:00,36399.5
2023-11-09 20:00:00+00:00,36719.5
2023-11-10 00:00:00+00:00,36754.9
2023-11-10 04:00:00+00:00,36480.2
2023-11-10 08:00:00+00:00,37098.9
2023-11-10 12:00:00+00:00,37118.4
2023-11-10 16:00:00+00:00,37253.5
2023-11-10 20:00:00+00:00,37330.4
2023-11-11 00:00:00+00:00,37064.2
2023-11-11 04:00:00+00:00,37030.5
2023-11-11 08:00:00+00:00,37014.1
2023-11-11 12:00:00+00:00,37071.5
2023-11-11 16:00:00+00:00,37177.9
2023-11-11 20:00:00+00:00,37162.1
2023-11-12 00:00:00+00:00,37016.5
2023-11-12 04:00:00+00:00,37154.1
2023-11-12 08:00:00+00:00,37087.7
2023-11-12 12:00:00+00:00,37178.3
2023-11-12 16:00:00+00:00,37134.0
2023-11-12 20:00:00+00:00,37085.5
2023-11-13 00:00:00+00:00,36941.3
2023-11-13 04:00:00+00:00,36982.5
2023-11-13 08:00:00+00:00,36838.3
2023-11-13 12:00:00+00:00,36871.7
2023-11-13 16:00:00+00:00,36877.6
2023-11-13 20:00:00+00:00,36486.2
2023-11-14 00:00:00+00:00,36473.0
2023-11-14 04:00:00+00:00,36705.5
2023-11-14 08:00:00+00:00,36288.8
2023-11-14 12:00:00+00:00,36168.7
2023-11-14 16:00:00+00:00,35305.9
2023-11-14 20:00:00+00:00,35559.0
2023-11-15 00:00:00+00:00,35408.4
2023-11-15 04:00:00+00:00,35597.4
2023-11-15 08:00:00+00:00,36254.4
2023-11-15 12:00:00+00:00,36412.1
2023-11-15 16:00:00+00:00,37527.4
2023-11-15 20:00:00+00:00,37885.6
2023-11-16 00:00:00+00:00,37479.9
2023-11-16 04:00:00+00:00,37460.7
2023-11-16 08:00:00+00:00,37272.1
2023-11-16 12:00:00+00:00,36423.1
2023-11-16 16:00:00+00:00,35936.5
2023-11-16 20:00:00+00:00,36176.0
2023-11-17 00:00:00+00:00,36496.0
2023-11-17 04:00:00+00:00,36252.0
2023-11-17 08:00:00+00:00,36383.8
2023-11-17 12:00:00+00:00,36059.0
2023-11-17 16:00:00+00:00,36336.2
2023-11-17 20:00:00+00:00,36621.9
2023-11-18 00:00:00+00:00,36384.9
2023-11-18 04:00:00+00:00,36429.0
2023-11-18 08:00:00+00:00,36417.0
2023-11-18 12:00:00+00:00,36671.9
2023-11-18 16:00:00+00:00,36688.4
2023-11-18 20:00:00+00:00,36580.9
2023-11-19 00:00:00+00:00,36527.7
2023-11-19 04:00:00+00:00,36624.0
2023-11-19 08:00:00+00:00,36459.1
2023-11-19 12:00:00+00:00,36575.1
2023-11-19 16:00:00+00:00,36961.9
2023-11-19 20:00:00+00:00,37375.9
2023-11-20 00:00:00+00:00,37131.9
2023-11-20 04:00:00+00:00,37261.1
2023-11-20 08:00:00+00:00,37161.0
2023-11-20 12:00:00+00:00,37475.1
2023-11-20 16:00:00+00:00,37584.5
2023-11-20 20:00:00+00:00,37462.5
2023-11-21 00:00:00+00:00,37485.4
2023-11-21 04:00:00+00:00,37297.1
2023-11-21 08:00:00+00:00,37189.5
2023-11-21 12:00:00+00:00,36975.9
2023-11-21 16:00:00+00:00,36989.9
2023-11-21 20:00:00+00:00,35737.0
2023-11-22 00:00:00+00:00,36378.8
2023-11-22 04:00:00+00:00,36430.7
2023-11-22 08:00:00+00:00,36465.9
2023-11-22 12:00:00+00:00,36480.5
2023-11-22 16:00:00+00:00,37297.0
2023-11-22 20:00:00+00:00,37413.4
2023-11-23 00:00:00+00:00,37311.0
2023-11-23 04:00:00+00:00,37378.5
2023-11-23 08:00:00+00:00,37378.2
2023-11-23 12:00:00+00:00,36954.1
2023-11-23 16:00:00+00:00,37282.3
2023-11-23 20:00:00+00:00,37294.3
2023-11-24 00:00:00+00:00,37314.0
2023-11-24 04:00:00+00:00,37531.1
2023-11-24 08:00:00+00:00,37749.7
2023-11-24 12:00:00+00:00,38217.3
2023-11-24 16:00:00+00:00,37758.5
2023-11-24 20:00:00+00:00,37706.3
2023-11-25 00:00:00+00:00,37790.9
2023-11-25 04:00:00+00:00,37795.0
2023-11-25 08:00:00+00:00,37645.0
2023-11-25 12:00:00+00:00,37697.8
2023-11-25 16:00:00+00:00,37805.9
2023-11-25 20:00:00+00:00,37766.6
2023-11-26 00:00:00+00:00,37721.0
2023-11-26 04:00:00+00:00,37773.5
2023-11-26 08:00:00+00:00,37663.0
2023-11-26 12:00:00+00:00,37418.0
2023-11-26 16:00:00+00:00,37360.0
2023-11-26 20:00:00+00:00,37437.9
2023-11-27 00:00:00+00:00,37295.8
2023-11-27 04:00:00+00:00,37272.1
2023-11-27 08:00:00+00:00,37023.3
2023-11-27 12:00:00+00:00,36743.2
2023-11-27 16:00:00+00:00,36868.6
2023-11-27 20:00:00+00:00,37234.3
2023-11-28 00:00:00+00:00,37119.9
2023-11-28 04:00:00+00:00,37087.2
2023-11-28 08:00:00+00:00,37250.1
2023-11-28 12:00:00+00:00,37502.2
2023-11-28 16:00:00+00:00,38105.0
2023-11-28 20:00:00+00:00,37812.1
2023-11-29 00:00:00+00:00,37938.1
2023-11-29 04:00:00+00:00,38095.7
2023-11-29 08:00:00+00:00,38098.6
2023-11-29 12:00:00+00:00,37817.6
2023-11-29 16:00:00+00:00,37861.1
2023-11-29 20:00:00+00:00,37837.1
2023-11-30 00:00:00+00:00,38034.5
2023-11-30 04:00:00+00:00,37783.2
2023-11-30 08:00:00+00:00,37867.1
2023-11-30 12:00:00+00:00,37614.0
2023-11-30 16:00:00+00:00,37745.3
2023-11-30 20:00:00+00:00,37716.8
2023-12-01 00:00:00+00:00,38030.2
2023-12-01 04:00:00+00:00,38234.9
2023-12-01 08:00:00+00:00,38578.0
2023-12-01 12:00:00+00:00,38401.5
2023-12-01 16:00:00+00:00,38750.1
2023-12-01 20:00:00+00:00,38660.0
2023-12-02 00:00:00+00:00,38767.5
2023-12-02 04:00:00+00:00,38683.9
2023-12-02 08:00:00+00:00,38722.8
2023-12-02 12:00:00+00:00,38787.0
2023-12-02 16:00:00+00:00,39416.4
2023-12-02 20:00:00+00:00,39435.0
2023-12-03 00:00:00+00:00,39376.0
2023-12-03 04:00:00+00:00,39474.1
2023-12-03 08:00:00+00:00,39471.4
2023-12-03 12:00:00+00:00,39758.5
2023-12-03 16:00:00+00:00,39555.1
2023-12-03 20:00:00+00:00,39979.7
2023-12-04 00:00:00+00:00,40720.7
2023-12-04 04:00:00+00:00,41471.9
2023-12-04 08:00:00+00:00,41605.9
2023-12-04 12:00:00+00:00,41280.8
2023-12-04 16:00:00+00:00,42001.0
2023-12-04 20:00:00+00:00,41993.1
2023-12-05 00:00:00+00:00,41832.0
2023-12-05 04:00:00+00:00,41534.2
2023-12-05 08:00:00+00:00,41730.9
2023-12-05 12:00:00+00:00,42266.7
2023-12-05 16:00:00+00:00,43834.0
2023-12-05 20:00:00+00:00,44081.7
2023-12-06 00:00:00+00:00,43757.7
2023-12-06 04:00:00+00:00,43697.1
2023-12-06 08:00:00+00:00,43853.3
2023-12-06 12:00:00+00:00,43795.3
2023-12-06 16:00:00+00:00,44008.8
2023-12-06 20:00:00+00:00,43774.8
2023-12-07 00:00:00+00:00,43941.3
2023-12-07 04:00:00+00:00,43899.4
2023-12-07 08:00:00+00:00,43206.4
2023-12-07 12:00:00+00:00,43679.8
2023-12-07 16:00:00+00:00,43239.2
2023-12-07 20:00:00+00:00,43296.0
2023-12-08 00:00:00+00:00,43402.8
2023-12-08 04:00:00+00:00,43184.5
2023-12-08 08:00:00+00:00,43687.3
2023-12-08 12:00:00+00:00,43778.5
2023-12-08 16:00:00+00:00,43967.6
2023-12-08 20:00:00+00:00,44209.5
2023-12-09 00:00:00+00:00,44175.0
2023-12-09 04:00:00+00:00,44220.6
2023-12-09 08:00:00+00:00,43838.3
2023-12-09 12:00:00+00:00,44088.0
2023-12-09 16:00:00+00:00,43954.8
2023-12-09 20:00:00+00:00,43734.3
2023-12-10 00:00:00+00:00,43870.7
2023-12-10 04:00:00+00:00,43995.8
2023-12-10 08:00:00+00:00,43760.1
2023-12-10 12:00:00+00:00,43945.4
2023-12-10 16:00:00+00:00,43819.5
2023-12-10 20:00:00+00:00,43810.0
2023-12-11 00:00:00+00:00,42312.8
2023-12-11 04:00:00+00:00,42128.0
2023-12-11 08:00:00+00:00,42346.6
2023-12-11 12:00:00+00:00,41824.7
2023-12-11 16:00:00+00:00,40799.4
2023-12-11 20:00:00+00:00,41271.0
2023-12-12 00:00:00+00:00,41760.3
2023-12-12 04:00:00+00:00,41930.1
2023-12-12 08:00:00+00:00,41606.7
2023-12-12 12:00:00+00:00,41376.6
2023-12-12 16:00:00+00:00,41169.6
2023-12-12 20:00:00+00:00,41515.0
2023-12-13 00:00:00+00:00,40858.5
2023-12-13 04:00:00+00:00,41146.3
2023-12-13 08:00:00+00:00,41035.2
2023-12-13 12:00:00+00:00,41960.0
2023-12-13 16:00:00+00:00,42746.8
2023-12-13 20:00:00+00:00,42875.0
2023-12-14 00:00:00+00:00,42726.9
2023-12-14 04:00:00+00:00,42910.1
2023-12-14 08:00:00+00:00,43269.9
2023-12-14 12:00:00+00:00,42454.1
2023-12-14 16:00:00+00:00,43105.0
2023-12-14 20:00:00+00:00,43032.4
2023-12-15 00:00:00+00:00,42813.5
2023-12-15 04:00:00+00:00,42724.8
2023-12-15 08:00:00+00:00,42800.0
2023-12-15 12:00:00+00:00,41930.3
2023-12-15 16:00:00+00:00,42124.9
2023-12-15 20:00:00+00:00,41968.0
2023-12-16 00:00:00+00:00,42354.5
2023-12-16 04:00:00+00:00,42243.1
2023-12-16 08:00:00+00:00,42349.9
2023-12-16 12:00:00+00:00,42631.7
2023-12-16 16:00:00+00:00,42367.9
2023-12-16 20:00:00+00:00,42287.4
2023-12-17 00:00:00+00:00,41947.2
2023-12-17 04:00:00+00:00,41894.6
2023-12-17 08:00:00+00:00,41979.7
2023-12-17 12:00:00+00:00,41828.5
2023-12-17 16:00:00+00:00,42136.5
2023-12-17 20:00:00+00:00,41396.5
2023-12-18 00:00:00+00:00,41107.0
2023-12-18 04:00:00+00:00,41159.9
2023-12-18 08:00:00+00:00,41137.3
2023-12-18 12:00:00+00:00,41288.0
2023-12-18 16:00:00+00:00,41715.4
2023-12-18 20:00:00+00:00,42671.7
2023-12-19 00:00:00+00:00,43100.1
2023-12-19 04:00:00+00:00,43062.0
2023-12-19 08:00:00+00:00,43003.9
2023-12-19 12:00:00+00:00,42512.8
2023-12-19 16:00:00+00:00,42379.0
2023-12-19 20:00:00+00:00,42298.3
2023-12-20 00:00:00+00:00,42451.7
2023-12-20 04:00:00+00:00,42950.0
2023-12-20 08:00:00+00:00,42891.4
2023-12-20 12:00:00+00:00,44079.0
2023-12-20 16:00:00+00:00,43760.1
2023-12-20 20:00:00+00:00,43708.9
2023-12-21 00:00:00+00:00,43678.6
2023-12-21 04:00:00+00:00,43794.8
2023-12-21 08:00:00+00:00,43969.7
2023-12-21 12:00:00+00:00,43857.7
2023-12-21 16:00:00+00:00,43623.1
2023-12-21 20:00:00+00:00,43896.3
2023-12-22 00:00:00+00:00,44044.3
2023-12-22 04:00:00+00:00,43614.1
2023-12-22 08:00:00+00:00,43783.0
2023-12-22 12:00:00+00:00,43699.9
2023-12-22 16:00:00+00:00,43666.4
2023-12-22 20:00:00+00:00,43999.2
2023-12-23 00:00:00+00:00,43543.2
2023-12-23 04:00:00+00:00,43582.0
2023-12-23 08:00:00+00:00,43583.0
2023-12-23 12:00:00+00:00,43782.0
2023-12-23 16:00:00+00:00,43729.1
2023-12-23 20:00:00+00:00,43725.2
2023-12-24 00:00:00+00:00,43867.8
2023-12-24 04:00:00+00:00,43678.6
2023-12-24 08:00:00+00:00,43666.6
2023-12-24 12:00:00+00:00,43707.0
2023-12-24 16:00:00+00:00,43645.3
2023-12-24 20:00:00+00:00,43008.4
2023-12-25 00:00:00+00:00,43182.5
2023-12-25 04:00:00+00:00,43233.2
2023-12-25 08:00:00+00:00,43200.3
2023-12-25 12:00:00+00:00,43661.0
2023-12-25 16:00:00+00:00,43515.8
2023-12-25 20:00:00+00:00,43611.9
2023-12-26 00:00:00+00:00,43487.9
2023-12-26 04:00:00+00:00,42798.7
2023-12-26 08:00:00+00:00,42719.9
2023-12-26 12:00:00+00:00,42423.1
2023-12-26 16:00:00+00:00,42149.2
2023-12-26 20:00:00+00:00,42538.5
2023-12-27 00:00:00+00:00,42274.7
2023-12-27 04:00:00+00:00,42495.9
2023-12-27 08:00:00+00:00,43059.3
2023-12-27 12:00:00+00:00,43009.6
2023-12-27 16:00:00+00:00,43183.9
2023-12-27 20:00:00+00:00,43453.8
2023-12-28 00:00:00+00:00,43444.8
2023-12-28 04:00:00+00:00,43087.2
2023-12-28 08:00:00+00:00,43112.1
2023-12-28 12:00:00+00:00,42485.8
2023-12-28 16:00:00+00:00,42655.9
2023-12-28 20:00:00+00:00,42600.1
2023-12-29 00:00:00+00:00,42738.1
2023-12-29 04:00:00+00:00,42314.5
2023-12-29 08:00:00+00:00,42908.9
2023-12-29 12:00:00+00:00,42301.6
2023-12-29 16:00:00+00:00,42152.8
2023-12-29 20:00:00+00:00,42095.1
2023-12-30 00:00:00+00:00,42014.7
2023-12-30 04:00:00+00:00,41987.1
2023-12-30 08:00:00+00:00,41933.6
2023-12-30 12:00:00+00:00,42410.3
2023-12-30 16:00:00+00:00,42395.0
2023-12-30 20:00:00+00:00,42174.2
2023-12-31 00:00:00+00:00,42209.4
2023-12-31 04:00:00+00:00,42567.0
2023-12-31 08:00:00+00:00,42561.8
2023-12-31 12:00:00+00:00,42489.6
2023-12-31 16:00:00+00:00,42659.9
2023-12-31 20:00:00+00:00,42314.0
2024-01-01 00:00:00+00:00,42369.8
2024-01-01 04:00:00+00:00,42527.0
2024-01-01 08:00:00+00:00,42727.6
2024-01-01 12:00:00+00:00,42818.0
2024-01-01 16:00:00+00:00,43556.2
2024-01-01 20:00:00+00:00,44230.2
2024-01-02 00:00:00+00:00,45435.0
2024-01-02 04:00:00+00:00,45495.5
2024-01-02 08:00:00+00:00,45486.8
2024-01-02 12:00:00+00:00,45215.0
2024-01-02 16:00:00+00:00,45073.2
2024-01-02 20:00:00+00:00,44979.8
2024-01-03 00:00:00+00:00,45297.8
2024-01-03 04:00:00+00:00,45030.4
2024-01-03 08:00:00+00:00,43728.9
2024-01-03 12:00:00+00:00,43014.0
2024-01-03 16:00:00+00:00,42600.4
2024-01-03 20:00:00+00:00,42849.5
2024-01-04 00:00:00+00:00,43119.6
2024-01-04 04:00:00+00:00,42775.0
2024-01-04 08:00:00+00:00,43188.2
2024-01-04 12:00:00+00:00,44050.4
2024-01-04 16:00:00+00:00,43950.0
2024-01-04 20:00:00+00:00,44143.8
2024-01-05 00:00:00+00:00,43469.1
2024-01-05 04:00:00+00:00,43769.6
2024-01-05 08:00:00+00:00,43769.9
2024-01-05 12:00:00+00:00,43495.2
2024-01-05 16:00:00+00:00,43599.0
2024-01-05 20:00:00+00:00,44145.4
2024-01-06 00:00:00+00:00,43925.8
2024-01-06 04:00:00+00:00,43645.3
2024-01-06 08:00:00+00:00,43669.2
2024-01-06 12:00:00+00:00,43863.6
2024-01-06 16:00:00+00:00,43903.6
2024-01-06 20:00:00+00:00,43956.7
2024-01-07 00:00:00+00:00,43937.2
2024-01-07 04:00:00+00:00,44071.5
2024-01-07 08:00:00+00:00,44054.0
2024-01-07 12:00:00+00:00,44035.0
2024-01-07 16:00:00+00:00,44238.8
2024-01-07 20:00:00+00:00,43916.9
2024-01-08 00:00:00+00:00,43501.9
2024-01-08 04:00:00+00:00,43970.0
2024-01-08 08:00:00+00:00,44637.2
2024-01-08 12:00:00+00:00,44969.6
2024-01-08 16:00:00+00:00,47006.7
2024-01-08 20:00:00+00:00,46972.7
2024-01-09 00:00:00+00:00,46932.8
2024-01-09 04:00:00+00:00,46841.0
2024-01-09 08:00:00+00:00,46624.4
2024-01-09 12:00:00+00:00,46868.8
2024-01-09 16:00:00+00:00,46873.5
2024-01-09 20:00:00+00:00,46114.0
2024-01-10 00:00:00+00:00,46133.6
2024-01-10 04:00:00+00:00,45766.4
2024-01-10 08:00:00+00:00,45530.2
2024-01-10 12:00:00+00:00,45569.0
2024-01-10 16:00:00+00:00,46498.9
2024-01-10 20:00:00+00:00,46662.9
2024-01-11 00:00:00+00:00,46502.4
2024-01-11 04:00:00+00:00,46096.1
2024-01-11 08:00:00+00:00,47068.5
2024-01-11 12:00:00+00:00,46813.4
2024-01-11 16:00:00+00:00,46698.4
2024-01-11 20:00:00+00:00,46337.8
2024-01-12 00:00:00+00:00,45997.0
2024-01-12 04:00:00+00:00,46002.6
2024-01-12 08:00:00+00:00,45958.0
2024-01-12 12:00:00+00:00,44495.1
2024-01-12 16:00:00+00:00,43497.5
2024-01-12 20:00:00+00:00,42788.9
2024-01-13 00:00:00+00:00,42625.6
2024-01-13 04:00:00+00:00,43102.1
2024-01-13 08:00:00+00:00,42631.9
2024-01-13 12:00:00+00:00,43159.7
2024-01-13 16:00:00+00:00,42791.1
2024-01-13 20:00:00+00:00,42846.4
2024-01-14 00:00:00+00:00,42691.2
2024-01-14 04:00:00+00:00,43012.8
2024-01-14 08:00:00+00:00,42836.8
2024-01-14 12:00:00+00:00,42908.4
2024-01-14 16:00:00+00:00,42665.8
2024-01-14 20:00:00+00:00,41734.9
2024-01-15 00:00:00+00:00,42571.8
2024-01-15 04:00:00+00:00,42713.1
2024-01-15 08:00:00+00:00,42699.9
2024-01-15 12:00:00+00:00,42278.7
2024-01-15 16:00:00+00:00,42989.6
2024-01-15 20:00:00+00:00,42515.0
2024-01-16 00:00:00+00:00,42919.5
2024-01-16 04:00:00+00:00,42788.1
2024-01-16 08:00:00+00:00,42894.9
2024-01-16 12:00:00+00:00,43251.7
2024-01-16 16:00:00+00:00,43164.8
2024-01-16 20:00:00+00:00,43133.0
2024-01-17 00:00:00+00:00,42842.1
2024-01-17 04:00:00+00:00,42654.0
2024-01-17 08:00:00+00:00,42681.0
2024-01-17 12:00:00+00:00,42478.3
2024-01-17 16:00:00+00:00,42617.5
2024-01-17 20:00:00+00:00,42783.4
2024-01-18 00:00:00+00:00,42594.0
2024-01-18 04:00:00+00:00,42918.3
2024-01-18 08:00:00+00:00,42540.0
2024-01-18 12:00:00+00:00,42618.9
2024-01-18 16:00:00+00:00,41014.2
2024-01-18 20:00:00+00:00,41323.1
2024-01-19 00:00:00+00:00,41049.8
2024-01-19 04:00:00+00:00,41282.0
2024-01-19 08:00:00+00:00,41471.7
2024-01-19 12:00:00+00:00,40897.0
2024-01-19 16:00:00+00:00,41818.5
2024-01-19 20:00:00+00:00,41662.2
2024-01-20 00:00:00+00:00,41638.0
2024-01-20 04:00:00+00:00,41652.4
2024-01-20 08:00:00+00:00,41583.6
2024-01-20 12:00:00+00:00,41570.3
2024-01-20 16:00:00+00:00,41638.4
2024-01-20 20:00:00+00:00,41691.8
2024-01-21 00:00:00+00:00,41677.4
2024-01-21 04:00:00+00:00,41648.6
2024-01-21 08:00:00+00:00,41720.9
2024-01-21 12:00:00+00:00,41652.8
2024-01-21 16:00:00+00:00,41721.2
2024-01-21 20:00:00+00:00,41580.0
2024-01-22 00:00:00+00:00,41199.6
2024-01-22 04:00:00+00:00,41042.6
2024-01-22 08:00:00+00:00,40809.4
2024-01-22 12:00:00+00:00,40774.7
2024-01-22 16:00:00+00:00,39812.5
2024-01-22 20:00:00+00:00,39567.0
2024-01-23 00:00:00+00:00,40000.1
2024-01-23 04:00:00+00:00,39773.9
2024-01-23 08:00:00+00:00,38850.1
2024-01-23 12:00:00+00:00,39197.4
2024-01-23 16:00:00+00:00,39140.1
2024-01-23 20:00:00+00:00,39890.0
2024-01-24 00:00:00+00:00,39611.2
2024-01-24 04:00:00+00:00,39979.4
2024-01-24 08:00:00+00:00,40195.2
2024-01-24 12:00:00+00:00,40046.7
2024-01-24 16:00:00+00:00,39797.4
2024-01-24 20:00:00+00:00,40078.7
2024-01-25 00:00:00+00:00,40002.8
2024-01-25 04:00:00+00:00,40119.6
2024-01-25 08:00:00+00:00,40165.5
2024-01-25 12:00:00+00:00,39793.6
2024-01-25 16:00:00+00:00,39982.9
2024-01-25 20:00:00+00:00,39953.3
2024-01-26 00:00:00+00:00,40057.0
2024-01-26 04:00:00+00:00,39956.0
2024-01-26 08:00:00+00:00,41272.0
2024-01-26 12:00:00+00:00,41399.8
2024-01-26 16:00:00+00:00,42046.0
2024-01-26 20:00:00+00:00,41806.4
2024-01-27 00:00:00+00:00,41805.2
2024-01-27 04:00:00+00:00,41699.1
2024-01-27 08:00:00+00:00,41744.7
2024-01-27 12:00:00+00:00,41797.4
2024-01-27 16:00:00+00:00,41896.4
2024-01-27 20:00:00+00:00,42102.2
2024-01-28 00:00:00+00:00,42210.0
2024-01-28 04:00:00+00:00,42369.9
2024-01-28 08:00:00+00:00,42456.6
2024-01-28 12:00:00+00:00,42244.5
2024-01-28 16:00:00+00:00,41770.6
2024-01-28 20:00:00+00:00,42021.2
2024-01-29 00:00:00+00:00,42306.4
2024-01-29 04:00:00+00:00,42040.0
2024-01-29 08:00:00+00:00,42233.3
2024-01-29 12:00:00+00:00,42623.2
2024-01-29 16:00:00+00:00,42986.7
2024-01-29 20:00:00+00:00,43287.7
2024-01-30 00:00:00+00:00,43502.9
2024-01-30 04:00:00+00:00,43346.6
2024-01-30 08:00:00+00:00,43513.4
2024-01-30 12:00:00+00:00,43355.5
2024-01-30 16:00:00+00:00,43525.1
2024-01-30 20:00:00+00:00,42918.3
2024-01-31 00:00:00+00:00,42918.0
2024-01-31 04:00:00+00:00,43031.6
2024-01-31 08:00:00+00:00,42630.2
2024-01-31 12:00:00+00:00,43341.8
2024-01-31 16:00:00+00:00,43316.4
2024-01-31 20:00:00+00:00,42560.5
2024-02-01 00:00:00+00:00,41998.0
2024-02-01 04:00:00+00:00,42182.2
2024-02-01 08:00:00+00:00,42075.9
2024-02-01 12:00:00+00:00,42500.1
2024-02-01 16:00:00+00:00,43206.3
2024-02-01 20:00:00+00:00,43072.6
2024-02-02 00:00:00+00:00,43018.1
2024-02-02 04:00:00+00:00,43076.0
2024-02-02 08:00:00+00:00,43136.8
2024-02-02 12:00:00+00:00,43222.9
2024-02-02 16:00:00+00:00,43044.1
2024-02-02 20:00:00+00:00,43182.0
2024-02-03 00:00:00+00:00,43155.3
2024-02-03 04:00:00+00:00,43037.1
2024-02-03 08:00:00+00:00,42978.0
2024-02-03 12:00:00+00:00,43097.4
2024-02-03 16:00:00+00:00,43046.8
2024-02-03 20:00:00+00:00,42992.4
2024-02-04 00:00:00+00:00,43015.7
2024-02-04 04:00:00+00:00,42822.9
2024-02-04 08:00:00+00:00,43041.6
2024-02-04 12:00:00+00:00,42926.7
2024-02-04 16:00:00+00:00,42623.9
2024-02-04 20:00:00+00:00,42570.3
2024-02-05 00:00:00+00:00,42708.0
2024-02-05 04:00:00+00:00,43059.0
2024-02-05 08:00:00+00:00,43180.8
2024-02-05 12:00:00+00:00,42629.7
2024-02-05 16:00:00+00:00,42757.4
2024-02-05 20:00:00+00:00,42692.9
2024-02-06 00:00:00+00:00,42829.8
2024-02-06 04:00:00+00:00,42870.0
2024-02-06 08:00:00+00:00,42814.3
2024-02-06 12:00:00+00:00,43232.0
2024-02-06 16:00:00+00:00,43261.7
2024-02-06 20:00:00+00:00,43079.1
2024-02-07 00:00:00+00:00,42783.0
2024-02-07 04:00:00+00:00,42904.8
2024-02-07 08:00:00+00:00,42917.4
2024-02-07 12:00:00+00:00,43057.8
2024-02-07 16:00:00+00:00,43596.1
2024-02-07 20:00:00+00:00,44326.2
2024-02-08 00:00:00+00:00,44523.6
2024-02-08 04:00:00+00:00,44500.8
2024-02-08 08:00:00+00:00,44677.9
2024-02-08 12:00:00+00:00,45406.3
2024-02-08 16:00:00+00:00,45260.1
2024-02-08 20:00:00+00:00,45269.1
2024-02-09 00:00:00+00:00,46046.5
2024-02-09 04:00:00+00:00,46185.1
2024-02-09 08:00:00+00:00,47155.9
2024-02-09 12:00:00+00:00,47136.9
2024-02-09 16:00:00+00:00,47486.2
2024-02-09 20:00:00+00:00,47116.1
2024-02-10 00:00:00+00:00,47366.9
2024-02-10 04:00:00+00:00,47130.5
2024-02-10 08:00:00+00:00,47172.8
2024-02-10 12:00:00+00:00,47332.0
2024-02-10 16:00:00+00:00,47511.2
2024-02-10 20:00:00+00:00,47732.6
2024-02-11 00:00:00+00:00,48517.1
2024-02-11 04:00:00+00:00,48169.6
2024-02-11 08:00:00+00:00,48403.7
2024-02-11 12:00:00+00:00,48140.8
2024-02-11 16:00:00+00:00,48282.4
2024-02-11 20:00:00+00:00,48303.4
2024-02-12 00:00:00+00:00,48138.6
2024-02-12 04:00:00+00:00,48213.0
2024-02-12 08:00:00+00:00,47906.0
2024-02-12 12:00:00+00:00,49925.4
2024-02-12 16:00:00+00:00,49545.9
2024-02-12 20:00:00+00:00,49943.6
2024-02-13 00:00:00+00:00,49813.8
2024-02-13 04:00:00+00:00,50019.9
2024-02-13 08:00:00+00:00,50004.0
2024-02-13 12:00:00+00:00,48753.1
2024-02-13 16:00:00+00:00,49044.9
2024-02-13 20:00:00+00:00,49696.4
2024-02-14 00:00:00+00:00,49524.4
2024-02-14 04:00:00+00:00,49845.0
2024-02-14 08:00:00+00:00,51601.2
2024-02-14 12:00:00+00:00,51616.4
2024-02-14 16:00:00+00:00,51707.5
2024-02-14 20:00:00+00:00,51823.2
2024-02-15 00:00:00+00:00,52379.9
2024-02-15 04:00:00+00:00,51802.4
2024-02-15 08:00:00+00:00,52359.1
2024-02-15 12:00:00+00:00,51968.7
2024-02-15 16:00:00+00:00,52022.0
2024-02-15 20:00:00+00:00,51898.5
2024-02-16 00:00:00+00:00,52309.9
2024-02-16 04:00:00+00:00,51786.4
2024-02-16 08:00:00+00:00,52241.1
2024-02-16 12:00:00+00:00,51909.3
2024-02-16 16:00:00+00:00,51780.2
2024-02-16 20:00:00+00:00,52148.6
2024-02-17 00:00:00+00:00,51993.6
2024-02-17 04:00:00+00:00,51933.9
2024-02-17 08:00:00+00:00,51723.7
2024-02-17 12:00:00+00:00,51013.4
2024-02-17 16:00:00+00:00,51428.8
2024-02-17 20:00:00+00:00,51679.4
2024-02-18 00:00:00+00:00,51518.0
2024-02-18 04:00:00+00:00,51703.7
2024-02-18 08:00:00+00:00,51861.1
2024-02-18 12:00:00+00:00,51808.9
2024-02-18 16:00:00+00:00,51791.5
2024-02-18 20:00:00+00:00,52175.9
2024-02-19 00:00:00+00:00,52104.0
2024-02-19 04:00:00+00:00,52423.9
2024-02-19 08:00:00+00:00,52375.9
2024-02-19 12:00:00+00:00,52157.5
2024-02-19 16:00:00+00:00,51851.6
2024-02-19 20:00:00+00:00,51813.8
2024-02-20 00:00:00+00:00,51608.9
2024-02-20 04:00:00+00:00,51869.2
2024-02-20 08:00:00+00:00,52325.8
2024-02-20 12:00:00+00:00,51712.7
2024-02-20 16:00:00+00:00,52131.3
2024-02-20 20:00:00+00:00,52297.4
2024-02-21 00:00:00+00:00,52042.5
2024-02-21 04:00:00+00:00,51599.9
2024-02-21 08:00:00+00:00,50988.1
2024-02-21 12:00:00+00:00,51183.7
2024-02-21 16:00:00+00:00,51082.0
2024-02-21 20:00:00+00:00,51877.8
2024-02-22 00:00:00+00:00,51612.1
2024-02-22 04:00:00+00:00,51860.6
2024-02-22 08:00:00+00:00,51659.2
2024-02-22 12:00:00+00:00,51630.0
2024-02-22 16:00:00+00:00,51547.0
2024-02-22 20:00:00+00:00,51316.9
2024-02-23 00:00:00+00:00,51129.7
2024-02-23 04:00:00+00:00,50952.3
2024-02-23 08:00:00+00:00,51254.1
2024-02-23 12:00:00+00:00,50938.1
2024-02-23 16:00:00+00:00,51131.0
2024-02-23 20:00:00+00:00,50771.9
2024-02-24 00:00:00+00:00,50878.2
2024-02-24 04:00:00+00:00,51099.8
2024-02-24 08:00:00+00:00,51151.9
2024-02-24 12:00:00+00:00,51124.6
2024-02-24 16:00:00+00:00,51590.0
2024-02-24 20:00:00+00:00,51602.1
2024-02-25 00:00:00+00:00,51654.2
2024-02-25 04:00:00+00:00,51756.8
2024-02-25 08:00:00+00:00,51672.3
2024-02-25 12:00:00+00:00,51547.8
2024-02-25 16:00:00+00:00,51708.0
2024-02-25 20:00:00+00:00,51764.9
2024-02-26 00:00:00+00:00,51596.1
2024-02-26 04:00:00+00:00,51327.5
2024-02-26 08:00:00+00:00,51126.4
2024-02-26 12:00:00+00:00,52872.3
2024-02-26 16:00:00+00:00,54531.3
2024-02-26 20:00:00+00:00,54511.6
2024-02-27 00:00:00+00:00,55774.3
2024-02-27 04:00:00+00:00,56100.0
2024-02-27 08:00:00+00:00,56581.4
2024-02-27 12:00:00+00:00,56775.0
2024-02-27 16:00:00+00:00,57390.7
2024-02-27 20:00:00+00:00,57074.5
2024-02-28 00:00:00+00:00,56963.3
2024-02-28 04:00:00+00:00,58300.0
2024-02-28 08:00:00+00:00,58997.4
2024-02-28 12:00:00+00:00,61000.0
2024-02-28 16:00:00+00:00,61032.8
2024-02-28 20:00:00+00:00,62487.9
2024-02-29 00:00:00+00:00,61638.6
2024-02-29 04:00:00+00:00,62761.5
2024-02-29 08:00:00+00:00,63019.8
2024-02-29 12:00:00+00:00,62809.1
2024-02-29 16:00:00+00:00,61681.8
2024-02-29 20:00:00+00:00,61203.3
2024-03-01 00:00:00+00:00,61183.4
2024-03-01 04:00:00+00:00,61485.8
2024-03-01 08:00:00+00:00,61927.7
2024-03-01 12:00:00+00:00,61335.3
2024-03-01 16:00:00+00:00,62270.5
2024-03-01 20:00:00+00:00,62430.6
2024-03-02 00:00:00+00:00,62374.3
2024-03-02 04:00:00+00:00,62071.9
2024-03-02 08:00:00+00:00,61900.0
2024-03-02 12:00:00+00:00,61834.5
2024-03-02 16:00:00+00:00,62185.3
2024-03-02 20:00:00+00:00,62039.9
2024-03-03 00:00:00+00:00,61997.1
2024-03-03 04:00:00+00:00,61641.0
2024-03-03 08:00:00+00:00,61900.0
2024-03-03 12:00:00+00:00,62210.7
2024-03-03 16:00:00+00:00,62797.1
2024-03-03 20:00:00+00:00,63178.5
2024-03-04 00:00:00+00:00,63523.9
2024-03-04 04:00:00+00:00,64120.6
2024-03-04 08:00:00+00:00,65314.0
2024-03-04 12:00:00+00:00,66505.4
2024-03-04 16:00:00+00:00,67483.2
2024-03-04 20:00:00+00:00,68296.4
2024-03-05 00:00:00+00:00,68203.8
2024-03-05 04:00:00+00:00,66223.8
2024-03-05 08:00:00+00:00,66749.0
2024-03-05 12:00:00+00:00,66841.3
2024-03-05 16:00:00+00:00,61510.2
2024-03-05 20:00:00+00:00,63747.4
2024-03-06 00:00:00+00:00,63323.6
2024-03-06 04:00:00+00:00,66759.4
2024-03-06 08:00:00+00:00,67383.9
2024-03-06 12:00:00+00:00,66541.3
2024-03-06 16:00:00+00:00,66803.5
2024-03-06 20:00:00+00:00,66128.1
2024-03-07 00:00:00+00:00,65914.9
2024-03-07 04:00:00+00:00,66447.8
2024-03-07 08:00:00+00:00,66974.9
2024-03-07 12:00:00+00:00,67317.1
2024-03-07 16:00:00+00:00,67559.3
2024-03-07 20:00:00+00:00,66870.0
2024-03-08 00:00:00+00:00,67219.9
2024-03-08 04:00:00+00:00,67308.5
2024-03-08 08:00:00+00:00,67822.0
2024-03-08 12:00:00+00:00,67685.8
2024-03-08 16:00:00+00:00,68922.0
2024-03-08 20:00:00+00:00,68180.2
2024-03-09 00:00:00+00:00,68297.1
2024-03-09 04:00:00+00:00,68336.3
2024-03-09 08:00:00+00:00,68360.3
2024-03-09 12:00:00+00:00,68341.6
2024-03-09 16:00:00+00:00,68255.0
2024-03-09 20:00:00+00:00,68360.1
2024-03-10 00:00:00+00:00,69208.1
2024-03-10 04:00:00+00:00,69430.0
2024-03-10 08:00:00+00:00,69639.5
2024-03-10 12:00:00+00:00,69254.7
2024-03-10 16:00:00+00:00,69465.0
2024-03-10 20:00:00+00:00,69001.8
2024-03-11 00:00:00+00:00,68657.4
2024-03-11 04:00:00+00:00,71223.8
2024-03-11 08:00:00+00:00,71558.6
2024-03-11 12:00:00+00:00,72061.4
2024-03-11 16:00:00+00:00,72041.3
2024-03-11 20:00:00+00:00,72153.8
2024-03-12 00:00:00+00:00,71673.4
2024-03-12 04:00:00+00:00,72175.5
2024-03-12 08:00:00+00:00,72098.7
2024-03-12 12:00:00+00:00,71779.2
2024-03-12 16:00:00+00:00,71403.1
2024-03-12 20:00:00+00:00,71503.2
2024-03-13 00:00:00+00:00,72135.8
2024-03-13 04:00:00+00:00,72964.0
2024-03-13 08:00:00+00:00,73149.9
2024-03-13 12:00:00+00:00,72670.2
2024-03-13 16:00:00+00:00,73399.9
2024-03-13 20:00:00+00:00,73127.6
2024-03-14 00:00:00+00:00,73333.3
2024-03-14 04:00:00+00:00,73280.7
2024-03-14 08:00:00+00:00,72939.4
2024-03-14 12:00:00+00:00,70904.5
2024-03-14 16:00:00+00:00,69500.4
2024-03-14 20:00:00+00:00,71455.5
2024-03-15 00:00:00+00:00,68266.0
2024-03-15 04:00:00+00:00,68487.4
2024-03-15 08:00:00+00:00,67818.3
2024-03-15 12:00:00+00:00,68199.2
2024-03-15 16:00:00+00:00,69003.0
2024-03-15 20:00:00+00:00,69552.2
2024-03-16 00:00:00+00:00,69247.6
2024-03-16 04:00:00+00:00,69490.2
2024-03-16 08:00:00+00:00,68300.1
2024-03-16 12:00:00+00:00,68431.8
2024-03-16 16:00:00+00:00,66969.1
2024-03-16 20:00:00+00:00,65351.0
2024-03-17 00:00:00+00:00,66574.4
2024-03-17 04:00:00+00:00,65681.2
2024-03-17 08:00:00+00:00,67015.0
2024-03-17 12:00:00+00:00,68009.8
2024-03-17 16:00:00+00:00,68575.5
2024-03-17 20:00:00+00:00,68447.9
2024-03-18 00:00:00+00:00,68038.1
2024-03-18 04:00:00+00:00,68262.9
2024-03-18 08:00:00+00:00,68307.7
2024-03-18 12:00:00+00:00,67509.2
2024-03-18 16:00:00+00:00,66985.7
2024-03-18 20:00:00+00:00,67660.0
2024-03-19 00:00:00+00:00,65930.5
2024-03-19 04:00:00+00:00,64742.1
2024-03-19 08:00:00+00:00,63137.1
2024-03-19 12:00:00+00:00,64084.0
2024-03-19 16:00:00+00:00,64435.0
2024-03-19 20:00:00+00:00,61974.1
2024-03-20 00:00:00+00:00,61894.8
2024-03-20 04:00:00+00:00,62995.1
2024-03-20 08:00:00+00:00,63432.0
2024-03-20 12:00:00+00:00,63649.0
2024-03-20 16:00:00+00:00,65821.6
2024-03-20 20:00:00+00:00,67876.4
2024-03-21 00:00:00+00:00,66707.8
2024-03-21 04:00:00+00:00,67031.8
2024-03-21 08:00:00+00:00,67082.3
2024-03-21 12:00:00+00:00,66601.6
2024-03-21 16:00:00+00:00,65276.0
2024-03-21 20:00:00+00:00,65539.9
2024-03-22 00:00:00+00:00,66017.8
2024-03-22 04:00:00+00:00,66223.4
2024-03-22 08:00:00+00:00,64268.0
2024-03-22 12:00:00+00:00,63920.0
2024-03-22 16:00:00+00:00,63907.2
2024-03-22 20:00:00+00:00,63826.0
2024-03-23 00:00:00+00:00,63592.0
2024-03-23 04:00:00+00:00,64606.5
2024-03-23 08:00:00+00:00,64674.9
2024-03-23 12:00:00+00:00,65147.5
2024-03-23 16:00:00+00:00,64917.9
2024-03-23 20:00:00+00:00,64020.3
2024-03-24 00:00:00+00:00,64007.6
2024-03-24 04:00:00+00:00,64624.6
2024-03-24 08:00:00+00:00,65371.9
2024-03-24 12:00:00+00:00,65718.6
2024-03-24 16:00:00+00:00,65886.8
2024-03-24 20:00:00+00:00,67260.9
2024-03-25 00:00:00+00:00,67407.8
2024-03-25 04:00:00+00:00,66866.6
2024-03-25 08:00:00+00:00,66855.9
2024-03-25 12:00:00+00:00,69844.6
2024-03-25 16:00:00+00:00,71019.6
2024-03-25 20:00:00+00:00,69920.5
2024-03-26 00:00:00+00:00,70473.8
2024-03-26 04:00:00+00:00,70535.0
2024-03-26 08:00:00+00:00,70734.2
2024-03-26 12:00:00+00:00,70307.1
2024-03-26 16:00:00+00:00,69523.3
2024-03-26 20:00:00+00:00,70044.1
2024-03-27 00:00:00+00:00,70445.1
2024-03-27 04:00:00+00:00,69798.8
2024-03-27 08:00:00+00:00,70290.3
2024-03-27 12:00:00+00:00,68922.0
2024-03-27 16:00:00+00:00,68707.8
2024-03-27 20:00:00+00:00,69532.6
2024-03-28 00:00:00+00:00,69349.3
2024-03-28 04:00:00+00:00,70456.8
2024-03-28 08:00:00+00:00,70707.7
2024-03-28 12:00:00+00:00,71335.1
2024-03-28 16:00:00+00:00,70837.1
2024-03-28 20:00:00+00:00,70838.7
2024-03-29 00:00:00+00:00,70491.8
2024-03-29 04:00:00+00:00,69855.6
2024-03-29 08:00:00+00:00,70182.9
2024-03-29 12:00:00+00:00,69240.1
2024-03-29 16:00:00+00:00,69720.6
2024-03-29 20:00:00+00:00,69903.6
2024-03-30 00:00:00+00:00,69836.8
2024-03-30 04:00:00+00:00,69900.1
2024-03-30 08:00:00+00:00,70237.1
2024-03-30 12:00:00+00:00,70064.9
2024-03-30 16:00:00+00:00,69944.7
2024-03-30 20:00:00+00:00,69642.1
2024-03-31 00:00:00+00:00,69980.8
2024-03-31 04:00:00+00:00,70366.5
2024-03-31 08:00:00+00:00,70442.6
2024-03-31 12:00:00+00:00,70446.2
2024-03-31 16:00:00+00:00,71135.1
2024-03-31 20:00:00+00:00,71363.0
2024-04-01 00:00:00+00:00,70650.1
2024-04-01 04:00:00+00:00,69637.0
2024-04-01 08:00:00+00:00,69520.4
2024-04-01 12:00:00+00:00,68281.0
2024-04-01 16:00:00+00:00,69682.1
2024-04-01 20:00:00+00:00,69700.0
2024-04-02 00:00:00+00:00,66734.1
2024-04-02 04:00:00+00:00,66503.3
2024-04-02 08:00:00+00:00,65684.2
2024-04-02 12:00:00+00:00,64928.3
2024-04-02 16:00:00+00:00,65946.8
2024-04-02 20:00:00+00:00,65505.3
2024-04-03 00:00:00+00:00,66252.2
2024-04-03 04:00:00+00:00,66181.1
2024-04-03 08:00:00+00:00,66094.3
2024-04-03 12:00:00+00:00,65873.9
2024-04-03 16:00:00+00:00,65798.8
2024-04-03 20:00:00+00:00,65971.9
2024-04-04 00:00:00+00:00,65637.2
2024-04-04 04:00:00+00:00,66104.8
2024-04-04 08:00:00+00:00,66361.5
2024-04-04 12:00:00+00:00,67631.8
2024-04-04 16:00:00+00:00,68484.0
2024-04-04 20:00:00+00:00,68489.9
2024-04-05 00:00:00+00:00,67885.4
2024-04-05 04:00:00+00:00,66937.4
2024-04-05 08:00:00+00:00,66502.8
2024-04-05 12:00:00+00:00,68201.5
2024-04-05 16:00:00+00:00,67400.0
2024-04-05 20:00:00+00:00,67825.7
2024-04-06 00:00:00+00:00,67793.3
2024-04-06 04:00:00+00:00,67985.1
2024-04-06 08:00:00+00:00,67655.0
2024-04-06 12:00:00+00:00,68094.0
2024-04-06 16:00:00+00:00,68259.5
2024-04-06 20:00:00+00:00,68901.6
2024-04-07 00:00:00+00:00,69402.1
2024-04-07 04:00:00+00:00,69367.4
2024-04-07 08:00:00+00:00,69366.1
2024-04-07 12:00:00+00:00,69567.9
2024-04-07 16:00:00+00:00,69089.9
2024-04-07 20:00:00+00:00,69362.7
2024-04-08 00:00:00+00:00,69484.9
2024-04-08 04:00:00+00:00,70745.4
2024-04-08 08:00:00+00:00,72472.6
2024-04-08 12:00:00+00:00,71815.7
2024-04-08 16:00:00+00:00,71807.2
2024-04-08 20:00:00+00:00,71678.4
2024-04-09 00:00:00+00:00,71339.0
2024-04-09 04:00:00+00:00,70444.0
2024-04-09 08:00:00+00:00,70858.3
2024-04-09 12:00:00+00:00,69322.8
2024-04-09 16:00:00+00:00,69049.7
2024-04-09 20:00:00+00:00,69189.3
2024-04-10 00:00:00+00:00,69193.1
2024-04-10 04:00:00+00:00,69381.6
2024-04-10 08:00:00+00:00,69094.7
2024-04-10 12:00:00+00:00,68687.9
2024-04-10 16:00:00+00:00,70121.0
2024-04-10 20:00:00+00:00,70681.7
2024-04-11 00:00:00+00:00,70900.5
2024-04-11 04:00:00+00:00,70789.1
2024-04-11 08:00:00+00:00,70043.3
2024-04-11 12:00:00+00:00,70045.9
2024-04-11 16:00:00+00:00,70491.4
2024-04-11 20:00:00+00:00,70055.7
2024-04-12 00:00:00+00:00,71034.3
2024-04-12 04:00:00+00:00,70825.9
2024-04-12 08:00:00+00:00,70950.9
2024-04-12 12:00:00+00:00,69374.1
2024-04-12 16:00:00+00:00,66867.5
2024-04-12 20:00:00+00:00,67136.4
2024-04-13 00:00:00+00:00,67188.4
2024-04-13 04:00:00+00:00,67466.1
2024-04-13 08:00:00+00:00,67377.0
2024-04-13 12:00:00+00:00,67683.2
2024-04-13 16:00:00+00:00,64779.1
2024-04-13 20:00:00+00:00,63939.7
2024-04-14 00:00:00+00:00,63428.7
2024-04-14 04:00:00+00:00,64449.9
2024-04-14 08:00:00+00:00,64150.2
2024-04-14 12:00:00+00:00,64163.3
2024-04-14 16:00:00+00:00,64146.0
2024-04-14 20:00:00+00:00,65615.9
2024-04-15 00:00:00+00:00,65107.9
2024-04-15 04:00:00+00:00,66224.8
2024-04-15 08:00:00+00:00,65848.6
2024-04-15 12:00:00+00:00,64552.8
2024-04-15 16:00:00+00:00,63269.9
2024-04-15 20:00:00+00:00,63392.7
2024-04-16 00:00:00+00:00,62937.6
2024-04-16 04:00:00+00:00,63487.9
2024-04-16 08:00:00+00:00,63064.6
2024-04-16 12:00:00+00:00,61749.2
2024-04-16 16:00:00+00:00,62691.0
2024-04-16 20:00:00+00:00,63765.0
2024-04-17 00:00:00+00:00,63806.0
2024-04-17 04:00:00+00:00,63260.8
2024-04-17 08:00:00+00:00,62576.9
2024-04-17 12:00:00+00:00,60272.0
2024-04-17 16:00:00+00:00,60997.2
2024-04-17 20:00:00+00:00,61254.5
2024-04-18 00:00:00+00:00,61953.5
2024-04-18 04:00:00+00:00,61154.7
2024-04-18 08:00:00+00:00,62563.0
2024-04-18 12:00:00+00:00,63474.0
2024-04-18 16:00:00+00:00,63438.0
2024-04-18 20:00:00+00:00,63445.0
2024-04-19 00:00:00+00:00,61757.1
2024-04-19 04:00:00+00:00,64519.6
2024-04-19 08:00:00+00:00,64839.8
2024-04-19 12:00:00+00:00,64417.7
2024-04-19 16:00:00+00:00,64307.2
2024-04-19 20:00:00+00:00,63787.4
2024-04-20 00:00:00+00:00,63931.8
2024-04-20 04:00:00+00:00,63937.9
2024-04-20 08:00:00+00:00,63688.7
2024-04-20 12:00:00+00:00,64771.0
2024-04-20 16:00:00+00:00,64834.7
2024-04-20 20:00:00+00:00,64897.2
2024-04-21 00:00:00+00:00,65131.2
2024-04-21 04:00:00+00:00,65109.8
2024-04-21 08:00:00+00:00,65203.5
2024-04-21 12:00:00+00:00,65015.0
2024-04-21 16:00:00+00:00,64506.9
2024-04-21 20:00:00+00:00,64912.6
2024-04-22 00:00:00+00:00,65677.6
2024-04-22 04:00:00+00:00,65943.7
2024-04-22 08:00:00+00:00,65856.2
2024-04-22 12:00:00+00:00,65966.8
2024-04-22 16:00:00+00:00,66495.6
2024-04-22 20:00:00+00:00,66778.0
2024-04-23 00:00:00+00:00,66410.1
2024-04-23 04:00:00+00:00,66079.9
2024-04-23 08:00:00+00:00,66023.5
2024-04-23 12:00:00+00:00,66393.2
2024-04-23 16:00:00+00:00,66456.0
2024-04-23 20:00:00+00:00,66386.3
2024-04-24 00:00:00+00:00,66585.7
2024-04-24 04:00:00+00:00,66588.9
2024-04-24 08:00:00+00:00,66550.7
2024-04-24 12:00:00+00:00,64594.0
2024-04-24 16:00:00+00:00,63960.9
2024-04-24 20:00:00+00:00,64250.0
2024-04-25 00:00:00+00:00,64260.0
2024-04-25 04:00:00+00:00,63996.1
2024-04-25 08:00:00+00:00,63826.9
2024-04-25 12:00:00+00:00,64091.7
2024-04-25 16:00:00+00:00,64721.5
2024-04-25 20:00:00+00:00,64478.8
2024-04-26 00:00:00+00:00,64359.7
2024-04-26 04:00:00+00:00,64236.6
2024-04-26 08:00:00+00:00,64213.6
2024-04-26 12:00:00+00:00,63481.3
2024-04-26 16:00:00+00:00,63723.6
2024-04-26 20:00:00+00:00,63748.8
2024-04-27 00:00:00+00:00,63047.2
2024-04-27 04:00:00+00:00,62944.3
2024-04-27 08:00:00+00:00,62834.5
2024-04-27 12:00:00+00:00,62928.4
2024-04-27 16:00:00+00:00,63329.8
2024-04-27 20:00:00+00:00,63421.0
2024-04-28 00:00:00+00:00,63989.8
2024-04-28 04:00:00+00:00,63883.1
2024-04-28 08:00:00+00:00,63459.1
2024-04-28 12:00:00+00:00,63508.6
2024-04-28 16:00:00+00:00,63688.9
2024-04-28 20:00:00+00:00,63088.3
2024-04-29 00:00:00+00:00,62259.9
2024-04-29 04:00:00+00:00,62362.0
2024-04-29 08:00:00+00:00,62222.9
2024-04-29 12:00:00+00:00,63012.2
2024-04-29 16:00:00+00:00,62953.4
2024-04-29 20:00:00+00:00,63842.4
2024-04-30 00:00:00+00:00,63627.1
2024-04-30 04:00:00+00:00,63123.8
2024-04-30 08:00:00+00:00,61182.3
2024-04-30 12:00:00+00:00,60764.9
2024-04-30 16:00:00+00:00,59276.2
2024-04-30 20:00:00+00:00,60651.2
2024-05-01 00:00:00+00:00,60214.0
2024-05-01 04:00:00+00:00,57482.0
2024-05-01 08:00:00+00:00,57862.1
2024-05-01 12:00:00+00:00,56865.2
2024-05-01 16:00:00+00:00,56935.7
2024-05-01 20:00:00+00:00,58307.6
2024-05-02 00:00:00+00:00,57407.6
2024-05-02 04:00:00+00:00,57645.0
2024-05-02 08:00:00+00:00,58538.4
2024-05-02 12:00:00+00:00,59230.7
2024-05-02 16:00:00+00:00,59324.4
2024-05-02 20:00:00+00:00,59036.7
2024-05-03 00:00:00+00:00,59687.9
2024-05-03 04:00:00+00:00,59158.1
2024-05-03 08:00:00+00:00,59269.3
2024-05-03 12:00:00+00:00,61662.1
2024-05-03 16:00:00+00:00,62031.9
2024-05-03 20:00:00+00:00,62853.7
2024-05-04 00:00:00+00:00,62698.1
2024-05-04 04:00:00+00:00,62931.3
2024-05-04 08:00:00+00:00,63850.0
2024-05-04 12:00:00+00:00,63590.0
2024-05-04 16:00:00+00:00,63885.2
2024-05-04 20:00:00+00:00,63864.2
2024-05-05 00:00:00+00:00,63209.8
2024-05-05 04:00:00+00:00,63697.1
2024-05-05 08:00:00+00:00,63838.0
2024-05-05 12:00:00+00:00,64398.0
2024-05-05 16:00:00+00:00,63846.0
2024-05-05 20:00:00+00:00,63988.0
2024-05-06 00:00:00+00:00,63830.1
2024-05-06 04:00:00+00:00,64509.6
2024-05-06 08:00:00+00:00,64178.1
2024-05-06 12:00:00+00:00,63599.8
2024-05-06 16:00:00+00:00,63200.0
2024-05-06 20:00:00+00:00,63142.8
2024-05-07 00:00:00+00:00,63204.1
2024-05-07 04:00:00+00:00,63648.9
2024-05-07 08:00:00+00:00,63472.4
2024-05-07 12:00:00+00:00,63710.0
2024-05-07 16:00:00+00:00,63034.7
2024-05-07 20:00:00+00:00,62296.0
2024-05-08 00:00:00+00:00,62864.0
2024-05-08 04:00:00+00:00,62186.7
2024-05-08 08:00:00+00:00,62224.9
2024-05-08 12:00:00+00:00,62251.8
2024-05-08 16:00:00+00:00,62148.7
2024-05-08 20:00:00+00:00,61157.9
2024-05-09 00:00:00+00:00,61647.4
2024-05-09 04:00:00+00:00,61222.5
2024-05-09 08:00:00+00:00,61033.0
2024-05-09 12:00:00+00:00,62122.5
2024-05-09 16:00:00+00:00,62420.6
2024-05-09 20:00:00+00:00,63050.1
2024-05-10 00:00:00+00:00,62880.0
2024-05-10 04:00:00+00:00,63053.9
2024-05-10 08:00:00+00:00,63276.5
2024-05-10 12:00:00+00:00,60893.8
2024-05-10 16:00:00+00:00,60682.4
2024-05-10 20:00:00+00:00,60778.1
2024-05-11 00:00:00+00:00,60706.0
2024-05-11 04:00:00+00:00,60988.9
2024-05-11 08:00:00+00:00,60654.5
2024-05-11 12:00:00+00:00,61146.1
2024-05-11 16:00:00+00:00,61112.9
2024-05-11 20:00:00+00:00,60809.2
2024-05-12 00:00:00+00:00,60902.5
2024-05-12 04:00:00+00:00,60803.8
2024-05-12 08:00:00+00:00,61120.0
2024-05-12 12:00:00+00:00,61395.9
2024-05-12 16:00:00+00:00,61393.5
2024-05-12 20:00:00+00:00,61455.8
2024-05-13 00:00:00+00:00,61130.0
2024-05-13 04:00:00+00:00,62296.6
2024-05-13 08:00:00+00:00,62700.0
2024-05-13 12:00:00+00:00,62980.5
2024-05-13 16:00:00+00:00,63140.5
2024-05-13 20:00:00+00:00,62912.1
2024-05-14 00:00:00+00:00,62464.8
2024-05-14 04:00:00+00:00,62002.1
2024-05-14 08:00:00+00:00,61770.2
2024-05-14 12:00:00+00:00,61749.9
2024-05-14 16:00:00+00:00,61563.6
2024-05-14 20:00:00+00:00,61550.5
2024-05-15 00:00:00+00:00,61923.2
2024-05-15 04:00:00+00:00,62157.4
2024-05-15 08:00:00+00:00,62447.4
2024-05-15 12:00:00+00:00,64685.5
2024-05-15 16:00:00+00:00,65959.6
2024-05-15 20:00:00+00:00,66175.4
2024-05-16 00:00:00+00:00,65946.9
2024-05-16 04:00:00+00:00,66100.0
2024-05-16 08:00:00+00:00,66483.8
2024-05-16 12:00:00+00:00,65800.1
2024-05-16 16:00:00+00:00,65152.2
2024-05-16 20:00:00+00:00,65217.7
2024-05-17 00:00:00+00:00,65545.2
2024-05-17 04:00:00+00:00,66350.6
2024-05-17 08:00:00+00:00,66182.7
2024-05-17 12:00:00+00:00,67170.0
2024-05-17 16:00:00+00:00,67007.5
2024-05-17 20:00:00+00:00,66980.0
2024-05-18 00:00:00+00:00,66918.9
2024-05-18 04:00:00+00:00,66854.1
2024-05-18 08:00:00+00:00,67152.4
2024-05-18 12:00:00+00:00,66781.4
2024-05-18 16:00:00+00:00,66881.7
2024-05-18 20:00:00+00:00,66884.9
2024-05-19 00:00:00+00:00,67133.0
2024-05-19 04:00:00+00:00,67295.0
2024-05-19 08:00:00+00:00,67303.3
2024-05-19 12:00:00+00:00,66863.0
2024-05-19 16:00:00+00:00,66002.9
2024-05-19 20:00:00+00:00,66239.4
2024-05-20 00:00:00+00:00,66643.1
2024-05-20 04:00:00+00:00,66788.9
2024-05-20 08:00:00+00:00,66974.0
2024-05-20 12:00:00+00:00,67382.1
2024-05-20 16:00:00+00:00,69996.4
2024-05-20 20:00:00+00:00,71466.5
2024-05-21 00:00:00+00:00,71323.8
2024-05-21 04:00:00+00:00,70926.4
2024-05-21 08:00:00+00:00,71163.0
2024-05-21 12:00:00+00:00,69874.9
2024-05-21 16:00:00+00:00,69317.7
2024-05-21 20:00:00+00:00,70168.8
2024-05-22 00:00:00+00:00,70002.0
2024-05-22 04:00:00+00:00,69759.6
2024-05-22 08:00:00+00:00,69770.3
2024-05-22 12:00:00+00:00,70485.7
2024-05-22 16:00:00+00:00,69668.0
2024-05-22 20:00:00+00:00,69219.1
2024-05-23 00:00:00+00:00,69483.2
2024-05-23 04:00:00+00:00,69770.6
2024-05-23 08:00:00+00:00,70019.5
2024-05-23 12:00:00+00:00,68103.0
2024-05-23 16:00:00+00:00,67239.0
2024-05-23 20:00:00+00:00,67999.9
2024-05-24 00:00:00+00:00,67905.8
2024-05-24 04:00:00+00:00,67191.2
2024-05-24 08:00:00+00:00,67383.4
2024-05-24 12:00:00+00:00,68340.2
2024-05-24 16:00:00+00:00,69127.4
2024-05-24 20:00:00+00:00,68584.1
2024-05-25 00:00:00+00:00,68772.5
2024-05-25 04:00:00+00:00,68775.0
2024-05-25 08:00:00+00:00,69112.5
2024-05-25 12:00:00+00:00,68949.1
2024-05-25 16:00:00+00:00,69167.0
2024-05-25 20:00:00+00:00,69314.4
2024-05-26 00:00:00+00:00,69093.2
2024-05-26 04:00:00+00:00,69359.2
2024-05-26 08:00:00+00:00,69160.3
2024-05-26 12:00:00+00:00,68864.6
2024-05-26 16:00:00+00:00,68925.4
2024-05-26 20:00:00+00:00,68524.3
2024-05-27 00:00:00+00:00,68900.6
2024-05-27 04:00:00+00:00,68661.1
2024-05-27 08:00:00+00:00,68462.9
2024-05-27 12:00:00+00:00,70421.5
2024-05-27 16:00:00+00:00,69298.0
2024-05-27 20:00:00+00:00,69461.6
2024-05-28 00:00:00+00:00,68070.0
2024-05-28 04:00:00+00:00,67712.0
2024-05-28 08:00:00+00:00,68411.3
2024-05-28 12:00:00+00:00,68399.7
2024-05-28 16:00:00+00:00,68466.5
2024-05-28 20:00:00+00:00,68440.5
2024-05-29 00:00:00+00:00,68862.1
2024-05-29 04:00:00+00:00,67993.6
2024-05-29 08:00:00+00:00,67816.9
2024-05-29 12:00:00+00:00,67421.0
2024-05-29 16:00:00+00:00,67315.9
2024-05-29 20:00:00+00:00,67686.7
2024-05-30 00:00:00+00:00,68156.0
2024-05-30 04:00:00+00:00,67627.8
2024-05-30 08:00:00+00:00,67855.7
2024-05-30 12:00:00+00:00,68566.4
2024-05-30 16:00:00+00:00,68705.0
2024-05-30 20:00:00+00:00,68402.5
2024-05-31 00:00:00+00:00,68574.0
2024-05-31 04:00:00+00:00,68226.1
2024-05-31 08:00:00+00:00,68387.8
2024-05-31 12:00:00+00:00,67252.7
2024-05-31 16:00:00+00:00,67719.9
2024-05-31 20:00:00+00:00,67577.9
2024-06-01 00:00:00+00:00,67749.9
2024-06-01 04:00:00+00:00,67677.9
2024-06-01 08:00:00+00:00,67704.0
2024-06-01 12:00:00+00:00,67728.2
2024-06-01 16:00:00+00:00,67779.7
2024-06-01 20:00:00+00:00,67799.2
2024-06-02 00:00:00+00:00,67826.1
2024-06-02 04:00:00+00:00,67743.0
2024-06-02 08:00:00+00:00,68284.1
2024-06-02 12:00:00+00:00,68189.8
2024-06-02 16:00:00+00:00,67765.3
2024-06-02 20:00:00+00:00,67805.9
2024-06-03 00:00:00+00:00,68435.9
2024-06-03 04:00:00+00:00,68949.9
2024-06-03 08:00:00+00:00,69125.5
2024-06-03 12:00:00+00:00,69650.0
2024-06-03 16:00:00+00:00,69257.2
2024-06-03 20:00:00+00:00,68851.4
2024-06-04 00:00:00+00:00,69199.1
2024-06-04 04:00:00+00:00,69054.7
2024-06-04 08:00:00+00:00,68992.8
2024-06-04 12:00:00+00:00,70492.0
2024-06-04 16:00:00+00:00,70459.0
2024-06-04 20:00:00+00:00,70580.0
2024-06-05 00:00:00+00:00,70994.0
2024-06-05 04:00:00+00:00,71244.1
2024-06-05 08:00:00+00:00,71008.4
2024-06-05 12:00:00+00:00,71625.1
2024-06-05 16:00:00+00:00,71314.8
2024-06-05 20:00:00+00:00,71133.3
2024-06-06 00:00:00+00:00,71087.8
2024-06-06 04:00:00+00:00,71077.3
2024-06-06 08:00:00+00:00,71219.2
2024-06-06 12:00:00+00:00,71334.3
2024-06-06 16:00:00+00:00,70526.1
2024-06-06 20:00:00+00:00,70830.0
2024-06-07 00:00:00+00:00,71032.9
2024-06-07 04:00:00+00:00,71147.9
2024-06-07 08:00:00+00:00,71750.0
2024-06-07 12:00:00+00:00,71150.0
2024-06-07 16:00:00+00:00,69287.2
2024-06-07 20:00:00+00:00,69377.0
2024-06-08 00:00:00+00:00,69454.6
2024-06-08 04:00:00+00:00,69612.5
2024-06-08 08:00:00+00:00,69404.5
2024-06-08 12:00:00+00:00,69462.1
2024-06-08 16:00:00+00:00,69486.6
2024-06-08 20:00:00+00:00,69346.5
2024-06-09 00:00:00+00:00,69300.9
2024-06-09 04:00:00+00:00,69331.9
2024-06-09 08:00:00+00:00,69400.6
2024-06-09 12:00:00+00:00,69530.1
2024-06-09 16:00:00+00:00,69742.6
2024-06-09 20:00:00+00:00,69667.1
2024-06-10 00:00:00+00:00,69637.3
2024-06-10 04:00:00+00:00,69325.3
2024-06-10 08:00:00+00:00,69506.7
2024-06-10 12:00:00+00:00,70090.9
2024-06-10 16:00:00+00:00,69524.2
2024-06-10 20:00:00+00:00,69558.7
2024-06-11 00:00:00+00:00,68472.3
2024-06-11 04:00:00+00:00,67582.0
2024-06-11 08:00:00+00:00,66919.6
2024-06-11 12:00:00+00:00,66266.0
2024-06-11 16:00:00+00:00,67420.6
2024-06-11 20:00:00+00:00,67320.7
2024-06-12 00:00:00+00:00,67413.0
2024-06-12 04:00:00+00:00,67449.4
2024-06-12 08:00:00+00:00,67789.9
2024-06-12 12:00:00+00:00,69738.0
2024-06-12 16:00:00+00:00,67523.2
2024-06-12 20:00:00+00:00,68270.3
2024-06-13 00:00:00+00:00,67471.1
2024-06-13 04:00:00+00:00,67724.9
2024-06-13 08:00:00+00:00,67744.6
2024-06-13 12:00:00+00:00,66464.4
2024-06-13 16:00:00+00:00,66620.8
2024-06-13 20:00:00+00:00,66786.9
2024-06-14 00:00:00+00:00,66749.7
2024-06-14 04:00:00+00:00,66906.2
2024-06-14 08:00:00+00:00,67034.2
2024-06-14 12:00:00+00:00,66380.0
2024-06-14 16:00:00+00:00,65514.9
2024-06-14 20:00:00+00:00,66039.7
2024-06-15 00:00:00+00:00,66266.0
2024-06-15 04:00:00+00:00,66082.6
2024-06-15 08:00:00+00:00,66305.2
2024-06-15 12:00:00+00:00,66311.9
2024-06-15 16:00:00+00:00,66144.2
2024-06-15 20:00:00+00:00,66213.7
2024-06-16 00:00:00+00:00,66129.6
2024-06-16 04:00:00+00:00,66249.4
2024-06-16 08:00:00+00:00,66471.4
2024-06-16 12:00:00+00:00,66690.4
2024-06-16 16:00:00+00:00,66542.5
2024-06-16 20:00:00+00:00,66653.6
2024-06-17 00:00:00+00:00,66200.0
2024-06-17 04:00:00+00:00,66147.3
2024-06-17 08:00:00+00:00,65791.8
2024-06-17 12:00:00+00:00,65341.9
2024-06-17 16:00:00+00:00,66661.4
2024-06-17 20:00:00+00:00,66472.1
2024-06-18 00:00:00+00:00,65474.9
2024-06-18 04:00:00+00:00,65646.4
2024-06-18 08:00:00+00:00,65339.2
2024-06-18 12:00:00+00:00,64676.8
2024-06-18 16:00:00+00:00,64400.0
2024-06-18 20:00:00+00:00,65150.0
2024-06-19 00:00:00+00:00,65377.1
2024-06-19 04:00:00+00:00,65295.0
2024-06-19 08:00:00+00:00,65181.9
2024-06-19 12:00:00+00:00,64895.0
2024-06-19 16:00:00+00:00,64851.3
2024-06-19 20:00:00+00:00,64933.6
2024-06-20 00:00:00+00:00,65156.0
2024-06-20 04:00:00+00:00,65831.4
2024-06-20 08:00:00+00:00,66150.0
2024-06-20 12:00:00+00:00,64794.4
2024-06-20 16:00:00+00:00,65032.9
2024-06-20 20:00:00+00:00,64854.0
2024-06-21 00:00:00+00:00,64473.4
2024-06-21 04:00:00+00:00,64179.4
2024-06-21 08:00:00+00:00,63745.5
2024-06-21 12:00:00+00:00,63716.9
2024-06-21 16:00:00+00:00,64207.5
2024-06-21 20:00:00+00:00,64124.0
2024-06-22 00:00:00+00:00,64297.2
2024-06-22 04:00:00+00:00,64490.1
2024-06-22 08:00:00+00:00,64245.0
2024-06-22 12:00:00+00:00,64283.4
2024-06-22 16:00:00+00:00,64270.9
2024-06-22 20:00:00+00:00,64240.0
2024-06-23 00:00:00+00:00,64389.0
2024-06-23 04:00:00+00:00,64390.0
2024-06-23 08:00:00+00:00,64310.7
2024-06-23 12:00:00+00:00,64071.8
2024-06-23 16:00:00+00:00,64128.7
2024-06-23 20:00:00+00:00,63194.9
2024-06-24 00:00:00+00:00,62840.1
2024-06-24 04:00:00+00:00,62433.6
2024-06-24 08:00:00+00:00,61257.3
2024-06-24 12:00:00+00:00,60823.2
2024-06-24 16:00:00+00:00,59294.7
2024-06-24 20:00:00+00:00,60273.6
2024-06-25 00:00:00+00:00,61271.1
2024-06-25 04:00:00+00:00,60660.8
2024-06-25 08:00:00+00:00,61170.7
2024-06-25 12:00:00+00:00,61776.0
2024-06-25 16:00:00+00:00,61957.9
2024-06-25 20:00:00+00:00,61777.8
2024-06-26 00:00:00+00:00,61910.4
2024-06-26 04:00:00+00:00,61705.3
2024-06-26 08:00:00+00:00,61427.2
2024-06-26 12:00:00+00:00,61453.2
2024-06-26 16:00:00+00:00,60991.0
2024-06-26 20:00:00+00:00,60860.1
2024-06-27 00:00:00+00:00,61027.1
2024-06-27 04:00:00+00:00,60786.4
2024-06-27 08:00:00+00:00,61188.5
2024-06-27 12:00:00+00:00,61570.5
2024-06-27 16:00:00+00:00,61445.9
2024-06-27 20:00:00+00:00,61682.0
2024-06-28 00:00:00+00:00,61803.0
2024-06-28 04:00:00+00:00,61317.9
2024-06-28 08:00:00+00:00,61671.5
2024-06-28 12:00:00+00:00,61039.9
2024-06-28 16:00:00+00:00,60132.2
2024-06-28 20:00:00+00:00,60429.8
2024-06-29 00:00:00+00:00,60760.1
2024-06-29 04:00:00+00:00,61049.8
2024-06-29 08:00:00+00:00,61111.0
2024-06-29 12:00:00+00:00,61107.9
2024-06-29 16:00:00+00:00,61056.5
2024-06-29 20:00:00+00:00,60982.4
2024-06-30 00:00:00+00:00,60898.2
2024-06-30 04:00:00+00:00,61533.6
2024-06-30 08:00:00+00:00,61555.6
2024-06-30 12:00:00+00:00,61722.4
2024-06-30 16:00:00+00:00,62016.8
2024-06-30 20:00:00+00:00,62766.0
2024-07-01 00:00:00+00:00,63416.4
2024-07-01 04:00:00+00:00,63265.5
2024-07-01 08:00:00+00:00,62657.9
2024-07-01 12:00:00+00:00,63119.9
2024-07-01 16:00:00+00:00,63207.6
2024-07-01 20:00:00+00:00,62883.6
2024-07-02 00:00:00+00:00,63115.7
2024-07-02 04:00:00+00:00,62617.9
2024-07-02 08:00:00+00:00,62823.3
2024-07-02 12:00:00+00:00,61945.0
2024-07-02 16:00:00+00:00,61944.0
2024-07-02 20:00:00+00:00,62123.6
2024-07-03 00:00:00+00:00,60983.5
2024-07-03 04:00:00+00:00,60859.9
2024-07-03 08:00:00+00:00,60384.9
2024-07-03 12:00:00+00:00,60176.1
2024-07-03 16:00:00+00:00,59661.2
2024-07-03 20:00:00+00:00,60208.0
2024-07-04 00:00:00+00:00,59092.4
2024-07-04 04:00:00+00:00,58214.0
2024-07-04 08:00:00+00:00,57748.4
2024-07-04 12:00:00+00:00,58137.6
2024-07-04 16:00:00+00:00,58267.0
2024-07-04 20:00:00+00:00,57045.9
2024-07-05 00:00:00+00:00,55214.6
2024-07-05 04:00:00+00:00,54389.4
2024-07-05 08:00:00+00:00,55458.9
2024-07-05 12:00:00+00:00,56637.5
2024-07-05 16:00:00+00:00,56446.2
2024-07-05 20:00:00+00:00,56604.9
2024-07-06 00:00:00+00:00,56388.3
2024-07-06 04:00:00+00:00,56571.1
2024-07-06 08:00:00+00:00,56713.2
2024-07-06 12:00:00+00:00,57285.4
2024-07-06 16:00:00+00:00,57834.8
2024-07-06 20:00:00+00:00,58216.0
2024-07-07 00:00:00+00:00,57943.9
2024-07-07 04:00:00+00:00,57344.4
2024-07-07 08:00:00+00:00,57436.9
2024-07-07 12:00:00+00:00,56806.2
2024-07-07 16:00:00+00:00,57133.9
2024-07-07 20:00:00+00:00,55830.9
2024-07-08 00:00:00+00:00,55136.6
2024-07-08 04:00:00+00:00,55828.4
2024-07-08 08:00:00+00:00,57137.3
2024-07-08 12:00:00+00:00,55736.8
2024-07-08 16:00:00+00:00,56462.3
2024-07-08 20:00:00+00:00,56686.4
2024-07-09 00:00:00+00:00,57139.5
2024-07-09 04:00:00+00:00,57102.5
2024-07-09 08:00:00+00:00,57407.1
2024-07-09 12:00:00+00:00,57445.3
2024-07-09 16:00:00+00:00,57837.7
2024-07-09 20:00:00+00:00,58023.2
2024-07-10 00:00:00+00:00,58157.7
2024-07-10 04:00:00+00:00,58948.1
2024-07-10 08:00:00+00:00,58469.4
2024-07-10 12:00:00+00:00,57658.0
2024-07-10 16:00:00+00:00,57374.1
2024-07-10 20:00:00+00:00,57707.0
2024-07-11 00:00:00+00:00,57540.5
2024-07-11 04:00:00+00:00,58168.1
2024-07-11 08:00:00+00:00,58754.1
2024-07-11 12:00:00+00:00,57382.8
2024-07-11 16:00:00+00:00,57354.7
2024-07-11 20:00:00+00:00,57315.5
2024-07-12 00:00:00+00:00,56887.6
2024-07-12 04:00:00+00:00,57071.4
2024-07-12 08:00:00+00:00,57188.8
2024-07-12 12:00:00+00:00,58188.9
2024-07-12 16:00:00+00:00,57546.1
2024-07-12 20:00:00+00:00,57870.0
2024-07-13 00:00:00+00:00,57792.4
2024-07-13 04:00:00+00:00,58140.0
2024-07-13 08:00:00+00:00,58513.9
2024-07-13 12:00:00+00:00,58808.5
2024-07-13 16:00:00+00:00,58596.6
2024-07-13 20:00:00+00:00,59174.0
2024-07-14 00:00:00+00:00,59435.0
2024-07-14 04:00:00+00:00,60031.3
2024-07-14 08:00:00+00:00,60079.0
2024-07-14 12:00:00+00:00,60053.3
2024-07-14 16:00:00+00:00,59886.3
2024-07-14 20:00:00+00:00,60766.0
2024-07-15 00:00:00+00:00,62617.3
2024-07-15 04:00:00+00:00,62816.0
2024-07-15 08:00:00+00:00,62431.9
2024-07-15 12:00:00+00:00,62985.9
2024-07-15 16:00:00+00:00,63309.9
2024-07-15 20:00:00+00:00,64680.6
2024-07-16 00:00:00+00:00,64725.1
2024-07-16 04:00:00+00:00,62881.8
2024-07-16 08:00:00+00:00,63719.8
2024-07-16 12:00:00+00:00,64833.9
2024-07-16 16:00:00+00:00,65125.2
2024-07-16 20:00:00+00:00,65010.0
2024-07-17 00:00:00+00:00,65662.8
2024-07-17 04:00:00+00:00,65226.2
2024-07-17 08:00:00+00:00,64700.0
2024-07-17 12:00:00+00:00,64695.8
2024-07-17 16:00:00+00:00,64550.6
2024-07-17 20:00:00+00:00,64055.7
2024-07-18 00:00:00+00:00,64827.8
2024-07-18 04:00:00+00:00,64644.8
2024-07-18 08:00:00+00:00,64728.9
2024-07-18 12:00:00+00:00,63500.1
2024-07-18 16:00:00+00:00,63535.6
2024-07-18 20:00:00+00:00,63959.9
2024-07-19 00:00:00+00:00,64298.0
2024-07-19 04:00:00+00:00,63673.9
2024-07-19 08:00:00+00:00,64095.2
2024-07-19 12:00:00+00:00,65791.5
2024-07-19 16:00:00+00:00,67107.8
2024-07-19 20:00:00+00:00,66627.9
2024-07-20 00:00:00+00:00,66568.7
2024-07-20 04:00:00+00:00,66526.3
2024-07-20 08:00:00+00:00,66445.9
2024-07-20 12:00:00+00:00,66797.0
2024-07-20 16:00:00+00:00,67195.0
2024-07-20 20:00:00+00:00,67095.6
2024-07-21 00:00:00+00:00,67145.8
2024-07-21 04:00:00+00:00,66670.0
2024-07-21 08:00:00+00:00,66845.4
2024-07-21 12:00:00+00:00,67130.9
2024-07-21 16:00:00+00:00,67391.4
2024-07-21 20:00:00+00:00,68138.0
2024-07-22 00:00:00+00:00,67847.3
2024-07-22 04:00:00+00:00,67210.3
2024-07-22 08:00:00+00:00,67479.1
2024-07-22 12:00:00+00:00,67044.3
2024-07-22 16:00:00+00:00,68193.5
2024-07-22 20:00:00+00:00,67499.2
2024-07-23 00:00:00+00:00,67437.3
2024-07-23 04:00:00+00:00,66550.0
2024-07-23 08:00:00+00:00,66641.0
2024-07-23 12:00:00+00:00,66552.8
2024-07-23 16:00:00+00:00,65516.1
2024-07-23 20:00:00+00:00,65916.4
2024-07-24 00:00:00+00:00,66027.5
2024-07-24 04:00:00+00:00,66049.0
2024-07-24 08:00:00+00:00,66345.7
2024-07-24 12:00:00+00:00,66155.7
2024-07-24 16:00:00+00:00,65631.8
2024-07-24 20:00:00+00:00,65350.8
2024-07-25 00:00:00+00:00,64074.0
2024-07-25 04:00:00+00:00,64115.1
2024-07-25 08:00:00+00:00,64082.6
2024-07-25 12:00:00+00:00,64773.3
2024-07-25 16:00:00+00:00,64669.5
2024-07-25 20:00:00+00:00,65773.0
2024-07-26 00:00:00+00:00,67014.0
2024-07-26 04:00:00+00:00,66873.8
2024-07-26 08:00:00+00:00,67293.9
2024-07-26 12:00:00+00:00,67528.0
2024-07-26 16:00:00+00:00,67957.2
2024-07-26 20:00:00+00:00,67882.5
2024-07-27 00:00:00+00:00,67766.2
2024-07-27 04:00:00+00:00,68013.6
2024-07-27 08:00:00+00:00,68184.7
2024-07-27 12:00:00+00:00,68822.0
2024-07-27 16:00:00+00:00,68209.2
2024-07-27 20:00:00+00:00,67873.8
2024-07-28 00:00:00+00:00,67910.9
2024-07-28 04:00:00+00:00,67517.7
2024-07-28 08:00:00+00:00,67800.0
2024-07-28 12:00:00+00:00,67624.3
2024-07-28 16:00:00+00:00,68090.0
2024-07-28 20:00:00+00:00,68215.5
2024-07-29 00:00:00+00:00,69323.1
2024-07-29 04:00:00+00:00,69510.6
2024-07-29 08:00:00+00:00,69549.9
2024-07-29 12:00:00+00:00,68067.2
2024-07-29 16:00:00+00:00,67276.6
2024-07-29 20:00:00+00:00,66750.0
2024-07-30 00:00:00+00:00,66585.6
2024-07-30 04:00:00+00:00,66914.0
2024-07-30 08:00:00+00:00,66532.5
2024-07-30 12:00:00+00:00,66198.0
2024-07-30 16:00:00+00:00,65899.4
2024-07-30 20:00:00+00:00,66159.3
2024-07-31 00:00:00+00:00,66028.9
2024-07-31 04:00:00+00:00,66196.4
2024-07-31 08:00:00+00:00,66062.6
2024-07-31 12:00:00+00:00,66354.5
2024-07-31 16:00:00+00:00,65229.8
2024-07-31 20:00:00+00:00,64601.8
2024-08-01 00:00:00+00:00,63912.8
2024-08-01 04:00:00+00:00,64297.4
2024-08-01 08:00:00+00:00,64645.3
2024-08-01 12:00:00+00:00,62892.6
2024-08-01 16:00:00+00:00,63403.0
2024-08-01 20:00:00+00:00,65328.9
2024-08-02 00:00:00+00:00,64600.1
2024-08-02 04:00:00+00:00,64146.0
2024-08-02 08:00:00+00:00,64640.0
2024-08-02 12:00:00+00:00,63393.5
2024-08-02 16:00:00+00:00,62619.7
2024-08-02 20:00:00+00:00,61483.7
2024-08-03 00:00:00+00:00,61862.2
2024-08-03 04:00:00+00:00,61636.0
2024-08-03 08:00:00+00:00,61884.8
2024-08-03 12:00:00+00:00,60857.7
2024-08-03 16:00:00+00:00,60216.7
2024-08-03 20:00:00+00:00,60684.6
2024-08-04 00:00:00+00:00,60705.3
2024-08-04 04:00:00+00:00,60346.0
2024-08-04 08:00:00+00:00,60880.1
2024-08-04 12:00:00+00:00,59070.0
2024-08-04 16:00:00+00:00,59234.0
2024-08-04 20:00:00+00:00,58144.5
2024-08-05 00:00:00+00:00,53864.1
2024-08-05 04:00:00+00:00,52645.6
2024-08-05 08:00:00+00:00,51316.8
2024-08-05 12:00:00+00:00,54289.8
2024-08-05 16:00:00+00:00,53450.4
2024-08-05 20:00:00+00:00,54003.1
2024-08-06 00:00:00+00:00,55638.1
2024-08-06 04:00:00+00:00,55979.1
2024-08-06 08:00:00+00:00,55188.0
2024-08-06 12:00:00+00:00,56370.0
2024-08-06 16:00:00+00:00,56737.0
2024-08-06 20:00:00+00:00,55991.2
2024-08-07 00:00:00+00:00,56826.8
2024-08-07 04:00:00+00:00,56898.7
2024-08-07 08:00:00+00:00,56938.0
2024-08-07 12:00:00+00:00,56067.5
2024-08-07 16:00:00+00:00,54739.9
2024-08-07 20:00:00+00:00,55102.9
2024-08-08 00:00:00+00:00,57031.7
2024-08-08 04:00:00+00:00,57166.4
2024-08-08 08:00:00+00:00,57292.3
2024-08-08 12:00:00+00:00,59391.3
2024-08-08 16:00:00+00:00,59389.1
2024-08-08 20:00:00+00:00,61659.8
2024-08-09 00:00:00+00:00,61327.0
2024-08-09 04:00:00+00:00,60844.0
2024-08-09 08:00:00+00:00,60633.5
2024-08-09 12:00:00+00:00,59786.4
2024-08-09 16:00:00+00:00,60649.5
2024-08-09 20:00:00+00:00,60808.6
2024-08-10 00:00:00+00:00,60410.0
2024-08-10 04:00:00+00:00,60809.5
2024-08-10 08:00:00+00:00,60892.4
2024-08-10 12:00:00+00:00,60480.5
2024-08-10 16:00:00+00:00,60989.1
2024-08-10 20:00:00+00:00,60889.9
2024-08-11 00:00:00+00:00,61054.8
2024-08-11 04:00:00+00:00,61224.9
2024-08-11 08:00:00+00:00,60637.6
2024-08-11 12:00:00+00:00,60100.0
2024-08-11 16:00:00+00:00,59598.0
2024-08-11 20:00:00+00:00,58693.1
2024-08-12 00:00:00+00:00,58488.6
2024-08-12 04:00:00+00:00,58640.1
2024-08-12 08:00:00+00:00,59809.2
2024-08-12 12:00:00+00:00,60171.2
2024-08-12 16:00:00+00:00,59025.9
2024-08-12 20:00:00+00:00,59323.6
2024-08-13 00:00:00+00:00,59014.0
2024-08-13 04:00:00+00:00,59209.0
2024-08-13 08:00:00+00:00,58803.0
2024-08-13 12:00:00+00:00,59438.4
2024-08-13 16:00:00+00:00,60792.1
2024-08-13 20:00:00+00:00,60550.5
2024-08-14 00:00:00+00:00,60920.0
2024-08-14 04:00:00+00:00,60887.2
2024-08-14 08:00:00+00:00,61260.7
2024-08-14 12:00:00+00:00,59396.9
2024-08-14 16:00:00+00:00,58854.0
2024-08-14 20:00:00+00:00,58648.1
2024-08-15 00:00:00+00:00,58420.0
2024-08-15 04:00:00+00:00,58031.9
2024-08-15 08:00:00+00:00,58712.1
2024-08-15 12:00:00+00:00,59643.7
2024-08-15 16:00:00+00:00,57002.4
2024-08-15 20:00:00+00:00,57511.0
2024-08-16 00:00:00+00:00,57858.1
2024-08-16 04:00:00+00:00,58423.4
2024-08-16 08:00:00+00:00,58369.3
2024-08-16 12:00:00+00:00,58035.6
2024-08-16 16:00:00+00:00,59649.2
2024-08-16 20:00:00+00:00,58854.9
2024-08-17 00:00:00+00:00,59128.2
2024-08-17 04:00:00+00:00,59222.0
2024-08-17 08:00:00+00:00,59106.5
2024-08-17 12:00:00+00:00,59357.6
2024-08-17 16:00:00+00:00,59446.3
2024-08-17 20:00:00+00:00,59468.5
2024-08-18 00:00:00+00:00,59308.5
2024-08-18 04:00:00+00:00,59545.4
2024-08-18 08:00:00+00:00,59991.3
2024-08-18 12:00:00+00:00,59828.8
2024-08-18 16:00:00+00:00,59671.9
2024-08-18 20:00:00+00:00,58390.0
2024-08-19 00:00:00+00:00,58696.6
2024-08-19 04:00:00+00:00,58475.5
2024-08-19 08:00:00+00:00,58360.9
2024-08-19 12:00:00+00:00,58505.0
2024-08-19 16:00:00+00:00,58933.0
2024-08-19 20:00:00+00:00,59398.5
2024-08-20 00:00:00+00:00,60588.6
2024-08-20 04:00:00+00:00,60899.9
2024-08-20 08:00:00+00:00,60494.9
2024-08-20 12:00:00+00:00,58783.7
2024-08-20 16:00:00+00:00,59482.5
2024-08-20 20:00:00+00:00,58982.9
2024-08-21 00:00:00+00:00,59290.3
2024-08-21 04:00:00+00:00,59689.2
2024-08-21 08:00:00+00:00,59332.4
2024-08-21 12:00:00+00:00,59486.0
2024-08-21 16:00:00+00:00,61538.1
2024-08-21 20:00:00+00:00,61120.0
2024-08-22 00:00:00+00:00,60514.9
2024-08-22 04:00:00+00:00,60946.0
2024-08-22 08:00:00+00:00,61297.0
2024-08-22 12:00:00+00:00,60370.9
2024-08-22 16:00:00+00:00,60272.7
2024-08-22 20:00:00+00:00,60349.9
2024-08-23 00:00:00+00:00,60565.1
2024-08-23 04:00:00+00:00,61045.0
2024-08-23 08:00:00+00:00,60710.2
2024-08-23 12:00:00+00:00,61499.0
2024-08-23 16:00:00+00:00,63577.2
2024-08-23 20:00:00+00:00,64019.9
2024-08-24 00:00:00+00:00,63800.1
2024-08-24 04:00:00+00:00,64269.3
2024-08-24 08:00:00+00:00,63881.7
2024-08-24 12:00:00+00:00,63943.3
2024-08-24 16:00:00+00:00,64170.0
2024-08-24 20:00:00+00:00,64116.5
2024-08-25 00:00:00+00:00,64065.0
2024-08-25 04:00:00+00:00,63835.4
2024-08-25 08:00:00+00:00,63851.7
2024-08-25 12:00:00+00:00,64099.9
2024-08-25 16:00:00+00:00,64152.2
2024-08-25 20:00:00+00:00,64190.2
2024-08-26 00:00:00+00:00,64089.5
2024-08-26 04:00:00+00:00,63603.2
2024-08-26 08:00:00+00:00,63816.6
2024-08-26 12:00:00+00:00,63493.0
2024-08-26 16:00:00+00:00,63305.0
2024-08-26 20:00:00+00:00,62807.6
2024-08-27 00:00:00+00:00,62947.2
2024-08-27 04:00:00+00:00,62882.0
2024-08-27 08:00:00+00:00,62392.5
2024-08-27 12:00:00+00:00,61673.3
2024-08-27 16:00:00+00:00,62071.8
2024-08-27 20:00:00+00:00,59384.5
2024-08-28 00:00:00+00:00,59597.3
2024-08-28 04:00:00+00:00,58579.0
2024-08-28 08:00:00+00:00,59900.1
2024-08-28 12:00:00+00:00,58963.4
2024-08-28 16:00:00+00:00,58871.1
2024-08-28 20:00:00+00:00,59010.0
2024-08-29 00:00:00+00:00,59113.0
2024-08-29 04:00:00+00:00,59548.9
2024-08-29 08:00:00+00:00,60040.0
2024-08-29 12:00:00+00:00,60750.9
2024-08-29 16:00:00+00:00,59237.0
2024-08-29 20:00:00+00:00,59323.2
2024-08-30 00:00:00+00:00,59001.0
2024-08-30 04:00:00+00:00,59235.9
2024-08-30 08:00:00+00:00,59367.0
2024-08-30 12:00:00+00:00,58073.1
2024-08-30 16:00:00+00:00,58670.1
2024-08-30 20:00:00+00:00,59096.3
2024-08-31 00:00:00+00:00,59199.9
2024-08-31 04:00:00+00:00,59060.8
2024-08-31 08:00:00+00:00,59093.1
2024-08-31 12:00:00+00:00,58983.7
2024-08-31 16:00:00+00:00,58834.2
2024-08-31 20:00:00+00:00,58941.9
2024-09-01 00:00:00+00:00,58501.6
2024-09-01 04:00:00+00:00,58444.1
2024-09-01 08:00:00+00:00,58208.0
2024-09-01 12:00:00+00:00,58184.1
2024-09-01 16:00:00+00:00,58480.8
2024-09-01 20:00:00+00:00,57268.1
2024-09-02 00:00:00+00:00,57708.7
2024-09-02 04:00:00+00:00,57523.2
2024-09-02 08:00:00+00:00,58396.0
2024-09-02 12:00:00+00:00,58508.0
2024-09-02 16:00:00+00:00,58418.8
2024-09-02 20:00:00+00:00,59112.1
2024-09-03 00:00:00+00:00,59087.9
2024-09-03 04:00:00+00:00,59078.0
2024-09-03 08:00:00+00:00,59038.6
2024-09-03 12:00:00+00:00,57695.1
2024-09-03 16:00:00+00:00,58020.9
2024-09-03 20:00:00+00:00,57451.9
2024-09-04 00:00:00+00:00,56632.9
2024-09-04 04:00:00+00:00,56717.0
2024-09-04 08:00:00+00:00,56536.2
2024-09-04 12:00:00+00:00,58096.2
2024-09-04 16:00:00+00:00,58029.8
2024-09-04 20:00:00+00:00,57944.8
2024-09-05 00:00:00+00:00,57104.1
2024-09-05 04:00:00+00:00,57127.0
2024-09-05 08:00:00+00:00,56666.1
2024-09-05 12:00:00+00:00,55947.0
2024-09-05 16:00:00+00:00,56026.0
2024-09-05 20:00:00+00:00,56145.7
2024-09-06 00:00:00+00:00,56553.7
2024-09-06 04:00:00+00:00,55766.3
2024-09-06 08:00:00+00:00,55972.1
2024-09-06 12:00:00+00:00,54022.1
2024-09-06 16:00:00+00:00,53515.3
2024-09-06 20:00:00+00:00,53927.7
2024-09-07 00:00:00+00:00,53789.2
2024-09-07 04:00:00+00:00,54258.1
2024-09-07 08:00:00+00:00,54298.9
2024-09-07 12:00:00+00:00,54746.6
2024-09-07 16:00:00+00:00,54375.0
2024-09-07 20:00:00+00:00,54134.9
2024-09-08 00:00:00+00:00,54371.5
2024-09-08 04:00:00+00:00,54411.5
2024-09-08 08:00:00+00:00,54528.6
2024-09-08 12:00:00+00:00,53663.6
2024-09-08 16:00:00+00:00,54301.3
2024-09-08 20:00:00+00:00,54839.6
2024-09-09 00:00:00+00:00,55084.9
2024-09-09 04:00:00+00:00,54939.1
2024-09-09 08:00:00+00:00,55236.8
2024-09-09 12:00:00+00:00,55360.3
2024-09-09 16:00:00+00:00,57060.1
2024-09-09 20:00:00+00:00,57010.0
2024-09-10 00:00:00+00:00,56500.1
2024-09-10 04:00:00+00:00,57183.2
2024-09-10 08:00:00+00:00,57190.1
2024-09-10 12:00:00+00:00,56561.0
2024-09-10 16:00:00+00:00,57923.6
2024-09-10 20:00:00+00:00,57609.1
2024-09-11 00:00:00+00:00,56793.5
2024-09-11 04:00:00+00:00,56675.1
2024-09-11 08:00:00+00:00,56768.9
2024-09-11 12:00:00+00:00,56676.1
2024-09-11 16:00:00+00:00,57560.9
2024-09-11 20:00:00+00:00,57306.0
2024-09-12 00:00:00+00:00,58197.9
2024-09-12 04:00:00+00:00,58101.8
2024-09-12 08:00:00+00:00,58031.7
2024-09-12 12:00:00+00:00,57472.1
2024-09-12 16:00:00+00:00,58366.3
2024-09-12 20:00:00+00:00,58097.0
2024-09-13 00:00:00+00:00,57827.0
2024-09-13 04:00:00+00:00,58079.8
2024-09-13 08:00:00+00:00,57852.6
2024-09-13 12:00:00+00:00,59623.5
2024-09-13 16:00:00+00:00,59703.1
2024-09-13 20:00:00+00:00,60456.2
2024-09-14 00:00:00+00:00,60290.5
2024-09-14 04:00:00+00:00,60110.4
2024-09-14 08:00:00+00:00,59680.0
2024-09-14 12:00:00+00:00,59840.1
2024-09-14 16:00:00+00:00,59778.4
2024-09-14 20:00:00+00:00,59964.0
2024-09-15 00:00:00+00:00,60130.2
2024-09-15 04:00:00+00:00,60166.8
2024-09-15 08:00:00+00:00,59977.0
2024-09-15 12:00:00+00:00,60304.6
2024-09-15 16:00:00+00:00,59847.7
2024-09-15 20:00:00+00:00,59100.5
2024-09-16 00:00:00+00:00,58546.5
2024-09-16 04:00:00+00:00,58874.6
2024-09-16 08:00:00+00:00,58630.0
2024-09-16 12:00:00+00:00,57860.7
2024-09-16 16:00:00+00:00,57915.4
2024-09-16 20:00:00+00:00,58187.0
2024-09-17 00:00:00+00:00,58035.2
2024-09-17 04:00:00+00:00,58668.1
2024-09-17 08:00:00+00:00,59055.1
2024-09-17 12:00:00+00:00,61103.0
2024-09-17 16:00:00+00:00,59946.0
2024-09-17 20:00:00+00:00,60281.0
2024-09-18 00:00:00+00:00,60490.0
2024-09-18 04:00:00+00:00,60403.7
2024-09-18 08:00:00+00:00,59824.6
2024-09-18 12:00:00+00:00,59400.1
2024-09-18 16:00:00+00:00,60024.6
2024-09-18 20:00:00+00:00,61735.3
2024-09-19 00:00:00+00:00,62086.5
2024-09-19 04:00:00+00:00,62071.0
2024-09-19 08:00:00+00:00,62604.5
2024-09-19 12:00:00+00:00,63129.0
2024-09-19 16:00:00+00:00,63229.4
2024-09-19 20:00:00+00:00,62926.9
2024-09-20 00:00:00+00:00,63723.3
2024-09-20 04:00:00+00:00,63494.4
2024-09-20 08:00:00+00:00,63417.1
2024-09-20 12:00:00+00:00,63120.2
2024-09-20 16:00:00+00:00,62772.1
2024-09-20 20:00:00+00:00,63175.7
2024-09-21 00:00:00+00:00,62865.1
2024-09-21 04:00:00+00:00,63060.0
2024-09-21 08:00:00+00:00,63058.0
2024-09-21 12:00:00+00:00,63146.6
2024-09-21 16:00:00+00:00,63174.2
2024-09-21 20:00:00+00:00,63320.6
2024-09-22 00:00:00+00:00,63088.9
2024-09-22 04:00:00+00:00,62909.3
2024-09-22 08:00:00+00:00,62751.4
2024-09-22 12:00:00+00:00,62624.2
2024-09-22 16:00:00+00:00,63132.1
2024-09-22 20:00:00+00:00,63558.4
2024-09-23 00:00:00+00:00,64320.1
2024-09-23 04:00:00+00:00,63519.9
2024-09-23 08:00:00+00:00,63399.0
2024-09-23 12:00:00+00:00,63589.6
2024-09-23 16:00:00+00:00,63272.6
2024-09-23 20:00:00+00:00,63302.0
2024-09-24 00:00:00+00:00,63097.6
2024-09-24 04:00:00+00:00,63527.8
2024-09-24 08:00:00+00:00,63446.3
2024-09-24 12:00:00+00:00,63128.8
2024-09-24 16:00:00+00:00,64270.0
2024-09-24 20:00:00+00:00,64243.1
2024-09-25 00:00:00+00:00,64422.4
2024-09-25 04:00:00+00:00,63814.9
2024-09-25 08:00:00+00:00,63808.1
2024-09-25 12:00:00+00:00,63470.1
2024-09-25 16:00:00+00:00,63151.6
2024-09-25 20:00:00+00:00,63118.4
2024-09-26 00:00:00+00:00,63482.9
2024-09-26 04:00:00+00:00,63823.4
2024-09-26 08:00:00+00:00,64373.0
2024-09-26 12:00:00+00:00,65200.0
2024-09-26 16:00:00+00:00,64677.8
2024-09-26 20:00:00+00:00,65139.2
2024-09-27 00:00:00+00:00,65338.0
2024-09-27 04:00:00+00:00,65438.9
2024-09-27 08:00:00+00:00,65408.2
2024-09-27 12:00:00+00:00,65974.0
2024-09-27 16:00:00+00:00,65612.8
2024-09-27 20:00:00+00:00,65749.6
2024-09-28 00:00:00+00:00,66041.0
2024-09-28 04:00:00+00:00,65790.0
2024-09-28 08:00:00+00:00,65761.5
2024-09-28 12:00:00+00:00,65593.7
2024-09-28 16:00:00+00:00,65699.6
2024-09-28 20:00:00+00:00,65822.6
2024-09-29 00:00:00+00:00,65781.6
2024-09-29 04:00:00+00:00,65436.9
2024-09-29 08:00:00+00:00,65670.4
2024-09-29 12:00:00+00:00,65720.0
2024-09-29 16:00:00+00:00,65926.3
2024-09-29 20:00:00+00:00,65568.1
2024-09-30 00:00:00+00:00,64539.9
2024-09-30 04:00:00+00:00,64539.1
2024-09-30 08:00:00+00:00,63794.4
2024-09-30 12:00:00+00:00,63535.6
2024-09-30 16:00:00+00:00,63472.8
2024-09-30 20:00:00+00:00,63309.1
2024-10-01 00:00:00+00:00,63707.2
2024-10-01 04:00:00+00:00,64017.0
2024-10-01 08:00:00+00:00,63699.9
2024-10-01 12:00:00+00:00,62613.8
2024-10-01 16:00:00+00:00,61739.7
2024-10-01 20:00:00+00:00,60776.8
2024-10-02 00:00:00+00:00,61718.0
2024-10-02 04:00:00+00:00,61702.5
2024-10-02 08:00:00+00:00,61140.8
2024-10-02 12:00:00+00:00,61833.9
2024-10-02 16:00:00+00:00,60155.0
2024-10-02 20:00:00+00:00,60622.6
2024-10-03 00:00:00+00:00,61434.3
2024-10-03 04:00:00+00:00,60898.6
2024-10-03 08:00:00+00:00,60733.0
2024-10-03 12:00:00+00:00,60606.5
2024-10-03 16:00:00+00:00,60998.0
2024-10-03 20:00:00+00:00,60727.2
2024-10-04 00:00:00+00:00,60928.7
2024-10-04 04:00:00+00:00,61403.9
2024-10-04 08:00:00+00:00,61423.0
2024-10-04 12:00:00+00:00,61843.1
2024-10-04 16:00:00+00:00,62337.0
2024-10-04 20:00:00+00:00,62054.4
2024-10-05 00:00:00+00:00,61835.5
2024-10-05 04:00:00+00:00,62043.0
2024-10-05 08:00:00+00:00,62149.1
2024-10-05 12:00:00+00:00,62131.4
2024-10-05 16:00:00+00:00,61822.4
2024-10-05 20:00:00+00:00,62023.1
2024-10-06 00:00:00+00:00,61852.4
2024-10-06 04:00:00+00:00,61919.8
2024-10-06 08:00:00+00:00,62067.1
2024-10-06 12:00:00+00:00,62690.4
2024-10-06 16:00:00+00:00,62601.5
2024-10-06 20:00:00+00:00,62789.3
2024-10-07 00:00:00+00:00,63494.6
2024-10-07 04:00:00+00:00,63509.9
2024-10-07 08:00:00+00:00,63114.1
2024-10-07 12:00:00+00:00,63620.0
2024-10-07 16:00:00+00:00,63349.4
2024-10-07 20:00:00+00:00,62190.7
2024-10-08 00:00:00+00:00,62602.4
2024-10-08 04:00:00+00:00,62291.4
2024-10-08 08:00:00+00:00,62595.7
2024-10-08 12:00:00+00:00,62259.9
2024-10-08 16:00:00+00:00,62228.3
2024-10-08 20:00:00+00:00,62131.7
2024-10-09 00:00:00+00:00,62365.0
2024-10-09 04:00:00+00:00,62243.0
2024-10-09 08:00:00+00:00,62177.8
2024-10-09 12:00:00+00:00,62285.4
2024-10-09 16:00:00+00:00,61013.7
2024-10-09 20:00:00+00:00,60606.4
2024-10-10 00:00:00+00:00,60838.7
2024-10-10 04:00:00+00:00,60871.0
2024-10-10 08:00:00+00:00,61235.9
2024-10-10 12:00:00+00:00,60769.9
2024-10-10 16:00:00+00:00,59696.9
2024-10-10 20:00:00+00:00,60293.2
2024-10-11 00:00:00+00:00,60572.6
2024-10-11 04:00:00+00:00,60643.3
2024-10-11 08:00:00+00:00,61140.0
2024-10-11 12:00:00+00:00,62218.0
2024-10-11 16:00:00+00:00,63042.4
2024-10-11 20:00:00+00:00,62509.0
2024-10-12 00:00:00+00:00,62537.0
2024-10-12 04:00:00+00:00,62734.1
2024-10-12 08:00:00+00:00,62900.3
2024-10-12 12:00:00+00:00,63124.8
2024-10-12 16:00:00+00:00,62966.3
2024-10-12 20:00:00+00:00,63176.0
2024-10-13 00:00:00+00:00,62686.2
2024-10-13 04:00:00+00:00,62819.0
2024-10-13 08:00:00+00:00,62528.5
2024-10-13 12:00:00+00:00,62195.3
2024-10-13 16:00:00+00:00,62699.3
2024-10-13 20:00:00+00:00,62839.8
2024-10-14 00:00:00+00:00,64281.6
2024-10-14 04:00:00+00:00,64599.6
2024-10-14 08:00:00+00:00,64899.4
2024-10-14 12:00:00+00:00,65850.9
2024-10-14 16:00:00+00:00,65901.0
2024-10-14 20:00:00+00:00,66064.9
2024-10-15 00:00:00+00:00,65382.1
2024-10-15 04:00:00+00:00,65638.4
2024-10-15 08:00:00+00:00,65385.3
2024-10-15 12:00:00+00:00,65994.6
2024-10-15 16:00:00+00:00,66937.1
2024-10-15 20:00:00+00:00,67044.1
2024-10-16 00:00:00+00:00,67064.5
2024-10-16 04:00:00+00:00,66948.8
2024-10-16 08:00:00+00:00,67872.3
2024-10-16 12:00:00+00:00,67726.0
2024-10-16 16:00:00+00:00,67692.4
2024-10-16 20:00:00+00:00,67592.0
2024-10-17 00:00:00+00:00,67570.0
2024-10-17 04:00:00+00:00,67280.8
2024-10-17 08:00:00+00:00,66853.6
2024-10-17 12:00:00+00:00,67561.9
2024-10-17 16:00:00+00:00,66821.1
2024-10-17 20:00:00+00:00,67401.5
2024-10-18 00:00:00+00:00,67532.3
2024-10-18 04:00:00+00:00,67955.0
2024-10-18 08:00:00+00:00,67692.7
2024-10-18 12:00:00+00:00,68710.0
2024-10-18 16:00:00+00:00,68582.3
2024-10-18 20:00:00+00:00,68407.8
2024-10-19 00:00:00+00:00,68428.4
2024-10-19 04:00:00+00:00,68328.9
2024-10-19 08:00:00+00:00,68071.6
2024-10-19 12:00:00+00:00,68206.9
2024-10-19 16:00:00+00:00,68162.5
2024-10-19 20:00:00+00:00,68357.1
2024-10-20 00:00:00+00:00,68161.1
2024-10-20 04:00:00+00:00,68347.0
2024-10-20 08:00:00+00:00,68396.3
2024-10-20 12:00:00+00:00,68605.0
2024-10-20 16:00:00+00:00,68484.9
2024-10-20 20:00:00+00:00,69020.1
2024-10-21 00:00:00+00:00,68938.0
2024-10-21 04:00:00+00:00,68519.3
2024-10-21 08:00:00+00:00,68250.9
2024-10-21 12:00:00+00:00,67354.3
2024-10-21 16:00:00+00:00,67755.4
2024-10-21 20:00:00+00:00,67368.8
2024-10-22 00:00:00+00:00,67390.3
2024-10-22 04:00:00+00:00,67387.3
2024-10-22 08:00:00+00:00,67280.6
2024-10-22 12:00:00+00:00,67266.8
2024-10-22 16:00:00+00:00,67466.8
2024-10-22 20:00:00+00:00,67406.4
2024-10-23 00:00:00+00:00,67057.8
2024-10-23 04:00:00+00:00,66838.0
2024-10-23 08:00:00+00:00,66406.1
2024-10-23 12:00:00+00:00,66201.6
2024-10-23 16:00:00+00:00,66465.2
2024-10-23 20:00:00+00:00,66647.2
2024-10-24 00:00:00+00:00,67192.7
2024-10-24 04:00:00+00:00,67104.4
2024-10-24 08:00:00+00:00,67276.3
2024-10-24 12:00:00+00:00,67672.7
2024-10-24 16:00:00+00:00,68279.7
2024-10-24 20:00:00+00:00,68173.8
2024-10-25 00:00:00+00:00,67983.1
2024-10-25 04:00:00+00:00,67503.6
2024-10-25 08:00:00+00:00,68081.6
2024-10-25 12:00:00+00:00,67660.6
2024-10-25 16:00:00+00:00,66825.8
2024-10-25 20:00:00+00:00,66662.8
2024-10-26 00:00:00+00:00,66885.7
2024-10-26 04:00:00+00:00,66982.0
2024-10-26 08:00:00+00:00,67110.1
2024-10-26 12:00:00+00:00,66864.2
2024-10-26 16:00:00+00:00,67154.5
2024-10-26 20:00:00+00:00,67071.8
2024-10-27 00:00:00+00:00,67261.8
2024-10-27 04:00:00+00:00,67174.7
2024-10-27 08:00:00+00:00,67101.1
2024-10-27 12:00:00+00:00,67759.9
2024-10-27 16:00:00+00:00,67816.8
2024-10-27 20:00:00+00:00,67992.6
2024-10-28 00:00:00+00:00,67698.1
2024-10-28 04:00:00+00:00,68395.2
2024-10-28 08:00:00+00:00,68731.1
2024-10-28 12:00:00+00:00,68459.1
2024-10-28 16:00:00+00:00,69566.1
2024-10-28 20:00:00+00:00,69940.0
2024-10-29 00:00:00+00:00,70927.5
2024-10-29 04:00:00+00:00,71004.2
2024-10-29 08:00:00+00:00,71440.1
2024-10-29 12:00:00+00:00,72374.9
2024-10-29 16:00:00+00:00,72528.6
2024-10-29 20:00:00+00:00,72739.5
2024-10-30 00:00:00+00:00,72249.9
2024-10-30 04:00:00+00:00,72244.8
2024-10-30 08:00:00+00:00,71995.0
2024-10-30 12:00:00+00:00,72058.8
2024-10-30 16:00:00+00:00,71826.1
2024-10-30 20:00:00+00:00,72349.0
2024-10-31 00:00:00+00:00,72359.9
2024-10-31 04:00:00+00:00,72417.8
2024-10-31 08:00:00+00:00,72213.3
2024-10-31 12:00:00+00:00,70638.7
2024-10-31 16:00:00+00:00,70128.1
2024-10-31 20:00:00+00:00,70321.9
2024-11-01 00:00:00+00:00,69397.7
2024-11-01 04:00:00+00:00,69301.0
2024-11-01 08:00:00+00:00,70024.8
2024-11-01 12:00:00+00:00,69381.0
2024-11-01 16:00:00+00:00,69278.6
2024-11-01 20:00:00+00:00,69495.5
2024-11-02 00:00:00+00:00,69599.9
2024-11-02 04:00:00+00:00,69813.1
2024-11-02 08:00:00+00:00,69602.5
2024-11-02 12:00:00+00:00,69394.0
2024-11-02 16:00:00+00:00,69502.6
2024-11-02 20:00:00+00:00,69366.6
2024-11-03 00:00:00+00:00,68367.5
2024-11-03 04:00:00+00:00,68395.6
2024-11-03 08:00:00+00:00,68345.4
2024-11-03 12:00:00+00:00,68076.0
2024-11-03 16:00:00+00:00,68670.0
2024-11-03 20:00:00+00:00,68762.5
2024-11-04 00:00:00+00:00,69034.0
2024-11-04 04:00:00+00:00,68601.0
2024-11-04 08:00:00+00:00,68778.0
2024-11-04 12:00:00+00:00,68614.7
2024-11-04 16:00:00+00:00,67845.7
2024-11-04 20:00:00+00:00,67834.3
2024-11-05 00:00:00+00:00,68226.3
2024-11-05 04:00:00+00:00,68876.0
2024-11-05 08:00:00+00:00,68788.4
2024-11-05 12:00:00+00:00,69615.3
2024-11-05 16:00:00+00:00,68955.9
2024-11-05 20:00:00+00:00,69353.1
2024-11-06 00:00:00+00:00,74367.1
2024-11-06 04:00:00+00:00,73435.9
2024-11-06 08:00:00+00:00,74291.6
2024-11-06 12:00:00+00:00,74289.6
2024-11-06 16:00:00+00:00,75817.9
2024-11-06 20:00:00+00:00,75579.9
2024-11-07 00:00:00+00:00,75062.9
2024-11-07 04:00:00+00:00,74800.0
2024-11-07 08:00:00+00:00,74776.9
2024-11-07 12:00:00+00:00,76081.6
2024-11-07 16:00:00+00:00,76533.3
2024-11-07 20:00:00+00:00,75859.4
2024-11-08 00:00:00+00:00,75900.4
2024-11-08 04:00:00+00:00,76171.0
2024-11-08 08:00:00+00:00,75951.9
2024-11-08 12:00:00+00:00,76423.3
2024-11-08 16:00:00+00:00,76894.4
2024-11-08 20:00:00+00:00,76482.2
2024-11-09 00:00:00+00:00,76330.0
2024-11-09 04:00:00+00:00,76523.9
2024-11-09 08:00:00+00:00,76478.6
2024-11-09 12:00:00+00:00,76305.7
2024-11-09 16:00:00+00:00,76195.2
2024-11-09 20:00:00+00:00,76675.1
2024-11-10 00:00:00+00:00,77204.0
2024-11-10 04:00:00+00:00,78858.2
2024-11-10 08:00:00+00:00,79926.7
2024-11-10 12:00:00+00:00,79735.1
2024-11-10 16:00:00+00:00,79793.4
2024-11-10 20:00:00+00:00,80410.0
2024-11-11 00:00:00+00:00,81662.4
2024-11-11 04:00:00+00:00,81147.9
2024-11-11 08:00:00+00:00,82168.7
2024-11-11 12:00:00+00:00,84114.2
2024-11-11 16:00:00+00:00,86181.0
2024-11-11 20:00:00+00:00,88728.9
2024-11-12 00:00:00+00:00,88145.1
2024-11-12 04:00:00+00:00,89095.4
2024-11-12 08:00:00+00:00,87229.5
2024-11-12 12:00:00+00:00,86659.9
2024-11-12 16:00:00+00:00,88762.8
2024-11-12 20:00:00+00:00,87972.0
2024-11-13 00:00:00+00:00,87198.2
2024-11-13 04:00:00+00:00,87402.9
2024-11-13 08:00:00+00:00,87710.7
2024-11-13 12:00:00+00:00,92608.1
2024-11-13 16:00:00+00:00,90218.8
2024-11-13 20:00:00+00:00,90413.3
2024-11-14 00:00:00+00:00,89988.0
2024-11-14 04:00:00+00:00,90818.9
2024-11-14 08:00:00+00:00,91536.7
2024-11-14 12:00:00+00:00,88000.0
2024-11-14 16:00:00+00:00,89502.7
2024-11-14 20:00:00+00:00,87382.7
2024-11-15 00:00:00+00:00,88253.1
2024-11-15 04:00:00+00:00,87693.9
2024-11-15 08:00:00+00:00,89782.9
2024-11-15 12:00:00+00:00,88485.4
2024-11-15 16:00:00+00:00,90418.4
2024-11-15 20:00:00+00:00,91074.6
2024-11-16 00:00:00+00:00,91286.8
2024-11-16 04:00:00+00:00,91173.3
2024-11-16 08:00:00+00:00,91240.1
2024-11-16 12:00:00+00:00,90578.0
2024-11-16 16:00:00+00:00,91176.9
2024-11-16 20:00:00+00:00,90643.3
2024-11-17 00:00:00+00:00,90294.9
2024-11-17 04:00:00+00:00,90600.0
2024-11-17 08:00:00+00:00,90743.4
2024-11-17 12:00:00+00:00,90305.1
2024-11-17 16:00:00+00:00,90099.5
2024-11-17 20:00:00+00:00,89899.9
2024-11-18 00:00:00+00:00,90728.6
2024-11-18 04:00:00+00:00,91795.9
2024-11-18 08:00:00+00:00,90338.7
2024-11-18 12:00:00+00:00,92407.8
2024-11-18 16:00:00+00:00,90657.8
2024-11-18 20:00:00+00:00,90507.4
2024-11-19 00:00:00+00:00,91499.9
2024-11-19 04:00:00+00:00,91696.0
2024-11-19 08:00:00+00:00,91717.6
2024-11-19 12:00:00+00:00,92453.3
2024-11-19 16:00:00+00:00,93271.4
2024-11-19 20:00:00+00:00,92335.9
2024-11-20 00:00:00+00:00,92072.1
2024-11-20 04:00:00+00:00,92856.6
2024-11-20 08:00:00+00:00,93485.1
2024-11-20 12:00:00+00:00,94737.6
2024-11-20 16:00:00+00:00,93999.9
2024-11-20 20:00:00+00:00,94288.0
2024-11-21 00:00:00+00:00,95790.2
2024-11-21 04:00:00+00:00,96950.0
2024-11-21 08:00:00+00:00,98014.0
2024-11-21 12:00:00+00:00,96684.0
2024-11-21 16:00:00+00:00,97891.5
2024-11-21 20:00:00+00:00,98366.8
2024-11-22 00:00:00+00:00,98888.9
2024-11-22 04:00:00+00:00,99252.6
2024-11-22 08:00:00+00:00,98929.9
2024-11-22 12:00:00+00:00,98696.5
2024-11-22 16:00:00+00:00,99112.6
2024-11-22 20:00:00+00:00,98921.4
2024-11-23 00:00:00+00:00,98702.6
2024-11-23 04:00:00+00:00,98600.6
2024-11-23 08:00:00+00:00,98470.8
2024-11-23 12:00:00+00:00,98426.0
2024-11-23 16:00:00+00:00,97562.4
2024-11-23 20:00:00+00:00,97725.5
2024-11-24 00:00:00+00:00,98260.8
2024-11-24 04:00:00+00:00,98490.1
2024-11-24 08:00:00+00:00,97337.6
2024-11-24 12:00:00+00:00,95986.4
2024-11-24 16:00:00+00:00,96396.8
2024-11-24 20:00:00+00:00,97960.4
2024-11-25 00:00:00+00:00,97935.9
2024-11-25 04:00:00+00:00,98112.9
2024-11-25 08:00:00+00:00,98268.0
2024-11-25 12:00:00+00:00,96040.4
2024-11-25 16:00:00+00:00,94723.6
2024-11-25 20:00:00+00:00,93064.0
2024-11-26 00:00:00+00:00,94537.8
2024-11-26 04:00:00+00:00,93842.1
2024-11-26 08:00:00+00:00,92420.0
2024-11-26 12:00:00+00:00,92877.4
2024-11-26 16:00:00+00:00,91760.0
2024-11-26 20:00:00+00:00,92021.4
2024-11-27 00:00:00+00:00,92645.3
2024-11-27 04:00:00+00:00,93651.3
2024-11-27 08:00:00+00:00,93423.8
2024-11-27 12:00:00+00:00,95610.5
2024-11-27 16:00:00+00:00,96670.0
2024-11-27 20:00:00+00:00,95905.2
2024-11-28 00:00:00+00:00,95523.1
2024-11-28 04:00:00+00:00,95371.6
2024-11-28 08:00:00+00:00,95509.9
2024-11-28 12:00:00+00:00,95067.3
2024-11-28 16:00:00+00:00,95196.3
2024-11-28 20:00:00+00:00,95694.4
2024-11-29 00:00:00+00:00,96646.4
2024-11-29 04:00:00+00:00,95690.2
2024-11-29 08:00:00+00:00,97302.2
2024-11-29 12:00:00+00:00,98076.2
2024-11-29 16:00:00+00:00,97380.0
2024-11-29 20:00:00+00:00,97516.3
2024-11-30 00:00:00+00:00,96708.1
2024-11-30 04:00:00+00:00,96843.3
2024-11-30 08:00:00+00:00,96321.3
2024-11-30 12:00:00+00:00,96707.4
2024-11-30 16:00:00+00:00,97072.5
2024-11-30 20:00:00+00:00,96475.1
2024-12-01 00:00:00+00:00,96404.0
2024-12-01 04:00:00+00:00,96525.4
2024-12-01 08:00:00+00:00,97163.7
2024-12-01 12:00:00+00:00,97081.4
2024-12-01 16:00:00+00:00,97242.0
2024-12-01 20:00:00+00:00,97265.1
2024-12-02 00:00:00+00:00,96549.8
2024-12-02 04:00:00+00:00,96053.6
2024-12-02 08:00:00+00:00,95191.3
2024-12-02 12:00:00+00:00,97106.5
2024-12-02 16:00:00+00:00,95873.9
2024-12-02 20:00:00+00:00,95890.5
2024-12-03 00:00:00+00:00,96136.8
2024-12-03 04:00:00+00:00,95608.8
2024-12-03 08:00:00+00:00,95045.8
2024-12-03 12:00:00+00:00,95743.7
2024-12-03 16:00:00+00:00,95512.7
2024-12-03 20:00:00+00:00,95913.3
2024-12-04 00:00:00+00:00,95852.0
2024-12-04 04:00:00+00:00,96652.1
2024-12-04 08:00:00+00:00,96270.0
2024-12-04 12:00:00+00:00,95813.0
2024-12-04 16:00:00+00:00,97283.4
2024-12-04 20:00:00+00:00,98669.8
2024-12-05 00:00:00+00:00,103084.8
2024-12-05 04:00:00+00:00,102292.1
2024-12-05 08:00:00+00:00,102668.2
2024-12-05 12:00:00+00:00,101350.1
2024-12-05 16:00:00+00:00,99111.6
2024-12-05 20:00:00+00:00,97001.5
2024-12-06 00:00:00+00:00,97802.7
2024-12-06 04:00:00+00:00,98209.6
2024-12-06 08:00:00+00:00,98127.4
2024-12-06 12:00:00+00:00,99358.5
2024-12-06 16:00:00+00:00,101532.6
2024-12-06 20:00:00+00:00,99802.5
2024-12-07 00:00:00+00:00,99383.0
2024-12-07 04:00:00+00:00,99442.6
2024-12-07 08:00:00+00:00,99660.4
2024-12-07 12:00:00+00:00,99811.4
2024-12-07 16:00:00+00:00,100140.6
2024-12-07 20:00:00+00:00,99899.2
2024-12-08 00:00:00+00:00,99996.7
2024-12-08 04:00:00+00:00,99741.5
2024-12-08 08:00:00+00:00,99755.3
2024-12-08 12:00:00+00:00,99975.0
2024-12-08 16:00:00+00:00,100182.3
2024-12-08 20:00:00+00:00,101200.0
2024-12-09 00:00:00+00:00,99180.0
2024-12-09 04:00:00+00:00,99637.1
2024-12-09 08:00:00+00:00,98157.4
2024-12-09 12:00:00+00:00,97856.0
2024-12-09 16:00:00+00:00,97126.8
2024-12-09 20:00:00+00:00,97349.1
2024-12-10 00:00:00+00:00,96958.0
2024-12-10 04:00:00+00:00,97217.7
2024-12-10 08:00:00+00:00,97745.8
2024-12-10 12:00:00+00:00,95687.9
2024-12-10 16:00:00+00:00,95862.9
2024-12-10 20:00:00+00:00,96602.4
2024-12-11 00:00:00+00:00,97406.8
2024-12-11 04:00:00+00:00,97337.9
2024-12-11 08:00:00+00:00,98289.7
2024-12-11 12:00:00+00:00,100352.7
2024-12-11 16:00:00+00:00,101094.1
2024-12-11 20:00:00+00:00,101115.3
2024-12-12 00:00:00+00:00,101000.0
2024-12-12 04:00:00+00:00,100481.6
2024-12-12 08:00:00+00:00,100339.8
2024-12-12 12:00:00+00:00,101775.1
2024-12-12 16:00:00+00:00,99455.1
2024-12-12 20:00:00+00:00,99982.4
2024-12-13 00:00:00+00:00,99690.6
2024-12-13 04:00:00+00:00,100100.0
2024-12-13 08:00:00+00:00,100331.3
2024-12-13 12:00:00+00:00,99831.0
2024-12-13 16:00:00+00:00,101416.0
2024-12-13 20:00:00+00:00,101371.9
2024-12-14 00:00:00+00:00,102040.7
2024-12-14 04:00:00+00:00,101787.0
2024-12-14 08:00:00+00:00,101562.7
2024-12-14 12:00:00+00:00,101601.9
2024-12-14 16:00:00+00:00,101293.0
2024-12-14 20:00:00+00:00,101381.0
2024-12-15 00:00:00+00:00,101700.1
2024-12-15 04:00:00+00:00,101671.9
2024-12-15 08:00:00+00:00,102623.1
2024-12-15 12:00:00+00:00,102668.5
2024-12-15 16:00:00+00:00,103227.7
2024-12-15 20:00:00+00:00,104460.4
2024-12-16 00:00:00+00:00,104560.0
2024-12-16 04:00:00+00:00,104949.9
2024-12-16 08:00:00+00:00,103717.8
2024-12-16 12:00:00+00:00,106281.2
2024-12-16 16:00:00+00:00,106546.0
2024-12-16 20:00:00+00:00,106023.2
2024-12-17 00:00:00+00:00,106824.4
2024-12-17 04:00:00+00:00,106784.0
2024-12-17 08:00:00+00:00,106777.2
2024-12-17 12:00:00+00:00,106429.9
2024-12-17 16:00:00+00:00,106450.5
2024-12-17 20:00:00+00:00,106074.6
2024-12-18 00:00:00+00:00,104716.8
2024-12-18 04:00:00+00:00,104200.1
2024-12-18 08:00:00+00:00,104978.6
2024-12-18 12:00:00+00:00,104395.1
2024-12-18 16:00:00+00:00,102782.1
2024-12-18 20:00:00+00:00,100181.1
2024-12-19 00:00:00+00:00,101163.3
2024-12-19 04:00:00+00:00,101615.2
2024-12-19 08:00:00+00:00,102419.9
2024-12-19 12:00:00+00:00,100631.1
2024-12-19 16:00:00+00:00,97172.1
2024-12-19 20:00:00+00:00,97434.4
2024-12-20 00:00:00+00:00,97083.2
2024-12-20 04:00:00+00:00,97826.1
2024-12-20 08:00:00+00:00,92715.1
2024-12-20 12:00:00+00:00,96961.3
2024-12-20 16:00:00+00:00,97079.6
2024-12-20 20:00:00+00:00,97764.4
2024-12-21 00:00:00+00:00,97444.9
2024-12-21 04:00:00+00:00,98988.1
2024-12-21 08:00:00+00:00,98225.3
2024-12-21 12:00:00+00:00,97486.5
2024-12-21 16:00:00+00:00,97242.2
2024-12-21 20:00:00+00:00,97261.8
2024-12-22 00:00:00+00:00,96965.1
2024-12-22 04:00:00+00:00,96192.1
2024-12-22 08:00:00+00:00,97054.8
2024-12-22 12:00:00+00:00,95341.0
2024-12-22 16:00:00+00:00,94795.4
2024-12-22 20:00:00+00:00,95153.5
2024-12-23 00:00:00+00:00,95989.9
2024-12-23 04:00:00+00:00,95360.5
2024-12-23 08:00:00+00:00,95899.4
2024-12-23 12:00:00+00:00,93217.6
2024-12-23 16:00:00+00:00,92997.7
2024-12-23 20:00:00+00:00,94861.1
2024-12-24 00:00:00+00:00,94330.1
2024-12-24 04:00:00+00:00,94200.0
2024-12-24 08:00:00+00:00,94369.0
2024-12-24 12:00:00+00:00,98243.5
2024-12-24 16:00:00+00:00,97558.5
2024-12-24 20:00:00+00:00,98627.2
2024-12-25 00:00:00+00:00,98000.0
2024-12-25 04:00:00+00:00,98049.7
2024-12-25 08:00:00+00:00,97889.3
2024-12-25 12:00:00+00:00,98493.3
2024-12-25 16:00:00+00:00,98981.3
2024-12-25 20:00:00+00:00,99379.7
2024-12-26 00:00:00+00:00,98957.7
2024-12-26 04:00:00+00:00,97669.6
2024-12-26 08:00:00+00:00,95662.7
2024-12-26 12:00:00+00:00,95993.5
2024-12-26 16:00:00+00:00,96064.8
2024-12-26 20:00:00+00:00,95751.0
2024-12-27 00:00:00+00:00,96377.8
2024-12-27 04:00:00+00:00,95074.4
2024-12-27 08:00:00+00:00,96900.3
2024-12-27 12:00:00+00:00,94539.9
2024-12-27 16:00:00+00:00,94720.3
2024-12-27 20:00:00+00:00,94258.9
2024-12-28 00:00:00+00:00,94550.6
2024-12-28 04:00:00+00:00,94334.7
2024-12-28 08:00:00+00:00,94711.3
2024-12-28 12:00:00+00:00,94407.7
2024-12-28 16:00:00+00:00,94993.8
2024-12-28 20:00:00+00:00,95259.1
2024-12-29 00:00:00+00:00,95135.3
2024-12-29 04:00:00+00:00,95233.2
2024-12-29 08:00:00+00:00,94986.1
2024-12-29 12:00:00+00:00,94468.4
2024-12-29 16:00:00+00:00,93559.6
2024-12-29 20:00:00+00:00,93700.0
2024-12-30 00:00:00+00:00,93681.1
2024-12-30 04:00:00+00:00,93688.9
2024-12-30 08:00:00+00:00,93900.1
2024-12-30 12:00:00+00:00,92081.5
2024-12-30 16:00:00+00:00,94400.0
2024-12-30 20:00:00+00:00,92759.3
2024-12-31 00:00:00+00:00,92481.5
2024-12-31 04:00:00+00:00,92819.6
2024-12-31 08:00:00+00:00,94202.5
2024-12-31 12:00:00+00:00,95389.4
2024-12-31 16:00:00+00:00,94155.8
2024-12-31 20:00:00+00:00,93548.9
2025-01-01 00:00:00+00:00,93810.0
2025-01-01 04:00:00+00:00,93660.7
2025-01-01 08:00:00+00:00,93420.1
2025-01-01 12:00:00+00:00,94409.9
2025-01-01 16:00:00+00:00,94612.1
2025-01-01 20:00:00+00:00,94580.9
2025-01-02 00:00:00+00:00,95000.0
2025-01-02 04:00:00+00:00,95815.3
2025-01-02 08:00:00+00:00,96715.4
2025-01-02 12:00:00+00:00,96428.5
2025-01-02 16:00:00+00:00,97292.7
2025-01-02 20:00:00+00:00,96967.5
2025-01-03 00:00:00+00:00,97019.1
2025-01-03 04:00:00+00:00,96275.0
2025-01-03 08:00:00+00:00,96710.5
2025-01-03 12:00:00+00:00,97479.5
2025-01-03 16:00:00+00:00,98545.5
2025-01-03 20:00:00+00:00,98145.7
2025-01-04 00:00:00+00:00,98149.4
2025-01-04 04:00:00+00:00,98244.2
2025-01-04 08:00:00+00:00,97831.8
2025-01-04 12:00:00+00:00,97623.6
2025-01-04 16:00:00+00:00,98120.3
2025-01-04 20:00:00+00:00,98173.2
2025-01-05 00:00:00+00:00,98160.1
2025-01-05 04:00:00+00:00,98225.3
2025-01-05 08:00:00+00:00,97609.5
2025-01-05 12:00:00+00:00,97986.6
2025-01-05 16:00:00+00:00,98050.0
2025-01-05 20:00:00+00:00,98340.2
2025-01-06 00:00:00+00:00,99005.0
2025-01-06 04:00:00+00:00,99280.0
2025-01-06 08:00:00+00:00,99219.3
2025-01-06 12:00:00+00:00,102104.5
2025-01-06 16:00:00+00:00,101771.7
2025-01-06 20:00:00+00:00,102180.4
2025-01-07 00:00:00+00:00,101661.3
2025-01-07 04:00:00+00:00,101649.3
2025-01-07 08:00:00+00:00,100787.0
2025-01-07 12:00:00+00:00,97915.3
2025-01-07 16:00:00+00:00,96433.3
2025-01-07 20:00:00+00:00,96920.3
2025-01-08 00:00:00+00:00,96504.1
2025-01-08 04:00:00+00:00,95628.4
2025-01-08 08:00:00+00:00,95093.9
2025-01-08 12:00:00+00:00,95450.0
2025-01-08 16:00:00+00:00,94217.2
2025-01-08 20:00:00+00:00,95014.1
2025-01-09 00:00:00+00:00,93985.0
2025-01-09 04:00:00+00:00,93176.4
2025-01-09 08:00:00+00:00,93414.4
2025-01-09 12:00:00+00:00,94195.2
2025-01-09 16:00:00+00:00,91858.3
2025-01-09 20:00:00+00:00,92505.9
2025-01-10 00:00:00+00:00,93654.9
2025-01-10 04:00:00+00:00,94457.0
2025-01-10 08:00:00+00:00,95030.5
2025-01-10 12:00:00+00:00,93704.0
2025-01-10 16:00:00+00:00,95275.9
2025-01-10 20:00:00+00:00,94675.5
2025-01-11 00:00:00+00:00,94168.3
2025-01-11 04:00:00+00:00,94210.3
2025-01-11 08:00:00+00:00,94570.4
2025-01-11 12:00:00+00:00,94365.8
2025-01-11 16:00:00+00:00,94206.5
2025-01-11 20:00:00+00:00,94562.5
2025-01-12 00:00:00+00:00,94586.0
2025-01-12 04:00:00+00:00,94291.3
2025-01-12 08:00:00+00:00,94209.0
2025-01-12 12:00:00+00:00,95035.6
2025-01-12 16:00:00+00:00,94625.1
2025-01-12 20:00:00+00:00,94499.9
2025-01-13 00:00:00+00:00,94215.4
2025-01-13 04:00:00+00:00,93557.9
2025-01-13 08:00:00+00:00,90827.5
2025-01-13 12:00:00+00:00,92093.6
2025-01-13 16:00:00+00:00,92274.8
2025-01-13 20:00:00+00:00,94485.3
2025-01-14 00:00:00+00:00,94821.2
2025-01-14 04:00:00+00:00,94823.3
2025-01-14 08:00:00+00:00,96508.4
2025-01-14 12:00:00+00:00,96416.7
2025-01-14 16:00:00+00:00,96496.5
2025-01-14 20:00:00+00:00,96514.9
2025-01-15 00:00:00+00:00,97288.7
2025-01-15 04:00:00+00:00,97253.7
2025-01-15 08:00:00+00:00,96725.4
2025-01-15 12:00:00+00:00,98943.4
2025-01-15 16:00:00+00:00,99807.4
2025-01-15 20:00:00+00:00,100460.0
2025-01-16 00:00:00+00:00,99438.8
2025-01-16 04:00:00+00:00,99756.5
2025-01-16 08:00:00+00:00,99107.1
2025-01-16 12:00:00+00:00,99258.3
2025-01-16 16:00:00+00:00,100382.0
2025-01-16 20:00:00+00:00,99937.4
2025-01-17 00:00:00+00:00,101005.1
2025-01-17 04:00:00+00:00,101406.9
2025-01-17 08:00:00+00:00,102181.6
2025-01-17 12:00:00+00:00,103946.2
2025-01-17 16:00:00+00:00,105770.9
2025-01-17 20:00:00+00:00,104042.5
2025-01-18 00:00:00+00:00,103531.1
2025-01-18 04:00:00+00:00,102781.0
2025-01-18 08:00:00+00:00,103547.0
2025-01-18 12:00:00+00:00,104517.1
2025-01-18 16:00:00+00:00,104349.9
2025-01-18 20:00:00+00:00,104524.3
2025-01-19 00:00:00+00:00,104958.3
2025-01-19 04:00:00+00:00,105151.8
2025-01-19 08:00:00+00:00,104353.8
2025-01-19 12:00:00+00:00,104936.0
2025-01-19 16:00:00+00:00,106247.9
2025-01-19 20:00:00+00:00,101311.5
2025-01-20 00:00:00+00:00,101874.5
2025-01-20 04:00:00+00:00,107178.8
2025-01-20 08:00:00+00:00,108267.5
2025-01-20 12:00:00+00:00,105008.7
2025-01-20 16:00:00+00:00,103674.2
2025-01-20 20:00:00+00:00,102247.6
2025-01-21 00:00:00+00:00,102922.7
2025-01-21 04:00:00+00:00,101980.7
2025-01-21 08:00:00+00:00,103725.0
2025-01-21 12:00:00+00:00,103929.1
2025-01-21 16:00:00+00:00,106989.9
2025-01-21 20:00:00+00:00,106114.5
2025-01-22 00:00:00+00:00,105588.2
2025-01-22 04:00:00+00:00,105063.8
2025-01-22 08:00:00+00:00,105083.9
2025-01-22 12:00:00+00:00,104138.0
2025-01-22 16:00:00+00:00,104600.0
2025-01-22 20:00:00+00:00,103664.9
2025-01-23 00:00:00+00:00,102417.0
2025-01-23 04:00:00+00:00,102668.4
2025-01-23 08:00:00+00:00,101909.2
2025-01-23 12:00:00+00:00,105235.2
2025-01-23 16:00:00+00:00,103713.7
2025-01-23 20:00:00+00:00,103864.1
2025-01-24 00:00:00+00:00,103842.6
2025-01-24 04:00:00+00:00,104999.9
2025-01-24 08:00:00+00:00,105374.0
2025-01-24 12:00:00+00:00,105821.8
2025-01-24 16:00:00+00:00,105726.7
2025-01-24 20:00:00+00:00,104808.1
2025-01-25 00:00:00+00:00,105153.9
2025-01-25 04:00:00+00:00,104349.3
2025-01-25 08:00:00+00:00,104626.8
2025-01-25 12:00:00+00:00,104852.1
2025-01-25 16:00:00+00:00,105005.6
2025-01-25 20:00:00+00:00,104702.0
2025-01-26 00:00:00+00:00,105036.5
2025-01-26 04:00:00+00:00,104963.7
2025-01-26 08:00:00+00:00,104775.6
2025-01-26 12:00:00+00:00,104919.9
2025-01-26 16:00:00+00:00,105050.1
2025-01-26 20:00:00+00:00,102560.1
2025-01-27 00:00:00+00:00,101349.2
2025-01-27 04:00:00+00:00,98996.3
2025-01-27 08:00:00+00:00,98700.0
2025-01-27 12:00:00+00:00,101070.8
2025-01-27 16:00:00+00:00,99660.4
2025-01-27 20:00:00+00:00,102021.3
2025-01-28 00:00:00+00:00,102582.7
2025-01-28 04:00:00+00:00,102753.8
2025-01-28 08:00:00+00:00,102717.9
2025-01-28 12:00:00+00:00,102730.6
2025-01-28 16:00:00+00:00,102368.7
2025-01-28 20:00:00+00:00,101279.6
2025-01-29 00:00:00+00:00,101994.0
2025-01-29 04:00:00+00:00,102723.2
2025-01-29 08:00:00+00:00,102594.7
2025-01-29 12:00:00+00:00,101934.2
2025-01-29 16:00:00+00:00,103550.5
2025-01-29 20:00:00+00:00,103698.2
2025-01-30 00:00:00+00:00,105155.7
2025-01-30 04:00:00+00:00,105085.1
2025-01-30 08:00:00+00:00,105251.9
2025-01-30 12:00:00+00:00,105519.4
2025-01-30 16:00:00+00:00,105659.8
2025-01-30 20:00:00+00:00,104676.9
2025-01-31 00:00:00+00:00,104286.7
2025-01-31 04:00:00+00:00,104160.1
2025-01-31 08:00:00+00:00,104691.9
2025-01-31 12:00:00+00:00,105407.0
2025-01-31 16:00:00+00:00,102275.8
2025-01-31 20:00:00+00:00,102379.7
2025-02-01 00:00:00+00:00,102203.9
2025-02-01 04:00:00+00:00,102127.0
2025-02-01 08:00:00+00:00,101980.1
2025-02-01 12:00:00+00:00,102031.5
2025-02-01 16:00:00+00:00,101620.1
2025-02-01 20:00:00+00:00,100603.6
2025-02-02 00:00:00+00:00,99160.8
2025-02-02 04:00:00+00:00,99586.2
2025-02-02 08:00:00+00:00,98811.6
2025-02-02 12:00:00+00:00,99298.6
2025-02-02 16:00:00+00:00,98232.0
2025-02-02 20:00:00+00:00,97664.5
2025-02-03 00:00:00+00:00,94001.6
2025-02-03 04:00:00+00:00,95271.1
2025-02-03 08:00:00+00:00,95070.8
2025-02-03 12:00:00+00:00,98802.7
2025-02-03 16:00:00+00:00,101831.9
2025-02-03 20:00:00+00:00,101293.7
2025-02-04 00:00:00+00:00,100597.1
2025-02-04 04:00:00+00:00,98405.1
2025-02-04 08:00:00+00:00,98924.0
2025-02-04 12:00:00+00:00,99310.6
2025-02-04 16:00:00+00:00,98811.8
2025-02-04 20:00:00+00:00,97709.9
2025-02-05 00:00:00+00:00,97989.5
2025-02-05 04:00:00+00:00,97814.9
2025-02-05 08:00:00+00:00,98161.7
2025-02-05 12:00:00+00:00,98063.3
2025-02-05 16:00:00+00:00,97327.1
2025-02-05 20:00:00+00:00,96553.2
2025-02-06 00:00:00+00:00,97305.6
2025-02-06 04:00:00+00:00,98164.9
2025-02-06 08:00:00+00:00,98826.3
2025-02-06 12:00:00+00:00,97285.6
2025-02-06 16:00:00+00:00,95946.1
2025-02-06 20:00:00+00:00,96515.1
2025-02-07 00:00:00+00:00,97410.2
2025-02-07 04:00:00+00:00,96705.1
2025-02-07 08:00:00+00:00,97703.8
2025-02-07 12:00:00+00:00,98257.1
2025-02-07 16:00:00+00:00,96840.1
2025-02-07 20:00:00+00:00,96454.5
2025-02-08 00:00:00+00:00,96660.0
2025-02-08 04:00:00+00:00,96153.4
2025-02-08 08:00:00+00:00,96074.1
2025-02-08 12:00:00+00:00,95798.0
2025-02-08 16:00:00+00:00,96550.0
2025-02-08 20:00:00+00:00,96411.9
2025-02-09 00:00:00+00:00,97278.4
2025-02-09 04:00:00+00:00,97020.0
2025-02-09 08:00:00+00:00,96511.2
2025-02-09 12:00:00+00:00,96438.0
2025-02-09 16:00:00+00:00,96011.4
2025-02-09 20:00:00+00:00,96423.6
2025-02-10 00:00:00+00:00,96770.0
2025-02-10 04:00:00+00:00,97386.3
2025-02-10 08:00:00+00:00,97627.2
2025-02-10 12:00:00+00:00,97187.7
2025-02-10 16:00:00+00:00,97343.6
2025-02-10 20:00:00+00:00,97379.2
2025-02-11 00:00:00+00:00,97565.5
2025-02-11 04:00:00+00:00,98231.1
2025-02-11 08:00:00+00:00,98100.0
2025-02-11 12:00:00+00:00,96963.3
2025-02-11 16:00:00+00:00,94988.0
2025-02-11 20:00:00+00:00,95731.4
2025-02-12 00:00:00+00:00,95251.4
2025-02-12 04:00:00+00:00,96025.8
2025-02-12 08:00:00+00:00,96062.4
2025-02-12 12:00:00+00:00,95762.1
2025-02-12 16:00:00+00:00,97156.6
2025-02-12 20:00:00+00:00,97816.3
2025-02-13 00:00:00+00:00,97463.4
2025-02-13 04:00:00+00:00,96018.5
2025-02-13 08:00:00+00:00,95883.6
2025-02-13 12:00:00+00:00,95943.5
2025-02-13 16:00:00+00:00,95587.8
2025-02-13 20:00:00+00:00,96560.6
2025-02-14 00:00:00+00:00,97094.9
2025-02-14 04:00:00+00:00,96889.9
2025-02-14 08:00:00+00:00,96844.6
2025-02-14 12:00:00+00:00,96886.5
2025-02-14 16:00:00+00:00,97898.3
2025-02-14 20:00:00+00:00,97445.1
2025-02-15 00:00:00+00:00,97619.4
2025-02-15 04:00:00+00:00,97312.4
2025-02-15 08:00:00+00:00,97569.4
2025-02-15 12:00:00+00:00,97594.5
2025-02-15 16:00:00+00:00,97496.9
2025-02-15 20:00:00+00:00,97538.0
2025-02-16 00:00:00+00:00,97504.9
2025-02-16 04:00:00+00:00,97207.4
2025-02-16 08:00:00+00:00,97293.1
2025-02-16 12:00:00+00:00,96849.9
2025-02-16 16:00:00+00:00,97021.5
2025-02-16 20:00:00+00:00,96067.0
2025-02-17 00:00:00+00:00,96171.5
2025-02-17 04:00:00+00:00,96023.8
2025-02-17 08:00:00+00:00,96018.2
2025-02-17 12:00:00+00:00,95605.5
2025-02-17 16:00:00+00:00,95490.8
2025-02-17 20:00:00+00:00,95743.2
2025-02-18 00:00:00+00:00,96163.1
2025-02-18 04:00:00+00:00,95409.9
2025-02-18 08:00:00+00:00,95606.1
2025-02-18 12:00:00+00:00,95501.6
2025-02-18 16:00:00+00:00,94062.1
2025-02-18 20:00:00+00:00,95622.0
2025-02-19 00:00:00+00:00,95672.1
2025-02-19 04:00:00+00:00,95640.4
2025-02-19 08:00:00+00:00,96392.0
2025-02-19 12:00:00+00:00,95895.4
2025-02-19 16:00:00+00:00,96159.9
2025-02-19 20:00:00+00:00,96598.0
2025-02-20 00:00:00+00:00,97017.4
2025-02-20 04:00:00+00:00,96825.8
2025-02-20 08:00:00+00:00,97164.6
2025-02-20 12:00:00+00:00,96870.5
2025-02-20 16:00:00+00:00,98370.0
2025-02-20 20:00:00+00:00,98252.9
2025-02-21 00:00:00+00:00,98106.1
2025-02-21 04:00:00+00:00,98130.0
2025-02-21 08:00:00+00:00,98579.7
2025-02-21 12:00:00+00:00,98057.6
2025-02-21 16:00:00+00:00,95247.5
2025-02-21 20:00:00+00:00,96127.9
2025-02-22 00:00:00+00:00,96249.9
2025-02-22 04:00:00+00:00,96241.7
2025-02-22 08:00:00+00:00,96526.4
2025-02-22 12:00:00+00:00,96552.4
2025-02-22 16:00:00+00:00,96596.6
2025-02-22 20:00:00+00:00,96503.3
2025-02-23 00:00:00+00:00,96373.7
2025-02-23 04:00:00+00:00,96454.6
2025-02-23 08:00:00+00:00,96064.3
2025-02-23 12:00:00+00:00,95391.5
2025-02-23 16:00:00+00:00,95706.5
2025-02-23 20:00:00+00:00,96218.4
2025-02-24 00:00:00+00:00,95388.1
2025-02-24 04:00:00+00:00,95834.2
2025-02-24 08:00:00+00:00,95774.8
2025-02-24 12:00:00+00:00,94295.9
2025-02-24 16:00:00+00:00,93916.1
2025-02-24 20:00:00+00:00,91514.5
2025-02-25 00:00:00+00:00,92125.3
2025-02-25 04:00:00+00:00,89262.9
2025-02-25 08:00:00+00:00,89186.8
2025-02-25 12:00:00+00:00,87206.9
2025-02-25 16:00:00+00:00,87914.3
2025-02-25 20:00:00+00:00,88639.1
2025-02-26 00:00:00+00:00,88851.8
2025-02-26 04:00:00+00:00,88682.3
2025-02-26 08:00:00+00:00,88570.0
2025-02-26 12:00:00+00:00,87536.4
2025-02-26 16:00:00+00:00,83832.0
2025-02-26 20:00:00+00:00,84208.5
2025-02-27 00:00:00+00:00,85174.0
2025-02-27 04:00:00+00:00,86227.9
2025-02-27 08:00:00+00:00,86655.3
2025-02-27 12:00:00+00:00,85473.0
2025-02-27 16:00:00+00:00,84084.0
2025-02-27 20:00:00+00:00,84668.1
2025-02-28 00:00:00+00:00,80429.2
2025-02-28 04:00:00+00:00,79159.9
2025-02-28 08:00:00+00:00,80474.3
2025-02-28 12:00:00+00:00,83948.1
2025-02-28 16:00:00+00:00,84393.3
2025-02-28 20:00:00+00:00,84299.6
2025-03-01 00:00:00+00:00,85279.3
2025-03-01 04:00:00+00:00,84707.3
2025-03-01 08:00:00+00:00,84593.6
2025-03-01 12:00:00+00:00,84755.1
2025-03-01 16:00:00+00:00,85431.2
2025-03-01 20:00:00+00:00,86007.7
2025-03-02 00:00:00+00:00,85811.9
2025-03-02 04:00:00+00:00,86191.4
2025-03-02 08:00:00+00:00,86047.0
2025-03-02 12:00:00+00:00,87390.1
2025-03-02 16:00:00+00:00,93467.3
2025-03-02 20:00:00+00:00,94222.8
2025-03-03 00:00:00+00:00,92660.0
2025-03-03 04:00:00+00:00,92318.0
2025-03-03 08:00:00+00:00,92700.0
2025-03-03 12:00:00+00:00,90009.5
2025-03-03 16:00:00+00:00,85552.0
2025-03-03 20:00:00+00:00,86192.7
2025-03-04 00:00:00+00:00,83929.0
2025-03-04 04:00:00+00:00,83159.4
2025-03-04 08:00:00+00:00,83890.1
2025-03-04 12:00:00+00:00,82945.0
2025-03-04 16:00:00+00:00,88165.3
2025-03-04 20:00:00+00:00,87245.9
2025-03-05 00:00:00+00:00,86813.6
2025-03-05 04:00:00+00:00,87573.9
2025-03-05 08:00:00+00:00,89777.6
2025-03-05 12:00:00+00:00,88312.6
2025-03-05 16:00:00+00:00,89711.2
2025-03-05 20:00:00+00:00,90566.1
2025-03-06 00:00:00+00:00,91563.2
2025-03-06 04:00:00+00:00,91311.3
2025-03-06 08:00:00+00:00,91319.2
2025-03-06 12:00:00+00:00,90777.9
2025-03-06 16:00:00+00:00,88488.5
2025-03-06 20:00:00+00:00,89887.8
2025-03-07 00:00:00+00:00,86958.5
2025-03-07 04:00:00+00:00,88308.8
2025-03-07 08:00:00+00:00,88928.8
2025-03-07 12:00:00+00:00,88424.9
2025-03-07 16:00:00+00:00,87787.2
2025-03-07 20:00:00+00:00,86753.8
2025-03-08 00:00:00+00:00,85880.0
2025-03-08 04:00:00+00:00,86159.2
2025-03-08 08:00:00+00:00,85923.9
2025-03-08 12:00:00+00:00,86360.0
2025-03-08 16:00:00+00:00,86190.5
2025-03-08 20:00:00+00:00,86184.7
2025-03-09 00:00:00+00:00,86077.1
2025-03-09 04:00:00+00:00,85968.9
2025-03-09 08:00:00+00:00,84990.1
2025-03-09 12:00:00+00:00,83030.5
2025-03-09 16:00:00+00:00,82604.9
2025-03-09 20:00:00+00:00,80688.8
2025-03-10 00:00:00+00:00,82000.1
2025-03-10 04:00:00+00:00,82277.6
2025-03-10 08:00:00+00:00,83540.2
2025-03-10 12:00:00+00:00,80009.7
2025-03-10 16:00:00+00:00,79037.1
2025-03-10 20:00:00+00:00,78567.8
2025-03-11 00:00:00+00:00,79486.6
2025-03-11 04:00:00+00:00,80386.0
2025-03-11 08:00:00+00:00,81684.6
2025-03-11 12:00:00+00:00,81190.7
2025-03-11 16:00:00+00:00,83060.1
2025-03-11 20:00:00+00:00,82896.0
2025-03-12 00:00:00+00:00,82098.2
2025-03-12 04:00:00+00:00,82402.9
2025-03-12 08:00:00+00:00,82972.0
2025-03-12 12:00:00+00:00,81688.1
2025-03-12 16:00:00+00:00,82877.3
2025-03-12 20:00:00+00:00,83640.7
2025-03-13 00:00:00+00:00,83537.1
2025-03-13 04:00:00+00:00,83118.5
2025-03-13 08:00:00+00:00,82939.5
2025-03-13 12:00:00+00:00,81016.0
2025-03-13 16:00:00+00:00,80177.9
2025-03-13 20:00:00+00:00,81085.4
2025-03-14 00:00:00+00:00,81861.5
2025-03-14 04:00:00+00:00,82124.5
2025-03-14 08:00:00+00:00,83202.8
2025-03-14 12:00:00+00:00,84692.2
2025-03-14 16:00:00+00:00,84508.1
2025-03-14 20:00:00+00:00,83939.8
2025-03-15 00:00:00+00:00,84439.9
2025-03-15 04:00:00+00:00,83797.0
2025-03-15 08:00:00+00:00,84054.8
2025-03-15 12:00:00+00:00,84295.8
2025-03-15 16:00:00+00:00,84261.2
2025-03-15 20:00:00+00:00,84302.9
2025-03-16 00:00:00+00:00,84295.9
2025-03-16 04:00:00+00:00,84242.0
2025-03-16 08:00:00+00:00,82367.9
2025-03-16 12:00:00+00:00,83280.0
2025-03-16 16:00:00+00:00,83064.3
2025-03-16 20:00:00+00:00,82541.6
2025-03-17 00:00:00+00:00,83641.0
2025-03-17 04:00:00+00:00,83525.2
2025-03-17 08:00:00+00:00,83475.0
2025-03-17 12:00:00+00:00,83499.0
2025-03-17 16:00:00+00:00,84436.2
2025-03-17 20:00:00+00:00,83962.9
2025-03-18 00:00:00+00:00,83107.6
2025-03-18 04:00:00+00:00,83124.8
2025-03-18 08:00:00+00:00,82550.0
2025-03-18 12:00:00+00:00,81567.8
2025-03-18 16:00:00+00:00,82273.4
2025-03-18 20:00:00+00:00,82666.1
2025-03-19 00:00:00+00:00,83008.4
2025-03-19 04:00:00+00:00,83152.5
2025-03-19 08:00:00+00:00,83848.4
2025-03-19 12:00:00+00:00,84693.3
2025-03-19 16:00:00+00:00,85382.5
2025-03-19 20:00:00+00:00,86809.8
2025-03-20 00:00:00+00:00,85849.5
2025-03-20 04:00:00+00:00,85764.7
2025-03-20 08:00:00+00:00,85462.2
2025-03-20 12:00:00+00:00,84642.1
2025-03-20 16:00:00+00:00,84129.3
2025-03-20 20:00:00+00:00,84183.6
2025-03-21 00:00:00+00:00,84409.9
2025-03-21 04:00:00+00:00,83889.6
2025-03-21 08:00:00+00:00,84006.0
2025-03-21 12:00:00+00:00,83525.9
2025-03-21 16:00:00+00:00,83925.0
2025-03-21 20:00:00+00:00,84050.3
2025-03-22 00:00:00+00:00,84214.1
2025-03-22 04:00:00+00:00,84235.4
2025-03-22 08:00:00+00:00,84190.8
2025-03-22 12:00:00+00:00,84073.5
2025-03-22 16:00:00+00:00,84134.6
2025-03-22 20:00:00+00:00,83804.9
2025-03-23 00:00:00+00:00,84195.1
2025-03-23 04:00:00+00:00,84229.9
2025-03-23 08:00:00+00:00,84651.5
2025-03-23 12:00:00+00:00,85148.0
2025-03-23 16:00:00+00:00,84966.7
2025-03-23 20:00:00+00:00,86044.2
2025-03-24 00:00:00+00:00,86502.6
2025-03-24 04:00:00+00:00,86827.6
2025-03-24 08:00:00+00:00,87643.5
2025-03-24 12:00:00+00:00,88283.6
2025-03-24 16:00:00+00:00,88162.3
2025-03-24 20:00:00+00:00,87463.4
2025-03-25 00:00:00+00:00,86477.4
2025-03-25 04:00:00+00:00,86404.4
2025-03-25 08:00:00+00:00,87323.3
2025-03-25 12:00:00+00:00,87723.0
2025-03-25 16:00:00+00:00,88051.4
2025-03-25 20:00:00+00:00,87369.8
2025-03-26 00:00:00+00:00,87120.6
2025-03-26 04:00:00+00:00,88106.7
2025-03-26 08:00:00+00:00,87914.9
2025-03-26 12:00:00+00:00,86696.9
2025-03-26 16:00:00+00:00,86525.3
2025-03-26 20:00:00+00:00,86873.8
2025-03-27 00:00:00+00:00,87631.1
2025-03-27 04:00:00+00:00,87363.2
2025-03-27 08:00:00+00:00,86900.7
2025-03-27 12:00:00+00:00,86931.2
2025-03-27 16:00:00+00:00,87025.8
2025-03-27 20:00:00+00:00,87191.2
2025-03-28 00:00:00+00:00,86746.8
2025-03-28 04:00:00+00:00,85175.1
2025-03-28 08:00:00+00:00,85214.0
2025-03-28 12:00:00+00:00,84011.1
2025-03-28 16:00:00+00:00,83760.7
2025-03-28 20:00:00+00:00,84380.8
2025-03-29 00:00:00+00:00,84125.7
2025-03-29 04:00:00+00:00,83696.0
2025-03-29 08:00:00+00:00,82255.1
2025-03-29 12:00:00+00:00,82377.3
2025-03-29 16:00:00+00:00,82722.9
2025-03-29 20:00:00+00:00,82604.7
2025-03-30 00:00:00+00:00,83042.8
2025-03-30 04:00:00+00:00,83037.4
2025-03-30 08:00:00+00:00,83080.0
2025-03-30 12:00:00+00:00,82699.9
2025-03-30 16:00:00+00:00,82510.6
2025-03-30 20:00:00+00:00,82352.8
2025-03-31 00:00:00+00:00,81491.5
2025-03-31 04:00:00+00:00,81895.2
2025-03-31 08:00:00+00:00,82171.5
2025-03-31 12:00:00+00:00,83373.4
2025-03-31 16:00:00+00:00,82426.7
2025-03-31 20:00:00+00:00,82517.5
2025-04-01 00:00:00+00:00,82929.9
2025-04-01 04:00:00+00:00,83415.2
2025-04-01 08:00:00+00:00,83879.9
2025-04-01 12:00:00+00:00,85245.4
2025-04-01 16:00:00+00:00,84911.7
2025-04-01 20:00:00+00:00,85120.9
2025-04-02 00:00:00+00:00,84509.5
2025-04-02 04:00:00+00:00,84389.8
2025-04-02 08:00:00+00:00,84528.4
2025-04-02 12:00:00+00:00,86709.5
2025-04-02 16:00:00+00:00,86854.2
2025-04-02 20:00:00+00:00,82485.1
2025-04-03 00:00:00+00:00,83449.0
2025-04-03 04:00:00+00:00,83423.7
2025-04-03 08:00:00+00:00,83058.1
2025-04-03 12:00:00+00:00,82001.8
2025-04-03 16:00:00+00:00,81977.4
2025-04-03 20:00:00+00:00,83181.5
2025-04-04 00:00:00+00:00,82787.9
2025-04-04 04:00:00+00:00,83968.2
2025-04-04 08:00:00+00:00,82633.7
2025-04-04 12:00:00+00:00,82822.0
2025-04-04 16:00:00+00:00,83971.9
2025-04-04 20:00:00+00:00,83861.3
2025-04-05 00:00:00+00:00,83585.7
2025-04-05 04:00:00+00:00,83490.0
2025-04-05 08:00:00+00:00,83428.4
2025-04-05 12:00:00+00:00,82576.4
2025-04-05 16:00:00+00:00,82818.7
2025-04-05 20:00:00+00:00,83506.1
2025-04-06 00:00:00+00:00,83301.7
2025-04-06 04:00:00+00:00,82990.9
2025-04-06 08:00:00+00:00,82810.1
2025-04-06 12:00:00+00:00,82497.4
2025-04-06 16:00:00+00:00,79572.6
2025-04-06 20:00:00+00:00,78390.0
2025-04-07 00:00:00+00:00,77669.6
2025-04-07 04:00:00+00:00,75084.1
2025-04-07 08:00:00+00:00,76655.9
2025-04-07 12:00:00+00:00,78444.6
2025-04-07 16:00:00+00:00,78086.3
2025-04-07 20:00:00+00:00,79140.0
2025-04-08 00:00:00+00:00,79869.2
2025-04-08 04:00:00+00:00,79448.6
2025-04-08 08:00:00+00:00,79949.7
2025-04-08 12:00:00+00:00,78460.0
2025-04-08 16:00:00+00:00,76830.0
2025-04-08 20:00:00+00:00,76297.9
2025-04-09 00:00:00+00:00,75040.0
2025-04-09 04:00:00+00:00,77651.4
2025-04-09 08:00:00+00:00,76204.1
2025-04-09 12:00:00+00:00,77237.6
2025-04-09 16:00:00+00:00,82291.4
2025-04-09 20:00:00+00:00,82588.0
2025-04-10 00:00:00+00:00,81731.8
2025-04-10 04:00:00+00:00,81561.6
2025-04-10 08:00:00+00:00,81839.2
2025-04-10 12:00:00+00:00,78731.7
2025-04-10 16:00:00+00:00,79611.1
2025-04-10 20:00:00+00:00,79560.2
2025-04-11 00:00:00+00:00,80796.9
2025-04-11 04:00:00+00:00,81213.6
2025-04-11 08:00:00+00:00,82096.6
2025-04-11 12:00:00+00:00,82486.7
2025-04-11 16:00:00+00:00,83809.5
2025-04-11 20:00:00+00:00,83378.3
2025-04-12 00:00:00+00:00,82940.3
2025-04-12 04:00:00+00:00,83685.4
2025-04-12 08:00:00+00:00,83484.0
2025-04-12 12:00:00+00:00,84974.1
2025-04-12 16:00:00+00:00,84891.8
2025-04-12 20:00:00+00:00,85237.8
2025-04-13 00:00:00+00:00,85388.8
2025-04-13 04:00:00+00:00,84378.4
2025-04-13 08:00:00+00:00,84490.6
2025-04-13 12:00:00+00:00,83820.1
2025-04-13 16:00:00+00:00,83949.9
2025-04-13 20:00:00+00:00,83713.7
2025-04-14 00:00:00+00:00,84536.4
2025-04-14 04:00:00+00:00,84544.2
2025-04-14 08:00:00+00:00,84891.5
2025-04-14 12:00:00+00:00,84054.4
2025-04-14 16:00:00+00:00,84872.6
2025-04-14 20:00:00+00:00,84553.9
2025-04-15 00:00:00+00:00,85351.9
2025-04-15 04:00:00+00:00,85691.3
2025-04-15 08:00:00+00:00,85549.3
2025-04-15 12:00:00+00:00,84871.9
2025-04-15 16:00:00+00:00,83954.6
2025-04-15 20:00:00+00:00,83608.7
2025-04-16 00:00:00+00:00,83654.0
2025-04-16 04:00:00+00:00,83325.0
2025-04-16 08:00:00+00:00,84008.5
2025-04-16 12:00:00+00:00,84810.7
2025-04-16 16:00:00+00:00,84286.0
2025-04-16 20:00:00+00:00,83990.0
2025-04-17 00:00:00+00:00,83953.3
2025-04-17 04:00:00+00:00,84629.0
2025-04-17 08:00:00+00:00,84531.8
2025-04-17 12:00:00+00:00,84495.5
2025-04-17 16:00:00+00:00,84797.5
2025-04-17 20:00:00+00:00,84915.0
2025-04-18 00:00:00+00:00,84790.3
2025-04-18 04:00:00+00:00,84622.9
2025-04-18 08:00:00+00:00,84629.4
2025-04-18 12:00:00+00:00,84332.3
2025-04-18 16:00:00+00:00,84529.1
2025-04-18 20:00:00+00:00,84421.0
2025-04-19 00:00:00+00:00,84845.3
2025-04-19 04:00:00+00:00,85174.5
2025-04-19 08:00:00+00:00,85179.3
2025-04-19 12:00:00+00:00,85146.3
2025-04-19 16:00:00+00:00,85054.3
2025-04-19 20:00:00+00:00,85046.9
2025-04-20 00:00:00+00:00,85116.6
2025-04-20 04:00:00+00:00,84736.5
2025-04-20 08:00:00+00:00,84084.6
2025-04-20 12:00:00+00:00,84304.5
2025-04-20 16:00:00+00:00,84608.8
2025-04-20 20:00:00+00:00,85138.8
2025-04-21 00:00:00+00:00,87166.6
2025-04-21 04:00:00+00:00,87400.6
2025-04-21 08:00:00+00:00,86936.4
2025-04-21 12:00:00+00:00,87997.4
2025-04-21 16:00:00+00:00,87369.1
2025-04-21 20:00:00+00:00,87466.0
2025-04-22 00:00:00+00:00,88111.0
2025-04-22 04:00:00+00:00,88434.9
2025-04-22 08:00:00+00:00,88572.7
2025-04-22 12:00:00+00:00,90881.2
2025-04-22 16:00:00+00:00,91356.4
2025-04-22 20:00:00+00:00,93404.9
2025-04-23 00:00:00+00:00,93126.0
2025-04-23 04:00:00+00:00,94102.5
2025-04-23 08:00:00+00:00,93425.2
2025-04-23 12:00:00+00:00,93140.3
2025-04-23 16:00:00+00:00,93436.3
2025-04-23 20:00:00+00:00,93632.1
2025-04-24 00:00:00+00:00,92632.9
2025-04-24 04:00:00+00:00,92166.0
2025-04-24 08:00:00+00:00,92575.1
2025-04-24 12:00:00+00:00,93144.8
2025-04-24 16:00:00+00:00,93497.5
2025-04-24 20:00:00+00:00,93931.6
2025-04-25 00:00:00+00:00,93262.9
2025-04-25 04:00:00+00:00,93734.0
2025-04-25 08:00:00+00:00,94602.3
2025-04-25 12:00:00+00:00,94999.8
2025-04-25 16:00:00+00:00,95229.2
2025-04-25 20:00:00+00:00,94591.8
2025-04-26 00:00:00+00:00,94685.0
2025-04-26 04:00:00+00:00,94520.1
2025-04-26 08:00:00+00:00,94095.6
2025-04-26 12:00:00+00:00,94325.0
2025-04-26 16:00:00+00:00,94261.0
2025-04-26 20:00:00+00:00,94575.7
2025-04-27 00:00:00+00:00,94121.7
2025-04-27 04:00:00+00:00,94027.6
2025-04-27 08:00:00+00:00,93871.1
2025-04-27 12:00:00+00:00,93857.7
2025-04-27 16:00:00+00:00,94388.9
2025-04-27 20:00:00+00:00,93697.1
2025-04-28 00:00:00+00:00,93799.9
2025-04-28 04:00:00+00:00,94641.6
2025-04-28 08:00:00+00:00,95276.1
2025-04-28 12:00:00+00:00,93772.8
2025-04-28 16:00:00+00:00,94740.9
2025-04-28 20:00:00+00:00,94969.0
2025-04-29 00:00:00+00:00,94599.9
2025-04-29 04:00:00+00:00,94878.0
2025-04-29 08:00:00+00:00,95086.9
2025-04-29 12:00:00+00:00,94790.7
2025-04-29 16:00:00+00:00,95250.5
2025-04-29 20:00:00+00:00,94200.1
2025-04-30 00:00:00+00:00,94989.3
2025-04-30 04:00:00+00:00,94577.6
2025-04-30 08:00:00+00:00,95126.5
2025-04-30 12:00:00+00:00,93948.4
2025-04-30 16:00:00+00:00,94118.2
2025-04-30 20:00:00+00:00,94125.1
2025-05-01 00:00:00+00:00,94737.5
2025-05-01 04:00:00+00:00,94978.6
2025-05-01 08:00:00+00:00,96129.9
2025-05-01 12:00:00+00:00,96793.9
2025-05-01 16:00:00+00:00,96459.1
2025-05-01 20:00:00+00:00,96423.3
2025-05-02 00:00:00+00:00,97054.9
2025-05-02 04:00:00+00:00,96302.0
2025-05-02 08:00:00+00:00,96875.7
2025-05-02 12:00:00+00:00,97270.1
2025-05-02 16:00:00+00:00,96856.8
2025-05-02 20:00:00+00:00,96831.2
2025-05-03 00:00:00+00:00,96292.1
2025-05-03 04:00:00+00:00,96290.8
2025-05-03 08:00:00+00:00,95895.6
2025-05-03 12:00:00+00:00,96358.7
2025-05-03 16:00:00+00:00,96312.0
2025-05-03 20:00:00+00:00,95803.3
2025-05-04 00:00:00+00:00,95680.0
2025-05-04 04:00:00+00:00,95842.1
2025-05-04 08:00:00+00:00,95376.0
2025-05-04 12:00:00+00:00,95421.1
2025-05-04 16:00:00+00:00,95533.9
2025-05-04 20:00:00+00:00,94230.2
2025-05-05 00:00:00+00:00,94001.1
2025-05-05 04:00:00+00:00,94696.4
2025-05-05 08:00:00+00:00,93986.0
2025-05-05 12:00:00+00:00,93726.0
2025-05-05 16:00:00+00:00,94295.5
2025-05-05 20:00:00+00:00,94696.7
2025-05-06 00:00:00+00:00,94418.3
2025-05-06 04:00:00+00:00,94350.0
2025-05-06 08:00:00+00:00,93770.3
2025-05-06 12:00:00+00:00,94513.2
2025-05-06 16:00:00+00:00,94910.8
2025-05-06 20:00:00+00:00,96798.9
2025-05-07 00:00:00+00:00,96453.8
2025-05-07 04:00:00+00:00,96940.0
2025-05-07 08:00:00+00:00,97000.0
2025-05-07 12:00:00+00:00,96889.0
2025-05-07 16:00:00+00:00,96124.6
2025-05-07 20:00:00+00:00,96988.4
2025-05-08 00:00:00+00:00,99097.9
2025-05-08 04:00:00+00:00,99212.0
2025-05-08 08:00:00+00:00,99369.8
2025-05-08 12:00:00+00:00,100730.8
2025-05-08 16:00:00+00:00,101254.2
2025-05-08 20:00:00+00:00,103228.1
2025-05-09 00:00:00+00:00,102419.5
2025-05-09 04:00:00+00:00,103597.4
2025-05-09 08:00:00+00:00,102914.5
2025-05-09 12:00:00+00:00,102852.9
2025-05-09 16:00:00+00:00,103145.5
2025-05-09 20:00:00+00:00,102941.9
2025-05-10 00:00:00+00:00,103179.4
2025-05-10 04:00:00+00:00,103721.7
2025-05-10 08:00:00+00:00,103374.6
2025-05-10 12:00:00+00:00,103102.6
2025-05-10 16:00:00+00:00,103148.6
2025-05-10 20:00:00+00:00,104788.8
2025-05-11 00:00:00+00:00,103947.8
2025-05-11 04:00:00+00:00,103327.9
2025-05-11 08:00:00+00:00,104613.7
2025-05-11 12:00:00+00:00,104083.0
2025-05-11 16:00:00+00:00,104373.8
2025-05-11 20:00:00+00:00,104072.7
2025-05-12 00:00:00+00:00,104064.0
2025-05-12 04:00:00+00:00,104426.2
2025-05-12 08:00:00+00:00,103705.1
2025-05-12 12:00:00+00:00,102481.7
2025-05-12 16:00:00+00:00,101812.8
2025-05-12 20:00:00+00:00,102739.3
2025-05-13 00:00:00+00:00,101681.3
2025-05-13 04:00:00+00:00,102624.0
2025-05-13 08:00:00+00:00,103685.5
2025-05-13 12:00:00+00:00,103633.1
2025-05-13 16:00:00+00:00,104744.7
2025-05-13 20:00:00+00:00,104082.0
2025-05-14 00:00:00+00:00,103549.2
2025-05-14 04:00:00+00:00,103662.2
2025-05-14 08:00:00+00:00,103903.4
2025-05-14 12:00:00+00:00,103461.4
2025-05-14 16:00:00+00:00,103278.7
2025-05-14 20:00:00+00:00,103458.1
2025-05-15 00:00:00+00:00,102706.1
2025-05-15 04:00:00+00:00,101733.9
2025-05-15 08:00:00+00:00,102335.3
2025-05-15 12:00:00+00:00,103211.2
2025-05-15 16:00:00+00:00,103107.0
2025-05-15 20:00:00+00:00,103714.5
2025-05-16 00:00:00+00:00,103979.0
2025-05-16 04:00:00+00:00,103646.6
2025-05-16 08:00:00+00:00,103614.5
2025-05-16 12:00:00+00:00,104144.0
2025-05-16 16:00:00+00:00,103974.3
2025-05-16 20:00:00+00:00,103412.2
2025-05-17 00:00:00+00:00,103464.7
2025-05-17 04:00:00+00:00,103399.4
2025-05-17 08:00:00+00:00,102944.2
2025-05-17 12:00:00+00:00,102900.0
2025-05-17 16:00:00+00:00,103100.1
2025-05-17 20:00:00+00:00,103079.6
2025-05-18 00:00:00+00:00,103244.2
2025-05-18 04:00:00+00:00,103893.0
2025-05-18 08:00:00+00:00,103769.0
2025-05-18 12:00:00+00:00,105484.2
2025-05-18 16:00:00+00:00,103834.0
2025-05-18 20:00:00+00:00,106407.6
2025-05-19 00:00:00+00:00,103569.4
2025-05-19 04:00:00+00:00,103167.0
2025-05-19 08:00:00+00:00,102912.0
2025-05-19 12:00:00+00:00,104740.4
2025-05-19 16:00:00+00:00,105457.8
2025-05-19 20:00:00+00:00,105531.6
2025-05-20 00:00:00+00:00,105720.0
2025-05-20 04:00:00+00:00,104980.1
2025-05-20 08:00:00+00:00,105159.2
2025-05-20 12:00:00+00:00,105294.5
2025-05-20 16:00:00+00:00,106972.2
2025-05-20 20:00:00+00:00,106800.1
2025-05-21 00:00:00+00:00,106791.0
2025-05-21 04:00:00+00:00,106463.6
2025-05-21 08:00:00+00:00,106490.9
2025-05-21 12:00:00+00:00,108936.6
2025-05-21 16:00:00+00:00,108547.3
2025-05-21 20:00:00+00:00,109609.5
2025-05-22 00:00:00+00:00,111755.9
2025-05-22 04:00:00+00:00,111005.8
2025-05-22 08:00:00+00:00,110944.1
2025-05-22 12:00:00+00:00,111250.6
2025-05-22 16:00:00+00:00,111136.1
2025-05-22 20:00:00+00:00,111662.7
2025-05-23 00:00:00+00:00,111044.0
2025-05-23 04:00:00+00:00,110685.2
2025-05-23 08:00:00+00:00,109033.2
2025-05-23 12:00:00+00:00,108892.4
2025-05-23 16:00:00+00:00,108659.4
2025-05-23 20:00:00+00:00,107271.5
2025-05-24 00:00:00+00:00,108306.8
2025-05-24 04:00:00+00:00,107550.6
2025-05-24 08:00:00+00:00,109152.2
2025-05-24 12:00:00+00:00,108889.2
2025-05-24 16:00:00+00:00,108912.7
2025-05-24 20:00:00+00:00,107698.9
2025-05-25 00:00:00+00:00,108045.4
2025-05-25 04:00:00+00:00,107637.1
2025-05-25 08:00:00+00:00,107214.0
2025-05-25 12:00:00+00:00,106927.9
2025-05-25 16:00:00+00:00,107656.3
2025-05-25 20:00:00+00:00,108955.9
2025-05-26 00:00:00+00:00,109587.0
2025-05-26 04:00:00+00:00,110049.9
2025-05-26 08:00:00+00:00,109736.7
2025-05-26 12:00:00+00:00,109963.2
2025-05-26 16:00:00+00:00,109074.3
2025-05-26 20:00:00+00:00,109386.8
2025-05-27 00:00:00+00:00,108844.9
2025-05-27 04:00:00+00:00,109488.0
2025-05-27 08:00:00+00:00,109541.8
2025-05-27 12:00:00+00:00,110091.3
2025-05-27 16:00:00+00:00,109822.8
2025-05-27 20:00:00+00:00,108889.3
2025-05-28 00:00:00+00:00,108807.6
2025-05-28 04:00:00+00:00,108764.9
2025-05-28 08:00:00+00:00,108821.4
2025-05-28 12:00:00+00:00,107065.5
2025-05-28 16:00:00+00:00,106894.1
2025-05-28 20:00:00+00:00,107723.1
2025-05-29 00:00:00+00:00,107996.4
2025-05-29 04:00:00+00:00,107839.4
2025-05-29 08:00:00+00:00,108740.0
2025-05-29 12:00:00+00:00,106972.5
2025-05-29 16:00:00+00:00,105699.2
2025-05-29 20:00:00+00:00,105539.9
2025-05-30 00:00:00+00:00,105978.8
2025-05-30 04:00:00+00:00,104997.5
2025-05-30 08:00:00+00:00,105827.4
2025-05-30 12:00:00+00:00,105504.0
2025-05-30 16:00:00+00:00,104597.6
2025-05-30 20:00:00+00:00,103950.0
2025-05-31 00:00:00+00:00,103640.1
2025-05-31 04:00:00+00:00,103700.6
2025-05-31 08:00:00+00:00,103460.9
2025-05-31 12:00:00+00:00,104497.1
2025-05-31 16:00:00+00:00,104653.9
2025-05-31 20:00:00+00:00,104544.7
2025-06-01 00:00:00+00:00,104336.4
2025-06-01 04:00:00+00:00,104231.0
2025-06-01 08:00:00+00:00,104038.0
2025-06-01 12:00:00+00:00,104664.0
2025-06-01 16:00:00+00:00,105075.2
2025-06-01 20:00:00+00:00,105583.3
2025-06-02 00:00:00+00:00,104781.8
2025-06-02 04:00:00+00:00,105346.4
2025-06-02 08:00:00+00:00,104000.0
2025-06-02 12:00:00+00:00,104396.8
2025-06-02 16:00:00+00:00,104366.4
2025-06-02 20:00:00+00:00,105814.3
2025-06-03 00:00:00+00:00,105448.8
2025-06-03 04:00:00+00:00,105134.4
2025-06-03 08:00:00+00:00,105240.1
2025-06-03 12:00:00+00:00,106556.1
2025-06-03 16:00:00+00:00,106171.8
2025-06-03 20:00:00+00:00,105330.1
2025-06-04 00:00:00+00:00,105474.9
2025-06-04 04:00:00+00:00,105260.2
2025-06-04 08:00:00+00:00,105044.1
2025-06-04 12:00:00+00:00,105254.7
2025-06-04 16:00:00+00:00,104870.4
2025-06-04 20:00:00+00:00,104641.8
2025-06-05 00:00:00+00:00,104991.4
2025-06-05 04:00:00+00:00,104473.0
2025-06-05 08:00:00+00:00,104772.7
2025-06-05 12:00:00+00:00,104490.5
2025-06-05 16:00:00+00:00,101872.9
2025-06-05 20:00:00+00:00,101458.6
2025-06-06 00:00:00+00:00,102444.9
2025-06-06 04:00:00+00:00,103096.8
2025-06-06 08:00:00+00:00,103866.0
2025-06-06 12:00:00+00:00,105035.4
2025-06-06 16:00:00+00:00,104176.9
2025-06-06 20:00:00+00:00,104240.0
2025-06-07 00:00:00+00:00,104822.4
2025-06-07 04:00:00+00:00,104813.6
2025-06-07 08:00:00+00:00,105094.5
2025-06-07 12:00:00+00:00,105507.9
2025-06-07 16:00:00+00:00,105694.2
2025-06-07 20:00:00+00:00,105507.5
2025-06-08 00:00:00+00:00,105436.4
2025-06-08 04:00:00+00:00,105380.4
2025-06-08 08:00:00+00:00,105619.2
2025-06-08 12:00:00+00:00,105917.5
2025-06-08 16:00:00+00:00,106242.6
2025-06-08 20:00:00+00:00,105676.5
2025-06-09 00:00:00+00:00,105617.0
2025-06-09 04:00:00+00:00,105516.7
2025-06-09 08:00:00+00:00,107707.9
2025-06-09 12:00:00+00:00,107564.3
2025-06-09 16:00:00+00:00,108515.1
2025-06-09 20:00:00+00:00,110227.9
2025-06-10 00:00:00+00:00,109525.8
2025-06-10 04:00:00+00:00,109178.0
2025-06-10 08:00:00+00:00,109498.1
2025-06-10 12:00:00+00:00,108975.3
2025-06-10 16:00:00+00:00,109460.0
2025-06-10 20:00:00+00:00,110235.4
2025-06-11 00:00:00+00:00,109664.1
2025-06-11 04:00:00+00:00,109396.9
2025-06-11 08:00:00+00:00,109200.1
2025-06-11 12:00:00+00:00,109694.8
2025-06-11 16:00:00+00:00,108684.5
2025-06-11 20:00:00+00:00,108600.0
2025-06-12 00:00:00+00:00,107820.5
2025-06-12 04:00:00+00:00,107577.0
2025-06-12 08:00:00+00:00,106862.9
2025-06-12 12:00:00+00:00,106960.6
2025-06-12 16:00:00+00:00,106749.6
2025-06-12 20:00:00+00:00,105609.5
2025-06-13 00:00:00+00:00,104233.9
2025-06-13 04:00:00+00:00,104831.4
2025-06-13 08:00:00+00:00,104989.9
2025-06-13 12:00:00+00:00,105391.9
2025-06-13 16:00:00+00:00,105050.0
2025-06-13 20:00:00+00:00,106027.3
2025-06-14 00:00:00+00:00,105189.4
2025-06-14 04:00:00+00:00,105025.1
2025-06-14 08:00:00+00:00,105030.6
2025-06-14 12:00:00+00:00,104783.4
2025-06-14 16:00:00+00:00,104582.3
2025-06-14 20:00:00+00:00,105359.9
2025-06-15 00:00:00+00:00,105425.6
2025-06-15 04:00:00+00:00,105374.1
2025-06-15 08:00:00+00:00,104924.5
2025-06-15 12:00:00+00:00,105526.0
2025-06-15 16:00:00+00:00,105252.0
2025-06-15 20:00:00+00:00,105534.6
2025-06-16 00:00:00+00:00,105865.6
2025-06-16 04:00:00+00:00,107023.8
2025-06-16 08:00:00+00:00,106842.5
2025-06-16 12:00:00+00:00,107374.9
2025-06-16 16:00:00+00:00,108594.2
2025-06-16 20:00:00+00:00,106750.1
2025-06-17 00:00:00+00:00,107553.3
2025-06-17 04:00:00+00:00,106711.1
2025-06-17 08:00:00+00:00,105592.9
2025-06-17 12:00:00+00:00,104199.2
2025-06-17 16:00:00+00:00,104630.6
2025-06-17 20:00:00+00:00,104508.0
2025-06-18 00:00:00+00:00,105132.2
2025-06-18 04:00:00+00:00,104925.7
2025-06-18 08:00:00+00:00,104791.2
2025-06-18 12:00:00+00:00,104744.2
2025-06-18 16:00:00+00:00,103773.3
2025-06-18 20:00:00+00:00,104832.8
2025-06-19 00:00:00+00:00,105054.4
2025-06-19 04:00:00+00:00,104585.9
2025-06-19 08:00:00+00:00,104717.7
2025-06-19 12:00:00+00:00,104055.1
2025-06-19 16:00:00+00:00,104202.6
2025-06-19 20:00:00+00:00,104607.1
2025-06-20 00:00:00+00:00,104555.1
2025-06-20 04:00:00+00:00,105763.5
2025-06-20 08:00:00+00:00,105928.6
2025-06-20 12:00:00+00:00,104168.5
2025-06-20 16:00:00+00:00,103263.9
2025-06-20 20:00:00+00:00,103246.1
2025-06-21 00:00:00+00:00,103434.5
2025-06-21 04:00:00+00:00,103402.2
2025-06-21 08:00:00+00:00,103827.5
2025-06-21 12:00:00+00:00,103516.7
2025-06-21 16:00:00+00:00,102207.5
2025-06-21 20:00:00+00:00,102079.8
2025-06-22 00:00:00+00:00,102340.0
2025-06-22 04:00:00+00:00,102399.0
2025-06-22 08:00:00+00:00,102693.7
2025-06-22 12:00:00+00:00,98849.9
2025-06-22 16:00:00+00:00,98829.7
2025-06-22 20:00:00+00:00,100904.7
2025-06-23 00:00:00+00:00,101104.4
2025-06-23 04:00:00+00:00,101874.5
2025-06-23 08:00:00+00:00,101248.5
2025-06-23 12:00:00+00:00,101369.7
2025-06-23 16:00:00+00:00,103114.2
2025-06-23 20:00:00+00:00,105290.9
2025-06-24 00:00:00+00:00,104870.0
2025-06-24 04:00:00+00:00,104891.8
2025-06-24 08:00:00+00:00,105134.6
2025-06-24 12:00:00+00:00,105184.4
2025-06-24 16:00:00+00:00,105582.1
2025-06-24 20:00:00+00:00,106034.9
2025-06-25 00:00:00+00:00,106177.0
2025-06-25 04:00:00+00:00,106547.5
2025-06-25 08:00:00+00:00,107136.3
2025-06-25 12:00:00+00:00,106982.6
2025-06-25 16:00:00+00:00,107698.2
2025-06-25 20:00:00+00:00,107280.0
2025-06-26 00:00:00+00:00,107809.3
2025-06-26 04:00:00+00:00,107768.5
2025-06-26 08:00:00+00:00,107272.8
2025-06-26 12:00:00+00:00,107260.0
2025-06-26 16:00:00+00:00,107476.1
2025-06-26 20:00:00+00:00,106913.7
2025-06-27 00:00:00+00:00,107428.0
2025-06-27 04:00:00+00:00,106816.9
2025-06-27 08:00:00+00:00,106943.7
2025-06-27 12:00:00+00:00,107261.3
2025-06-27 16:00:00+00:00,106748.1
2025-06-27 20:00:00+00:00,107010.7
2025-06-28 00:00:00+00:00,107248.0
2025-06-28 04:00:00+00:00,107433.0
2025-06-28 08:00:00+00:00,107320.3
2025-06-28 12:00:00+00:00,107407.6
2025-06-28 16:00:00+00:00,107162.5
2025-06-28 20:00:00+00:00,107241.0
2025-06-29 00:00:00+00:00,107156.5
2025-06-29 04:00:00+00:00,107367.2
2025-06-29 08:00:00+00:00,108448.3
2025-06-29 12:00:00+00:00,107686.9
2025-06-29 16:00:00+00:00,107346.5
2025-06-29 20:00:00+00:00,108309.8
2025-06-30 00:00:00+00:00,108466.7
2025-06-30 04:00:00+00:00,107562.6
2025-06-30 08:00:00+00:00,107608.1
2025-06-30 12:00:00+00:00,107525.6
2025-06-30 16:00:00+00:00,107689.6
2025-06-30 20:00:00+00:00,107087.4
2025-07-01 00:00:00+00:00,107149.4
2025-07-01 04:00:00+00:00,107134.9
2025-07-01 08:00:00+00:00,106556.8
2025-07-01 12:00:00+00:00,105908.3
2025-07-01 16:00:00+00:00,105340.1
2025-07-01 20:00:00+00:00,105637.9
2025-07-02 00:00:00+00:00,106140.0
2025-07-02 04:00:00+00:00,107026.0
2025-07-02 08:00:00+00:00,107439.6
2025-07-02 12:00:00+00:00,108695.3
2025-07-02 16:00:00+00:00,109621.9
2025-07-02 20:00:00+00:00,108800.0
2025-07-03 00:00:00+00:00,108594.8
2025-07-03 04:00:00+00:00,109235.0
2025-07-03 08:00:00+00:00,109551.0
2025-07-03 12:00:00+00:00,109089.8
2025-07-03 16:00:00+00:00,109743.9
2025-07-03 20:00:00+00:00,109545.2
2025-07-04 00:00:00+00:00,109195.6
2025-07-04 04:00:00+00:00,108661.0
2025-07-04 08:00:00+00:00,108842.3
2025-07-04 12:00:00+00:00,107534.7
2025-07-04 16:00:00+00:00,107429.6
2025-07-04 20:00:00+00:00,107935.4
2025-07-05 00:00:00+00:00,108093.5
2025-07-05 04:00:00+00:00,108000.9
2025-07-05 08:00:00+00:00,108059.1
2025-07-05 12:00:00+00:00,108012.7
2025-07-05 16:00:00+00:00,108092.1
2025-07-05 20:00:00+00:00,108153.4
2025-07-06 00:00:00+00:00,107996.3
2025-07-06 04:00:00+00:00,107991.3
2025-07-06 08:00:00+00:00,108017.3
2025-07-06 12:00:00+00:00,108856.8
2025-07-06 16:00:00+00:00,108493.8
2025-07-06 20:00:00+00:00,109145.8
2025-07-07 00:00:00+00:00,109348.9
2025-07-07 04:00:00+00:00,109016.3
2025-07-07 08:00:00+00:00,108599.9
2025-07-07 12:00:00+00:00,108249.0
2025-07-07 16:00:00+00:00,107999.9
2025-07-07 20:00:00+00:00,108203.9
2025-07-08 00:00:00+00:00,107852.6
2025-07-08 04:00:00+00:00,108440.7
2025-07-08 08:00:00+00:00,108713.1
2025-07-08 12:00:00+00:00,108217.0
2025-07-08 16:00:00+00:00,108723.6
2025-07-08 20:00:00+00:00,108873.1
2025-07-09 00:00:00+00:00,108311.9
2025-07-09 04:00:00+00:00,108674.8
2025-07-09 08:00:00+00:00,109008.3
2025-07-09 12:00:00+00:00,109020.0
2025-07-09 16:00:00+00:00,111718.8
2025-07-09 20:00:00+00:00,111199.9
2025-07-10 00:00:00+00:00,111028.2
2025-07-10 04:00:00+00:00,111186.1
2025-07-10 08:00:00+00:00,110972.2
2025-07-10 12:00:00+00:00,111350.0
2025-07-10 16:00:00+00:00,113246.1
2025-07-10 20:00:00+00:00,115979.2
2025-07-11 00:00:00+00:00,116839.5
2025-07-11 04:00:00+00:00,117522.7
2025-07-11 08:00:00+00:00,117790.1
2025-07-11 12:00:00+00:00,116910.3
2025-07-11 16:00:00+00:00,118072.7
2025-07-11 20:00:00+00:00,117500.0
2025-07-12 00:00:00+00:00,117730.0
2025-07-12 04:00:00+00:00,117689.7
2025-07-12 08:00:00+00:00,117773.6
2025-07-12 12:00:00+00:00,117075.6
2025-07-12 16:00:00+00:00,117525.7
2025-07-12 20:00:00+00:00,117389.3
2025-07-13 00:00:00+00:00,117711.5
2025-07-13 04:00:00+00:00,117950.0
2025-07-13 08:00:00+00:00,118036.1
2025-07-13 12:00:00+00:00,118610.6
2025-07-13 16:00:00+00:00,118923.0
2025-07-13 20:00:00+00:00,119038.3
2025-07-14 00:00:00+00:00,120733.2
2025-07-14 04:00:00+00:00,122731.0
2025-07-14 08:00:00+00:00,121474.5
2025-07-14 12:00:00+00:00,119863.1
2025-07-14 16:00:00+00:00,119920.0
2025-07-14 20:00:00+00:00,119816.5
2025-07-15 00:00:00+00:00,117209.2
2025-07-15 04:00:00+00:00,116777.1
2025-07-15 08:00:00+00:00,117110.4
2025-07-15 12:00:00+00:00,116393.0
2025-07-15 16:00:00+00:00,116428.9
2025-07-15 20:00:00+00:00,117738.5
2025-07-16 00:00:00+00:00,117477.6
2025-07-16 04:00:00+00:00,118181.2
2025-07-16 08:00:00+00:00,118755.1
2025-07-16 12:00:00+00:00,119056.0
2025-07-16 16:00:00+00:00,119186.7
2025-07-16 20:00:00+00:00,118590.7
2025-07-17 00:00:00+00:00,118090.9
2025-07-17 04:00:00+00:00,118293.9
2025-07-17 08:00:00+00:00,117968.9
2025-07-17 12:00:00+00:00,118875.0
2025-07-17 16:00:00+00:00,118948.8
2025-07-17 20:00:00+00:00,119176.6
2025-07-18 00:00:00+00:00,120212.8
2025-07-18 04:00:00+00:00,119356.6
2025-07-18 08:00:00+00:00,119175.5
2025-07-18 12:00:00+00:00,117830.0
2025-07-18 16:00:00+00:00,117361.6
2025-07-18 20:00:00+00:00,117896.4
2025-07-19 00:00:00+00:00,118295.2
2025-07-19 04:00:00+00:00,118135.0
2025-07-19 08:00:00+00:00,118300.0
2025-07-19 12:00:00+00:00,118025.6
2025-07-19 16:00:00+00:00,117978.3
2025-07-19 20:00:00+00:00,117814.4
2025-07-20 00:00:00+00:00,117934.1
2025-07-20 04:00:00+00:00,117984.3
2025-07-20 08:00:00+00:00,117869.2
2025-07-20 12:00:00+00:00,118669.3
2025-07-20 16:00:00+00:00,118131.2
2025-07-20 20:00:00+00:00,117216.0
2025-07-21 00:00:00+00:00,118374.8
2025-07-21 04:00:00+00:00,119352.2
2025-07-21 08:00:00+00:00,118045.0
2025-07-21 12:00:00+00:00,118304.1
2025-07-21 16:00:00+00:00,116724.7
2025-07-21 20:00:00+00:00,117330.2
2025-07-22 00:00:00+00:00,117177.0
2025-07-22 04:00:00+00:00,117959.5
2025-07-22 08:00:00+00:00,119142.2
2025-07-22 12:00:00+00:00,118899.8
2025-07-22 16:00:00+00:00,119286.5
2025-07-22 20:00:00+00:00,119993.7
2025-07-23 00:00:00+00:00,118620.8
2025-07-23 04:00:00+00:00,118327.0
2025-07-23 08:00:00+00:00,118484.8
2025-07-23 12:00:00+00:00,118531.0
2025-07-23 16:00:00+00:00,118344.4
2025-07-23 20:00:00+00:00,118713.5
2025-07-24 00:00:00+00:00,118451.5
2025-07-24 04:00:00+00:00,118368.0
2025-07-24 08:00:00+00:00,118558.0
2025-07-24 12:00:00+00:00,119074.1
2025-07-24 16:00:00+00:00,118902.0
2025-07-24 20:00:00+00:00,118294.3
2025-07-25 00:00:00+00:00,115384.6
2025-07-25 04:00:00+00:00,115288.8
2025-07-25 08:00:00+00:00,116504.6
2025-07-25 12:00:00+00:00,115687.4
2025-07-25 16:00:00+00:00,116649.6
2025-07-25 20:00:00+00:00,117583.5
2025-07-26 00:00:00+00:00,117455.8
2025-07-26 04:00:00+00:00,117288.1
2025-07-26 08:00:00+00:00,117758.0
2025-07-26 12:00:00+00:00,118111.1
2025-07-26 16:00:00+00:00,118209.0
2025-07-26 20:00:00+00:00,117889.2
2025-07-27 00:00:00+00:00,118162.0
2025-07-27 04:00:00+00:00,118083.6
2025-07-27 08:00:00+00:00,118053.4
2025-07-27 12:00:00+00:00,118580.8
2025-07-27 16:00:00+00:00,118953.3
2025-07-27 20:00:00+00:00,119423.4
2025-07-28 00:00:00+00:00,119269.7
2025-07-28 04:00:00+00:00,118873.2
2025-07-28 08:00:00+00:00,118813.3
2025-07-28 12:00:00+00:00,118152.8
2025-07-28 16:00:00+00:00,118050.0
2025-07-28 20:00:00+00:00,118041.4
2025-07-29 00:00:00+00:00,118745.6
2025-07-29 04:00:00+00:00,118856.2
2025-07-29 08:00:00+00:00,118560.0
2025-07-29 12:00:00+00:00,117345.7
2025-07-29 16:00:00+00:00,117484.9
2025-07-29 20:00:00+00:00,117897.0
2025-07-30 00:00:00+00:00,118106.5
2025-07-30 04:00:00+00:00,118083.1
2025-07-30 08:00:00+00:00,117526.7
2025-07-30 12:00:00+00:00,117950.0
2025-07-30 16:00:00+00:00,116865.2
2025-07-30 20:00:00+00:00,117771.0
2025-07-31 00:00:00+00:00,118429.0
2025-07-31 04:00:00+00:00,118624.1
2025-07-31 08:00:00+00:00,118330.9
2025-07-31 12:00:00+00:00,118259.3
2025-07-31 16:00:00+00:00,116718.9
2025-07-31 20:00:00+00:00,115697.3
2025-08-01 00:00:00+00:00,115595.7
2025-08-01 04:00:00+00:00,115015.1
2025-08-01 08:00:00+00:00,115246.6
2025-08-01 12:00:00+00:00,115305.3
2025-08-01 16:00:00+00:00,113278.5
2025-08-01 20:00:00+00:00,113244.8
2025-08-02 00:00:00+00:00,113859.9
2025-08-02 04:00:00+00:00,113919.9
2025-08-02 08:00:00+00:00,113732.5
2025-08-02 12:00:00+00:00,112798.6
2025-08-02 16:00:00+00:00,112175.5
2025-08-02 20:00:00+00:00,112508.8
2025-08-03 00:00:00+00:00,113550.9
2025-08-03 04:00:00+00:00,113647.2
2025-08-03 08:00:00+00:00,113810.1
2025-08-03 12:00:00+00:00,113904.3
2025-08-03 16:00:00+00:00,114259.0
2025-08-03 20:00:00+00:00,114150.8
2025-08-04 00:00:00+00:00,114520.2
2025-08-04 04:00:00+00:00,114607.0
2025-08-04 08:00:00+00:00,114450.0
2025-08-04 12:00:00+00:00,114766.3
2025-08-04 16:00:00+00:00,114724.0
2025-08-04 20:00:00+00:00,115002.1
2025-08-05 00:00:00+00:00,114215.0
2025-08-05 04:00:00+00:00,113924.7
2025-08-05 08:00:00+00:00,114782.0
2025-08-05 12:00:00+00:00,112871.8
2025-08-05 16:00:00+00:00,113573.1
2025-08-05 20:00:00+00:00,114069.6
2025-08-06 00:00:00+00:00,113470.1
2025-08-06 04:00:00+00:00,114179.2
2025-08-06 08:00:00+00:00,114188.0
2025-08-06 12:00:00+00:00,115366.3
2025-08-06 16:00:00+00:00,115215.1
2025-08-06 20:00:00+00:00,114941.0
2025-08-07 00:00:00+00:00,114500.8
2025-08-07 04:00:00+00:00,114751.1
2025-08-07 08:00:00+00:00,116469.1
2025-08-07 12:00:00+00:00,116634.6
2025-08-07 16:00:00+00:00,117407.6
2025-08-07 20:00:00+00:00,117419.9
2025-08-08 00:00:00+00:00,116692.2
2025-08-08 04:00:00+00:00,116772.0
2025-08-08 08:00:00+00:00,116840.5
2025-08-08 12:00:00+00:00,116162.0
2025-08-08 16:00:00+00:00,116384.4
2025-08-08 20:00:00+00:00,116628.2
2025-08-09 00:00:00+00:00,116331.5
2025-08-09 04:00:00+00:00,116703.2
2025-08-09 08:00:00+00:00,117064.9
2025-08-09 12:00:00+00:00,116835.6
2025-08-09 16:00:00+00:00,116499.9
2025-08-09 20:00:00+00:00,116422.1
2025-08-10 00:00:00+00:00,118480.1
2025-08-10 04:00:00+00:00,117770.0
2025-08-10 08:00:00+00:00,118295.9
2025-08-10 12:00:00+00:00,118766.0
2025-08-10 16:00:00+00:00,118624.5
2025-08-10 20:00:00+00:00,119255.3
2025-08-11 00:00:00+00:00,121700.1
2025-08-11 04:00:00+00:00,121534.8
2025-08-11 08:00:00+00:00,120545.0
2025-08-11 12:00:00+00:00,120271.2
2025-08-11 16:00:00+00:00,119035.3
2025-08-11 20:00:00+00:00,118641.9
2025-08-12 00:00:00+00:00,118813.1
2025-08-12 04:00:00+00:00,118931.9
2025-08-12 08:00:00+00:00,118464.1
2025-08-12 12:00:00+00:00,119888.0
2025-08-12 16:00:00+00:00,119600.3
2025-08-12 20:00:00+00:00,120081.0
2025-08-13 00:00:00+00:00,119436.0
2025-08-13 04:00:00+00:00,119540.3
2025-08-13 08:00:00+00:00,120538.5
2025-08-13 12:00:00+00:00,120897.2
2025-08-13 16:00:00+00:00,122719.9
2025-08-13 20:00:00+00:00,123323.9
2025-08-14 00:00:00+00:00,123405.2
2025-08-14 04:00:00+00:00,121742.4
2025-08-14 08:00:00+00:00,120947.9
2025-08-14 12:00:00+00:00,118185.9
2025-08-14 16:00:00+00:00,117889.5
2025-08-14 20:00:00+00:00,118242.2
2025-08-15 00:00:00+00:00,118918.1
2025-08-15 04:00:00+00:00,118908.3
2025-08-15 08:00:00+00:00,118950.0
2025-08-15 12:00:00+00:00,117216.8
2025-08-15 16:00:00+00:00,116900.0
2025-08-15 20:00:00+00:00,117279.2
2025-08-16 00:00:00+00:00,117385.0
2025-08-16 04:00:00+00:00,117549.9
2025-08-16 08:00:00+00:00,117340.4
2025-08-16 12:00:00+00:00,117626.9
2025-08-16 16:00:00+00:00,117622.3
2025-08-16 20:00:00+00:00,117329.7
2025-08-17 00:00:00+00:00,117627.4
2025-08-17 04:00:00+00:00,117949.9
2025-08-17 08:00:00+00:00,118253.9
2025-08-17 12:00:00+00:00,118191.0
2025-08-17 16:00:00+00:00,117527.0
2025-08-17 20:00:00+00:00,117353.8
2025-08-18 00:00:00+00:00,115264.9
2025-08-18 04:00:00+00:00,115153.2
2025-08-18 08:00:00+00:00,114900.0
2025-08-18 12:00:00+00:00,116099.4
2025-08-18 16:00:00+00:00,116273.4
2025-08-18 20:00:00+00:00,116183.6
2025-08-19 00:00:00+00:00,114756.6
2025-08-19 04:00:00+00:00,114928.7
2025-08-19 08:00:00+00:00,115461.0
2025-08-19 12:00:00+00:00,113730.0
2025-08-19 16:00:00+00:00,113078.3
2025-08-19 20:00:00+00:00,112824.2
2025-08-20 00:00:00+00:00,113465.4
2025-08-20 04:00:00+00:00,113436.7
2025-08-20 08:00:00+00:00,113627.5
2025-08-20 12:00:00+00:00,113297.0
2025-08-20 16:00:00+00:00,114216.3
2025-08-20 20:00:00+00:00,114220.5
2025-08-21 00:00:00+00:00,113912.1
2025-08-21 04:00:00+00:00,113836.8
2025-08-21 08:00:00+00:00,113100.2
2025-08-21 12:00:00+00:00,112748.9
2025-08-21 16:00:00+00:00,112152.8
2025-08-21 20:00:00+00:00,112462.2
2025-08-22 00:00:00+00:00,112889.9
2025-08-22 04:00:00+00:00,113040.1
2025-08-22 08:00:00+00:00,112272.8
2025-08-22 12:00:00+00:00,116319.3
2025-08-22 16:00:00+00:00,116625.5
2025-08-22 20:00:00+00:00,116897.5
2025-08-23 00:00:00+00:00,115522.5
2025-08-23 04:00:00+00:00,115769.9
2025-08-23 08:00:00+00:00,115266.7
2025-08-23 12:00:00+00:00,114776.5
2025-08-23 16:00:00+00:00,115104.9
2025-08-23 20:00:00+00:00,115377.1
2025-08-24 00:00:00+00:00,115006.5
2025-08-24 04:00:00+00:00,114854.8
2025-08-24 08:00:00+00:00,114702.0
2025-08-24 12:00:00+00:00,114372.6
2025-08-24 16:00:00+00:00,112556.4
2025-08-24 20:00:00+00:00,113446.3
2025-08-25 00:00:00+00:00,112867.7
2025-08-25 04:00:00+00:00,111469.7
2025-08-25 08:00:00+00:00,111183.7
2025-08-25 12:00:00+00:00,112142.2
2025-08-25 16:00:00+00:00,110650.4
2025-08-25 20:00:00+00:00,110064.0
2025-08-26 00:00:00+00:00,109825.0
2025-08-26 04:00:00+00:00,110244.2
2025-08-26 08:00:00+00:00,109842.2
2025-08-26 12:00:00+00:00,109624.6
2025-08-26 16:00:00+00:00,111053.5
2025-08-26 20:00:00+00:00,111709.9
2025-08-27 00:00:00+00:00,111373.7
2025-08-27 04:00:00+00:00,110688.0
2025-08-27 08:00:00+00:00,111270.8
2025-08-27 12:00:00+00:00,111965.1
2025-08-27 16:00:00+00:00,112032.8
2025-08-27 20:00:00+00:00,111194.9
2025-08-28 00:00:00+00:00,111954.1
2025-08-28 04:00:00+00:00,113079.2
2025-08-28 08:00:00+00:00,112876.5
2025-08-28 12:00:00+00:00,112633.1
2025-08-28 16:00:00+00:00,111864.7
2025-08-28 20:00:00+00:00,112507.3
2025-08-29 00:00:00+00:00,111648.6
2025-08-29 04:00:00+00:00,109969.0
2025-08-29 08:00:00+00:00,110047.8
2025-08-29 12:00:00+00:00,108334.4
2025-08-29 16:00:00+00:00,108155.5
2025-08-29 20:00:00+00:00,108332.4
2025-08-30 00:00:00+00:00,108367.9
2025-08-30 04:00:00+00:00,108466.6
2025-08-30 08:00:00+00:00,108638.6
2025-08-30 12:00:00+00:00,108809.8
2025-08-30 16:00:00+00:00,108769.4
2025-08-30 20:00:00+00:00,108757.9
2025-08-31 00:00:00+00:00,109175.4
2025-08-31 04:00:00+00:00,108656.9
2025-08-31 08:00:00+00:00,108350.0
2025-08-31 12:00:00+00:00,108758.2
2025-08-31 16:00:00+00:00,108877.2
2025-08-31 20:00:00+00:00,108208.4
2025-09-01 00:00:00+00:00,107619.1
2025-09-01 04:00:00+00:00,109390.3
2025-09-01 08:00:00+00:00,108721.9
2025-09-01 12:00:00+00:00,108738.0
2025-09-01 16:00:00+00:00,109178.7
2025-09-01 20:00:00+00:00,109187.9
2025-09-02 00:00:00+00:00,110286.0
2025-09-02 04:00:00+00:00,110190.1
2025-09-02 08:00:00+00:00,109698.6
2025-09-02 12:00:00+00:00,110789.9
2025-09-02 16:00:00+00:00,110742.9
2025-09-02 20:00:00+00:00,111188.0
2025-09-03 00:00:00+00:00,110991.7
2025-09-03 04:00:00+00:00,111041.5
2025-09-03 08:00:00+00:00,111391.6
2025-09-03 12:00:00+00:00,112168.6
2025-09-03 16:00:00+00:00,112139.9
2025-09-03 20:00:00+00:00,111659.8
2025-09-04 00:00:00+00:00,111107.1
2025-09-04 04:00:00+00:00,110417.3
2025-09-04 08:00:00+00:00,110763.9
2025-09-04 12:00:00+00:00,109448.0
2025-09-04 16:00:00+00:00,109753.9
2025-09-04 20:00:00+00:00,110679.4
2025-09-05 00:00:00+00:00,111266.9
2025-09-05 04:00:00+00:00,112900.1
2025-09-05 08:00:00+00:00,112299.6
2025-09-05 12:00:00+00:00,110674.1
2025-09-05 16:00:00+00:00,111550.1
2025-09-05 20:00:00+00:00,110614.9
2025-09-06 00:00:00+00:00,111034.0
2025-09-06 04:00:00+00:00,110779.9
2025-09-06 08:00:00+00:00,110732.9
2025-09-06 12:00:00+00:00,110324.1
2025-09-06 16:00:00+00:00,109986.7
2025-09-06 20:00:00+00:00,110135.3
2025-09-07 00:00:00+00:00,110579.8
2025-09-07 04:00:00+00:00,110710.8
2025-09-07 08:00:00+00:00,111249.5
2025-09-07 12:00:00+00:00,111276.2
2025-09-07 16:00:00+00:00,111217.0
2025-09-07 20:00:00+00:00,111076.0
2025-09-08 00:00:00+00:00,111004.9
2025-09-08 04:00:00+00:00,111236.4
2025-09-08 08:00:00+00:00,112022.0
2025-09-08 12:00:00+00:00,112573.6
2025-09-08 16:00:00+00:00,112051.0
2025-09-08 20:00:00+00:00,112012.6
2025-09-09 00:00:00+00:00,111657.6
2025-09-09 04:00:00+00:00,112950.1
2025-09-09 08:00:00+00:00,112397.4
2025-09-09 12:00:00+00:00,110830.1
2025-09-09 16:00:00+00:00,111242.3
2025-09-09 20:00:00+00:00,111499.9
2025-09-10 00:00:00+00:00,111498.9
2025-09-10 04:00:00+00:00,112500.1
2025-09-10 08:00:00+00:00,112266.4
2025-09-10 12:00:00+00:00,113801.3
2025-09-10 16:00:00+00:00,113525.2
2025-09-10 20:00:00+00:00,113896.8
2025-09-11 00:00:00+00:00,114354.4
2025-09-11 04:00:00+00:00,114040.0
2025-09-11 08:00:00+00:00,113960.9
2025-09-11 12:00:00+00:00,114122.3
2025-09-11 16:00:00+00:00,114370.5
2025-09-11 20:00:00+00:00,115427.0
2025-09-12 00:00:00+00:00,115138.3
2025-09-12 04:00:00+00:00,115049.0
2025-09-12 08:00:00+00:00,114863.0
2025-09-12 12:00:00+00:00,115064.9
2025-09-12 16:00:00+00:00,116561.1
2025-09-12 20:00:00+00:00,115978.4
2025-09-13 00:00:00+00:00,115913.6
2025-09-13 04:00:00+00:00,115715.5
2025-09-13 08:00:00+00:00,115912.9
2025-09-13 12:00:00+00:00,115721.3
2025-09-13 16:00:00+00:00,115751.4
2025-09-13 20:00:00+00:00,115862.7
2025-09-14 00:00:00+00:00,115626.0
2025-09-14 04:00:00+00:00,115746.0
2025-09-14 08:00:00+00:00,115750.0
2025-09-14 12:00:00+00:00,115162.2
2025-09-14 16:00:00+00:00,115597.4
2025-09-14 20:00:00+00:00,115210.0
2025-09-15 00:00:00+00:00,115387.6
2025-09-15 04:00:00+00:00,115769.5
2025-09-15 08:00:00+00:00,115009.0
2025-09-15 12:00:00+00:00,114788.4
2025-09-15 16:00:00+00:00,115246.7
2025-09-15 20:00:00+00:00,115300.6
2025-09-16 00:00:00+00:00,115250.9
2025-09-16 04:00:00+00:00,115799.4
2025-09-16 08:00:00+00:00,115222.2
2025-09-16 12:00:00+00:00,115877.9
2025-09-16 16:00:00+00:00,116758.0
2025-09-16 20:00:00+00:00,116747.3
2025-09-17 00:00:00+00:00,116320.1
2025-09-17 04:00:00+00:00,117120.5
2025-09-17 08:00:00+00:00,116200.1
2025-09-17 12:00:00+00:00,115825.1
2025-09-17 16:00:00+00:00,115587.6
2025-09-17 20:00:00+00:00,116402.5
2025-09-18 00:00:00+00:00,117531.2
2025-09-18 04:00:00+00:00,117033.6
2025-09-18 08:00:00+00:00,117015.0
2025-09-18 12:00:00+00:00,117530.3
2025-09-18 16:00:00+00:00,117403.0
2025-09-18 20:00:00+00:00,117017.1
2025-09-19 00:00:00+00:00,116914.2
2025-09-19 04:00:00+00:00,116850.1
2025-09-19 08:00:00+00:00,116343.1
2025-09-19 12:00:00+00:00,115826.9
2025-09-19 16:00:00+00:00,115082.4
2025-09-19 20:00:00+00:00,115569.5
2025-09-20 00:00:00+00:00,115394.2
2025-09-20 04:00:00+00:00,115909.8
2025-09-20 08:00:00+00:00,115834.9
2025-09-20 12:00:00+00:00,115928.5
2025-09-20 16:00:00+00:00,115636.6
2025-09-20 20:00:00+00:00,115624.9
2025-09-21 00:00:00+00:00,115613.8
2025-09-21 04:00:00+00:00,115772.9
2025-09-21 08:00:00+00:00,115559.3
2025-09-21 12:00:00+00:00,115471.1
2025-09-21 16:00:00+00:00,115441.0
2025-09-21 20:00:00+00:00,115183.9
2025-09-22 00:00:00+00:00,114602.9
2025-09-22 04:00:00+00:00,112454.4
2025-09-22 08:00:00+00:00,112814.1
2025-09-22 12:00:00+00:00,112768.7
2025-09-22 16:00:00+00:00,112072.9
2025-09-22 20:00:00+00:00,112604.7
2025-09-23 00:00:00+00:00,112294.0
2025-09-23 04:00:00+00:00,113048.1
2025-09-23 08:00:00+00:00,112938.6
2025-09-23 12:00:00+00:00,112828.6
2025-09-23 16:00:00+00:00,111611.8
2025-09-23 20:00:00+00:00,111947.0
2025-09-24 00:00:00+00:00,111639.7
2025-09-24 04:00:00+00:00,112544.7
2025-09-24 08:00:00+00:00,112982.0
2025-09-24 12:00:00+00:00,113299.9
2025-09-24 16:00:00+00:00,113371.7
2025-09-24 20:00:00+00:00,113254.0
2025-09-25 00:00:00+00:00,112485.8
2025-09-25 04:00:00+00:00,111708.5
2025-09-25 08:00:00+00:00,111316.1
2025-09-25 12:00:00+00:00,111538.4
2025-09-25 16:00:00+00:00,109320.5
2025-09-25 20:00:00+00:00,108934.5
2025-09-26 00:00:00+00:00,109537.6
2025-09-26 04:00:00+00:00,109257.3
2025-09-26 08:00:00+00:00,109082.9
2025-09-26 12:00:00+00:00,108976.0
2025-09-26 16:00:00+00:00,109115.9
2025-09-26 20:00:00+00:00,109588.5
2025-09-27 00:00:00+00:00,109503.8
2025-09-27 04:00:00+00:00,109354.8
2025-09-27 08:00:00+00:00,109265.8
2025-09-27 12:00:00+00:00,109340.7
2025-09-27 16:00:00+00:00,109369.3
2025-09-27 20:00:00+00:00,109577.3
2025-09-28 00:00:00+00:00,109397.3
2025-09-28 04:00:00+00:00,109468.5
2025-09-28 08:00:00+00:00,109319.9
2025-09-28 12:00:00+00:00,109990.0
2025-09-28 16:00:00+00:00,110281.6
2025-09-28 20:00:00+00:00,112119.6
2025-09-29 00:00:00+00:00,111817.9
2025-09-29 04:00:00+00:00,111814.7
2025-09-29 08:00:00+00:00,112052.0
2025-09-29 12:00:00+00:00,113752.0
2025-09-29 16:00:00+00:00,114204.8
2025-09-29 20:00:00+00:00,114257.1
2025-09-30 00:00:00+00:00,114321.5
2025-09-30 04:00:00+00:00,113662.4
2025-09-30 08:00:00+00:00,113003.7
2025-09-30 12:00:00+00:00,113055.4
2025-09-30 16:00:00+00:00,114309.1
2025-09-30 20:00:00+00:00,113988.8
2025-10-01 00:00:00+00:00,114135.9
2025-10-01 04:00:00+00:00,114480.8
2025-10-01 08:00:00+00:00,116736.8
2025-10-01 12:00:00+00:00,117366.4
2025-10-01 16:00:00+00:00,117374.1
2025-10-01 20:00:00+00:00,118552.4
2025-10-02 00:00:00+00:00,118697.0
2025-10-02 04:00:00+00:00,118444.1
2025-10-02 08:00:00+00:00,118716.0
2025-10-02 12:00:00+00:00,119875.1
2025-10-02 16:00:00+00:00,120787.9
2025-10-02 20:00:00+00:00,120481.3
2025-10-03 00:00:00+00:00,120185.4
2025-10-03 04:00:00+00:00,119620.1
2025-10-03 08:00:00+00:00,120307.2
2025-10-03 12:00:00+00:00,122238.5
2025-10-03 16:00:00+00:00,122609.3
2025-10-03 20:00:00+00:00,122182.7
2025-10-04 00:00:00+00:00,122197.2
2025-10-04 04:00:00+00:00,122271.3
2025-10-04 08:00:00+00:00,121924.6
2025-10-04 12:00:00+00:00,121744.8
2025-10-04 16:00:00+00:00,121919.0
2025-10-04 20:00:00+00:00,122343.2
2025-10-05 00:00:00+00:00,123735.7
2025-10-05 04:00:00+00:00,124692.4
2025-10-05 08:00:00+00:00,123413.2
2025-10-05 12:00:00+00:00,122753.0
2025-10-05 16:00:00+00:00,122550.4
2025-10-05 20:00:00+00:00,123426.7
2025-10-06 00:00:00+00:00,123792.9
2025-10-06 04:00:00+00:00,123332.3
2025-10-06 08:00:00+00:00,124161.2
2025-10-06 12:00:00+00:00,124946.2
2025-10-06 16:00:00+00:00,125357.3
2025-10-06 20:00:00+00:00,124628.5
2025-10-07 00:00:00+00:00,124277.7
2025-10-07 04:00:00+00:00,123627.1
2025-10-07 08:00:00+00:00,124397.2
2025-10-07 12:00:00+00:00,121788.3
2025-10-07 16:00:00+00:00,121593.6
2025-10-07 20:00:00+00:00,121286.5
2025-10-08 00:00:00+00:00,121333.1
2025-10-08 04:00:00+00:00,121550.4
2025-10-08 08:00:00+00:00,122825.7
2025-10-08 12:00:00+00:00,122140.1
2025-10-08 16:00:00+00:00,123381.8
2025-10-08 20:00:00+00:00,123237.5
2025-10-09 00:00:00+00:00,121988.4
2025-10-09 04:00:00+00:00,121847.9
2025-10-09 08:00:00+00:00,122672.9
2025-10-09 12:00:00+00:00,121079.4
2025-10-09 16:00:00+00:00,120897.6
2025-10-09 20:00:00+00:00,121579.3
2025-10-10 00:00:00+00:00,120960.8
2025-10-10 04:00:00+00:00,120886.1
2025-10-10 08:00:00+00:00,121493.2
2025-10-10 12:00:00+00:00,118965.3
2025-10-10 16:00:00+00:00,116605.3
2025-10-10 20:00:00+00:00,112714.9
2025-10-11 00:00:00+00:00,112261.9
2025-10-11 04:00:00+00:00,110338.7
2025-10-11 08:00:00+00:00,112224.6
2025-10-11 12:00:00+00:00,111744.4
2025-10-11 16:00:00+00:00,111126.7
2025-10-11 20:00:00+00:00,110579.1
2025-10-12 00:00:00+00:00,110643.3
2025-10-12 04:00:00+00:00,111464.0
2025-10-12 08:00:00+00:00,111783.8
2025-10-12 12:00:00+00:00,113119.0
2025-10-12 16:00:00+00:00,114288.7
2025-10-12 20:00:00+00:00,114894.4
2025-10-13 00:00:00+00:00,114773.6
2025-10-13 04:00:00+00:00,115341.7
2025-10-13 08:00:00+00:00,114129.3
2025-10-13 12:00:00+00:00,114260.7
2025-10-13 16:00:00+00:00,115726.6
2025-10-13 20:00:00+00:00,115111.9
2025-10-14 00:00:00+00:00,113441.0
2025-10-14 04:00:00+00:00,111665.2
2025-10-14 08:00:00+00:00,111241.4
2025-10-14 12:00:00+00:00,112823.0
2025-10-14 16:00:00+00:00,112543.9
2025-10-14 20:00:00+00:00,112983.8
2025-10-15 00:00:00+00:00,111978.7
2025-10-15 04:00:00+00:00,112524.3
2025-10-15 08:00:00+00:00,111841.0
2025-10-15 12:00:00+00:00,110757.5
2025-10-15 16:00:00+00:00,111202.7
2025-10-15 20:00:00+00:00,110699.0
2025-10-16 00:00:00+00:00,111277.4
2025-10-16 04:00:00+00:00,110518.2
2025-10-16 08:00:00+00:00,111363.9
2025-10-16 12:00:00+00:00,108474.0
2025-10-16 16:00:00+00:00,108151.3
2025-10-16 20:00:00+00:00,108129.4
2025-10-17 00:00:00+00:00,109121.8
2025-10-17 04:00:00+00:00,105578.3
2025-10-17 08:00:00+00:00,105610.5
2025-10-17 12:00:00+00:00,106750.1
2025-10-17 16:00:00+00:00,106416.4
2025-10-17 20:00:00+00:00,106378.6
2025-10-18 00:00:00+00:00,107025.0
2025-10-18 04:00:00+00:00,106648.3
2025-10-18 08:00:00+00:00,107151.0
2025-10-18 12:00:00+00:00,106893.2
2025-10-18 16:00:00+00:00,107023.0
2025-10-18 20:00:00+00:00,107117.5
2025-10-19 00:00:00+00:00,107221.9
2025-10-19 04:00:00+00:00,106733.3
2025-10-19 08:00:00+00:00,107730.6
2025-10-19 12:00:00+00:00,108429.5
2025-10-19 16:00:00+00:00,108850.0
2025-10-19 20:00:00+00:00,108586.2
2025-10-20 00:00:00+00:00,110100.4
2025-10-20 04:00:00+00:00,111126.2
2025-10-20 08:00:00+00:00,110969.5
2025-10-20 12:00:00+00:00,111079.1
2025-10-20 16:00:00+00:00,110735.0
2025-10-20 20:00:00+00:00,110469.9
2025-10-21 00:00:00+00:00,109005.0
2025-10-21 04:00:00+00:00,108020.0
2025-10-21 08:00:00+00:00,108519.4
2025-10-21 12:00:00+00:00,113355.2
2025-10-21 16:00:00+00:00,111720.7
2025-10-21 20:00:00+00:00,108253.7
2025-10-22 00:00:00+00:00,108174.1
2025-10-22 04:00:00+00:00,108284.1
2025-10-22 08:00:00+00:00,107501.7
2025-10-22 12:00:00+00:00,108369.9
2025-10-22 16:00:00+00:00,107829.0
2025-10-22 20:00:00+00:00,107532.0
2025-10-23 00:00:00+00:00,108322.2
2025-10-23 04:00:00+00:00,109228.6
2025-10-23 08:00:00+00:00,109218.5
2025-10-23 12:00:00+00:00,109849.0
2025-10-23 16:00:00+00:00,110137.8
2025-10-23 20:00:00+00:00,110025.9
2025-10-24 00:00:00+00:00,110399.9
2025-10-24 04:00:00+00:00,111013.7
2025-10-24 08:00:00+00:00,111006.7
2025-10-24 12:00:00+00:00,110009.8
2025-10-24 16:00:00+00:00,110571.3
2025-10-24 20:00:00+00:00,110965.4
2025-10-25 00:00:00+00:00,110962.3
2025-10-25 04:00:00+00:00,111445.4
2025-10-25 08:00:00+00:00,111522.7
2025-10-25 12:00:00+00:00,111340.9
2025-10-25 16:00:00+00:00,111574.9
2025-10-25 20:00:00+00:00,111589.4
2025-10-26 00:00:00+00:00,111210.1
2025-10-26 04:00:00+00:00,111672.8
2025-10-26 08:00:00+00:00,113235.2
2025-10-26 12:00:00+00:00,113648.1
2025-10-26 16:00:00+00:00,113546.3
2025-10-26 20:00:00+00:00,114497.8
2025-10-27 00:00:00+00:00,114927.7
2025-10-27 04:00:00+00:00,115522.5
2025-10-27 08:00:00+00:00,115302.3
2025-10-27 12:00:00+00:00,114914.4
2025-10-27 16:00:00+00:00,114894.9
2025-10-27 20:00:00+00:00,114064.1
2025-10-28 00:00:00+00:00,113863.9
2025-10-28 04:00:00+00:00,114128.7
2025-10-28 08:00:00+00:00,114290.7
2025-10-28 12:00:00+00:00,114571.9
2025-10-28 16:00:00+00:00,113629.0
2025-10-28 20:00:00+00:00,112833.5
2025-10-29 00:00:00+00:00,112459.6
2025-10-29 04:00:00+00:00,113511.9
2025-10-29 08:00:00+00:00,113084.5
2025-10-29 12:00:00+00:00,111460.6
2025-10-29 16:00:00+00:00,110605.6
2025-10-29 20:00:00+00:00,109985.6
2025-10-30 00:00:00+00:00,110694.5
2025-10-30 04:00:00+00:00,111313.5
2025-10-30 08:00:00+00:00,109666.0
2025-10-30 12:00:00+00:00,107670.6
2025-10-30 16:00:00+00:00,106495.1
2025-10-30 20:00:00+00:00,108263.5
2025-10-31 00:00:00+00:00,109186.2
2025-10-31 04:00:00+00:00,109400.1
2025-10-31 08:00:00+00:00,110375.7
2025-10-31 12:00:00+00:00,110160.1
2025-10-31 16:00:00+00:00,109802.8
2025-10-31 20:00:00+00:00,109557.3
2025-11-01 00:00:00+00:00,110194.6
2025-11-01 04:00:00+00:00,110025.3
2025-11-01 08:00:00+00:00,110096.2
2025-11-01 12:00:00+00:00,110253.2
2025-11-01 16:00:00+00:00,110249.0
2025-11-01 20:00:00+00:00,110047.2
2025-11-02 00:00:00+00:00,110008.5
2025-11-02 04:00:00+00:00,110844.1
2025-11-02 08:00:00+00:00,111145.4
2025-11-02 12:00:00+00:00,110066.1
2025-11-02 16:00:00+00:00,110125.2
2025-11-02 20:00:00+00:00,110494.9
2025-11-03 00:00:00+00:00,107886.0
2025-11-03 04:00:00+00:00,107420.5
2025-11-03 08:00:00+00:00,107737.4
2025-11-03 12:00:00+00:00,105718.8
2025-11-03 16:00:00+00:00,107034.7
2025-11-03 20:00:00+00:00,106544.0
2025-11-04 00:00:00+00:00,107097.2
2025-11-04 04:00:00+00:00,104442.9
2025-11-04 08:00:00+00:00,104530.7
2025-11-04 12:00:00+00:00,103157.7
2025-11-04 16:00:00+00:00,100507.0
2025-11-04 20:00:00+00:00,101450.3
2025-11-05 00:00:00+00:00,102094.8
2025-11-05 04:00:00+00:00,101946.1
2025-11-05 08:00:00+00:00,102019.4
2025-11-05 12:00:00+00:00,103668.3
2025-11-05 16:00:00+00:00,103950.0
2025-11-05 20:00:00+00:00,103837.0
2025-11-06 00:00:00+00:00,103598.3
2025-11-06 04:00:00+00:00,103138.6
2025-11-06 08:00:00+00:00,103182.6
2025-11-06 12:00:00+00:00,101981.6
2025-11-06 16:00:00+00:00,101335.9
2025-11-06 20:00:00+00:00,101305.6
2025-11-07 00:00:00+00:00,101863.5
2025-11-07 04:00:00+00:00,101978.8
2025-11-07 08:00:00+00:00,100369.1
2025-11-07 12:00:00+00:00,100758.0
2025-11-07 16:00:00+00:00,103350.0
2025-11-07 20:00:00+00:00,103305.2
2025-11-08 00:00:00+00:00,102545.8
2025-11-08 04:00:00+00:00,102302.9
2025-11-08 08:00:00+00:00,101805.6
2025-11-08 12:00:00+00:00,101678.0
2025-11-08 16:00:00+00:00,101934.3
2025-11-08 20:00:00+00:00,102269.3
2025-11-09 00:00:00+00:00,101622.9
2025-11-09 04:00:00+00:00,101898.2
2025-11-09 08:00:00+00:00,102198.2
2025-11-09 12:00:00+00:00,103715.8
2025-11-09 16:00:00+00:00,104764.1
2025-11-09 20:00:00+00:00,104670.6
2025-11-10 00:00:00+00:00,105990.6
2025-11-10 04:00:00+00:00,106417.7
2025-11-10 08:00:00+00:00,106136.6
2025-11-10 12:00:00+00:00,105028.9
2025-11-10 16:00:00+00:00,105767.2
2025-11-10 20:00:00+00:00,105966.3
2025-11-11 00:00:00+00:00,106407.3
2025-11-11 04:00:00+00:00,104737.0
2025-11-11 08:00:00+00:00,105256.2
2025-11-11 12:00:00+00:00,103417.2
2025-11-11 16:00:00+00:00,103073.6
2025-11-11 20:00:00+00:00,103005.8
2025-11-12 00:00:00+00:00,103267.2
2025-11-12 04:00:00+00:00,103066.7
2025-11-12 08:00:00+00:00,104979.9
2025-11-12 12:00:00+00:00,102124.9
2025-11-12 16:00:00+00:00,101245.4
2025-11-12 20:00:00+00:00,101605.8
2025-11-13 00:00:00+00:00,102088.1
2025-11-13 04:00:00+00:00,103430.9
2025-11-13 08:00:00+00:00,102900.0
2025-11-13 12:00:00+00:00,101338.0
2025-11-13 16:00:00+00:00,98643.1
2025-11-13 20:00:00+00:00,99654.3
2025-11-14 00:00:00+00:00,99103.3
2025-11-14 04:00:00+00:00,97099.9
2025-11-14 08:00:00+00:00,96134.6
2025-11-14 12:00:00+00:00,96752.6
2025-11-14 16:00:00+00:00,95737.3
2025-11-14 20:00:00+00:00,94544.9
2025-11-15 00:00:00+00:00,96388.5
2025-11-15 04:00:00+00:00,96289.4
2025-11-15 08:00:00+00:00,95657.3
2025-11-15 12:00:00+00:00,96222.1
2025-11-15 16:00:00+00:00,95967.7
2025-11-15 20:00:00+00:00,95560.3
2025-11-16 00:00:00+00:00,95782.0
2025-11-16 04:00:00+00:00,96064.8
2025-11-16 08:00:00+00:00,95588.0
2025-11-16 12:00:00+00:00,94531.3
2025-11-16 16:00:00+00:00,93994.5
2025-11-16 20:00:00+00:00,94221.7
2025-11-17 00:00:00+00:00,95472.1
2025-11-17 04:00:00+00:00,95587.9
2025-11-17 08:00:00+00:00,95530.1
2025-11-17 12:00:00+00:00,93915.7
2025-11-17 16:00:00+00:00,91656.2
2025-11-17 20:00:00+00:00,92169.7
2025-11-18 00:00:00+00:00,90811.9
2025-11-18 04:00:00+00:00,90459.1
2025-11-18 08:00:00+00:00,91473.6
2025-11-18 12:00:00+00:00,92851.4
2025-11-18 16:00:00+00:00,93143.1
2025-11-18 20:00:00+00:00,92916.9
2025-11-19 00:00:00+00:00,91842.2
2025-11-19 04:00:00+00:00,91826.6
2025-11-19 08:00:00+00:00,91372.4
2025-11-19 12:00:00+00:00,89901.0
2025-11-19 16:00:00+00:00,88857.7
2025-11-19 20:00:00+00:00,91508.9
2025-11-20 00:00:00+00:00,92404.6
2025-11-20 04:00:00+00:00,92267.4
2025-11-20 08:00:00+00:00,91892.6
2025-11-20 12:00:00+00:00,89835.4
2025-11-20 16:00:00+00:00,86880.3
2025-11-20 20:00:00+00:00,86601.3
2025-11-21 00:00:00+00:00,85782.5
2025-11-21 04:00:00+00:00,84006.7
2025-11-21 08:00:00+00:00,82279.1
2025-11-21 12:00:00+00:00,82905.1
2025-11-21 16:00:00+00:00,84167.2
2025-11-21 20:00:00+00:00,85093.5
2025-11-22 00:00:00+00:00,84414.1
2025-11-22 04:00:00+00:00,84537.4
2025-11-22 08:00:00+00:00,84066.2
2025-11-22 12:00:00+00:00,84239.9
2025-11-22 16:00:00+00:00,84566.7
2025-11-22 20:00:00+00:00,84689.4
2025-11-23 00:00:00+00:00,86261.0
2025-11-23 04:00:00+00:00,85732.0
2025-11-23 08:00:00+00:00,86290.3
2025-11-23 12:00:00+00:00,87042.8
2025-11-23 16:00:00+00:00,87276.7
2025-11-23 20:00:00+00:00,86807.7
2025-11-24 00:00:00+00:00,87408.8
2025-11-24 04:00:00+00:00,87004.6
2025-11-24 08:00:00+00:00,86232.5
2025-11-24 12:00:00+00:00,86571.0
2025-11-24 16:00:00+00:00,88277.0
2025-11-24 20:00:00+00:00,88247.1
2025-11-25 00:00:00+00:00,87775.1
2025-11-25 04:00:00+00:00,87362.2
2025-11-25 08:00:00+00:00,87311.9
2025-11-25 12:00:00+00:00,86946.5
2025-11-25 16:00:00+00:00,86835.0
2025-11-25 20:00:00+00:00,87324.1
2025-11-26 00:00:00+00:00,87088.5
2025-11-26 04:00:00+00:00,87896.2
2025-11-26 08:00:00+00:00,87049.2
2025-11-26 12:00:00+00:00,86926.2
2025-11-26 16:00:00+00:00,89923.3
2025-11-26 20:00:00+00:00,90438.1
2025-11-27 00:00:00+00:00,91049.3
2025-11-27 04:00:00+00:00,91361.5
2025-11-27 08:00:00+00:00,91334.9
2025-11-27 12:00:00+00:00,90912.9
2025-11-27 16:00:00+00:00,91489.0
2025-11-27 20:00:00+00:00,91292.2
2025-11-28 00:00:00+00:00,91168.0
2025-11-28 04:00:00+00:00,90870.2
2025-11-28 08:00:00+00:00,91382.9
2025-11-28 12:00:00+00:00,92299.9
2025-11-28 16:00:00+00:00,91106.1
2025-11-28 20:00:00+00:00,90847.8
2025-11-29 00:00:00+00:00,90638.0
2025-11-29 04:00:00+00:00,90523.5
2025-11-29 08:00:00+00:00,90633.7
2025-11-29 12:00:00+00:00,91030.0
2025-11-29 16:00:00+00:00,90602.9
2025-11-29 20:00:00+00:00,90765.0
2025-11-30 00:00:00+00:00,90873.0
2025-11-30 04:00:00+00:00,90924.5
2025-11-30 08:00:00+00:00,91000.9
2025-11-30 12:00:00+00:00,91405.8
2025-11-30 16:00:00+00:00,91423.2
2025-11-30 20:00:00+00:00,90320.6
2025-12-01 00:00:00+00:00,86319.2
2025-12-01 04:00:00+00:00,86487.6
2025-12-01 08:00:00+00:00,86100.1
2025-12-01 12:00:00+00:00,84650.0
2025-12-01 16:00:00+00:00,84985.0
2025-12-01 20:00:00+00:00,86241.6
2025-12-02 00:00:00+00:00,86936.0
2025-12-02 04:00:00+00:00,86965.0
2025-12-02 08:00:00+00:00,87326.9
2025-12-02 12:00:00+00:00,90809.2
2025-12-02 16:00:00+00:00,91849.9
2025-12-02 20:00:00+00:00,91249.1
2025-12-03 00:00:00+00:00,92589.2
2025-12-03 04:00:00+00:00,92969.9
2025-12-03 08:00:00+00:00,92957.7
2025-12-03 12:00:00+00:00,92332.9
2025-12-03 16:00:00+00:00,92995.8
2025-12-03 20:00:00+00:00,93376.7
2025-12-04 00:00:00+00:00,93499.9
2025-12-04 04:00:00+00:00,93358.6
2025-12-04 08:00:00+00:00,92894.9
2025-12-04 12:00:00+00:00,92933.5
2025-12-04 16:00:00+00:00,91941.5
2025-12-04 20:00:00+00:00,92034.7
2025-12-05 00:00:00+00:00,92104.9
2025-12-05 04:00:00+00:00,92227.5
2025-12-05 08:00:00+00:00,91307.9
2025-12-05 12:00:00+00:00,90414.0
2025-12-05 16:00:00+00:00,89590.5
2025-12-05 20:00:00+00:00,89288.5
2025-12-06 00:00:00+00:00,89636.5
2025-12-06 04:00:00+00:00,89549.6
2025-12-06 08:00:00+00:00,89585.4
2025-12-06 12:00:00+00:00,89713.4
2025-12-06 16:00:00+00:00,89369.4
2025-12-06 20:00:00+00:00,89197.1
2025-12-07 00:00:00+00:00,89675.6
2025-12-07 04:00:00+00:00,89337.1
2025-12-07 08:00:00+00:00,89109.4
2025-12-07 12:00:00+00:00,89505.0
2025-12-07 16:00:00+00:00,91379.7
2025-12-07 20:00:00+00:00,90345.4
2025-12-08 00:00:00+00:00,91039.4
2025-12-08 04:00:00+00:00,91519.8
2025-12-08 08:00:00+00:00,91923.5
2025-12-08 12:00:00+00:00,89912.6
2025-12-08 16:00:00+00:00,90073.6
2025-12-08 20:00:00+00:00,90610.8
2025-12-09 00:00:00+00:00,90364.0
2025-12-09 04:00:00+00:00,90449.9
2025-12-09 08:00:00+00:00,90341.9
2025-12-09 12:00:00+00:00,92676.9
2025-12-09 16:00:00+00:00,93761.9
2025-12-09 20:00:00+00:00,92638.4
2025-12-10 00:00:00+00:00,92366.0
2025-12-10 04:00:00+00:00,92744.7
2025-12-10 08:00:00+00:00,92085.5
2025-12-10 12:00:00+00:00,92021.8
2025-12-10 16:00:00+00:00,92913.8
2025-12-10 20:00:00+00:00,91977.5
2025-12-11 00:00:00+00:00,89833.1
2025-12-11 04:00:00+00:00,90231.4
2025-12-11 08:00:00+00:00,90195.3
2025-12-11 12:00:00+00:00,89830.1
2025-12-11 16:00:00+00:00,90793.5
2025-12-11 20:00:00+00:00,92477.5
2025-12-12 00:00:00+00:00,92234.3
2025-12-12 04:00:00+00:00,92389.5
2025-12-12 08:00:00+00:00,92381.5
2025-12-12 12:00:00+00:00,89895.0
2025-12-12 16:00:00+00:00,90147.3
2025-12-12 20:00:00+00:00,90229.6
2025-12-13 00:00:00+00:00,90304.0
2025-12-13 04:00:00+00:00,90286.1
2025-12-13 08:00:00+00:00,90298.4
2025-12-13 12:00:00+00:00,90055.4
2025-12-13 16:00:00+00:00,90150.9
2025-12-13 20:00:00+00:00,90191.3
2025-12-14 00:00:00+00:00,90222.3
2025-12-14 04:00:00+00:00,90205.1
2025-12-14 08:00:00+00:00,89308.2
2025-12-14 12:00:00+00:00,88985.2
2025-12-14 16:00:00+00:00,88598.7
2025-12-14 20:00:00+00:00,88118.8
2025-12-15 00:00:00+00:00,89239.9
2025-12-15 04:00:00+00:00,89703.0
2025-12-15 08:00:00+00:00,89606.0
2025-12-15 12:00:00+00:00,86996.6
2025-12-15 16:00:00+00:00,86104.2
2025-12-15 20:00:00+00:00,86389.9
2025-12-16 00:00:00+00:00,85837.7
2025-12-16 04:00:00+00:00,85964.8
2025-12-16 08:00:00+00:00,87216.6
2025-12-16 12:00:00+00:00,87936.3
2025-12-16 16:00:00+00:00,87538.7
2025-12-16 20:00:00+00:00,87826.3
2025-12-17 00:00:00+00:00,87178.1
2025-12-17 04:00:00+00:00,87010.4
2025-12-17 08:00:00+00:00,86939.3
2025-12-17 12:00:00+00:00,87191.4
2025-12-17 16:00:00+00:00,85982.7
2025-12-17 20:00:00+00:00,86201.6
2025-12-18 00:00:00+00:00,86575.1
2025-12-18 04:00:00+00:00,86787.5
2025-12-18 08:00:00+00:00,87268.1
2025-12-18 12:00:00+00:00,88480.8
2025-12-18 16:00:00+00:00,84447.0
2025-12-18 20:00:00+00:00,85469.7
2025-12-19 00:00:00+00:00,86863.1
2025-12-19 04:00:00+00:00,87909.7
2025-12-19 08:00:00+00:00,88169.9
2025-12-19 12:00:00+00:00,87925.6
2025-12-19 16:00:00+00:00,87812.8
2025-12-19 20:00:00+00:00,88100.0
2025-12-20 00:00:00+00:00,88165.3
2025-12-20 04:00:00+00:00,88239.9
2025-12-20 08:00:00+00:00,88243.6
2025-12-20 12:00:00+00:00,88134.6
2025-12-20 16:00:00+00:00,88196.3
2025-12-20 20:00:00+00:00,88320.8
2025-12-21 00:00:00+00:00,88043.2
2025-12-21 04:00:00+00:00,88138.7
2025-12-21 08:00:00+00:00,88570.6
2025-12-21 12:00:00+00:00,88024.7
2025-12-21 16:00:00+00:00,88448.2
2025-12-21 20:00:00+00:00,88621.3
2025-12-22 00:00:00+00:00,88727.5
2025-12-22 04:00:00+00:00,89127.7
2025-12-22 08:00:00+00:00,89905.2
2025-12-22 12:00:00+00:00,89688.5
2025-12-22 16:00:00+00:00,88011.1
2025-12-22 20:00:00+00:00,88581.5
2025-12-23 00:00:00+00:00,88128.2
2025-12-23 04:00:00+00:00,87531.3
2025-12-23 08:00:00+00:00,87813.9
2025-12-23 12:00:00+00:00,87405.3
2025-12-23 16:00:00+00:00,87724.2
2025-12-23 20:00:00+00:00,87463.0
2025-12-24 00:00:00+00:00,87311.4
2025-12-24 04:00:00+00:00,86868.1
2025-12-24 08:00:00+00:00,87162.6
2025-12-24 12:00:00+00:00,87012.0
2025-12-24 16:00:00+00:00,87521.4
2025-12-24 20:00:00+00:00,87627.3
2025-12-25 00:00:00+00:00,87811.6
2025-12-25 04:00:00+00:00,87795.9
2025-12-25 08:00:00+00:00,87485.2
2025-12-25 12:00:00+00:00,88338.9
2025-12-25 16:00:00+00:00,88112.3
2025-12-25 20:00:00+00:00,87182.8
2025-12-26 00:00:00+00:00,88796.2
2025-12-26 04:00:00+00:00,88433.0
2025-12-26 08:00:00+00:00,88507.5
2025-12-26 12:00:00+00:00,87100.0
2025-12-26 16:00:00+00:00,87453.7
2025-12-26 20:00:00+00:00,87318.2
2025-12-27 00:00:00+00:00,87473.4
2025-12-27 04:00:00+00:00,87490.9
2025-12-27 08:00:00+00:00,87433.6
2025-12-27 12:00:00+00:00,87516.2
2025-12-27 16:00:00+00:00,87522.4
2025-12-27 20:00:00+00:00,87829.4
2025-12-28 00:00:00+00:00,87693.0
2025-12-28 04:00:00+00:00,87697.7
2025-12-28 08:00:00+00:00,87850.8
2025-12-28 12:00:00+00:00,87797.7
2025-12-28 16:00:00+00:00,87488.6
2025-12-28 20:00:00+00:00,87920.5
2025-12-29 00:00:00+00:00,90091.6
2025-12-29 04:00:00+00:00,89583.0
2025-12-29 08:00:00+00:00,87529.0
2025-12-29 12:00:00+00:00,87636.6
2025-12-29 16:00:00+00:00,87328.9
2025-12-29 20:00:00+00:00,87203.3
2025-12-30 00:00:00+00:00,87334.7
2025-12-30 04:00:00+00:00,87457.5
2025-12-30 08:00:00+00:00,87875.2
2025-12-30 12:00:00+00:00,88966.8
2025-12-30 16:00:00+00:00,88189.7
2025-12-30 20:00:00+00:00,88455.3
2025-12-31 00:00:00+00:00,88411.5
2025-12-31 04:00:00+00:00,88569.0
2025-12-31 08:00:00+00:00,88967.6
2025-12-31 12:00:00+00:00,87909.0
2025-12-31 16:00:00+00:00,87515.0
2025-12-31 20:00:00+00:00,87608.2
2026-01-01 00:00:00+00:00,87824.6
2026-01-01 04:00:00+00:00,87603.7
2026-01-01 08:00:00+00:00,87980.1
2026-01-01 12:00:00+00:00,87986.8
2026-01-01 16:00:00+00:00,88354.8
2026-01-01 20:00:00+00:00,88800.0
2026-01-02 00:00:00+00:00,88899.3
2026-01-02 04:00:00+00:00,88829.3
2026-01-02 08:00:00+00:00,89458.3
2026-01-02 12:00:00+00:00,89373.1
2026-01-02 16:00:00+00:00,89865.0
2026-01-02 20:00:00+00:00,89951.4
2026-01-03 00:00:00+00:00,90279.9
2026-01-03 04:00:00+00:00,89535.9
2026-01-03 08:00:00+00:00,89706.4
2026-01-03 12:00:00+00:00,89931.8
2026-01-03 16:00:00+00:00,90091.8
2026-01-03 20:00:00+00:00,90595.8
2026-01-04 00:00:00+00:00,91192.7
2026-01-04 04:00:00+00:00,91477.5
2026-01-04 08:00:00+00:00,91262.7
2026-01-04 12:00:00+00:00,91292.8
2026-01-04 16:00:00+00:00,91102.9
2026-01-04 20:00:00+00:00,91497.1
2026-01-05 00:00:00+00:00,92835.2
2026-01-05 04:00:00+00:00,92492.1
2026-01-05 08:00:00+00:00,93093.3
2026-01-05 12:00:00+00:00,93899.9
2026-01-05 16:00:00+00:00,94248.6
2026-01-05 20:00:00+00:00,93822.4
2026-01-06 00:00:00+00:00,93725.8
2026-01-06 04:00:00+00:00,93207.4
2026-01-06 08:00:00+00:00,93799.9
2026-01-06 12:00:00+00:00,93608.2
2026-01-06 16:00:00+00:00,92062.2
2026-01-06 20:00:00+00:00,93708.0
2026-01-07 00:00:00+00:00,92778.2
2026-01-07 04:00:00+00:00,92848.1
2026-01-07 08:00:00+00:00,92041.9
2026-01-07 12:00:00+00:00,91303.1
2026-01-07 16:00:00+00:00,91143.6
2026-01-07 20:00:00+00:00,91328.0
2026-01-08 00:00:00+00:00,90780.1
2026-01-08 04:00:00+00:00,90509.9
2026-01-08 08:00:00+00:00,90192.3
2026-01-08 12:00:00+00:00,90730.0
2026-01-08 16:00:00+00:00,90890.9
2026-01-08 20:00:00+00:00,91059.8
2026-01-09 00:00:00+00:00,91190.1
2026-01-09 04:00:00+00:00,90712.1
2026-01-09 08:00:00+00:00,90398.1
2026-01-09 12:00:00+00:00,91137.7
2026-01-09 16:00:00+00:00,90290.6
2026-01-09 20:00:00+00:00,90603.6
2026-01-10 00:00:00+00:00,90591.3
2026-01-10 04:00:00+00:00,90627.1
2026-01-10 08:00:00+00:00,90692.8
2026-01-10 12:00:00+00:00,90622.7
2026-01-10 16:00:00+00:00,90591.4
2026-01-10 20:00:00+00:00,90469.6
2026-01-11 00:00:00+00:00,90696.5
2026-01-11 04:00:00+00:00,90664.0
2026-01-11 08:00:00+00:00,90707.3
2026-01-11 12:00:00+00:00,90834.1
2026-01-11 16:00:00+00:00,90644.7
2026-01-11 20:00:00+00:00,90964.4
2026-01-12 00:00:00+00:00,91766.2
2026-01-12 04:00:00+00:00,91369.2
2026-01-12 08:00:00+00:00,90573.9
2026-01-12 12:00:00+00:00,91618.7
2026-01-12 16:00:00+00:00,91821.9
2026-01-12 20:00:00+00:00,91252.6
2026-01-13 00:00:00+00:00,91380.9
2026-01-13 04:00:00+00:00,91908.0
2026-01-13 08:00:00+00:00,91962.1
2026-01-13 12:00:00+00:00,93407.9
2026-01-13 16:00:00+00:00,94179.5
2026-01-13 20:00:00+00:00,95375.2
2026-01-14 00:00:00+00:00,95665.7
2026-01-14 04:00:00+00:00,95166.6
2026-01-14 08:00:00+00:00,94763.6
2026-01-14 12:00:00+00:00,96691.9
2026-01-14 16:00:00+00:00,97221.8
2026-01-14 20:00:00+00:00,96907.9
2026-01-15 00:00:00+00:00,95943.1
2026-01-15 04:00:00+00:00,96601.2
2026-01-15 08:00:00+00:00,96548.9
2026-01-15 12:00:00+00:00,96717.3
2026-01-15 16:00:00+00:00,95469.2
2026-01-15 20:00:00+00:00,95567.3
2026-01-16 00:00:00+00:00,95319.6
2026-01-16 04:00:00+00:00,95608.4
2026-01-16 08:00:00+00:00,95382.6
2026-01-16 12:00:00+00:00,94537.5
2026-01-16 16:00:00+00:00,94961.0
2026-01-16 20:00:00+00:00,95503.7
2026-01-17 00:00:00+00:00,95324.0
2026-01-17 04:00:00+00:00,95061.1
2026-01-17 08:00:00+00:00,95283.9
2026-01-17 12:00:00+00:00,95529.0
2026-01-17 16:00:00+00:00,95258.3
2026-01-17 20:00:00+00:00,95107.9
2026-01-18 00:00:00+00:00,95155.0
2026-01-18 04:00:00+00:00,94989.9
2026-01-18 08:00:00+00:00,95133.4
2026-01-18 12:00:00+00:00,95067.8
2026-01-18 16:00:00+00:00,95335.6
2026-01-18 20:00:00+00:00,93614.0
2026-01-19 00:00:00+00:00,92656.6
2026-01-19 04:00:00+00:00,92787.9
2026-01-19 08:00:00+00:00,93136.7
2026-01-19 12:00:00+00:00,93013.5
2026-01-19 16:00:00+00:00,93066.2
2026-01-19 20:00:00+00:00,92589.6
2026-01-20 00:00:00+00:00,92397.0
2026-01-20 04:00:00+00:00,91136.1
2026-01-20 08:00:00+00:00,91185.8
2026-01-20 12:00:00+00:00,90644.2
2026-01-20 16:00:00+00:00,89694.1
2026-01-20 20:00:00+00:00,88390.6
2026-01-21 00:00:00+00:00,89396.0
2026-01-21 04:00:00+00:00,89171.3
2026-01-21 08:00:00+00:00,88757.1
2026-01-21 12:00:00+00:00,90237.1
2026-01-21 16:00:00+00:00,90321.9
2026-01-21 20:00:00+00:00,89411.4
2026-01-22 00:00:00+00:00,89857.0
2026-01-22 04:00:00+00:00,89772.6
2026-01-22 08:00:00+00:00,89909.6
2026-01-22 12:00:00+00:00,88953.6
2026-01-22 16:00:00+00:00,89732.9
2026-01-22 20:00:00+00:00,89518.5
2026-01-23 00:00:00+00:00,89886.1
2026-01-23 04:00:00+00:00,89497.2
2026-01-23 08:00:00+00:00,89171.2
2026-01-23 12:00:00+00:00,89711.2
2026-01-23 16:00:00+00:00,89938.3
2026-01-23 20:00:00+00:00,89558.7
2026-01-24 00:00:00+00:00,89738.4
2026-01-24 04:00:00+00:00,89581.2
2026-01-24 08:00:00+00:00,89548.5
2026-01-24 12:00:00+00:00,89235.0
2026-01-24 16:00:00+00:00,89286.0
2026-01-24 20:00:00+00:00,89180.7
2026-01-25 00:00:00+00:00,88920.0
2026-01-25 04:00:00+00:00,88630.3
2026-01-25 08:00:00+00:00,88531.0
2026-01-25 12:00:00+00:00,88406.0
2026-01-25 16:00:00+00:00,86459.4
2026-01-25 20:00:00+00:00,86628.9
2026-01-26 00:00:00+00:00,87233.1
2026-01-26 04:00:00+00:00,87968.9
2026-01-26 08:00:00+00:00,87810.0
2026-01-26 12:00:00+00:00,87609.5
2026-01-26 16:00:00+00:00,87965.6
2026-01-26 20:00:00+00:00,88300.6
2026-01-27 00:00:00+00:00,88744.6
2026-01-27 04:00:00+00:00,88287.9
2026-01-27 08:00:00+00:00,87947.5
2026-01-27 12:00:00+00:00,88000.1
2026-01-27 16:00:00+00:00,88378.1
2026-01-27 20:00:00+00:00,89197.8
2026-01-28 00:00:00+00:00,89079.8
2026-01-28 04:00:00+00:00,89106.8
2026-01-28 08:00:00+00:00,90036.9
2026-01-28 12:00:00+00:00,89444.4
2026-01-28 16:00:00+00:00,89363.6
2026-01-28 20:00:00+00:00,89261.7
2026-01-29 00:00:00+00:00,88003.2
2026-01-29 04:00:00+00:00,88310.9
2026-01-29 08:00:00+00:00,87795.2
2026-01-29 12:00:00+00:00,84898.0
2026-01-29 16:00:00+00:00,83979.4
2026-01-29 20:00:00+00:00,84604.7
2026-01-30 00:00:00+00:00,82640.9
2026-01-30 04:00:00+00:00,82770.1
2026-01-30 08:00:00+00:00,83104.8
2026-01-30 12:00:00+00:00,82850.2
2026-01-30 16:00:00+00:00,84200.0
2026-01-30 20:00:00+00:00,84211.4
2026-01-31 00:00:00+00:00,83987.5
2026-01-31 04:00:00+00:00,83514.4
2026-01-31 08:00:00+00:00,82983.2
2026-01-31 12:00:00+00:00,81268.6
2026-01-31 16:00:00+00:00,77707.9
2026-01-31 20:00:00+00:00,78706.8
2026-02-01 00:00:00+00:00,78826.3
2026-02-01 04:00:00+00:00,78320.8
2026-02-01 08:00:00+00:00,78712.1
2026-02-01 12:00:00+00:00,77563.8
2026-02-01 16:00:00+00:00,77142.4
2026-02-01 20:00:00+00:00,76931.5
2026-02-02 00:00:00+00:00,76256.2
2026-02-02 04:00:00+00:00,76612.6
2026-02-02 08:00:00+00:00,77716.1
2026-02-02 12:00:00+00:00,78800.6
2026-02-02 16:00:00+00:00,78299.2
2026-02-02 20:00:00+00:00,78692.5
2026-02-03 00:00:00+00:00,78710.7
2026-02-03 04:00:00+00:00,78749.9
2026-02-03 08:00:00+00:00,78040.1
2026-02-03 12:00:00+00:00,78094.1
2026-02-03 16:00:00+00:00,74893.8
2026-02-03 20:00:00+00:00,75732.4
2026-02-04 00:00:00+00:00,76661.1
2026-02-04 04:00:00+00:00,76478.9
2026-02-04 08:00:00+00:00,75987.6
2026-02-04 12:00:00+00:00,74107.0
2026-02-04 16:00:00+00:00,73895.3
2026-02-04 20:00:00+00:00,73137.4
2026-02-05 00:00:00+00:00,71198.9
2026-02-05 04:00:00+00:00,70716.1
2026-02-05 08:00:00+00:00,70279.0
2026-02-05 12:00:00+00:00,67451.9
2026-02-05 16:00:00+00:00,65237.4
2026-02-05 20:00:00+00:00,62868.1
2026-02-06 00:00:00+00:00,64138.1
2026-02-06 04:00:00+00:00,64811.2
2026-02-06 08:00:00+00:00,66586.1
2026-02-06 12:00:00+00:00,68577.5
2026-02-06 16:00:00+00:00,70675.5
2026-02-06 20:00:00+00:00,70544.5
2026-02-07 00:00:00+00:00,70887.1
2026-02-07 04:00:00+00:00,68050.5
2026-02-07 08:00:00+00:00,67935.1
2026-02-07 12:00:00+00:00,69122.1
2026-02-07 16:00:00+00:00,69341.4
2026-02-07 20:00:00+00:00,69254.2
2026-02-08 00:00:00+00:00,69064.7
2026-02-08 04:00:00+00:00,69665.0
2026-02-08 08:00:00+00:00,70954.0
2026-02-08 12:00:00+00:00,71152.6
2026-02-08 16:00:00+00:00,71381.0
2026-02-08 20:00:00+00:00,70288.1
2026-02-09 00:00:00+00:00,71269.9
2026-02-09 04:00:00+00:00,70393.5
2026-02-09 08:00:00+00:00,68899.9
2026-02-09 12:00:00+00:00,69528.9
2026-02-09 16:00:00+00:00,70912.7
2026-02-09 20:00:00+00:00,70110.5
2026-02-10 00:00:00+00:00,69473.3
2026-02-10 04:00:00+00:00,68882.1
2026-02-10 08:00:00+00:00,68489.9
2026-02-10 12:00:00+00:00,69251.5
2026-02-10 16:00:00+00:00,69031.4
2026-02-10 20:00:00+00:00,68805.3
2026-02-11 00:00:00+00:00,68143.6
2026-02-11 04:00:00+00:00,67000.0
2026-02-11 08:00:00+00:00,67023.0
2026-02-11 12:00:00+00:00,66489.3
2026-02-11 16:00:00+00:00,67547.7
2026-02-11 20:00:00+00:00,67054.4
2026-02-12 00:00:00+00:00,67550.2
2026-02-12 04:00:00+00:00,67181.5
2026-02-12 08:00:00+00:00,68031.8
2026-02-12 12:00:00+00:00,67107.0
2026-02-12 16:00:00+00:00,65760.7
2026-02-12 20:00:00+00:00,66243.1
2026-02-13 00:00:00+00:00,66519.6
2026-02-13 04:00:00+00:00,66183.3
2026-02-13 08:00:00+00:00,67137.8
2026-02-13 12:00:00+00:00,68652.0
2026-02-13 16:00:00+00:00,68904.2
2026-02-13 20:00:00+00:00,68821.5
2026-02-14 00:00:00+00:00,68947.7
2026-02-14 04:00:00+00:00,69182.2
2026-02-14 08:00:00+00:00,70464.8
2026-02-14 12:00:00+00:00,69754.2
2026-02-14 16:00:00+00:00,69849.0
2026-02-14 20:00:00+00:00,69795.4
2026-02-15 00:00:00+00:00,69926.0
2026-02-15 04:00:00+00:00,70784.0
2026-02-15 08:00:00+00:00,70268.7
2026-02-15 12:00:00+00:00,69068.1
2026-02-15 16:00:00+00:00,68263.6
2026-02-15 20:00:00+00:00,68796.9
2026-02-16 00:00:00+00:00,68392.6
2026-02-16 04:00:00+00:00,68552.4
2026-02-16 08:00:00+00:00,68769.4
2026-02-16 12:00:00+00:00,67505.5
2026-02-16 16:00:00+00:00,67883.6
2026-02-16 20:00:00+00:00,68862.5
2026-02-17 00:00:00+00:00,68443.6
2026-02-17 04:00:00+00:00,68353.4
2026-02-17 08:00:00+00:00,67824.4
2026-02-17 12:00:00+00:00,67363.6
2026-02-17 16:00:00+00:00,67766.9
2026-02-17 20:00:00+00:00,67475.9
2026-02-18 00:00:00+00:00,67590.2
2026-02-18 04:00:00+00:00,68078.4
2026-02-18 08:00:00+00:00,67345.4
2026-02-18 12:00:00+00:00,67671.0
2026-02-18 16:00:00+00:00,66138.2
2026-02-18 20:00:00+00:00,66422.8
2026-02-19 00:00:00+00:00,66950.4
2026-02-19 04:00:00+00:00,67180.4
2026-02-19 08:00:00+00:00,66468.9
2026-02-19 12:00:00+00:00,66362.7
2026-02-19 16:00:00+00:00,67022.9
2026-02-19 20:00:00+00:00,66974.0
2026-02-20 00:00:00+00:00,67327.2
2026-02-20 04:00:00+00:00,67794.7
2026-02-20 08:00:00+00:00,67290.5
2026-02-20 12:00:00+00:00,67547.6
2026-02-20 16:00:00+00:00,67616.5
2026-02-20 20:00:00+00:00,67979.3
2026-02-21 00:00:00+00:00,67637.0
2026-02-21 04:00:00+00:00,67821.0
2026-02-21 08:00:00+00:00,68060.9
2026-02-21 12:00:00+00:00,68571.5
2026-02-21 16:00:00+00:00,68516.3
2026-02-21 20:00:00+00:00,67933.1
2026-02-22 00:00:00+00:00,68010.5
2026-02-22 04:00:00+00:00,67973.0
2026-02-22 08:00:00+00:00,68183.4
2026-02-22 12:00:00+00:00,67659.9
2026-02-22 16:00:00+00:00,67402.2
2026-02-22 20:00:00+00:00,67613.5
2026-02-23 00:00:00+00:00,64894.0
2026-02-23 04:00:00+00:00,65915.8
2026-02-23 08:00:00+00:00,66170.8
2026-02-23 12:00:00+00:00,65633.1
2026-02-23 16:00:00+00:00,64273.9
2026-02-23 20:00:00+00:00,64625.8
2026-02-24 00:00:00+00:00,63570.5
2026-02-24 04:00:00+00:00,63155.3
2026-02-24 08:00:00+00:00,63192.2
2026-02-24 12:00:00+00:00,63933.4
2026-02-24 16:00:00+00:00,64405.4
2026-02-24 20:00:00+00:00,64031.3
2026-02-25 00:00:00+00:00,65361.7
2026-02-25 04:00:00+00:00,65001.1
2026-02-25 08:00:00+00:00,65396.7
2026-02-25 12:00:00+00:00,67362.3
2026-02-25 16:00:00+00:00,69005.2
2026-02-25 20:00:00+00:00,67952.5
2026-02-26 00:00:00+00:00,68187.5
2026-02-26 04:00:00+00:00,67800.0
2026-02-26 08:00:00+00:00,68025.2
2026-02-26 12:00:00+00:00,67353.4
2026-02-26 16:00:00+00:00,67550.7
2026-02-26 20:00:00+00:00,67448.2
2026-02-27 00:00:00+00:00,67557.4
2026-02-27 04:00:00+00:00,67644.1
2026-02-27 08:00:00+00:00,66094.1
2026-02-27 12:00:00+00:00,66072.6
2026-02-27 16:00:00+00:00,65365.4
2026-02-27 20:00:00+00:00,65836.0
2026-02-28 00:00:00+00:00,65763.8
2026-02-28 04:00:00+00:00,63788.4
2026-02-28 08:00:00+00:00,63810.4
2026-02-28 12:00:00+00:00,64800.0
2026-02-28 16:00:00+00:00,66318.1
2026-02-28 20:00:00+00:00,66937.1
2026-03-01 00:00:00+00:00,67474.7
2026-03-01 04:00:00+00:00,67113.9
2026-03-01 08:00:00+00:00,66439.0
2026-03-01 12:00:00+00:00,66810.8
2026-03-01 16:00:00+00:00,65926.0
2026-03-01 20:00:00+00:00,65750.0
2026-03-02 00:00:00+00:00,66787.3
2026-03-02 04:00:00+00:00,65981.3
2026-03-02 08:00:00+00:00,66329.9
2026-03-02 12:00:00+00:00,69089.1
2026-03-02 16:00:00+00:00,68928.4
2026-03-02 20:00:00+00:00,68801.8
2026-03-03 00:00:00+00:00,68349.3
2026-03-03 04:00:00+00:00,68138.3
2026-03-03 08:00:00+00:00,67000.0
2026-03-03 12:00:00+00:00,67692.5
2026-03-03 16:00:00+00:00,68395.9
2026-03-03 20:00:00+00:00,68295.3
2026-03-04 00:00:00+00:00,67700.1
2026-03-04 04:00:00+00:00,69464.5
2026-03-04 08:00:00+00:00,71082.4
2026-03-04 12:00:00+00:00,73339.7
2026-03-04 16:00:00+00:00,73580.2
2026-03-04 20:00:00+00:00,72641.4
2026-03-05 00:00:00+00:00,72469.6
2026-03-05 04:00:00+00:00,72025.5
2026-03-05 08:00:00+00:00,72879.9
2026-03-05 12:00:00+00:00,71611.7
2026-03-05 16:00:00+00:00,70875.5
2026-03-05 20:00:00+00:00,70854.8
2026-03-06 00:00:00+00:00,71045.4
2026-03-06 04:00:00+00:00,71026.7
2026-03-06 08:00:00+00:00,70185.6
2026-03-06 12:00:00+00:00,68468.4
2026-03-06 16:00:00+00:00,68101.0
2026-03-06 20:00:00+00:00,68083.0
2026-03-07 00:00:00+00:00,68063.2
2026-03-07 04:00:00+00:00,67809.4
2026-03-07 08:00:00+00:00,67975.9
2026-03-07 12:00:00+00:00,67844.8
2026-03-07 16:00:00+00:00,67042.6
2026-03-07 20:00:00+00:00,67232.1
2026-03-08 00:00:00+00:00,66974.9
2026-03-08 04:00:00+00:00,67277.2
2026-03-08 08:00:00+00:00,67490.0
2026-03-08 12:00:00+00:00,67174.7
2026-03-08 16:00:00+00:00,67299.0
2026-03-08 20:00:00+00:00,65934.3
2026-03-09 00:00:00+00:00,67165.3
2026-03-09 04:00:00+00:00,67504.8
2026-03-09 08:00:00+00:00,67723.3
2026-03-09 12:00:00+00:00,68832.3
2026-03-09 16:00:00+00:00,68951.8
2026-03-09 20:00:00+00:00,68394.1
2026-03-10 00:00:00+00:00,69391.0
2026-03-10 04:00:00+00:00,70374.7
2026-03-10 08:00:00+00:00,70570.1
2026-03-10 12:00:00+00:00,71296.9
2026-03-10 16:00:00+00:00,70005.2
2026-03-10 20:00:00+00:00,69901.9
2026-03-11 00:00:00+00:00,69517.0
2026-03-11 04:00:00+00:00,69622.1
2026-03-11 08:00:00+00:00,69144.0
2026-03-11 12:00:00+00:00,70186.9
2026-03-11 16:00:00+00:00,70600.8
2026-03-11 20:00:00+00:00,70150.0
2026-03-12 00:00:00+00:00,69402.6
2026-03-12 04:00:00+00:00,69782.6
2026-03-12 08:00:00+00:00,70388.5
2026-03-12 12:00:00+00:00,70282.9
2026-03-12 16:00:00+00:00,70393.7
2026-03-12 20:00:00+00:00,70480.1
2026-03-13 00:00:00+00:00,71366.3
2026-03-13 04:00:00+00:00,71585.3
2026-03-13 08:00:00+00:00,72189.9
2026-03-13 12:00:00+00:00,71800.0
2026-03-13 16:00:00+00:00,71148.0
2026-03-13 20:00:00+00:00,70895.5
2026-03-14 00:00:00+00:00,71034.3
2026-03-14 04:00:00+00:00,70565.6
2026-03-14 08:00:00+00:00,70705.0
2026-03-14 12:00:00+00:00,70554.6
2026-03-14 16:00:00+00:00,70664.1
2026-03-14 20:00:00+00:00,71174.4
2026-03-15 00:00:00+00:00,71314.8
2026-03-15 04:00:00+00:00,71420.8
2026-03-15 08:00:00+00:00,71800.0
2026-03-15 12:00:00+00:00,71444.4
2026-03-15 16:00:00+00:00,71515.2
2026-03-15 20:00:00+00:00,72778.9
2026-03-16 00:00:00+00:00,73539.5
2026-03-16 04:00:00+00:00,73427.7
2026-03-16 08:00:00+00:00,73515.3
2026-03-16 12:00:00+00:00,73240.2
2026-03-16 16:00:00+00:00,73928.8
2026-03-16 20:00:00+00:00,74846.4
2026-03-17 00:00:00+00:00,74424.9
2026-03-17 04:00:00+00:00,74212.7
2026-03-17 08:00:00+00:00,73997.1
2026-03-17 12:00:00+00:00,73878.5
2026-03-17 16:00:00+00:00,74460.8
2026-03-17 20:00:00+00:00,73872.4
2026-03-18 00:00:00+00:00,74414.6
2026-03-18 04:00:00+00:00,73840.0
2026-03-18 08:00:00+00:00,72906.4
2026-03-18 12:00:00+00:00,71436.4
2026-03-18 16:00:00+00:00,71030.3
2026-03-18 20:00:00+00:00,71202.9
2026-03-19 00:00:00+00:00,71180.0
2026-03-19 04:00:00+00:00,70145.1
2026-03-19 08:00:00+00:00,69926.8
2026-03-19 12:00:00+00:00,69372.7
2026-03-19 16:00:00+00:00,70233.1
2026-03-19 20:00:00+00:00,69887.4
2026-03-20 00:00:00+00:00,70696.1
2026-03-20 04:00:00+00:00,70811.9
2026-03-20 08:00:00+00:00,70439.9
2026-03-20 12:00:00+00:00,69829.5
2026-03-20 16:00:00+00:00,70141.9
2026-03-20 20:00:00+00:00,70472.7
2026-03-21 00:00:00+00:00,70638.0
2026-03-21 04:00:00+00:00,70687.3
2026-03-21 08:00:00+00:00,70618.3
2026-03-21 12:00:00+00:00,70599.1
2026-03-21 16:00:00+00:00,70365.9
2026-03-21 20:00:00+00:00,68881.5
2026-03-22 00:00:00+00:00,69307.0
2026-03-22 04:00:00+00:00,68884.5
2026-03-22 08:00:00+00:00,68177.0
2026-03-22 12:00:00+00:00,68814.9
2026-03-22 16:00:00+00:00,68170.6
2026-03-22 20:00:00+00:00,67830.6
2026-03-23 00:00:00+00:00,68045.1
2026-03-23 04:00:00+00:00,68306.0
2026-03-23 08:00:00+00:00,70097.3
2026-03-23 12:00:00+00:00,70112.2
2026-03-23 16:00:00+00:00,70647.1
2026-03-23 20:00:00+00:00,70865.9
2026-03-24 00:00:00+00:00,70512.1
2026-03-24 04:00:00+00:00,71255.2
2026-03-24 08:00:00+00:00,71116.4
2026-03-24 12:00:00+00:00,69837.7
2026-03-24 16:00:00+00:00,69342.6
2026-03-24 20:00:00+00:00,70523.9
2026-03-25 00:00:00+00:00,70689.3
2026-03-25 04:00:00+00:00,70900.0
2026-03-25 08:00:00+00:00,71650.3
2026-03-25 12:00:00+00:00,70792.4
2026-03-25 16:00:00+00:00,70853.2
2026-03-25 20:00:00+00:00,71297.5
2026-03-26 00:00:00+00:00,70881.9
2026-03-26 04:00:00+00:00,70053.8
2026-03-26 08:00:00+00:00,69239.3
2026-03-26 12:00:00+00:00,69054.8
2026-03-26 16:00:00+00:00,68502.7
2026-03-26 20:00:00+00:00,68788.0
2026-03-27 00:00:00+00:00,68728.8
2026-03-27 04:00:00+00:00,68501.7
2026-03-27 08:00:00+00:00,66663.2
2026-03-27 12:00:00+00:00,66092.0
2026-03-27 16:00:00+00:00,66005.4
2026-03-27 20:00:00+00:00,66364.2
2026-03-28 00:00:00+00:00,66191.8
2026-03-28 04:00:00+00:00,66520.8
2026-03-28 08:00:00+00:00,66288.5
2026-03-28 12:00:00+00:00,66982.3
2026-03-28 16:00:00+00:00,66873.0
2026-03-28 20:00:00+00:00,66334.8
2026-03-29 00:00:00+00:00,66875.7
2026-03-29 04:00:00+00:00,66632.5
2026-03-29 08:00:00+00:00,66780.8
2026-03-29 12:00:00+00:00,66500.0
2026-03-29 16:00:00+00:00,66320.2
2026-03-29 20:00:00+00:00,65977.9
2026-03-30 00:00:00+00:00,67139.8
2026-03-30 04:00:00+00:00,67595.9
2026-03-30 08:00:00+00:00,67651.5
2026-03-30 12:00:00+00:00,67590.2
2026-03-30 16:00:00+00:00,66516.0
2026-03-30 20:00:00+00:00,66764.4
2026-03-31 00:00:00+00:00,67670.8
2026-03-31 04:00:00+00:00,67343.8
2026-03-31 08:00:00+00:00,66652.4
2026-03-31 12:00:00+00:00,66700.0
2026-03-31 16:00:00+00:00,67803.0
2026-03-31 20:00:00+00:00,68241.5
2026-04-01 00:00:00+00:00,68134.0
2026-04-01 04:00:00+00:00,68651.9
2026-04-01 08:00:00+00:00,68669.9
2026-04-01 12:00:00+00:00,68877.0
2026-04-01 16:00:00+00:00,68143.8
2026-04-01 20:00:00+00:00,68086.5
2026-04-02 00:00:00+00:00,66538.4
2026-04-02 04:00:00+00:00,66887.9
2026-04-02 08:00:00+00:00,66180.6
2026-04-02 12:00:00+00:00,66810.6
2026-04-02 16:00:00+00:00,66943.2
2026-04-02 20:00:00+00:00,66868.5
2026-04-03 00:00:00+00:00,66550.0
2026-04-03 04:00:00+00:00,67008.8
2026-04-03 08:00:00+00:00,66983.4
2026-04-03 12:00:00+00:00,66806.1
2026-04-03 16:00:00+00:00,66857.0
2026-04-03 20:00:00+00:00,66930.0
2026-04-04 00:00:00+00:00,66799.1
2026-04-04 04:00:00+00:00,66982.0
2026-04-04 08:00:00+00:00,67128.9
2026-04-04 12:00:00+00:00,67357.3
2026-04-04 16:00:00+00:00,67262.7
2026-04-04 20:00:00+00:00,67271.0
2026-04-05 00:00:00+00:00,67113.5
2026-04-05 04:00:00+00:00,66787.4
2026-04-05 08:00:00+00:00,66972.7
2026-04-05 12:00:00+00:00,67272.2
2026-04-05 16:00:00+00:00,67329.1
2026-04-05 20:00:00+00:00,68997.9
2026-04-06 00:00:00+00:00,69092.4
2026-04-06 04:00:00+00:00,69089.7
2026-04-06 08:00:00+00:00,69583.6
2026-04-06 12:00:00+00:00,69922.5
2026-04-06 16:00:00+00:00,69704.8
2026-04-06 20:00:00+00:00,68817.9
2026-04-07 00:00:00+00:00,68746.3
2026-04-07 04:00:00+00:00,68592.1
2026-04-07 08:00:00+00:00,68310.8
2026-04-07 12:00:00+00:00,68138.4
2026-04-07 16:00:00+00:00,68975.9
2026-04-07 20:00:00+00:00,71890.2
2026-04-08 00:00:00+00:00,71259.6
2026-04-08 04:00:00+00:00,71612.0
2026-04-08 08:00:00+00:00,71650.2
2026-04-08 12:00:00+00:00,71274.8
2026-04-08 16:00:00+00:00,71283.0
2026-04-08 20:00:00+00:00,71038.1
2026-04-09 00:00:00+00:00,70961.2
2026-04-09 04:00:00+00:00,70945.0
2026-04-09 08:00:00+00:00,71109.9
2026-04-09 12:00:00+00:00,72108.0
2026-04-09 16:00:00+00:00,72055.9
2026-04-09 20:00:00+00:00,71750.4
2026-04-10 00:00:00+00:00,71837.3
2026-04-10 04:00:00+00:00,71461.2
2026-04-10 08:00:00+00:00,72092.7
2026-04-10 12:00:00+00:00,72421.0
2026-04-10 16:00:00+00:00,73187.3
2026-04-10 20:00:00+00:00,72917.4
2026-04-11 00:00:00+00:00,72835.1
2026-04-11 04:00:00+00:00,72707.7
2026-04-11 08:00:00+00:00,72868.2
2026-04-11 12:00:00+00:00,72817.3
2026-04-11 16:00:00+00:00,73635.9
2026-04-11 20:00:00+00:00,73013.4
2026-04-12 00:00:00+00:00,71563.6
2026-04-12 04:00:00+00:00,71628.1
2026-04-12 08:00:00+00:00,71435.0
2026-04-12 12:00:00+00:00,70856.2
2026-04-12 16:00:00+00:00,71055.2
2026-04-12 20:00:00+00:00,70711.1
2026-04-13 00:00:00+00:00,70944.8
2026-04-13 04:00:00+00:00,70780.0
2026-04-13 08:00:00+00:00,70883.9
2026-04-13 12:00:00+00:00,71823.6
2026-04-13 16:00:00+00:00,73272.2
2026-04-13 20:00:00+00:00,74385.0
2026-04-14 00:00:00+00:00,74408.8
2026-04-14 04:00:00+00:00,74513.4
2026-04-14 08:00:00+00:00,74342.4
2026-04-14 12:00:00+00:00,75268.1
2026-04-14 16:00:00+00:00,74176.4
2026-04-14 20:00:00+00:00,74106.9
2026-04-15 00:00:00+00:00,74296.8
2026-04-15 04:00:00+00:00,73705.1
2026-04-15 08:00:00+00:00,74155.1
2026-04-15 12:00:00+00:00,73797.5
2026-04-15 16:00:00+00:00,74957.8
2026-04-15 20:00:00+00:00,74776.2
2026-04-16 00:00:00+00:00,74851.9
2026-04-16 04:00:00+00:00,74667.7
2026-04-16 08:00:00+00:00,74528.4
2026-04-16 12:00:00+00:00,74659.5
2026-04-16 16:00:00+00:00,75309.4
2026-04-16 20:00:00+00:00,75106.8
2026-04-17 00:00:00+00:00,74582.8
2026-04-17 04:00:00+00:00,75047.4
2026-04-17 08:00:00+00:00,75542.2
2026-04-17 12:00:00+00:00,77736.2
2026-04-17 16:00:00+00:00,77348.8
2026-04-17 20:00:00+00:00,77030.6
2026-04-18 00:00:00+00:00,76964.3
2026-04-18 04:00:00+00:00,76951.0
2026-04-18 08:00:00+00:00,76002.0
2026-04-18 12:00:00+00:00,76124.8
2026-04-18 16:00:00+00:00,75604.2
2026-04-18 20:00:00+00:00,75653.8
2026-04-19 00:00:00+00:00,75473.0
2026-04-19 04:00:00+00:00,75205.6
2026-04-19 08:00:00+00:00,75557.4
2026-04-19 12:00:00+00:00,75807.6
2026-04-19 16:00:00+00:00,74917.9
2026-04-19 20:00:00+00:00,73758.4
2026-04-20 00:00:00+00:00,74593.9
2026-04-20 04:00:00+00:00,74795.5
2026-04-20 08:00:00+00:00,75148.7
2026-04-20 12:00:00+00:00,75668.1
2026-04-20 16:00:00+00:00,76252.5
2026-04-20 20:00:00+00:00,75790.1
2026-04-21 00:00:00+00:00,75669.1
2026-04-21 04:00:00+00:00,76050.0
2026-04-21 08:00:00+00:00,76408.3
2026-04-21 12:00:00+00:00,75799.9
2026-04-21 16:00:00+00:00,74988.6
2026-04-21 20:00:00+00:00,76288.2
2026-04-22 00:00:00+00:00,77488.3
2026-04-22 04:00:00+00:00,77979.8
2026-04-22 08:00:00+00:00,78263.2
2026-04-22 12:00:00+00:00,79234.3
2026-04-22 16:00:00+00:00,78791.3
2026-04-22 20:00:00+00:00,78139.8
2026-04-23 00:00:00+00:00,77704.3
2026-04-23 04:00:00+00:00,78009.1
2026-04-23 08:00:00+00:00,77649.9
2026-04-23 12:00:00+00:00,78329.2
2026-04-23 16:00:00+00:00,77670.5
2026-04-23 20:00:00+00:00,78216.8
2026-04-24 00:00:00+00:00,77690.1
2026-04-24 04:00:00+00:00,77620.5
2026-04-24 08:00:00+00:00,78194.8
2026-04-24 12:00:00+00:00,78007.3
2026-04-24 16:00:00+00:00,77596.1
2026-04-24 20:00:00+00:00,77395.4
2026-04-25 00:00:00+00:00,77629.0
2026-04-25 04:00:00+00:00,77449.9
2026-04-25 08:00:00+00:00,77638.7
2026-04-25 12:00:00+00:00,77289.3
2026-04-25 16:00:00+00:00,77285.6
2026-04-25 20:00:00+00:00,77585.0
2026-04-26 00:00:00+00:00,77349.3
2026-04-26 04:00:00+00:00,78061.5
2026-04-26 08:00:00+00:00,78050.0
2026-04-26 12:00:00+00:00,78007.9
2026-04-26 16:00:00+00:00,78183.1
2026-04-26 20:00:00+00:00,78613.5
2026-04-27 00:00:00+00:00,79065.1
2026-04-27 04:00:00+00:00,77556.7
2026-04-27 08:00:00+00:00,77804.3
2026-04-27 12:00:00+00:00,76760.0
2026-04-27 16:00:00+00:00,76844.4
2026-04-27 20:00:00+00:00,77331.2
2026-04-28 00:00:00+00:00,76770.6
2026-04-28 04:00:00+00:00,76828.4
2026-04-28 08:00:00+00:00,76198.8
2026-04-28 12:00:00+00:00,76027.8
2026-04-28 16:00:00+00:00,76293.6
2026-04-28 20:00:00+00:00,76298.1
2026-04-29 00:00:00+00:00,76955.7
2026-04-29 04:00:00+00:00,77003.8
2026-04-29 08:00:00+00:00,77552.5
2026-04-29 12:00:00+00:00,75889.1
2026-04-29 16:00:00+00:00,75518.5
2026-04-29 20:00:00+00:00,75749.9
2026-04-30 00:00:00+00:00,75882.1
2026-04-30 04:00:00+00:00,76129.9
2026-04-30 08:00:00+00:00,76032.9
2026-04-30 12:00:00+00:00,76423.0
2026-04-30 16:00:00+00:00,76366.7
2026-04-30 20:00:00+00:00,76305.4
2026-05-01 00:00:00+00:00,77082.6
2026-05-01 04:00:00+00:00,77100.0
2026-05-01 08:00:00+00:00,77429.5
2026-05-01 12:00:00+00:00,78395.4
2026-05-01 16:00:00+00:00,78316.9
2026-05-01 20:00:00+00:00,78192.0
2026-05-02 00:00:00+00:00,78377.7
2026-05-02 04:00:00+00:00,78181.6
2026-05-02 08:00:00+00:00,78105.7
2026-05-02 12:00:00+00:00,78449.8
2026-05-02 16:00:00+00:00,78443.8
2026-05-02 20:00:00+00:00,78652.9
2026-05-03 00:00:00+00:00,78162.4
2026-05-03 04:00:00+00:00,78316.6
2026-05-03 08:00:00+00:00,78620.5
2026-05-03 12:00:00+00:00,78625.2
2026-05-03 16:00:00+00:00,78729.1
2026-05-03 20:00:00+00:00,78529.0
2026-05-04 00:00:00+00:00,80278.7
2026-05-04 04:00:00+00:00,79663.5
2026-05-04 08:00:00+00:00,78753.5
2026-05-04 12:00:00+00:00,79976.7
2026-05-04 16:00:00+00:00,80018.4
2026-05-04 20:00:00+00:00,79826.1
2026-05-05 00:00:00+00:00,80836.9
2026-05-05 04:00:00+00:00,80815.8
2026-05-05 08:00:00+00:00,80973.0
2026-05-05 12:00:00+00:00,81488.7
2026-05-05 16:00:00+00:00,81554.4
2026-05-05 20:00:00+00:00,80861.9
2026-05-06 00:00:00+00:00,81535.9
2026-05-06 04:00:00+00:00,81333.3
2026-05-06 08:00:00+00:00,82485.4
2026-05-06 12:00:00+00:00,81656.4
2026-05-06 16:00:00+00:00,81416.5
2026-05-06 20:00:00+00:00,81390.1
2026-05-07 00:00:00+00:00,80797.3
2026-05-07 04:00:00+00:00,81480.1
2026-05-07 08:00:00+00:00,80827.9
2026-05-07 12:00:00+00:00,79861.6
2026-05-07 16:00:00+00:00,80103.1
2026-05-07 20:00:00+00:00,79969.4
2026-05-08 00:00:00+00:00,79540.0
2026-05-08 04:00:00+00:00,79635.0
2026-05-08 08:00:00+00:00,80181.9
2026-05-08 12:00:00+00:00,80119.1
2026-05-08 16:00:00+00:00,80147.7
2026-05-08 20:00:00+00:00,80155.2
2026-05-09 00:00:00+00:00,80340.6
2026-05-09 04:00:00+00:00,80181.7
2026-05-09 08:00:00+00:00,80310.4
2026-05-09 12:00:00+00:00,80488.3
2026-05-09 16:00:00+00:00,80896.9
2026-05-09 20:00:00+00:00,80634.0
2026-05-10 00:00:00+00:00,80735.1
2026-05-10 04:00:00+00:00,80695.9
2026-05-10 08:00:00+00:00,80782.1
2026-05-10 12:00:00+00:00,81381.4
2026-05-10 16:00:00+00:00,81398.0
2026-05-10 20:00:00+00:00,82177.7
2026-05-11 00:00:00+00:00,80693.4
2026-05-11 04:00:00+00:00,80708.9
2026-05-11 08:00:00+00:00,81167.1
2026-05-11 12:00:00+00:00,81403.4
2026-05-11 16:00:00+00:00,81917.1
2026-05-11 20:00:00+00:00,81699.1
2026-05-12 00:00:00+00:00,81028.3
2026-05-12 04:00:00+00:00,80809.2
2026-05-12 08:00:00+00:00,80742.7
2026-05-12 12:00:00+00:00,80301.6
2026-05-12 16:00:00+00:00,80799.5
2026-05-12 20:00:00+00:00,80461.0
2026-05-13 00:00:00+00:00,81217.1
2026-05-13 04:00:00+00:00,80981.9
2026-05-13 08:00:00+00:00,80460.1
2026-05-13 12:00:00+00:00,78794.7
2026-05-13 16:00:00+00:00,79604.8
2026-05-13 20:00:00+00:00,79288.3
2026-05-14 00:00:00+00:00,79005.3
2026-05-14 04:00:00+00:00,79699.9
2026-05-14 08:00:00+00:00,79216.6
2026-05-14 12:00:00+00:00,81245.5
2026-05-14 16:00:00+00:00,81373.7
2026-05-14 20:00:00+00:00,81048.9
2026-05-15 00:00:00+00:00,81022.7
2026-05-15 04:00:00+00:00,80782.8
2026-05-15 08:00:00+00:00,80582.1
2026-05-15 12:00:00+00:00,79118.0
2026-05-15 16:00:00+00:00,79104.2
2026-05-15 20:00:00+00:00,79074.0
2026-05-16 00:00:00+00:00,79041.7
2026-05-16 04:00:00+00:00,78334.3
2026-05-16 08:00:00+00:00,78042.5
2026-05-16 12:00:00+00:00,78194.1
2026-05-16 16:00:00+00:00,78223.8
2026-05-16 20:00:00+00:00,78104.2
2026-05-17 00:00:00+00:00,77990.2
2026-05-17 04:00:00+00:00,78137.2
2026-05-17 08:00:00+00:00,78371.5
2026-05-17 12:00:00+00:00,78006.9
2026-05-17 16:00:00+00:00,78369.0
2026-05-17 20:00:00+00:00,77430.4
2026-05-18 00:00:00+00:00,76900.0
2026-05-18 04:00:00+00:00,77039.4
2026-05-18 08:00:00+00:00,77255.0
2026-05-18 12:00:00+00:00,76393.5
2026-05-18 16:00:00+00:00,76898.5
2026-05-18 20:00:00+00:00,76963.2
2026-05-19 00:00:00+00:00,76749.9
2026-05-19 04:00:00+00:00,77200.4
2026-05-19 08:00:00+00:00,76677.1
2026-05-19 12:00:00+00:00,76487.9
2026-05-19 16:00:00+00:00,76780.0
2026-05-19 20:00:00+00:00,76799.9
2026-05-20 00:00:00+00:00,76689.6
2026-05-20 04:00:00+00:00,77249.9
2026-05-20 08:00:00+00:00,77351.2
2026-05-20 12:00:00+00:00,77423.0
2026-05-20 16:00:00+00:00,77630.6
2026-05-20 20:00:00+00:00,77510.3
2026-05-21 00:00:00+00:00,78039.1
2026-05-21 04:00:00+00:00,77846.2
2026-05-21 08:00:00+00:00,77157.4
2026-05-21 12:00:00+00:00,77224.3
2026-05-21 16:00:00+00:00,77657.1
2026-05-21 20:00:00+00:00,77586.2
2026-05-22 00:00:00+00:00,77740.0
2026-05-22 04:00:00+00:00,77366.9
2026-05-22 08:00:00+00:00,77394.8
2026-05-22 12:00:00+00:00,76756.5
2026-05-22 16:00:00+00:00,75827.1
2026-05-22 20:00:00+00:00,75513.1
2026-05-23 00:00:00+00:00,75599.1
2026-05-23 04:00:00+00:00,74573.1
2026-05-23 08:00:00+00:00,74763.3
2026-05-23 12:00:00+00:00,75486.9
2026-05-23 16:00:00+00:00,75949.5
2026-05-23 20:00:00+00:00,76715.2
2026-05-24 00:00:00+00:00,76702.8
2026-05-24 04:00:00+00:00,76771.3
2026-05-24 08:00:00+00:00,77289.5
2026-05-24 12:00:00+00:00,76343.7
2026-05-24 16:00:00+00:00,76738.5
2026-05-24 20:00:00+00:00,77030.3
2026-05-25 00:00:00+00:00,76989.0
2026-05-25 04:00:00+00:00,77377.0
2026-05-25 08:00:00+00:00,77318.2
2026-05-25 12:00:00+00:00,77587.2
2026-05-25 16:00:00+00:00,77403.3
2026-05-25 20:00:00+00:00,77281.5
2026-05-26 00:00:00+00:00,76629.0
2026-05-26 04:00:00+00:00,76685.1
2026-05-26 08:00:00+00:00,77153.9
2026-05-26 12:00:00+00:00,76478.2
2026-05-26 16:00:00+00:00,76028.3
2026-05-26 20:00:00+00:00,75905.5
2026-05-27 00:00:00+00:00,75635.6
2026-05-27 04:00:00+00:00,75935.0
2026-05-27 08:00:00+00:00,75737.9
2026-05-27 12:00:00+00:00,75300.0
2026-05-27 16:00:00+00:00,75039.9
2026-05-27 20:00:00+00:00,74418.1
2026-05-28 00:00:00+00:00,73224.5
2026-05-28 04:00:00+00:00,73467.0
2026-05-28 08:00:00+00:00,73479.1
2026-05-28 12:00:00+00:00,72899.1
2026-05-28 16:00:00+00:00,73393.5
2026-05-28 20:00:00+00:00,73591.4
2026-05-29 00:00:00+00:00,73269.2
2026-05-29 04:00:00+00:00,73488.0
2026-05-29 08:00:00+00:00,73447.6
2026-05-29 12:00:00+00:00,73775.4
2026-05-29 16:00:00+00:00,73489.0
2026-05-29 20:00:00+00:00,73428.2
2026-05-30 00:00:00+00:00,73492.4
2026-05-30 04:00:00+00:00,73513.9
2026-05-30 08:00:00+00:00,73567.9
2026-05-30 12:00:00+00:00,73888.0
2026-05-30 16:00:00+00:00,73980.1
2026-05-30 20:00:00+00:00,73856.8
2026-05-31 00:00:00+00:00,74107.6
2026-05-31 04:00:00+00:00,73833.3
2026-05-31 08:00:00+00:00,73913.6
2026-05-31 12:00:00+00:00,73613.5
2026-05-31 16:00:00+00:00,73521.9
2026-05-31 20:00:00+00:00,73653.2
2026-06-01 00:00:00+00:00,73731.3
2026-06-01 04:00:00+00:00,72776.1
2026-06-01 08:00:00+00:00,72452.8
2026-06-01 12:00:00+00:00,71099.4
2026-06-01 16:00:00+00:00,71571.0
2026-06-01 20:00:00+00:00,71391.5
2026-06-02 00:00:00+00:00,70920.7
2026-06-02 04:00:00+00:00,70079.4
2026-06-02 08:00:00+00:00,69430.2
2026-06-02 12:00:00+00:00,67274.0
2026-06-02 16:00:00+00:00,67286.7
2026-06-02 20:00:00+00:00,66730.0
2026-06-03 00:00:00+00:00,65818.4
2026-06-03 04:00:00+00:00,67186.7
2026-06-03 08:00:00+00:00,67040.1
2026-06-03 12:00:00+00:00,66046.5
2026-06-03 16:00:00+00:00,65428.6
2026-06-03 20:00:00+00:00,64117.7
2026-06-04 00:00:00+00:00,64336.2
2026-06-04 04:00:00+00:00,63561.7
2026-06-04 08:00:00+00:00,62520.7
2026-06-04 12:00:00+00:00,63864.8
2026-06-04 16:00:00+00:00,63600.3
2026-06-04 20:00:00+00:00,63853.4
2026-06-05 00:00:00+00:00,62699.7
2026-06-05 04:00:00+00:00,63075.6
2026-06-05 08:00:00+00:00,61929.5
2026-06-05 12:00:00+00:00,60400.8
2026-06-05 16:00:00+00:00,60267.7
2026-06-05 20:00:00+00:00,61022.0
2026-06-06 00:00:00+00:00,60662.6
2026-06-06 04:00:00+00:00,60975.2
2026-06-06 08:00:00+00:00,60773.5
2026-06-06 12:00:00+00:00,60754.1
2026-06-06 16:00:00+00:00,60563.9
2026-06-06 20:00:00+00:00,60849.7
2026-06-07 00:00:00+00:00,61671.1
2026-06-07 04:00:00+00:00,62366.0
2026-06-07 08:00:00+00:00,62598.8
2026-06-07 12:00:00+00:00,62071.6
2026-06-07 16:00:00+00:00,61303.8
2026-06-07 20:00:00+00:00,63298.5
2026-06-08 00:00:00+00:00,63101.6
2026-06-08 04:00:00+00:00,63259.9
2026-06-08 08:00:00+00:00,63450.1
2026-06-08 12:00:00+00:00,63745.4
2026-06-08 16:00:00+00:00,63348.2
2026-06-08 20:00:00+00:00,63057.9
2026-06-09 00:00:00+00:00,62841.0
2026-06-09 04:00:00+00:00,63170.8
2026-06-09 08:00:00+00:00,62679.4
2026-06-09 12:00:00+00:00,61100.7
2026-06-09 16:00:00+00:00,62068.8
2026-06-09 20:00:00+00:00,61695.0
2026-06-10 00:00:00+00:00,61518.2
2026-06-10 04:00:00+00:00,61654.3
2026-06-10 08:00:00+00:00,61003.1
2026-06-10 12:00:00+00:00,62604.8
2026-06-10 16:00:00+00:00,61908.7
2026-06-10 20:00:00+00:00,61483.7
2026-06-11 00:00:00+00:00,62657.5
2026-06-11 04:00:00+00:00,62693.3
2026-06-11 08:00:00+00:00,63078.0
2026-06-11 12:00:00+00:00,62721.1
2026-06-11 16:00:00+00:00,63567.6
2026-06-11 20:00:00+00:00,63597.9
2026-06-12 00:00:00+00:00,63490.0
2026-06-12 04:00:00+00:00,63066.5
2026-06-12 08:00:00+00:00,63729.4
2026-06-12 12:00:00+00:00,63557.0
2026-06-12 16:00:00+00:00,63555.1
2026-06-12 20:00:00+00:00,63547.0
2026-06-13 00:00:00+00:00,63494.4
2026-06-13 04:00:00+00:00,63823.9
2026-06-13 08:00:00+00:00,63936.1
2026-06-13 12:00:00+00:00,64265.0
2026-06-13 16:00:00+00:00,64264.2
2026-06-13 20:00:00+00:00,64418.2
2026-06-14 00:00:00+00:00,64515.0
2026-06-14 04:00:00+00:00,64392.0
2026-06-14 08:00:00+00:00,64511.7
2026-06-14 12:00:00+00:00,63995.2
2026-06-14 16:00:00+00:00,63777.3
2026-06-14 20:00:00+00:00,65702.1
2026-06-15 00:00:00+00:00,65894.7
2026-06-15 04:00:00+00:00,65642.3
2026-06-15 08:00:00+00:00,66192.0
2026-06-15 12:00:00+00:00,67248.5
2026-06-15 16:00:00+00:00,66579.2
2026-06-15 20:00:00+00:00,66285.9
2026-06-16 00:00:00+00:00,66125.4
2026-06-16 04:00:00+00:00,66341.7
2026-06-16 08:00:00+00:00,66456.0
2026-06-16 12:00:00+00:00,65841.8
2026-06-16 16:00:00+00:00,65653.2
2026-06-16 20:00:00+00:00,65644.8
2026-06-17 00:00:00+00:00,65818.6
2026-06-17 04:00:00+00:00,65504.0
2026-06-17 08:00:00+00:00,64774.5
2026-06-17 12:00:00+00:00,65712.7
2026-06-17 16:00:00+00:00,64271.3
2026-06-17 20:00:00+00:00,64472.9
2026-06-18 00:00:00+00:00,64255.0
2026-06-18 04:00:00+00:00,64470.3
2026-06-18 08:00:00+00:00,63940.1
2026-06-18 12:00:00+00:00,62337.8
2026-06-18 16:00:00+00:00,62925.4
2026-06-18 20:00:00+00:00,62924.1
2026-06-19 00:00:00+00:00,62745.1
2026-06-19 04:00:00+00:00,62592.4
2026-06-19 08:00:00+00:00,62600.0
2026-06-19 12:00:00+00:00,63193.0
2026-06-19 16:00:00+00:00,63001.9
2026-06-19 20:00:00+00:00,63512.6
2026-06-20 00:00:00+00:00,63440.5
2026-06-20 04:00:00+00:00,63625.0
2026-06-20 08:00:00+00:00,63651.3
2026-06-20 12:00:00+00:00,64139.5
2026-06-20 16:00:00+00:00,63905.5
2026-06-20 20:00:00+00:00,64270.0
2026-06-21 00:00:00+00:00,64398.8
2026-06-21 04:00:00+00:00,64170.1
2026-06-21 08:00:00+00:00,64149.9
2026-06-21 12:00:00+00:00,64200.3
2026-06-21 16:00:00+00:00,64173.6
2026-06-21 20:00:00+00:00,63287.1
2026-06-22 00:00:00+00:00,63935.1
2026-06-22 04:00:00+00:00,64187.9
2026-06-22 08:00:00+00:00,64624.3
2026-06-22 12:00:00+00:00,64808.0
2026-06-22 16:00:00+00:00,64447.9
2026-06-22 20:00:00+00:00,63990.2
2026-06-23 00:00:00+00:00,64037.3
2026-06-23 04:00:00+00:00,62849.2
2026-06-23 08:00:00+00:00,62478.5
2026-06-23 12:00:00+00:00,62455.8
2026-06-23 16:00:00+00:00,62365.7
2026-06-23 20:00:00+00:00,62696.7
2026-06-24 00:00:00+00:00,62704.6
2026-06-24 04:00:00+00:00,62630.3
2026-06-24 08:00:00+00:00,62887.7
2026-06-24 12:00:00+00:00,60254.9
2026-06-24 16:00:00+00:00,59923.8
2026-06-24 20:00:00+00:00,61051.2
2026-06-25 00:00:00+00:00,60853.9
2026-06-25 04:00:00+00:00,61886.7
2026-06-25 08:00:00+00:00,61258.2
2026-06-25 12:00:00+00:00,59536.2
2026-06-25 16:00:00+00:00,59299.8
2026-06-25 20:00:00+00:00,59771.9
2026-06-26 00:00:00+00:00,60015.0
2026-06-26 04:00:00+00:00,60491.0
2026-06-26 08:00:00+00:00,59392.4
2026-06-26 12:00:00+00:00,60296.6
2026-06-26 16:00:00+00:00,59719.7
2026-06-26 20:00:00+00:00,60072.0
2026-06-27 00:00:00+00:00,60274.7
2026-06-27 04:00:00+00:00,60522.3
2026-06-27 08:00:00+00:00,60331.9
2026-06-27 12:00:00+00:00,60817.2
2026-06-27 16:00:00+00:00,60149.9
2026-06-27 20:00:00+00:00,60000.3
2026-06-28 00:00:00+00:00,60169.5
2026-06-28 04:00:00+00:00,60192.5
2026-06-28 08:00:00+00:00,60314.9
2026-06-28 12:00:00+00:00,59849.9
2026-06-28 16:00:00+00:00,59451.4
2026-06-28 20:00:00+00:00,59550.2
2026-06-29 00:00:00+00:00,60019.8
2026-06-29 04:00:00+00:00,59998.9
2026-06-29 08:00:00+00:00,59927.2
2026-06-29 12:00:00+00:00,59800.2
2026-06-29 16:00:00+00:00,60409.3
2026-06-29 20:00:00+00:00,60224.7
2026-06-30 00:00:00+00:00,59596.1
2026-06-30 04:00:00+00:00,59497.7
2026-06-30 08:00:00+00:00,59162.3
2026-06-30 12:00:00+00:00,58356.2
2026-06-30 16:00:00+00:00,58794.4
2026-06-30 20:00:00+00:00,58605.4
2026-07-01 00:00:00+00:00,59169.6
2026-07-01 04:00:00+00:00,58744.4
2026-07-01 08:00:00+00:00,58592.9
2026-07-01 12:00:00+00:00,60118.5
2026-07-01 16:00:00+00:00,60000.0
2026-07-01 20:00:00+00:00,59999.6
2026-07-02 00:00:00+00:00,61032.9
2026-07-02 04:00:00+00:00,60125.8
2026-07-02 08:00:00+00:00,61329.1
2026-07-02 12:00:00+00:00,61584.0
2026-07-02 16:00:00+00:00,61452.5
2026-07-02 20:00:00+00:00,61502.4
