timestamp,Close
2019-11-27 04:00:00+00:00,146.0
2019-11-27 08:00:00+00:00,146.58
2019-11-27 12:00:00+00:00,150.65
2019-11-27 16:00:00+00:00,153.87
2019-11-27 20:00:00+00:00,152.52
2019-11-28 00:00:00+00:00,152.03
2019-11-28 04:00:00+00:00,151.98
2019-11-28 08:00:00+00:00,151.43
2019-11-28 12:00:00+00:00,153.78
2019-11-28 16:00:00+00:00,153.5
2019-11-28 20:00:00+00:00,150.48
2019-11-29 00:00:00+00:00,152.15
2019-11-29 04:00:00+00:00,152.51
2019-11-29 08:00:00+00:00,153.26
2019-11-29 12:00:00+00:00,156.65
2019-11-29 16:00:00+00:00,154.09
2019-11-29 20:00:00+00:00,154.41
2019-11-30 00:00:00+00:00,153.88
2019-11-30 04:00:00+00:00,154.64
2019-11-30 08:00:00+00:00,152.68
2019-11-30 12:00:00+00:00,151.46
2019-11-30 16:00:00+00:00,150.5
2019-11-30 20:00:00+00:00,151.38
2019-12-01 00:00:00+00:00,147.09
2019-12-01 04:00:00+00:00,146.79
2019-12-01 08:00:00+00:00,147.2
2019-12-01 12:00:00+00:00,149.41
2019-12-01 16:00:00+00:00,150.06
2019-12-01 20:00:00+00:00,150.65
2019-12-02 00:00:00+00:00,149.85
2019-12-02 04:00:00+00:00,148.31
2019-12-02 08:00:00+00:00,148.84
2019-12-02 12:00:00+00:00,148.35
2019-12-02 16:00:00+00:00,147.49
2019-12-02 20:00:00+00:00,148.59
2019-12-03 00:00:00+00:00,149.15
2019-12-03 04:00:00+00:00,148.33
2019-12-03 08:00:00+00:00,146.82
2019-12-03 12:00:00+00:00,148.14
2019-12-03 16:00:00+00:00,147.66
2019-12-03 20:00:00+00:00,147.1
2019-12-04 00:00:00+00:00,144.57
2019-12-04 04:00:00+00:00,144.02
2019-12-04 08:00:00+00:00,145.49
2019-12-04 12:00:00+00:00,149.01
2019-12-04 16:00:00+00:00,149.62
2019-12-04 20:00:00+00:00,145.35
2019-12-05 00:00:00+00:00,144.91
2019-12-05 04:00:00+00:00,145.61
2019-12-05 08:00:00+00:00,146.48
2019-12-05 12:00:00+00:00,146.97
2019-12-05 16:00:00+00:00,147.56
2019-12-05 20:00:00+00:00,148.04
2019-12-06 00:00:00+00:00,147.23
2019-12-06 04:00:00+00:00,147.67
2019-12-06 08:00:00+00:00,146.39
2019-12-06 12:00:00+00:00,147.13
2019-12-06 16:00:00+00:00,148.04
2019-12-06 20:00:00+00:00,148.41
2019-12-07 00:00:00+00:00,148.32
2019-12-07 04:00:00+00:00,148.44
2019-12-07 08:00:00+00:00,147.88
2019-12-07 12:00:00+00:00,148.2
2019-12-07 16:00:00+00:00,147.81
2019-12-07 20:00:00+00:00,147.1
2019-12-08 00:00:00+00:00,146.65
2019-12-08 04:00:00+00:00,146.94
2019-12-08 08:00:00+00:00,147.99
2019-12-08 12:00:00+00:00,150.62
2019-12-08 16:00:00+00:00,150.37
2019-12-08 20:00:00+00:00,150.41
2019-12-09 00:00:00+00:00,150.31
2019-12-09 04:00:00+00:00,149.31
2019-12-09 08:00:00+00:00,149.12
2019-12-09 12:00:00+00:00,147.85
2019-12-09 16:00:00+00:00,147.31
2019-12-09 20:00:00+00:00,147.37
2019-12-10 00:00:00+00:00,147.2
2019-12-10 04:00:00+00:00,147.21
2019-12-10 08:00:00+00:00,147.2
2019-12-10 12:00:00+00:00,145.1
2019-12-10 16:00:00+00:00,144.87
2019-12-10 20:00:00+00:00,145.55
2019-12-11 00:00:00+00:00,145.52
2019-12-11 04:00:00+00:00,145.63
2019-12-11 08:00:00+00:00,145.55
2019-12-11 12:00:00+00:00,142.77
2019-12-11 16:00:00+00:00,142.76
2019-12-11 20:00:00+00:00,143.35
2019-12-12 00:00:00+00:00,142.1
2019-12-12 04:00:00+00:00,141.94
2019-12-12 08:00:00+00:00,144.11
2019-12-12 12:00:00+00:00,143.72
2019-12-12 16:00:00+00:00,145.01
2019-12-12 20:00:00+00:00,144.8
2019-12-13 00:00:00+00:00,144.56
2019-12-13 04:00:00+00:00,144.45
2019-12-13 08:00:00+00:00,144.37
2019-12-13 12:00:00+00:00,144.5
2019-12-13 16:00:00+00:00,144.45
2019-12-13 20:00:00+00:00,144.7
2019-12-14 00:00:00+00:00,144.52
2019-12-14 04:00:00+00:00,143.95
2019-12-14 08:00:00+00:00,143.17
2019-12-14 12:00:00+00:00,141.59
2019-12-14 16:00:00+00:00,142.14
2019-12-14 20:00:00+00:00,141.77
2019-12-15 00:00:00+00:00,140.98
2019-12-15 04:00:00+00:00,143.2
2019-12-15 08:00:00+00:00,142.71
2019-12-15 12:00:00+00:00,143.05
2019-12-15 16:00:00+00:00,142.8
2019-12-15 20:00:00+00:00,142.39
2019-12-16 00:00:00+00:00,141.37
2019-12-16 04:00:00+00:00,141.2
2019-12-16 08:00:00+00:00,141.05
2019-12-16 12:00:00+00:00,140.93
2019-12-16 16:00:00+00:00,131.67
2019-12-16 20:00:00+00:00,132.59
2019-12-17 00:00:00+00:00,131.92
2019-12-17 04:00:00+00:00,131.03
2019-12-17 08:00:00+00:00,132.13
2019-12-17 12:00:00+00:00,127.17
2019-12-17 16:00:00+00:00,122.8
2019-12-17 20:00:00+00:00,121.87
2019-12-18 00:00:00+00:00,123.85
2019-12-18 04:00:00+00:00,121.61
2019-12-18 08:00:00+00:00,121.59
2019-12-18 12:00:00+00:00,127.29
2019-12-18 16:00:00+00:00,128.67
2019-12-18 20:00:00+00:00,132.74
2019-12-19 00:00:00+00:00,128.98
2019-12-19 04:00:00+00:00,127.37
2019-12-19 08:00:00+00:00,125.9
2019-12-19 12:00:00+00:00,127.3
2019-12-19 16:00:00+00:00,127.48
2019-12-19 20:00:00+00:00,128.03
2019-12-20 00:00:00+00:00,126.83
2019-12-20 04:00:00+00:00,127.17
2019-12-20 08:00:00+00:00,127.33
2019-12-20 12:00:00+00:00,127.36
2019-12-20 16:00:00+00:00,127.97
2019-12-20 20:00:00+00:00,128.13
2019-12-21 00:00:00+00:00,127.26
2019-12-21 04:00:00+00:00,127.0
2019-12-21 08:00:00+00:00,127.34
2019-12-21 12:00:00+00:00,127.29
2019-12-21 16:00:00+00:00,127.0
2019-12-21 20:00:00+00:00,126.99
2019-12-22 00:00:00+00:00,127.13
2019-12-22 04:00:00+00:00,129.21
2019-12-22 08:00:00+00:00,129.05
2019-12-22 12:00:00+00:00,129.54
2019-12-22 16:00:00+00:00,132.03
2019-12-22 20:00:00+00:00,132.14
2019-12-23 00:00:00+00:00,133.93
2019-12-23 04:00:00+00:00,131.73
2019-12-23 08:00:00+00:00,133.0
2019-12-23 12:00:00+00:00,133.22
2019-12-23 16:00:00+00:00,129.06
2019-12-23 20:00:00+00:00,127.73
2019-12-24 00:00:00+00:00,127.65
2019-12-24 04:00:00+00:00,127.11
2019-12-24 08:00:00+00:00,128.59
2019-12-24 12:00:00+00:00,127.86
2019-12-24 16:00:00+00:00,127.78
2019-12-24 20:00:00+00:00,127.76
2019-12-25 00:00:00+00:00,125.73
2019-12-25 04:00:00+00:00,125.55
2019-12-25 08:00:00+00:00,124.34
2019-12-25 12:00:00+00:00,124.35
2019-12-25 16:00:00+00:00,125.4
2019-12-25 20:00:00+00:00,125.06
2019-12-26 00:00:00+00:00,124.47
2019-12-26 04:00:00+00:00,124.9
2019-12-26 08:00:00+00:00,125.07
2019-12-26 12:00:00+00:00,126.11
2019-12-26 16:00:00+00:00,128.8
2019-12-26 20:00:00+00:00,125.53
2019-12-27 00:00:00+00:00,126.39
2019-12-27 04:00:00+00:00,124.95
2019-12-27 08:00:00+00:00,123.52
2019-12-27 12:00:00+00:00,126.01
2019-12-27 16:00:00+00:00,125.32
2019-12-27 20:00:00+00:00,126.21
2019-12-28 00:00:00+00:00,127.01
2019-12-28 04:00:00+00:00,127.12
2019-12-28 08:00:00+00:00,127.23
2019-12-28 12:00:00+00:00,127.36
2019-12-28 16:00:00+00:00,128.93
2019-12-28 20:00:00+00:00,128.04
2019-12-29 00:00:00+00:00,127.91
2019-12-29 04:00:00+00:00,128.36
2019-12-29 08:00:00+00:00,129.27
2019-12-29 12:00:00+00:00,131.79
2019-12-29 16:00:00+00:00,134.73
2019-12-29 20:00:00+00:00,134.28
2019-12-30 00:00:00+00:00,133.96
2019-12-30 04:00:00+00:00,135.56
2019-12-30 08:00:00+00:00,133.05
2019-12-30 12:00:00+00:00,130.53
2019-12-30 16:00:00+00:00,131.21
2019-12-30 20:00:00+00:00,131.52
2019-12-31 00:00:00+00:00,131.22
2019-12-31 04:00:00+00:00,132.11
2019-12-31 08:00:00+00:00,131.87
2019-12-31 12:00:00+00:00,129.63
2019-12-31 16:00:00+00:00,128.45
2019-12-31 20:00:00+00:00,129.12
2020-01-01 00:00:00+00:00,130.09
2020-01-01 04:00:00+00:00,130.17
2020-01-01 08:00:00+00:00,130.64
2020-01-01 12:00:00+00:00,131.97
2020-01-01 16:00:00+00:00,131.79
2020-01-01 20:00:00+00:00,130.62
2020-01-02 00:00:00+00:00,129.09
2020-01-02 04:00:00+00:00,129.28
2020-01-02 08:00:00+00:00,129.48
2020-01-02 12:00:00+00:00,129.48
2020-01-02 16:00:00+00:00,127.53
2020-01-02 20:00:00+00:00,127.11
2020-01-03 00:00:00+00:00,126.76
2020-01-03 04:00:00+00:00,128.82
2020-01-03 08:00:00+00:00,132.42
2020-01-03 12:00:00+00:00,132.45
2020-01-03 16:00:00+00:00,133.41
2020-01-03 20:00:00+00:00,134.29
2020-01-04 00:00:00+00:00,133.25
2020-01-04 04:00:00+00:00,133.84
2020-01-04 08:00:00+00:00,133.71
2020-01-04 12:00:00+00:00,133.21
2020-01-04 16:00:00+00:00,133.65
2020-01-04 20:00:00+00:00,134.14
2020-01-05 00:00:00+00:00,136.1
2020-01-05 04:00:00+00:00,135.98
2020-01-05 08:00:00+00:00,135.03
2020-01-05 12:00:00+00:00,137.14
2020-01-05 16:00:00+00:00,137.87
2020-01-05 20:00:00+00:00,135.33
2020-01-06 00:00:00+00:00,139.41
2020-01-06 04:00:00+00:00,138.79
2020-01-06 08:00:00+00:00,141.5
2020-01-06 12:00:00+00:00,140.14
2020-01-06 16:00:00+00:00,141.29
2020-01-06 20:00:00+00:00,144.04
2020-01-07 00:00:00+00:00,143.48
2020-01-07 04:00:00+00:00,142.8
2020-01-07 08:00:00+00:00,142.63
2020-01-07 12:00:00+00:00,139.46
2020-01-07 16:00:00+00:00,143.2
2020-01-07 20:00:00+00:00,142.86
2020-01-08 00:00:00+00:00,144.56
2020-01-08 04:00:00+00:00,143.59
2020-01-08 08:00:00+00:00,143.52
2020-01-08 12:00:00+00:00,141.47
2020-01-08 16:00:00+00:00,137.9
2020-01-08 20:00:00+00:00,140.75
2020-01-09 00:00:00+00:00,139.93
2020-01-09 04:00:00+00:00,139.91
2020-01-09 08:00:00+00:00,138.21
2020-01-09 12:00:00+00:00,138.12
2020-01-09 16:00:00+00:00,137.53
2020-01-09 20:00:00+00:00,137.73
2020-01-10 00:00:00+00:00,136.94
2020-01-10 04:00:00+00:00,136.64
2020-01-10 08:00:00+00:00,138.34
2020-01-10 12:00:00+00:00,142.43
2020-01-10 16:00:00+00:00,143.38
2020-01-10 20:00:00+00:00,144.8
2020-01-11 00:00:00+00:00,143.45
2020-01-11 04:00:00+00:00,142.88
2020-01-11 08:00:00+00:00,142.61
2020-01-11 12:00:00+00:00,143.4
2020-01-11 16:00:00+00:00,146.29
2020-01-11 20:00:00+00:00,142.4
2020-01-12 00:00:00+00:00,143.98
2020-01-12 04:00:00+00:00,144.54
2020-01-12 08:00:00+00:00,143.42
2020-01-12 12:00:00+00:00,144.99
2020-01-12 16:00:00+00:00,144.46
2020-01-12 20:00:00+00:00,146.57
2020-01-13 00:00:00+00:00,143.44
2020-01-13 04:00:00+00:00,142.89
2020-01-13 08:00:00+00:00,142.81
2020-01-13 12:00:00+00:00,142.81
2020-01-13 16:00:00+00:00,143.43
2020-01-13 20:00:00+00:00,143.58
2020-01-14 00:00:00+00:00,148.95
2020-01-14 04:00:00+00:00,149.09
2020-01-14 08:00:00+00:00,151.58
2020-01-14 12:00:00+00:00,156.08
2020-01-14 16:00:00+00:00,165.63
2020-01-14 20:00:00+00:00,165.77
2020-01-15 00:00:00+00:00,162.81
2020-01-15 04:00:00+00:00,161.64
2020-01-15 08:00:00+00:00,164.73
2020-01-15 12:00:00+00:00,162.62
2020-01-15 16:00:00+00:00,164.73
2020-01-15 20:00:00+00:00,166.6
2020-01-16 00:00:00+00:00,160.15
2020-01-16 04:00:00+00:00,161.16
2020-01-16 08:00:00+00:00,164.28
2020-01-16 12:00:00+00:00,162.72
2020-01-16 16:00:00+00:00,163.65
2020-01-16 20:00:00+00:00,164.37
2020-01-17 00:00:00+00:00,165.2
2020-01-17 04:00:00+00:00,171.23
2020-01-17 08:00:00+00:00,170.1
2020-01-17 12:00:00+00:00,168.5
2020-01-17 16:00:00+00:00,169.43
2020-01-17 20:00:00+00:00,170.06
2020-01-18 00:00:00+00:00,172.09
2020-01-18 04:00:00+00:00,168.19
2020-01-18 08:00:00+00:00,169.27
2020-01-18 12:00:00+00:00,175.68
2020-01-18 16:00:00+00:00,175.16
2020-01-18 20:00:00+00:00,174.43
2020-01-19 00:00:00+00:00,176.4
2020-01-19 04:00:00+00:00,176.73
2020-01-19 08:00:00+00:00,166.87
2020-01-19 12:00:00+00:00,164.96
2020-01-19 16:00:00+00:00,165.16
2020-01-19 20:00:00+00:00,167.04
2020-01-20 00:00:00+00:00,165.85
2020-01-20 04:00:00+00:00,165.8
2020-01-20 08:00:00+00:00,163.24
2020-01-20 12:00:00+00:00,167.03
2020-01-20 16:00:00+00:00,167.75
2020-01-20 20:00:00+00:00,167.03
2020-01-21 00:00:00+00:00,168.46
2020-01-21 04:00:00+00:00,166.75
2020-01-21 08:00:00+00:00,168.13
2020-01-21 12:00:00+00:00,168.27
2020-01-21 16:00:00+00:00,165.25
2020-01-21 20:00:00+00:00,169.52
2020-01-22 00:00:00+00:00,168.77
2020-01-22 04:00:00+00:00,169.38
2020-01-22 08:00:00+00:00,168.14
2020-01-22 12:00:00+00:00,167.59
2020-01-22 16:00:00+00:00,168.16
2020-01-22 20:00:00+00:00,168.19
2020-01-23 00:00:00+00:00,165.63
2020-01-23 04:00:00+00:00,165.05
2020-01-23 08:00:00+00:00,162.86
2020-01-23 12:00:00+00:00,163.28
2020-01-23 16:00:00+00:00,160.7
2020-01-23 20:00:00+00:00,162.97
2020-01-24 00:00:00+00:00,159.14
2020-01-24 04:00:00+00:00,159.32
2020-01-24 08:00:00+00:00,160.79
2020-01-24 12:00:00+00:00,162.72
2020-01-24 16:00:00+00:00,163.87
2020-01-24 20:00:00+00:00,162.63
2020-01-25 00:00:00+00:00,159.15
2020-01-25 04:00:00+00:00,159.79
2020-01-25 08:00:00+00:00,159.49
2020-01-25 12:00:00+00:00,160.59
2020-01-25 16:00:00+00:00,161.16
2020-01-25 20:00:00+00:00,160.52
2020-01-26 00:00:00+00:00,161.32
2020-01-26 04:00:00+00:00,161.33
2020-01-26 08:00:00+00:00,163.3
2020-01-26 12:00:00+00:00,163.44
2020-01-26 16:00:00+00:00,166.25
2020-01-26 20:00:00+00:00,167.9
2020-01-27 00:00:00+00:00,167.8
2020-01-27 04:00:00+00:00,167.54
2020-01-27 08:00:00+00:00,168.64
2020-01-27 12:00:00+00:00,170.1
2020-01-27 16:00:00+00:00,171.38
2020-01-27 20:00:00+00:00,170.21
2020-01-28 00:00:00+00:00,173.22
2020-01-28 04:00:00+00:00,172.18
2020-01-28 08:00:00+00:00,172.25
2020-01-28 12:00:00+00:00,172.58
2020-01-28 16:00:00+00:00,171.57
2020-01-28 20:00:00+00:00,175.88
2020-01-29 00:00:00+00:00,176.7
2020-01-29 04:00:00+00:00,178.23
2020-01-29 08:00:00+00:00,176.39
2020-01-29 12:00:00+00:00,175.35
2020-01-29 16:00:00+00:00,176.89
2020-01-29 20:00:00+00:00,173.8
2020-01-30 00:00:00+00:00,173.6
2020-01-30 04:00:00+00:00,176.34
2020-01-30 08:00:00+00:00,175.51
2020-01-30 12:00:00+00:00,177.75
2020-01-30 16:00:00+00:00,181.75
2020-01-30 20:00:00+00:00,185.14
2020-01-31 00:00:00+00:00,183.77
2020-01-31 04:00:00+00:00,182.66
2020-01-31 08:00:00+00:00,181.19
2020-01-31 12:00:00+00:00,180.2
2020-01-31 16:00:00+00:00,179.64
2020-01-31 20:00:00+00:00,180.14
2020-02-01 00:00:00+00:00,183.79
2020-02-01 04:00:00+00:00,183.37
2020-02-01 08:00:00+00:00,181.3
2020-02-01 12:00:00+00:00,181.65
2020-02-01 16:00:00+00:00,183.0
2020-02-01 20:00:00+00:00,183.82
2020-02-02 00:00:00+00:00,180.8
2020-02-02 04:00:00+00:00,187.34
2020-02-02 08:00:00+00:00,191.81
2020-02-02 12:00:00+00:00,192.66
2020-02-02 16:00:00+00:00,191.66
2020-02-02 20:00:00+00:00,188.59
2020-02-03 00:00:00+00:00,191.56
2020-02-03 04:00:00+00:00,190.19
2020-02-03 08:00:00+00:00,189.95
2020-02-03 12:00:00+00:00,187.68
2020-02-03 16:00:00+00:00,190.39
2020-02-03 20:00:00+00:00,189.92
2020-02-04 00:00:00+00:00,188.23
2020-02-04 04:00:00+00:00,188.39
2020-02-04 08:00:00+00:00,187.14
2020-02-04 12:00:00+00:00,188.49
2020-02-04 16:00:00+00:00,188.06
2020-02-04 20:00:00+00:00,189.01
2020-02-05 00:00:00+00:00,189.99
2020-02-05 04:00:00+00:00,191.06
2020-02-05 08:00:00+00:00,197.88
2020-02-05 12:00:00+00:00,199.13
2020-02-05 16:00:00+00:00,202.32
2020-02-05 20:00:00+00:00,204.1
2020-02-06 00:00:00+00:00,206.89
2020-02-06 04:00:00+00:00,209.38
2020-02-06 08:00:00+00:00,210.79
2020-02-06 12:00:00+00:00,212.59
2020-02-06 16:00:00+00:00,212.09
2020-02-06 20:00:00+00:00,213.27
2020-02-07 00:00:00+00:00,217.29
2020-02-07 04:00:00+00:00,219.2
2020-02-07 08:00:00+00:00,220.74
2020-02-07 12:00:00+00:00,221.77
2020-02-07 16:00:00+00:00,221.6
2020-02-07 20:00:00+00:00,223.57
2020-02-08 00:00:00+00:00,217.52
2020-02-08 04:00:00+00:00,220.67
2020-02-08 08:00:00+00:00,226.5
2020-02-08 12:00:00+00:00,225.59
2020-02-08 16:00:00+00:00,225.0
2020-02-08 20:00:00+00:00,223.57
2020-02-09 00:00:00+00:00,228.66
2020-02-09 04:00:00+00:00,229.9
2020-02-09 08:00:00+00:00,228.49
2020-02-09 12:00:00+00:00,227.29
2020-02-09 16:00:00+00:00,227.23
2020-02-09 20:00:00+00:00,228.64
2020-02-10 00:00:00+00:00,226.02
2020-02-10 04:00:00+00:00,224.6
2020-02-10 08:00:00+00:00,219.18
2020-02-10 12:00:00+00:00,223.48
2020-02-10 16:00:00+00:00,221.26
2020-02-10 20:00:00+00:00,223.03
2020-02-11 00:00:00+00:00,219.51
2020-02-11 04:00:00+00:00,218.9
2020-02-11 08:00:00+00:00,223.02
2020-02-11 12:00:00+00:00,229.44
2020-02-11 16:00:00+00:00,239.1
2020-02-11 20:00:00+00:00,237.16
2020-02-12 00:00:00+00:00,245.42
2020-02-12 04:00:00+00:00,253.95
2020-02-12 08:00:00+00:00,256.35
2020-02-12 12:00:00+00:00,254.42
2020-02-12 16:00:00+00:00,265.48
2020-02-12 20:00:00+00:00,266.24
2020-02-13 00:00:00+00:00,269.73
2020-02-13 04:00:00+00:00,266.39
2020-02-13 08:00:00+00:00,263.8
2020-02-13 12:00:00+00:00,270.76
2020-02-13 16:00:00+00:00,269.64
2020-02-13 20:00:00+00:00,268.48
2020-02-14 00:00:00+00:00,267.08
2020-02-14 04:00:00+00:00,263.03
2020-02-14 08:00:00+00:00,271.47
2020-02-14 12:00:00+00:00,273.28
2020-02-14 16:00:00+00:00,282.86
2020-02-14 20:00:00+00:00,285.4
2020-02-15 00:00:00+00:00,282.68
2020-02-15 04:00:00+00:00,279.81
2020-02-15 08:00:00+00:00,282.11
2020-02-15 12:00:00+00:00,274.35
2020-02-15 16:00:00+00:00,267.59
2020-02-15 20:00:00+00:00,265.08
2020-02-16 00:00:00+00:00,271.53
2020-02-16 04:00:00+00:00,270.34
2020-02-16 08:00:00+00:00,266.21
2020-02-16 12:00:00+00:00,259.43
2020-02-16 16:00:00+00:00,250.0
2020-02-16 20:00:00+00:00,258.87
2020-02-17 00:00:00+00:00,249.84
2020-02-17 04:00:00+00:00,248.83
2020-02-17 08:00:00+00:00,248.68
2020-02-17 12:00:00+00:00,256.68
2020-02-17 16:00:00+00:00,260.71
2020-02-17 20:00:00+00:00,268.0
2020-02-18 00:00:00+00:00,269.48
2020-02-18 04:00:00+00:00,268.94
2020-02-18 08:00:00+00:00,267.76
2020-02-18 12:00:00+00:00,273.97
2020-02-18 16:00:00+00:00,285.06
2020-02-18 20:00:00+00:00,282.96
2020-02-19 00:00:00+00:00,280.69
2020-02-19 04:00:00+00:00,276.95
2020-02-19 08:00:00+00:00,283.03
2020-02-19 12:00:00+00:00,279.9
2020-02-19 16:00:00+00:00,277.11
2020-02-19 20:00:00+00:00,258.43
2020-02-20 00:00:00+00:00,261.05
2020-02-20 04:00:00+00:00,261.28
2020-02-20 08:00:00+00:00,253.8
2020-02-20 12:00:00+00:00,255.32
2020-02-20 16:00:00+00:00,256.41
2020-02-20 20:00:00+00:00,257.11
2020-02-21 00:00:00+00:00,262.27
2020-02-21 04:00:00+00:00,260.59
2020-02-21 08:00:00+00:00,262.13
2020-02-21 12:00:00+00:00,265.39
2020-02-21 16:00:00+00:00,264.43
2020-02-21 20:00:00+00:00,265.44
2020-02-22 00:00:00+00:00,262.95
2020-02-22 04:00:00+00:00,258.62
2020-02-22 08:00:00+00:00,262.1
2020-02-22 12:00:00+00:00,261.32
2020-02-22 16:00:00+00:00,261.01
2020-02-22 20:00:00+00:00,261.83
2020-02-23 00:00:00+00:00,265.76
2020-02-23 04:00:00+00:00,270.53
2020-02-23 08:00:00+00:00,268.51
2020-02-23 12:00:00+00:00,270.4
2020-02-23 16:00:00+00:00,271.06
2020-02-23 20:00:00+00:00,274.67
2020-02-24 00:00:00+00:00,268.32
2020-02-24 04:00:00+00:00,267.81
2020-02-24 08:00:00+00:00,272.07
2020-02-24 12:00:00+00:00,267.84
2020-02-24 16:00:00+00:00,263.54
2020-02-24 20:00:00+00:00,265.7
2020-02-25 00:00:00+00:00,262.04
2020-02-25 04:00:00+00:00,257.97
2020-02-25 08:00:00+00:00,262.86
2020-02-25 12:00:00+00:00,252.67
2020-02-25 16:00:00+00:00,250.77
2020-02-25 20:00:00+00:00,247.03
2020-02-26 00:00:00+00:00,239.46
2020-02-26 04:00:00+00:00,238.19
2020-02-26 08:00:00+00:00,236.09
2020-02-26 12:00:00+00:00,226.66
2020-02-26 16:00:00+00:00,229.82
2020-02-26 20:00:00+00:00,224.1
2020-02-27 00:00:00+00:00,219.1
2020-02-27 04:00:00+00:00,225.52
2020-02-27 08:00:00+00:00,226.85
2020-02-27 12:00:00+00:00,231.23
2020-02-27 16:00:00+00:00,235.19
2020-02-27 20:00:00+00:00,227.92
2020-02-28 00:00:00+00:00,229.99
2020-02-28 04:00:00+00:00,224.32
2020-02-28 08:00:00+00:00,220.77
2020-02-28 12:00:00+00:00,227.38
2020-02-28 16:00:00+00:00,222.83
2020-02-28 20:00:00+00:00,227.09
2020-02-29 00:00:00+00:00,230.35
2020-02-29 04:00:00+00:00,229.45
2020-02-29 08:00:00+00:00,226.45
2020-02-29 12:00:00+00:00,224.0
2020-02-29 16:00:00+00:00,225.41
2020-02-29 20:00:00+00:00,217.31
2020-03-01 00:00:00+00:00,223.88
2020-03-01 04:00:00+00:00,220.16
2020-03-01 08:00:00+00:00,224.52
2020-03-01 12:00:00+00:00,220.53
2020-03-01 16:00:00+00:00,216.56
2020-03-01 20:00:00+00:00,218.01
2020-03-02 00:00:00+00:00,219.05
2020-03-02 04:00:00+00:00,220.16
2020-03-02 08:00:00+00:00,224.84
2020-03-02 12:00:00+00:00,228.45
2020-03-02 16:00:00+00:00,232.21
2020-03-02 20:00:00+00:00,232.22
2020-03-03 00:00:00+00:00,231.57
2020-03-03 04:00:00+00:00,226.91
2020-03-03 08:00:00+00:00,231.3
2020-03-03 12:00:00+00:00,224.8
2020-03-03 16:00:00+00:00,223.84
2020-03-03 20:00:00+00:00,224.1
2020-03-04 00:00:00+00:00,226.37
2020-03-04 04:00:00+00:00,226.88
2020-03-04 08:00:00+00:00,223.42
2020-03-04 12:00:00+00:00,221.81
2020-03-04 16:00:00+00:00,222.63
2020-03-04 20:00:00+00:00,224.47
2020-03-05 00:00:00+00:00,226.68
2020-03-05 04:00:00+00:00,228.08
2020-03-05 08:00:00+00:00,232.39
2020-03-05 12:00:00+00:00,231.7
2020-03-05 16:00:00+00:00,232.98
2020-03-05 20:00:00+00:00,228.64
2020-03-06 00:00:00+00:00,229.32
2020-03-06 04:00:00+00:00,235.58
2020-03-06 08:00:00+00:00,240.1
2020-03-06 12:00:00+00:00,234.93
2020-03-06 16:00:00+00:00,237.96
2020-03-06 20:00:00+00:00,244.94
2020-03-07 00:00:00+00:00,244.01
2020-03-07 04:00:00+00:00,243.35
2020-03-07 08:00:00+00:00,243.79
2020-03-07 12:00:00+00:00,246.9
2020-03-07 16:00:00+00:00,238.97
2020-03-07 20:00:00+00:00,237.34
2020-03-08 00:00:00+00:00,231.86
2020-03-08 04:00:00+00:00,230.03
2020-03-08 08:00:00+00:00,231.68
2020-03-08 12:00:00+00:00,217.01
2020-03-08 16:00:00+00:00,213.21
2020-03-08 20:00:00+00:00,199.54
2020-03-09 00:00:00+00:00,201.64
2020-03-09 04:00:00+00:00,205.87
2020-03-09 08:00:00+00:00,201.24
2020-03-09 12:00:00+00:00,194.82
2020-03-09 16:00:00+00:00,197.81
2020-03-09 20:00:00+00:00,203.02
2020-03-10 00:00:00+00:00,202.65
2020-03-10 04:00:00+00:00,199.18
2020-03-10 08:00:00+00:00,203.34
2020-03-10 12:00:00+00:00,196.87
2020-03-10 16:00:00+00:00,202.28
2020-03-10 20:00:00+00:00,200.95
2020-03-11 00:00:00+00:00,201.93
2020-03-11 04:00:00+00:00,199.17
2020-03-11 08:00:00+00:00,196.82
2020-03-11 12:00:00+00:00,192.1
2020-03-11 16:00:00+00:00,190.1
2020-03-11 20:00:00+00:00,194.81
2020-03-12 00:00:00+00:00,183.33
2020-03-12 04:00:00+00:00,171.86
2020-03-12 08:00:00+00:00,136.86
2020-03-12 12:00:00+00:00,141.09
2020-03-12 16:00:00+00:00,138.4
2020-03-12 20:00:00+00:00,106.71
2020-03-13 00:00:00+00:00,124.62
2020-03-13 04:00:00+00:00,127.2
2020-03-13 08:00:00+00:00,127.24
2020-03-13 12:00:00+00:00,123.51
2020-03-13 16:00:00+00:00,128.23
2020-03-13 20:00:00+00:00,134.13
2020-03-14 00:00:00+00:00,133.3
2020-03-14 04:00:00+00:00,132.19
2020-03-14 08:00:00+00:00,128.74
2020-03-14 12:00:00+00:00,126.73
2020-03-14 16:00:00+00:00,127.22
2020-03-14 20:00:00+00:00,122.55
2020-03-15 00:00:00+00:00,121.13
2020-03-15 04:00:00+00:00,123.3
2020-03-15 08:00:00+00:00,126.21
2020-03-15 12:00:00+00:00,124.05
2020-03-15 16:00:00+00:00,123.3
2020-03-15 20:00:00+00:00,123.89
2020-03-16 00:00:00+00:00,122.49
2020-03-16 04:00:00+00:00,107.18
2020-03-16 08:00:00+00:00,103.91
2020-03-16 12:00:00+00:00,114.65
2020-03-16 16:00:00+00:00,110.0
2020-03-16 20:00:00+00:00,111.06
2020-03-17 00:00:00+00:00,117.68
2020-03-17 04:00:00+00:00,117.87
2020-03-17 08:00:00+00:00,115.97
2020-03-17 12:00:00+00:00,117.48
2020-03-17 16:00:00+00:00,117.54
2020-03-17 20:00:00+00:00,115.68
2020-03-18 00:00:00+00:00,117.53
2020-03-18 04:00:00+00:00,112.23
2020-03-18 08:00:00+00:00,112.79
2020-03-18 12:00:00+00:00,115.81
2020-03-18 16:00:00+00:00,116.07
2020-03-18 20:00:00+00:00,118.16
2020-03-19 00:00:00+00:00,116.03
2020-03-19 04:00:00+00:00,118.9
2020-03-19 08:00:00+00:00,123.8
2020-03-19 12:00:00+00:00,128.04
2020-03-19 16:00:00+00:00,136.23
2020-03-19 20:00:00+00:00,136.42
2020-03-20 00:00:00+00:00,134.89
2020-03-20 04:00:00+00:00,139.73
2020-03-20 08:00:00+00:00,145.74
2020-03-20 12:00:00+00:00,142.91
2020-03-20 16:00:00+00:00,131.3
2020-03-20 20:00:00+00:00,133.52
2020-03-21 00:00:00+00:00,134.41
2020-03-21 04:00:00+00:00,131.22
2020-03-21 08:00:00+00:00,130.5
2020-03-21 12:00:00+00:00,132.93
2020-03-21 16:00:00+00:00,132.72
2020-03-21 20:00:00+00:00,132.67
2020-03-22 00:00:00+00:00,135.91
2020-03-22 04:00:00+00:00,134.46
2020-03-22 08:00:00+00:00,130.99
2020-03-22 12:00:00+00:00,127.92
2020-03-22 16:00:00+00:00,123.61
2020-03-22 20:00:00+00:00,122.25
2020-03-23 00:00:00+00:00,125.12
2020-03-23 04:00:00+00:00,123.66
2020-03-23 08:00:00+00:00,122.81
2020-03-23 12:00:00+00:00,129.49
2020-03-23 16:00:00+00:00,130.05
2020-03-23 20:00:00+00:00,135.96
2020-03-24 00:00:00+00:00,133.84
2020-03-24 04:00:00+00:00,135.6
2020-03-24 08:00:00+00:00,140.72
2020-03-24 12:00:00+00:00,136.0
2020-03-24 16:00:00+00:00,139.49
2020-03-24 20:00:00+00:00,138.38
2020-03-25 00:00:00+00:00,136.08
2020-03-25 04:00:00+00:00,138.24
2020-03-25 08:00:00+00:00,134.43
2020-03-25 12:00:00+00:00,135.45
2020-03-25 16:00:00+00:00,135.72
2020-03-25 20:00:00+00:00,136.1
2020-03-26 00:00:00+00:00,137.01
2020-03-26 04:00:00+00:00,134.85
2020-03-26 08:00:00+00:00,134.6
2020-03-26 12:00:00+00:00,134.55
2020-03-26 16:00:00+00:00,135.12
2020-03-26 20:00:00+00:00,138.41
2020-03-27 00:00:00+00:00,139.2
2020-03-27 04:00:00+00:00,137.44
2020-03-27 08:00:00+00:00,135.77
2020-03-27 12:00:00+00:00,136.02
2020-03-27 16:00:00+00:00,136.7
2020-03-27 20:00:00+00:00,131.27
2020-03-28 00:00:00+00:00,126.06
2020-03-28 04:00:00+00:00,127.86
2020-03-28 08:00:00+00:00,127.91
2020-03-28 12:00:00+00:00,128.0
2020-03-28 16:00:00+00:00,128.26
2020-03-28 20:00:00+00:00,130.95
2020-03-29 00:00:00+00:00,129.93
2020-03-29 04:00:00+00:00,129.37
2020-03-29 08:00:00+00:00,129.15
2020-03-29 12:00:00+00:00,128.93
2020-03-29 16:00:00+00:00,124.93
2020-03-29 20:00:00+00:00,124.4
2020-03-30 00:00:00+00:00,126.69
2020-03-30 04:00:00+00:00,129.95
2020-03-30 08:00:00+00:00,133.39
2020-03-30 12:00:00+00:00,132.14
2020-03-30 16:00:00+00:00,132.11
2020-03-30 20:00:00+00:00,132.04
2020-03-31 00:00:00+00:00,132.09
2020-03-31 04:00:00+00:00,131.86
2020-03-31 08:00:00+00:00,131.84
2020-03-31 12:00:00+00:00,132.7
2020-03-31 16:00:00+00:00,133.14
2020-03-31 20:00:00+00:00,132.61
2020-04-01 00:00:00+00:00,132.82
2020-04-01 04:00:00+00:00,132.34
2020-04-01 08:00:00+00:00,132.17
2020-04-01 12:00:00+00:00,131.02
2020-04-01 16:00:00+00:00,129.83
2020-04-01 20:00:00+00:00,135.6
2020-04-02 00:00:00+00:00,136.23
2020-04-02 04:00:00+00:00,137.35
2020-04-02 08:00:00+00:00,137.65
2020-04-02 12:00:00+00:00,139.27
2020-04-02 16:00:00+00:00,140.87
2020-04-02 20:00:00+00:00,141.3
2020-04-03 00:00:00+00:00,141.49
2020-04-03 04:00:00+00:00,144.54
2020-04-03 08:00:00+00:00,146.11
2020-04-03 12:00:00+00:00,141.37
2020-04-03 16:00:00+00:00,142.19
2020-04-03 20:00:00+00:00,141.23
2020-04-04 00:00:00+00:00,139.66
2020-04-04 04:00:00+00:00,140.88
2020-04-04 08:00:00+00:00,140.73
2020-04-04 12:00:00+00:00,142.26
2020-04-04 16:00:00+00:00,142.74
2020-04-04 20:00:00+00:00,144.02
2020-04-05 00:00:00+00:00,143.79
2020-04-05 04:00:00+00:00,142.63
2020-04-05 08:00:00+00:00,142.82
2020-04-05 12:00:00+00:00,143.58
2020-04-05 16:00:00+00:00,143.16
2020-04-05 20:00:00+00:00,142.59
2020-04-06 00:00:00+00:00,143.98
2020-04-06 04:00:00+00:00,149.43
2020-04-06 08:00:00+00:00,154.17
2020-04-06 12:00:00+00:00,161.2
2020-04-06 16:00:00+00:00,164.83
2020-04-06 20:00:00+00:00,171.15
2020-04-07 00:00:00+00:00,170.82
2020-04-07 04:00:00+00:00,173.66
2020-04-07 08:00:00+00:00,172.3
2020-04-07 12:00:00+00:00,169.06
2020-04-07 16:00:00+00:00,169.08
2020-04-07 20:00:00+00:00,164.55
2020-04-08 00:00:00+00:00,172.24
2020-04-08 04:00:00+00:00,170.39
2020-04-08 08:00:00+00:00,168.68
2020-04-08 12:00:00+00:00,169.13
2020-04-08 16:00:00+00:00,170.41
2020-04-08 20:00:00+00:00,173.19
2020-04-09 00:00:00+00:00,170.25
2020-04-09 04:00:00+00:00,172.36
2020-04-09 08:00:00+00:00,167.89
2020-04-09 12:00:00+00:00,169.98
2020-04-09 16:00:00+00:00,169.12
2020-04-09 20:00:00+00:00,169.46
2020-04-10 00:00:00+00:00,163.36
2020-04-10 04:00:00+00:00,158.0
2020-04-10 08:00:00+00:00,157.77
2020-04-10 12:00:00+00:00,152.97
2020-04-10 16:00:00+00:00,157.99
2020-04-10 20:00:00+00:00,157.69
2020-04-11 00:00:00+00:00,159.89
2020-04-11 04:00:00+00:00,158.57
2020-04-11 08:00:00+00:00,158.87
2020-04-11 12:00:00+00:00,157.29
2020-04-11 16:00:00+00:00,155.56
2020-04-11 20:00:00+00:00,158.19
2020-04-12 00:00:00+00:00,155.48
2020-04-12 04:00:00+00:00,156.95
2020-04-12 08:00:00+00:00,157.91
2020-04-12 12:00:00+00:00,162.0
2020-04-12 16:00:00+00:00,163.79
2020-04-12 20:00:00+00:00,158.72
2020-04-13 00:00:00+00:00,152.33
2020-04-13 04:00:00+00:00,152.33
2020-04-13 08:00:00+00:00,155.29
2020-04-13 12:00:00+00:00,154.04
2020-04-13 16:00:00+00:00,154.61
2020-04-13 20:00:00+00:00,156.37
2020-04-14 00:00:00+00:00,158.03
2020-04-14 04:00:00+00:00,156.56
2020-04-14 08:00:00+00:00,156.71
2020-04-14 12:00:00+00:00,159.93
2020-04-14 16:00:00+00:00,159.99
2020-04-14 20:00:00+00:00,158.43
2020-04-15 00:00:00+00:00,160.38
2020-04-15 04:00:00+00:00,159.53
2020-04-15 08:00:00+00:00,157.64
2020-04-15 12:00:00+00:00,155.66
2020-04-15 16:00:00+00:00,156.89
2020-04-15 20:00:00+00:00,152.64
2020-04-16 00:00:00+00:00,152.92
2020-04-16 04:00:00+00:00,164.52
2020-04-16 08:00:00+00:00,170.1
2020-04-16 12:00:00+00:00,172.45
2020-04-16 16:00:00+00:00,172.38
2020-04-16 20:00:00+00:00,172.27
2020-04-17 00:00:00+00:00,171.5
2020-04-17 04:00:00+00:00,169.65
2020-04-17 08:00:00+00:00,169.32
2020-04-17 12:00:00+00:00,169.72
2020-04-17 16:00:00+00:00,170.9
2020-04-17 20:00:00+00:00,170.56
2020-04-18 00:00:00+00:00,172.83
2020-04-18 04:00:00+00:00,173.19
2020-04-18 08:00:00+00:00,174.08
2020-04-18 12:00:00+00:00,184.57
2020-04-18 16:00:00+00:00,182.51
2020-04-18 20:00:00+00:00,187.48
2020-04-19 00:00:00+00:00,186.79
2020-04-19 04:00:00+00:00,182.23
2020-04-19 08:00:00+00:00,182.94
2020-04-19 12:00:00+00:00,178.8
2020-04-19 16:00:00+00:00,181.11
2020-04-19 20:00:00+00:00,179.97
2020-04-20 00:00:00+00:00,183.91
2020-04-20 04:00:00+00:00,184.04
2020-04-20 08:00:00+00:00,175.93
2020-04-20 12:00:00+00:00,179.39
2020-04-20 16:00:00+00:00,167.4
2020-04-20 20:00:00+00:00,170.19
2020-04-21 00:00:00+00:00,171.71
2020-04-21 04:00:00+00:00,172.98
2020-04-21 08:00:00+00:00,169.16
2020-04-21 12:00:00+00:00,170.24
2020-04-21 16:00:00+00:00,171.75
2020-04-21 20:00:00+00:00,170.66
2020-04-22 00:00:00+00:00,171.49
2020-04-22 04:00:00+00:00,175.02
2020-04-22 08:00:00+00:00,175.45
2020-04-22 12:00:00+00:00,182.56
2020-04-22 16:00:00+00:00,181.55
2020-04-22 20:00:00+00:00,182.63
2020-04-23 00:00:00+00:00,182.38
2020-04-23 04:00:00+00:00,179.96
2020-04-23 08:00:00+00:00,183.59
2020-04-23 12:00:00+00:00,189.35
2020-04-23 16:00:00+00:00,189.24
2020-04-23 20:00:00+00:00,185.53
2020-04-24 00:00:00+00:00,188.2
2020-04-24 04:00:00+00:00,189.2
2020-04-24 08:00:00+00:00,186.25
2020-04-24 12:00:00+00:00,187.46
2020-04-24 16:00:00+00:00,188.49
2020-04-24 20:00:00+00:00,187.65
2020-04-25 00:00:00+00:00,188.1
2020-04-25 04:00:00+00:00,194.92
2020-04-25 08:00:00+00:00,193.68
2020-04-25 12:00:00+00:00,193.48
2020-04-25 16:00:00+00:00,194.19
2020-04-25 20:00:00+00:00,194.25
2020-04-26 00:00:00+00:00,194.91
2020-04-26 04:00:00+00:00,193.6
2020-04-26 08:00:00+00:00,196.97
2020-04-26 12:00:00+00:00,194.05
2020-04-26 16:00:00+00:00,195.29
2020-04-26 20:00:00+00:00,197.46
2020-04-27 00:00:00+00:00,197.12
2020-04-27 04:00:00+00:00,196.13
2020-04-27 08:00:00+00:00,195.89
2020-04-27 12:00:00+00:00,192.72
2020-04-27 16:00:00+00:00,193.87
2020-04-27 20:00:00+00:00,196.37
2020-04-28 00:00:00+00:00,194.55
2020-04-28 04:00:00+00:00,195.32
2020-04-28 08:00:00+00:00,196.06
2020-04-28 12:00:00+00:00,195.61
2020-04-28 16:00:00+00:00,195.68
2020-04-28 20:00:00+00:00,196.31
2020-04-29 00:00:00+00:00,198.14
2020-04-29 04:00:00+00:00,205.44
2020-04-29 08:00:00+00:00,207.59
2020-04-29 12:00:00+00:00,209.81
2020-04-29 16:00:00+00:00,216.03
2020-04-29 20:00:00+00:00,215.5
2020-04-30 00:00:00+00:00,225.75
2020-04-30 04:00:00+00:00,220.42
2020-04-30 08:00:00+00:00,211.81
2020-04-30 12:00:00+00:00,208.09
2020-04-30 16:00:00+00:00,211.46
2020-04-30 20:00:00+00:00,206.22
2020-05-01 00:00:00+00:00,209.04
2020-05-01 04:00:00+00:00,212.82
2020-05-01 08:00:00+00:00,215.5
2020-05-01 12:00:00+00:00,210.06
2020-05-01 16:00:00+00:00,209.48
2020-05-01 20:00:00+00:00,212.22
2020-05-02 00:00:00+00:00,213.13
2020-05-02 04:00:00+00:00,211.27
2020-05-02 08:00:00+00:00,212.42
2020-05-02 12:00:00+00:00,213.23
2020-05-02 16:00:00+00:00,213.71
2020-05-02 20:00:00+00:00,213.99
2020-05-03 00:00:00+00:00,218.13
2020-05-03 04:00:00+00:00,213.89
2020-05-03 08:00:00+00:00,214.28
2020-05-03 12:00:00+00:00,208.23
2020-05-03 16:00:00+00:00,208.95
2020-05-03 20:00:00+00:00,209.95
2020-05-04 00:00:00+00:00,203.81
2020-05-04 04:00:00+00:00,199.52
2020-05-04 08:00:00+00:00,199.82
2020-05-04 12:00:00+00:00,206.12
2020-05-04 16:00:00+00:00,203.86
2020-05-04 20:00:00+00:00,206.73
2020-05-05 00:00:00+00:00,206.15
2020-05-05 04:00:00+00:00,208.69
2020-05-05 08:00:00+00:00,203.59
2020-05-05 12:00:00+00:00,203.76
2020-05-05 16:00:00+00:00,204.31
2020-05-05 20:00:00+00:00,205.39
2020-05-06 00:00:00+00:00,207.0
2020-05-06 04:00:00+00:00,207.65
2020-05-06 08:00:00+00:00,210.37
2020-05-06 12:00:00+00:00,208.34
2020-05-06 16:00:00+00:00,204.67
2020-05-06 20:00:00+00:00,199.06
2020-05-07 00:00:00+00:00,205.99
2020-05-07 04:00:00+00:00,204.94
2020-05-07 08:00:00+00:00,204.2
2020-05-07 12:00:00+00:00,206.13
2020-05-07 16:00:00+00:00,213.2
2020-05-07 20:00:00+00:00,212.25
2020-05-08 00:00:00+00:00,213.05
2020-05-08 04:00:00+00:00,209.5
2020-05-08 08:00:00+00:00,211.54
2020-05-08 12:00:00+00:00,211.62
2020-05-08 16:00:00+00:00,213.02
2020-05-08 20:00:00+00:00,211.47
2020-05-09 00:00:00+00:00,214.0
2020-05-09 04:00:00+00:00,211.02
2020-05-09 08:00:00+00:00,210.47
2020-05-09 12:00:00+00:00,213.18
2020-05-09 16:00:00+00:00,212.51
2020-05-09 20:00:00+00:00,210.31
2020-05-10 00:00:00+00:00,185.94
2020-05-10 04:00:00+00:00,190.6
2020-05-10 08:00:00+00:00,189.64
2020-05-10 12:00:00+00:00,188.3
2020-05-10 16:00:00+00:00,185.21
2020-05-10 20:00:00+00:00,187.52
2020-05-11 00:00:00+00:00,188.44
2020-05-11 04:00:00+00:00,187.26
2020-05-11 08:00:00+00:00,188.93
2020-05-11 12:00:00+00:00,188.18
2020-05-11 16:00:00+00:00,187.14
2020-05-11 20:00:00+00:00,185.69
2020-05-12 00:00:00+00:00,188.4
2020-05-12 04:00:00+00:00,187.99
2020-05-12 08:00:00+00:00,190.74
2020-05-12 12:00:00+00:00,190.76
2020-05-12 16:00:00+00:00,189.47
2020-05-12 20:00:00+00:00,189.64
2020-05-13 00:00:00+00:00,190.79
2020-05-13 04:00:00+00:00,189.72
2020-05-13 08:00:00+00:00,190.97
2020-05-13 12:00:00+00:00,198.09
2020-05-13 16:00:00+00:00,196.8
2020-05-13 20:00:00+00:00,199.54
2020-05-14 00:00:00+00:00,199.01
2020-05-14 04:00:00+00:00,199.74
2020-05-14 08:00:00+00:00,202.45
2020-05-14 12:00:00+00:00,202.42
2020-05-14 16:00:00+00:00,203.29
2020-05-14 20:00:00+00:00,203.13
2020-05-15 00:00:00+00:00,199.28
2020-05-15 04:00:00+00:00,201.09
2020-05-15 08:00:00+00:00,200.9
2020-05-15 12:00:00+00:00,197.78
2020-05-15 16:00:00+00:00,194.59
2020-05-15 20:00:00+00:00,194.71
2020-05-16 00:00:00+00:00,198.45
2020-05-16 04:00:00+00:00,199.35
2020-05-16 08:00:00+00:00,200.15
2020-05-16 12:00:00+00:00,200.63
2020-05-16 16:00:00+00:00,199.98
2020-05-16 20:00:00+00:00,200.39
2020-05-17 00:00:00+00:00,201.4
2020-05-17 04:00:00+00:00,202.01
2020-05-17 08:00:00+00:00,201.24
2020-05-17 12:00:00+00:00,208.77
2020-05-17 16:00:00+00:00,207.82
2020-05-17 20:00:00+00:00,206.93
2020-05-18 00:00:00+00:00,215.08
2020-05-18 04:00:00+00:00,214.23
2020-05-18 08:00:00+00:00,212.16
2020-05-18 12:00:00+00:00,211.41
2020-05-18 16:00:00+00:00,213.09
2020-05-18 20:00:00+00:00,214.83
2020-05-19 00:00:00+00:00,210.32
2020-05-19 04:00:00+00:00,211.5
2020-05-19 08:00:00+00:00,212.85
2020-05-19 12:00:00+00:00,212.37
2020-05-19 16:00:00+00:00,211.52
2020-05-19 20:00:00+00:00,214.7
2020-05-20 00:00:00+00:00,213.01
2020-05-20 04:00:00+00:00,213.4
2020-05-20 08:00:00+00:00,213.0
2020-05-20 12:00:00+00:00,208.0
2020-05-20 16:00:00+00:00,209.62
2020-05-20 20:00:00+00:00,209.96
2020-05-21 00:00:00+00:00,209.35
2020-05-21 04:00:00+00:00,208.47
2020-05-21 08:00:00+00:00,207.73
2020-05-21 12:00:00+00:00,199.17
2020-05-21 16:00:00+00:00,198.53
2020-05-21 20:00:00+00:00,198.68
2020-05-22 00:00:00+00:00,197.18
2020-05-22 04:00:00+00:00,201.57
2020-05-22 08:00:00+00:00,203.17
2020-05-22 12:00:00+00:00,205.14
2020-05-22 16:00:00+00:00,207.53
2020-05-22 20:00:00+00:00,207.28
2020-05-23 00:00:00+00:00,209.95
2020-05-23 04:00:00+00:00,208.14
2020-05-23 08:00:00+00:00,207.07
2020-05-23 12:00:00+00:00,207.68
2020-05-23 16:00:00+00:00,207.12
2020-05-23 20:00:00+00:00,206.51
2020-05-24 00:00:00+00:00,208.44
2020-05-24 04:00:00+00:00,209.5
2020-05-24 08:00:00+00:00,205.94
2020-05-24 12:00:00+00:00,205.33
2020-05-24 16:00:00+00:00,206.41
2020-05-24 20:00:00+00:00,199.7
2020-05-25 00:00:00+00:00,202.37
2020-05-25 04:00:00+00:00,204.1
2020-05-25 08:00:00+00:00,202.42
2020-05-25 12:00:00+00:00,202.71
2020-05-25 16:00:00+00:00,204.59
2020-05-25 20:00:00+00:00,204.1
2020-05-26 00:00:00+00:00,204.55
2020-05-26 04:00:00+00:00,203.66
2020-05-26 08:00:00+00:00,202.17
2020-05-26 12:00:00+00:00,197.61
2020-05-26 16:00:00+00:00,199.26
2020-05-26 20:00:00+00:00,200.91
2020-05-27 00:00:00+00:00,201.67
2020-05-27 04:00:00+00:00,202.79
2020-05-27 08:00:00+00:00,206.46
2020-05-27 12:00:00+00:00,205.98
2020-05-27 16:00:00+00:00,206.48
2020-05-27 20:00:00+00:00,208.27
2020-05-28 00:00:00+00:00,206.35
2020-05-28 04:00:00+00:00,205.31
2020-05-28 08:00:00+00:00,207.53
2020-05-28 12:00:00+00:00,214.25
2020-05-28 16:00:00+00:00,214.63
2020-05-28 20:00:00+00:00,220.32
2020-05-29 00:00:00+00:00,221.92
2020-05-29 04:00:00+00:00,221.51
2020-05-29 08:00:00+00:00,219.15
2020-05-29 12:00:00+00:00,219.55
2020-05-29 16:00:00+00:00,219.94
2020-05-29 20:00:00+00:00,220.65
2020-05-30 00:00:00+00:00,222.78
2020-05-30 04:00:00+00:00,232.27
2020-05-30 08:00:00+00:00,236.77
2020-05-30 12:00:00+00:00,235.66
2020-05-30 16:00:00+00:00,237.07
2020-05-30 20:00:00+00:00,243.74
2020-05-31 00:00:00+00:00,237.36
2020-05-31 04:00:00+00:00,239.76
2020-05-31 08:00:00+00:00,238.9
2020-05-31 12:00:00+00:00,233.77
2020-05-31 16:00:00+00:00,236.57
2020-05-31 20:00:00+00:00,231.55
2020-06-01 00:00:00+00:00,238.79
2020-06-01 04:00:00+00:00,238.7
2020-06-01 08:00:00+00:00,236.07
2020-06-01 12:00:00+00:00,238.16
2020-06-01 16:00:00+00:00,237.78
2020-06-01 20:00:00+00:00,248.9
2020-06-02 00:00:00+00:00,247.42
2020-06-02 04:00:00+00:00,248.99
2020-06-02 08:00:00+00:00,252.4
2020-06-02 12:00:00+00:00,233.59
2020-06-02 16:00:00+00:00,236.21
2020-06-02 20:00:00+00:00,237.73
2020-06-03 00:00:00+00:00,235.86
2020-06-03 04:00:00+00:00,236.78
2020-06-03 08:00:00+00:00,239.69
2020-06-03 12:00:00+00:00,239.35
2020-06-03 16:00:00+00:00,240.95
2020-06-03 20:00:00+00:00,244.52
2020-06-04 00:00:00+00:00,245.41
2020-06-04 04:00:00+00:00,243.48
2020-06-04 08:00:00+00:00,243.02
2020-06-04 12:00:00+00:00,245.16
2020-06-04 16:00:00+00:00,241.46
2020-06-04 20:00:00+00:00,243.28
2020-06-05 00:00:00+00:00,243.18
2020-06-05 04:00:00+00:00,243.73
2020-06-05 08:00:00+00:00,243.3
2020-06-05 12:00:00+00:00,241.85
2020-06-05 16:00:00+00:00,242.07
2020-06-05 20:00:00+00:00,240.13
2020-06-06 00:00:00+00:00,240.66
2020-06-06 04:00:00+00:00,240.25
2020-06-06 08:00:00+00:00,243.45
2020-06-06 12:00:00+00:00,242.42
2020-06-06 16:00:00+00:00,241.54
2020-06-06 20:00:00+00:00,242.05
2020-06-07 00:00:00+00:00,243.05
2020-06-07 04:00:00+00:00,242.38
2020-06-07 08:00:00+00:00,238.92
2020-06-07 12:00:00+00:00,237.39
2020-06-07 16:00:00+00:00,242.39
2020-06-07 20:00:00+00:00,244.66
2020-06-08 00:00:00+00:00,244.24
2020-06-08 04:00:00+00:00,243.86
2020-06-08 08:00:00+00:00,243.9
2020-06-08 12:00:00+00:00,243.14
2020-06-08 16:00:00+00:00,242.4
2020-06-08 20:00:00+00:00,246.65
2020-06-09 00:00:00+00:00,243.23
2020-06-09 04:00:00+00:00,243.46
2020-06-09 08:00:00+00:00,243.53
2020-06-09 12:00:00+00:00,243.49
2020-06-09 16:00:00+00:00,243.42
2020-06-09 20:00:00+00:00,243.98
2020-06-10 00:00:00+00:00,243.78
2020-06-10 04:00:00+00:00,243.72
2020-06-10 08:00:00+00:00,242.71
2020-06-10 12:00:00+00:00,243.54
2020-06-10 16:00:00+00:00,246.97
2020-06-10 20:00:00+00:00,247.95
2020-06-11 00:00:00+00:00,248.3
2020-06-11 04:00:00+00:00,246.35
2020-06-11 08:00:00+00:00,245.79
2020-06-11 12:00:00+00:00,239.02
2020-06-11 16:00:00+00:00,232.49
2020-06-11 20:00:00+00:00,230.48
2020-06-12 00:00:00+00:00,233.65
2020-06-12 04:00:00+00:00,235.46
2020-06-12 08:00:00+00:00,237.36
2020-06-12 12:00:00+00:00,236.27
2020-06-12 16:00:00+00:00,236.86
2020-06-12 20:00:00+00:00,237.46
2020-06-13 00:00:00+00:00,235.7
2020-06-13 04:00:00+00:00,236.59
2020-06-13 08:00:00+00:00,235.56
2020-06-13 12:00:00+00:00,237.2
2020-06-13 16:00:00+00:00,236.94
2020-06-13 20:00:00+00:00,238.17
2020-06-14 00:00:00+00:00,237.7
2020-06-14 04:00:00+00:00,235.11
2020-06-14 08:00:00+00:00,236.15
2020-06-14 12:00:00+00:00,235.37
2020-06-14 16:00:00+00:00,234.99
2020-06-14 20:00:00+00:00,231.92
2020-06-15 00:00:00+00:00,225.78
2020-06-15 04:00:00+00:00,224.52
2020-06-15 08:00:00+00:00,223.44
2020-06-15 12:00:00+00:00,226.37
2020-06-15 16:00:00+00:00,232.34
2020-06-15 20:00:00+00:00,230.86
2020-06-16 00:00:00+00:00,233.2
2020-06-16 04:00:00+00:00,233.0
2020-06-16 08:00:00+00:00,234.49
2020-06-16 12:00:00+00:00,233.0
2020-06-16 16:00:00+00:00,233.93
2020-06-16 20:00:00+00:00,235.22
2020-06-17 00:00:00+00:00,232.96
2020-06-17 04:00:00+00:00,234.72
2020-06-17 08:00:00+00:00,233.7
2020-06-17 12:00:00+00:00,231.53
2020-06-17 16:00:00+00:00,229.38
2020-06-17 20:00:00+00:00,233.75
2020-06-18 00:00:00+00:00,233.52
2020-06-18 04:00:00+00:00,233.52
2020-06-18 08:00:00+00:00,233.08
2020-06-18 12:00:00+00:00,231.29
2020-06-18 16:00:00+00:00,231.3
2020-06-18 20:00:00+00:00,231.26
2020-06-19 00:00:00+00:00,227.6
2020-06-19 04:00:00+00:00,228.39
2020-06-19 08:00:00+00:00,230.25
2020-06-19 12:00:00+00:00,230.82
2020-06-19 16:00:00+00:00,228.9
2020-06-19 20:00:00+00:00,228.97
2020-06-20 00:00:00+00:00,230.26
2020-06-20 04:00:00+00:00,229.81
2020-06-20 08:00:00+00:00,229.03
2020-06-20 12:00:00+00:00,226.6
2020-06-20 16:00:00+00:00,226.85
2020-06-20 20:00:00+00:00,228.85
2020-06-21 00:00:00+00:00,229.68
2020-06-21 04:00:00+00:00,230.26
2020-06-21 08:00:00+00:00,230.02
2020-06-21 12:00:00+00:00,230.68
2020-06-21 16:00:00+00:00,230.0
2020-06-21 20:00:00+00:00,228.08
2020-06-22 00:00:00+00:00,234.27
2020-06-22 04:00:00+00:00,234.83
2020-06-22 08:00:00+00:00,236.52
2020-06-22 12:00:00+00:00,241.5
2020-06-22 16:00:00+00:00,242.33
2020-06-22 20:00:00+00:00,243.14
2020-06-23 00:00:00+00:00,242.72
2020-06-23 04:00:00+00:00,244.14
2020-06-23 08:00:00+00:00,243.38
2020-06-23 12:00:00+00:00,244.41
2020-06-23 16:00:00+00:00,243.7
2020-06-23 20:00:00+00:00,243.12
2020-06-24 00:00:00+00:00,245.47
2020-06-24 04:00:00+00:00,242.4
2020-06-24 08:00:00+00:00,238.02
2020-06-24 12:00:00+00:00,232.12
2020-06-24 16:00:00+00:00,233.72
2020-06-24 20:00:00+00:00,234.54
2020-06-25 00:00:00+00:00,229.71
2020-06-25 04:00:00+00:00,231.29
2020-06-25 08:00:00+00:00,234.34
2020-06-25 12:00:00+00:00,233.66
2020-06-25 16:00:00+00:00,233.7
2020-06-25 20:00:00+00:00,232.5
2020-06-26 00:00:00+00:00,232.27
2020-06-26 04:00:00+00:00,229.32
2020-06-26 08:00:00+00:00,230.93
2020-06-26 12:00:00+00:00,229.99
2020-06-26 16:00:00+00:00,230.14
2020-06-26 20:00:00+00:00,229.66
2020-06-27 00:00:00+00:00,229.68
2020-06-27 04:00:00+00:00,230.5
2020-06-27 08:00:00+00:00,229.66
2020-06-27 12:00:00+00:00,227.57
2020-06-27 16:00:00+00:00,217.72
2020-06-27 20:00:00+00:00,220.94
2020-06-28 00:00:00+00:00,219.38
2020-06-28 04:00:00+00:00,220.56
2020-06-28 08:00:00+00:00,223.31
2020-06-28 12:00:00+00:00,226.16
2020-06-28 16:00:00+00:00,224.01
2020-06-28 20:00:00+00:00,224.96
2020-06-29 00:00:00+00:00,224.54
2020-06-29 04:00:00+00:00,222.86
2020-06-29 08:00:00+00:00,223.66
2020-06-29 12:00:00+00:00,223.85
2020-06-29 16:00:00+00:00,226.04
2020-06-29 20:00:00+00:00,227.95
2020-06-30 00:00:00+00:00,227.05
2020-06-30 04:00:00+00:00,226.81
2020-06-30 08:00:00+00:00,227.68
2020-06-30 12:00:00+00:00,226.35
2020-06-30 16:00:00+00:00,224.87
2020-06-30 20:00:00+00:00,225.56
2020-07-01 00:00:00+00:00,225.45
2020-07-01 04:00:00+00:00,225.53
2020-07-01 08:00:00+00:00,227.71
2020-07-01 12:00:00+00:00,229.4
2020-07-01 16:00:00+00:00,231.14
2020-07-01 20:00:00+00:00,231.03
2020-07-02 00:00:00+00:00,231.08
2020-07-02 04:00:00+00:00,228.54
2020-07-02 08:00:00+00:00,228.14
2020-07-02 12:00:00+00:00,225.09
2020-07-02 16:00:00+00:00,225.7
2020-07-02 20:00:00+00:00,226.54
2020-07-03 00:00:00+00:00,226.24
2020-07-03 04:00:00+00:00,227.2
2020-07-03 08:00:00+00:00,227.07
2020-07-03 12:00:00+00:00,227.0
2020-07-03 16:00:00+00:00,226.42
2020-07-03 20:00:00+00:00,224.83
2020-07-04 00:00:00+00:00,226.1
2020-07-04 04:00:00+00:00,226.07
2020-07-04 08:00:00+00:00,225.61
2020-07-04 12:00:00+00:00,225.9
2020-07-04 16:00:00+00:00,228.95
2020-07-04 20:00:00+00:00,229.2
2020-07-05 00:00:00+00:00,228.3
2020-07-05 04:00:00+00:00,226.75
2020-07-05 08:00:00+00:00,225.16
2020-07-05 12:00:00+00:00,224.95
2020-07-05 16:00:00+00:00,225.2
2020-07-05 20:00:00+00:00,227.61
2020-07-06 00:00:00+00:00,227.87
2020-07-06 04:00:00+00:00,232.83
2020-07-06 08:00:00+00:00,235.67
2020-07-06 12:00:00+00:00,238.76
2020-07-06 16:00:00+00:00,238.43
2020-07-06 20:00:00+00:00,241.63
2020-07-07 00:00:00+00:00,239.22
2020-07-07 04:00:00+00:00,237.13
2020-07-07 08:00:00+00:00,237.58
2020-07-07 12:00:00+00:00,238.83
2020-07-07 16:00:00+00:00,238.0
2020-07-07 20:00:00+00:00,239.45
2020-07-08 00:00:00+00:00,241.92
2020-07-08 04:00:00+00:00,240.82
2020-07-08 08:00:00+00:00,244.13
2020-07-08 12:00:00+00:00,245.88
2020-07-08 16:00:00+00:00,248.69
2020-07-08 20:00:00+00:00,247.14
2020-07-09 00:00:00+00:00,244.83
2020-07-09 04:00:00+00:00,246.86
2020-07-09 08:00:00+00:00,246.69
2020-07-09 12:00:00+00:00,239.94
2020-07-09 16:00:00+00:00,240.14
2020-07-09 20:00:00+00:00,242.01
2020-07-10 00:00:00+00:00,240.63
2020-07-10 04:00:00+00:00,238.17
2020-07-10 08:00:00+00:00,238.08
2020-07-10 12:00:00+00:00,240.67
2020-07-10 16:00:00+00:00,239.61
2020-07-10 20:00:00+00:00,241.37
2020-07-11 00:00:00+00:00,240.63
2020-07-11 04:00:00+00:00,240.52
2020-07-11 08:00:00+00:00,238.52
2020-07-11 12:00:00+00:00,239.58
2020-07-11 16:00:00+00:00,237.97
2020-07-11 20:00:00+00:00,239.25
2020-07-12 00:00:00+00:00,240.79
2020-07-12 04:00:00+00:00,240.53
2020-07-12 08:00:00+00:00,239.62
2020-07-12 12:00:00+00:00,237.61
2020-07-12 16:00:00+00:00,238.54
2020-07-12 20:00:00+00:00,242.82
2020-07-13 00:00:00+00:00,241.84
2020-07-13 04:00:00+00:00,242.84
2020-07-13 08:00:00+00:00,244.72
2020-07-13 12:00:00+00:00,242.93
2020-07-13 16:00:00+00:00,238.52
2020-07-13 20:00:00+00:00,239.6
2020-07-14 00:00:00+00:00,238.73
2020-07-14 04:00:00+00:00,238.47
2020-07-14 08:00:00+00:00,240.65
2020-07-14 12:00:00+00:00,240.25
2020-07-14 16:00:00+00:00,241.49
2020-07-14 20:00:00+00:00,240.56
2020-07-15 00:00:00+00:00,239.38
2020-07-15 04:00:00+00:00,239.7
2020-07-15 08:00:00+00:00,239.32
2020-07-15 12:00:00+00:00,238.16
2020-07-15 16:00:00+00:00,237.51
2020-07-15 20:00:00+00:00,238.59
2020-07-16 00:00:00+00:00,238.52
2020-07-16 04:00:00+00:00,232.55
2020-07-16 08:00:00+00:00,231.73
2020-07-16 12:00:00+00:00,233.09
2020-07-16 16:00:00+00:00,232.5
2020-07-16 20:00:00+00:00,233.74
2020-07-17 00:00:00+00:00,233.3
2020-07-17 04:00:00+00:00,233.19
2020-07-17 08:00:00+00:00,233.44
2020-07-17 12:00:00+00:00,233.23
2020-07-17 16:00:00+00:00,233.17
2020-07-17 20:00:00+00:00,232.72
2020-07-18 00:00:00+00:00,233.11
2020-07-18 04:00:00+00:00,233.38
2020-07-18 08:00:00+00:00,234.96
2020-07-18 12:00:00+00:00,235.07
2020-07-18 16:00:00+00:00,235.62
2020-07-18 20:00:00+00:00,235.69
2020-07-19 00:00:00+00:00,235.13
2020-07-19 04:00:00+00:00,234.71
2020-07-19 08:00:00+00:00,233.89
2020-07-19 12:00:00+00:00,233.8
2020-07-19 16:00:00+00:00,235.3
2020-07-19 20:00:00+00:00,239.19
2020-07-20 00:00:00+00:00,238.78
2020-07-20 04:00:00+00:00,238.7
2020-07-20 08:00:00+00:00,237.63
2020-07-20 12:00:00+00:00,237.99
2020-07-20 16:00:00+00:00,235.41
2020-07-20 20:00:00+00:00,236.03
2020-07-21 00:00:00+00:00,237.12
2020-07-21 04:00:00+00:00,241.9
2020-07-21 08:00:00+00:00,243.12
2020-07-21 12:00:00+00:00,243.8
2020-07-21 16:00:00+00:00,245.41
2020-07-21 20:00:00+00:00,245.56
2020-07-22 00:00:00+00:00,244.54
2020-07-22 04:00:00+00:00,242.32
2020-07-22 08:00:00+00:00,244.05
2020-07-22 12:00:00+00:00,244.63
2020-07-22 16:00:00+00:00,245.35
2020-07-22 20:00:00+00:00,264.27
2020-07-23 00:00:00+00:00,264.23
2020-07-23 04:00:00+00:00,262.72
2020-07-23 08:00:00+00:00,264.57
2020-07-23 12:00:00+00:00,268.51
2020-07-23 16:00:00+00:00,274.99
2020-07-23 20:00:00+00:00,275.56
2020-07-24 00:00:00+00:00,273.27
2020-07-24 04:00:00+00:00,271.19
2020-07-24 08:00:00+00:00,275.36
2020-07-24 12:00:00+00:00,278.39
2020-07-24 16:00:00+00:00,283.3
2020-07-24 20:00:00+00:00,279.45
2020-07-25 00:00:00+00:00,283.14
2020-07-25 04:00:00+00:00,283.23
2020-07-25 08:00:00+00:00,282.82
2020-07-25 12:00:00+00:00,286.37
2020-07-25 16:00:00+00:00,296.77
2020-07-25 20:00:00+00:00,305.64
2020-07-26 00:00:00+00:00,303.27
2020-07-26 04:00:00+00:00,312.1
2020-07-26 08:00:00+00:00,309.82
2020-07-26 12:00:00+00:00,311.08
2020-07-26 16:00:00+00:00,307.46
2020-07-26 20:00:00+00:00,311.41
2020-07-27 00:00:00+00:00,325.48
2020-07-27 04:00:00+00:00,320.3
2020-07-27 08:00:00+00:00,325.66
2020-07-27 12:00:00+00:00,313.64
2020-07-27 16:00:00+00:00,324.6
2020-07-27 20:00:00+00:00,322.33
2020-07-28 00:00:00+00:00,319.92
2020-07-28 04:00:00+00:00,315.99
2020-07-28 08:00:00+00:00,317.19
2020-07-28 12:00:00+00:00,322.3
2020-07-28 16:00:00+00:00,318.82
2020-07-28 20:00:00+00:00,317.21
2020-07-29 00:00:00+00:00,317.03
2020-07-29 04:00:00+00:00,321.59
2020-07-29 08:00:00+00:00,323.45
2020-07-29 12:00:00+00:00,321.82
2020-07-29 16:00:00+00:00,322.02
2020-07-29 20:00:00+00:00,318.12
2020-07-30 00:00:00+00:00,316.6
2020-07-30 04:00:00+00:00,319.35
2020-07-30 08:00:00+00:00,318.18
2020-07-30 12:00:00+00:00,319.45
2020-07-30 16:00:00+00:00,333.71
2020-07-30 20:00:00+00:00,335.3
2020-07-31 00:00:00+00:00,329.62
2020-07-31 04:00:00+00:00,337.31
2020-07-31 08:00:00+00:00,344.34
2020-07-31 12:00:00+00:00,344.93
2020-07-31 16:00:00+00:00,344.07
2020-07-31 20:00:00+00:00,346.42
2020-08-01 00:00:00+00:00,352.56
2020-08-01 04:00:00+00:00,355.41
2020-08-01 08:00:00+00:00,356.67
2020-08-01 12:00:00+00:00,358.24
2020-08-01 16:00:00+00:00,384.75
2020-08-01 20:00:00+00:00,387.24
2020-08-02 00:00:00+00:00,408.4
2020-08-02 04:00:00+00:00,380.4
2020-08-02 08:00:00+00:00,362.07
2020-08-02 12:00:00+00:00,368.27
2020-08-02 16:00:00+00:00,379.54
2020-08-02 20:00:00+00:00,372.85
2020-08-03 00:00:00+00:00,380.09
2020-08-03 04:00:00+00:00,385.05
2020-08-03 08:00:00+00:00,391.52
2020-08-03 12:00:00+00:00,394.18
2020-08-03 16:00:00+00:00,394.04
2020-08-03 20:00:00+00:00,386.2
2020-08-04 00:00:00+00:00,391.65
2020-08-04 04:00:00+00:00,395.21
2020-08-04 08:00:00+00:00,386.22
2020-08-04 12:00:00+00:00,390.57
2020-08-04 16:00:00+00:00,387.15
2020-08-04 20:00:00+00:00,390.1
2020-08-05 00:00:00+00:00,389.89
2020-08-05 04:00:00+00:00,390.53
2020-08-05 08:00:00+00:00,398.07
2020-08-05 12:00:00+00:00,395.49
2020-08-05 16:00:00+00:00,399.14
2020-08-05 20:00:00+00:00,400.95
2020-08-06 00:00:00+00:00,395.72
2020-08-06 04:00:00+00:00,395.26
2020-08-06 08:00:00+00:00,394.95
2020-08-06 12:00:00+00:00,399.77
2020-08-06 16:00:00+00:00,397.32
2020-08-06 20:00:00+00:00,395.09
2020-08-07 00:00:00+00:00,395.91
2020-08-07 04:00:00+00:00,394.64
2020-08-07 08:00:00+00:00,394.53
2020-08-07 12:00:00+00:00,385.75
2020-08-07 16:00:00+00:00,374.71
2020-08-07 20:00:00+00:00,379.63
2020-08-08 00:00:00+00:00,378.36
2020-08-08 04:00:00+00:00,380.35
2020-08-08 08:00:00+00:00,392.0
2020-08-08 12:00:00+00:00,390.95
2020-08-08 16:00:00+00:00,389.53
2020-08-08 20:00:00+00:00,397.48
2020-08-09 00:00:00+00:00,395.33
2020-08-09 04:00:00+00:00,395.75
2020-08-09 08:00:00+00:00,392.35
2020-08-09 12:00:00+00:00,386.98
2020-08-09 16:00:00+00:00,390.01
2020-08-09 20:00:00+00:00,390.54
2020-08-10 00:00:00+00:00,397.98
2020-08-10 04:00:00+00:00,395.39
2020-08-10 08:00:00+00:00,391.44
2020-08-10 12:00:00+00:00,397.32
2020-08-10 16:00:00+00:00,396.11
2020-08-10 20:00:00+00:00,395.83
2020-08-11 00:00:00+00:00,394.71
2020-08-11 04:00:00+00:00,391.32
2020-08-11 08:00:00+00:00,391.98
2020-08-11 12:00:00+00:00,382.61
2020-08-11 16:00:00+00:00,381.0
2020-08-11 20:00:00+00:00,379.3
2020-08-12 00:00:00+00:00,377.81
2020-08-12 04:00:00+00:00,379.22
2020-08-12 08:00:00+00:00,382.16
2020-08-12 12:00:00+00:00,385.37
2020-08-12 16:00:00+00:00,387.21
2020-08-12 20:00:00+00:00,387.46
2020-08-13 00:00:00+00:00,395.06
2020-08-13 04:00:00+00:00,389.88
2020-08-13 08:00:00+00:00,394.44
2020-08-13 12:00:00+00:00,393.0
2020-08-13 16:00:00+00:00,394.32
2020-08-13 20:00:00+00:00,425.34
2020-08-14 00:00:00+00:00,422.0
2020-08-14 04:00:00+00:00,423.0
2020-08-14 08:00:00+00:00,428.9
2020-08-14 12:00:00+00:00,437.21
2020-08-14 16:00:00+00:00,441.6
2020-08-14 20:00:00+00:00,438.84
2020-08-15 00:00:00+00:00,439.9
2020-08-15 04:00:00+00:00,437.45
2020-08-15 08:00:00+00:00,434.74
2020-08-15 12:00:00+00:00,436.1
2020-08-15 16:00:00+00:00,432.7
2020-08-15 20:00:00+00:00,432.75
2020-08-16 00:00:00+00:00,427.4
2020-08-16 04:00:00+00:00,427.17
2020-08-16 08:00:00+00:00,418.43
2020-08-16 12:00:00+00:00,430.62
2020-08-16 16:00:00+00:00,429.78
2020-08-16 20:00:00+00:00,434.19
2020-08-17 00:00:00+00:00,426.24
2020-08-17 04:00:00+00:00,423.92
2020-08-17 08:00:00+00:00,428.95
2020-08-17 12:00:00+00:00,442.6
2020-08-17 16:00:00+00:00,438.39
2020-08-17 20:00:00+00:00,431.33
2020-08-18 00:00:00+00:00,430.8
2020-08-18 04:00:00+00:00,429.93
2020-08-18 08:00:00+00:00,427.6
2020-08-18 12:00:00+00:00,420.56
2020-08-18 16:00:00+00:00,424.19
2020-08-18 20:00:00+00:00,422.36
2020-08-19 00:00:00+00:00,416.15
2020-08-19 04:00:00+00:00,413.52
2020-08-19 08:00:00+00:00,413.33
2020-08-19 12:00:00+00:00,410.05
2020-08-19 16:00:00+00:00,396.33
2020-08-19 20:00:00+00:00,407.65
2020-08-20 00:00:00+00:00,407.35
2020-08-20 04:00:00+00:00,404.6
2020-08-20 08:00:00+00:00,411.71
2020-08-20 12:00:00+00:00,415.64
2020-08-20 16:00:00+00:00,414.54
2020-08-20 20:00:00+00:00,416.29
2020-08-21 00:00:00+00:00,416.26
2020-08-21 04:00:00+00:00,413.12
2020-08-21 08:00:00+00:00,405.69
2020-08-21 12:00:00+00:00,404.49
2020-08-21 16:00:00+00:00,397.79
2020-08-21 20:00:00+00:00,388.25
2020-08-22 00:00:00+00:00,385.64
2020-08-22 04:00:00+00:00,391.29
2020-08-22 08:00:00+00:00,390.19
2020-08-22 12:00:00+00:00,390.61
2020-08-22 16:00:00+00:00,389.52
2020-08-22 20:00:00+00:00,395.44
2020-08-23 00:00:00+00:00,390.19
2020-08-23 04:00:00+00:00,391.24
2020-08-23 08:00:00+00:00,384.37
2020-08-23 12:00:00+00:00,392.87
2020-08-23 16:00:00+00:00,394.27
2020-08-23 20:00:00+00:00,391.0
2020-08-24 00:00:00+00:00,393.48
2020-08-24 04:00:00+00:00,398.72
2020-08-24 08:00:00+00:00,407.23
2020-08-24 12:00:00+00:00,403.55
2020-08-24 16:00:00+00:00,403.81
2020-08-24 20:00:00+00:00,407.94
2020-08-25 00:00:00+00:00,401.71
2020-08-25 04:00:00+00:00,395.72
2020-08-25 08:00:00+00:00,395.59
2020-08-25 12:00:00+00:00,385.76
2020-08-25 16:00:00+00:00,379.67
2020-08-25 20:00:00+00:00,383.11
2020-08-26 00:00:00+00:00,386.43
2020-08-26 04:00:00+00:00,381.5
2020-08-26 08:00:00+00:00,382.74
2020-08-26 12:00:00+00:00,390.14
2020-08-26 16:00:00+00:00,387.41
2020-08-26 20:00:00+00:00,386.02
2020-08-27 00:00:00+00:00,384.29
2020-08-27 04:00:00+00:00,386.13
2020-08-27 08:00:00+00:00,382.14
2020-08-27 12:00:00+00:00,383.93
2020-08-27 16:00:00+00:00,378.05
2020-08-27 20:00:00+00:00,383.6
2020-08-28 00:00:00+00:00,387.73
2020-08-28 04:00:00+00:00,387.54
2020-08-28 08:00:00+00:00,393.88
2020-08-28 12:00:00+00:00,396.42
2020-08-28 16:00:00+00:00,396.08
2020-08-28 20:00:00+00:00,395.14
2020-08-29 00:00:00+00:00,394.46
2020-08-29 04:00:00+00:00,403.36
2020-08-29 08:00:00+00:00,397.89
2020-08-29 12:00:00+00:00,402.63
2020-08-29 16:00:00+00:00,402.96
2020-08-29 20:00:00+00:00,398.66
2020-08-30 00:00:00+00:00,404.92
2020-08-30 04:00:00+00:00,405.26
2020-08-30 08:00:00+00:00,406.62
2020-08-30 12:00:00+00:00,416.78
2020-08-30 16:00:00+00:00,425.25
2020-08-30 20:00:00+00:00,429.11
2020-08-31 00:00:00+00:00,425.23
2020-08-31 04:00:00+00:00,421.15
2020-08-31 08:00:00+00:00,432.55
2020-08-31 12:00:00+00:00,434.5
2020-08-31 16:00:00+00:00,436.89
2020-08-31 20:00:00+00:00,434.03
2020-09-01 00:00:00+00:00,443.84
2020-09-01 04:00:00+00:00,463.99
2020-09-01 08:00:00+00:00,469.01
2020-09-01 12:00:00+00:00,482.5
2020-09-01 16:00:00+00:00,476.11
2020-09-01 20:00:00+00:00,475.61
2020-09-02 00:00:00+00:00,470.5
2020-09-02 04:00:00+00:00,467.51
2020-09-02 08:00:00+00:00,441.73
2020-09-02 12:00:00+00:00,432.83
2020-09-02 16:00:00+00:00,436.2
2020-09-02 20:00:00+00:00,439.75
2020-09-03 00:00:00+00:00,442.79
2020-09-03 04:00:00+00:00,437.0
2020-09-03 08:00:00+00:00,423.0
2020-09-03 12:00:00+00:00,403.69
2020-09-03 16:00:00+00:00,401.89
2020-09-03 20:00:00+00:00,381.62
2020-09-04 00:00:00+00:00,383.69
2020-09-04 04:00:00+00:00,386.29
2020-09-04 08:00:00+00:00,395.17
2020-09-04 12:00:00+00:00,384.28
2020-09-04 16:00:00+00:00,391.27
2020-09-04 20:00:00+00:00,385.2
2020-09-05 00:00:00+00:00,387.15
2020-09-05 04:00:00+00:00,380.72
2020-09-05 08:00:00+00:00,356.37
2020-09-05 12:00:00+00:00,357.38
2020-09-05 16:00:00+00:00,323.42
2020-09-05 20:00:00+00:00,334.85
2020-09-06 00:00:00+00:00,327.81
2020-09-06 04:00:00+00:00,339.89
2020-09-06 08:00:00+00:00,354.45
2020-09-06 12:00:00+00:00,344.33
2020-09-06 16:00:00+00:00,353.33
2020-09-06 20:00:00+00:00,352.69
2020-09-07 00:00:00+00:00,348.17
2020-09-07 04:00:00+00:00,343.11
2020-09-07 08:00:00+00:00,335.62
2020-09-07 12:00:00+00:00,346.09
2020-09-07 16:00:00+00:00,345.79
2020-09-07 20:00:00+00:00,353.49
2020-09-08 00:00:00+00:00,348.8
2020-09-08 04:00:00+00:00,346.65
2020-09-08 08:00:00+00:00,333.71
2020-09-08 12:00:00+00:00,341.22
2020-09-08 16:00:00+00:00,334.41
2020-09-08 20:00:00+00:00,337.32
2020-09-09 00:00:00+00:00,333.87
2020-09-09 04:00:00+00:00,342.11
2020-09-09 08:00:00+00:00,347.37
2020-09-09 12:00:00+00:00,352.3
2020-09-09 16:00:00+00:00,355.92
2020-09-09 20:00:00+00:00,350.65
2020-09-10 00:00:00+00:00,370.33
2020-09-10 04:00:00+00:00,363.91
2020-09-10 08:00:00+00:00,365.31
2020-09-10 12:00:00+00:00,370.72
2020-09-10 16:00:00+00:00,362.92
2020-09-10 20:00:00+00:00,367.69
2020-09-11 00:00:00+00:00,356.89
2020-09-11 04:00:00+00:00,362.0
2020-09-11 08:00:00+00:00,362.01
2020-09-11 12:00:00+00:00,369.7
2020-09-11 16:00:00+00:00,368.55
2020-09-11 20:00:00+00:00,373.45
2020-09-12 00:00:00+00:00,369.14
2020-09-12 04:00:00+00:00,368.13
2020-09-12 08:00:00+00:00,370.59
2020-09-12 12:00:00+00:00,373.0
2020-09-12 16:00:00+00:00,384.68
2020-09-12 20:00:00+00:00,387.65
2020-09-13 00:00:00+00:00,388.57
2020-09-13 04:00:00+00:00,387.01
2020-09-13 08:00:00+00:00,372.01
2020-09-13 12:00:00+00:00,360.66
2020-09-13 16:00:00+00:00,362.89
2020-09-13 20:00:00+00:00,366.24
2020-09-14 00:00:00+00:00,365.32
2020-09-14 04:00:00+00:00,369.24
2020-09-14 08:00:00+00:00,368.9
2020-09-14 12:00:00+00:00,382.87
2020-09-14 16:00:00+00:00,374.58
2020-09-14 20:00:00+00:00,377.13
2020-09-15 00:00:00+00:00,376.19
2020-09-15 04:00:00+00:00,375.58
2020-09-15 08:00:00+00:00,376.64
2020-09-15 12:00:00+00:00,366.05
2020-09-15 16:00:00+00:00,364.75
2020-09-15 20:00:00+00:00,364.06
2020-09-16 00:00:00+00:00,359.43
2020-09-16 04:00:00+00:00,365.45
2020-09-16 08:00:00+00:00,364.8
2020-09-16 12:00:00+00:00,370.52
2020-09-16 16:00:00+00:00,365.4
2020-09-16 20:00:00+00:00,364.95
2020-09-17 00:00:00+00:00,377.13
2020-09-17 04:00:00+00:00,379.82
2020-09-17 08:00:00+00:00,382.79
2020-09-17 12:00:00+00:00,380.0
2020-09-17 16:00:00+00:00,389.12
2020-09-17 20:00:00+00:00,389.24
2020-09-18 00:00:00+00:00,387.19
2020-09-18 04:00:00+00:00,386.03
2020-09-18 08:00:00+00:00,385.54
2020-09-18 12:00:00+00:00,382.04
2020-09-18 16:00:00+00:00,378.9
2020-09-18 20:00:00+00:00,384.44
2020-09-19 00:00:00+00:00,382.72
2020-09-19 04:00:00+00:00,377.46
2020-09-19 08:00:00+00:00,386.61
2020-09-19 12:00:00+00:00,384.51
2020-09-19 16:00:00+00:00,384.68
2020-09-19 20:00:00+00:00,384.96
2020-09-20 00:00:00+00:00,381.12
2020-09-20 04:00:00+00:00,380.79
2020-09-20 08:00:00+00:00,379.38
2020-09-20 12:00:00+00:00,370.51
2020-09-20 16:00:00+00:00,370.96
2020-09-20 20:00:00+00:00,370.85
2020-09-21 00:00:00+00:00,374.7
2020-09-21 04:00:00+00:00,369.63
2020-09-21 08:00:00+00:00,352.35
2020-09-21 12:00:00+00:00,339.85
2020-09-21 16:00:00+00:00,345.13
2020-09-21 20:00:00+00:00,340.19
2020-09-22 00:00:00+00:00,343.14
2020-09-22 04:00:00+00:00,335.93
2020-09-22 08:00:00+00:00,339.33
2020-09-22 12:00:00+00:00,341.03
2020-09-22 16:00:00+00:00,343.46
2020-09-22 20:00:00+00:00,344.06
2020-09-23 00:00:00+00:00,340.92
2020-09-23 04:00:00+00:00,335.59
2020-09-23 08:00:00+00:00,338.45
2020-09-23 12:00:00+00:00,338.5
2020-09-23 16:00:00+00:00,327.49
2020-09-23 20:00:00+00:00,320.64
2020-09-24 00:00:00+00:00,324.64
2020-09-24 04:00:00+00:00,327.93
2020-09-24 08:00:00+00:00,338.06
2020-09-24 12:00:00+00:00,344.25
2020-09-24 16:00:00+00:00,345.69
2020-09-24 20:00:00+00:00,348.77
2020-09-25 00:00:00+00:00,344.76
2020-09-25 04:00:00+00:00,342.82
2020-09-25 08:00:00+00:00,343.7
2020-09-25 12:00:00+00:00,347.12
2020-09-25 16:00:00+00:00,353.9
2020-09-25 20:00:00+00:00,351.88
2020-09-26 00:00:00+00:00,350.71
2020-09-26 04:00:00+00:00,350.8
2020-09-26 08:00:00+00:00,351.64
2020-09-26 12:00:00+00:00,352.3
2020-09-26 16:00:00+00:00,352.23
2020-09-26 20:00:00+00:00,353.88
2020-09-27 00:00:00+00:00,359.27
2020-09-27 04:00:00+00:00,354.17
2020-09-27 08:00:00+00:00,349.04
2020-09-27 12:00:00+00:00,355.56
2020-09-27 16:00:00+00:00,353.9
2020-09-27 20:00:00+00:00,357.4
2020-09-28 00:00:00+00:00,357.92
2020-09-28 04:00:00+00:00,357.17
2020-09-28 08:00:00+00:00,357.97
2020-09-28 12:00:00+00:00,364.99
2020-09-28 16:00:00+00:00,363.12
2020-09-28 20:00:00+00:00,353.85
2020-09-29 00:00:00+00:00,352.95
2020-09-29 04:00:00+00:00,354.72
2020-09-29 08:00:00+00:00,357.39
2020-09-29 12:00:00+00:00,355.17
2020-09-29 16:00:00+00:00,356.1
2020-09-29 20:00:00+00:00,359.7
2020-09-30 00:00:00+00:00,355.51
2020-09-30 04:00:00+00:00,354.74
2020-09-30 08:00:00+00:00,352.67
2020-09-30 12:00:00+00:00,357.09
2020-09-30 16:00:00+00:00,355.18
2020-09-30 20:00:00+00:00,359.71
2020-10-01 00:00:00+00:00,362.37
2020-10-01 04:00:00+00:00,363.87
2020-10-01 08:00:00+00:00,368.47
2020-10-01 12:00:00+00:00,361.05
2020-10-01 16:00:00+00:00,352.99
2020-10-01 20:00:00+00:00,352.53
2020-10-02 00:00:00+00:00,353.02
2020-10-02 04:00:00+00:00,342.16
2020-10-02 08:00:00+00:00,336.9
2020-10-02 12:00:00+00:00,342.93
2020-10-02 16:00:00+00:00,343.13
2020-10-02 20:00:00+00:00,345.41
2020-10-03 00:00:00+00:00,347.8
2020-10-03 04:00:00+00:00,345.81
2020-10-03 08:00:00+00:00,347.29
2020-10-03 12:00:00+00:00,347.17
2020-10-03 16:00:00+00:00,349.84
2020-10-03 20:00:00+00:00,345.72
2020-10-04 00:00:00+00:00,345.64
2020-10-04 04:00:00+00:00,348.18
2020-10-04 08:00:00+00:00,347.47
2020-10-04 12:00:00+00:00,346.52
2020-10-04 16:00:00+00:00,352.7
2020-10-04 20:00:00+00:00,352.23
2020-10-05 00:00:00+00:00,351.89
2020-10-05 04:00:00+00:00,350.74
2020-10-05 08:00:00+00:00,350.35
2020-10-05 12:00:00+00:00,352.63
2020-10-05 16:00:00+00:00,351.33
2020-10-05 20:00:00+00:00,353.45
2020-10-06 00:00:00+00:00,353.35
2020-10-06 04:00:00+00:00,350.51
2020-10-06 08:00:00+00:00,346.01
2020-10-06 12:00:00+00:00,351.24
2020-10-06 16:00:00+00:00,340.23
2020-10-06 20:00:00+00:00,340.65
2020-10-07 00:00:00+00:00,336.61
2020-10-07 04:00:00+00:00,341.03
2020-10-07 08:00:00+00:00,339.12
2020-10-07 12:00:00+00:00,340.49
2020-10-07 16:00:00+00:00,340.88
2020-10-07 20:00:00+00:00,341.41
2020-10-08 00:00:00+00:00,339.08
2020-10-08 04:00:00+00:00,336.09
2020-10-08 08:00:00+00:00,337.49
2020-10-08 12:00:00+00:00,349.22
2020-10-08 16:00:00+00:00,351.37
2020-10-08 20:00:00+00:00,351.08
2020-10-09 00:00:00+00:00,350.12
2020-10-09 04:00:00+00:00,350.65
2020-10-09 08:00:00+00:00,359.3
2020-10-09 12:00:00+00:00,365.34
2020-10-09 16:00:00+00:00,363.3
2020-10-09 20:00:00+00:00,365.04
2020-10-10 00:00:00+00:00,376.59
2020-10-10 04:00:00+00:00,375.06
2020-10-10 08:00:00+00:00,372.39
2020-10-10 12:00:00+00:00,372.89
2020-10-10 16:00:00+00:00,373.96
2020-10-10 20:00:00+00:00,370.68
2020-10-11 00:00:00+00:00,370.85
2020-10-11 04:00:00+00:00,372.28
2020-10-11 08:00:00+00:00,374.62
2020-10-11 12:00:00+00:00,375.27
2020-10-11 16:00:00+00:00,373.2
2020-10-11 20:00:00+00:00,374.39
2020-10-12 00:00:00+00:00,374.17
2020-10-12 04:00:00+00:00,374.27
2020-10-12 08:00:00+00:00,366.42
2020-10-12 12:00:00+00:00,385.88
2020-10-12 16:00:00+00:00,388.24
2020-10-12 20:00:00+00:00,386.73
2020-10-13 00:00:00+00:00,383.26
2020-10-13 04:00:00+00:00,383.09
2020-10-13 08:00:00+00:00,384.57
2020-10-13 12:00:00+00:00,379.16
2020-10-13 16:00:00+00:00,378.12
2020-10-13 20:00:00+00:00,381.12
2020-10-14 00:00:00+00:00,381.4
2020-10-14 04:00:00+00:00,382.43
2020-10-14 08:00:00+00:00,378.95
2020-10-14 12:00:00+00:00,375.92
2020-10-14 16:00:00+00:00,375.07
2020-10-14 20:00:00+00:00,378.75
2020-10-15 00:00:00+00:00,376.74
2020-10-15 04:00:00+00:00,378.9
2020-10-15 08:00:00+00:00,372.01
2020-10-15 12:00:00+00:00,376.63
2020-10-15 16:00:00+00:00,378.39
2020-10-15 20:00:00+00:00,377.63
2020-10-16 00:00:00+00:00,378.03
2020-10-16 04:00:00+00:00,368.6
2020-10-16 08:00:00+00:00,369.94
2020-10-16 12:00:00+00:00,367.07
2020-10-16 16:00:00+00:00,365.24
2020-10-16 20:00:00+00:00,365.41
2020-10-17 00:00:00+00:00,368.36
2020-10-17 04:00:00+00:00,367.82
2020-10-17 08:00:00+00:00,368.07
2020-10-17 12:00:00+00:00,367.7
2020-10-17 16:00:00+00:00,366.97
2020-10-17 20:00:00+00:00,368.26
2020-10-18 00:00:00+00:00,368.49
2020-10-18 04:00:00+00:00,374.1
2020-10-18 08:00:00+00:00,372.85
2020-10-18 12:00:00+00:00,375.73
2020-10-18 16:00:00+00:00,375.77
2020-10-18 20:00:00+00:00,378.29
2020-10-19 00:00:00+00:00,373.13
2020-10-19 04:00:00+00:00,375.07
2020-10-19 08:00:00+00:00,375.8
2020-10-19 12:00:00+00:00,383.76
2020-10-19 16:00:00+00:00,379.74
2020-10-19 20:00:00+00:00,379.47
2020-10-20 00:00:00+00:00,380.4
2020-10-20 04:00:00+00:00,375.72
2020-10-20 08:00:00+00:00,368.0
2020-10-20 12:00:00+00:00,371.2
2020-10-20 16:00:00+00:00,368.68
2020-10-20 20:00:00+00:00,368.74
2020-10-21 00:00:00+00:00,378.33
2020-10-21 04:00:00+00:00,379.45
2020-10-21 08:00:00+00:00,379.62
2020-10-21 12:00:00+00:00,392.49
2020-10-21 16:00:00+00:00,391.56
2020-10-21 20:00:00+00:00,390.96
2020-10-22 00:00:00+00:00,392.9
2020-10-22 04:00:00+00:00,395.29
2020-10-22 08:00:00+00:00,415.76
2020-10-22 12:00:00+00:00,414.92
2020-10-22 16:00:00+00:00,416.09
2020-10-22 20:00:00+00:00,414.39
2020-10-23 00:00:00+00:00,413.95
2020-10-23 04:00:00+00:00,413.16
2020-10-23 08:00:00+00:00,417.13
2020-10-23 12:00:00+00:00,412.31
2020-10-23 16:00:00+00:00,409.72
2020-10-23 20:00:00+00:00,409.4
2020-10-24 00:00:00+00:00,412.05
2020-10-24 04:00:00+00:00,410.51
2020-10-24 08:00:00+00:00,414.68
2020-10-24 12:00:00+00:00,414.46
2020-10-24 16:00:00+00:00,413.6
2020-10-24 20:00:00+00:00,412.34
2020-10-25 00:00:00+00:00,415.34
2020-10-25 04:00:00+00:00,409.65
2020-10-25 08:00:00+00:00,407.17
2020-10-25 12:00:00+00:00,406.11
2020-10-25 16:00:00+00:00,408.33
2020-10-25 20:00:00+00:00,406.14
2020-10-26 00:00:00+00:00,408.97
2020-10-26 04:00:00+00:00,405.29
2020-10-26 08:00:00+00:00,405.3
2020-10-26 12:00:00+00:00,393.89
2020-10-26 16:00:00+00:00,391.58
2020-10-26 20:00:00+00:00,392.43
2020-10-27 00:00:00+00:00,393.09
2020-10-27 04:00:00+00:00,394.31
2020-10-27 08:00:00+00:00,402.37
2020-10-27 12:00:00+00:00,406.4
2020-10-27 16:00:00+00:00,406.43
2020-10-27 20:00:00+00:00,403.6
2020-10-28 00:00:00+00:00,405.96
2020-10-28 04:00:00+00:00,396.82
2020-10-28 08:00:00+00:00,386.72
2020-10-28 12:00:00+00:00,387.46
2020-10-28 16:00:00+00:00,384.67
2020-10-28 20:00:00+00:00,388.17
2020-10-29 00:00:00+00:00,391.92
2020-10-29 04:00:00+00:00,387.14
2020-10-29 08:00:00+00:00,382.95
2020-10-29 12:00:00+00:00,390.73
2020-10-29 16:00:00+00:00,388.58
2020-10-29 20:00:00+00:00,386.94
2020-10-30 00:00:00+00:00,384.9
2020-10-30 04:00:00+00:00,378.6
2020-10-30 08:00:00+00:00,379.24
2020-10-30 12:00:00+00:00,382.1
2020-10-30 16:00:00+00:00,383.2
2020-10-30 20:00:00+00:00,382.4
2020-10-31 00:00:00+00:00,382.85
2020-10-31 04:00:00+00:00,383.78
2020-10-31 08:00:00+00:00,390.38
2020-10-31 12:00:00+00:00,390.05
2020-10-31 16:00:00+00:00,385.62
2020-10-31 20:00:00+00:00,386.29
2020-11-01 00:00:00+00:00,386.14
2020-11-01 04:00:00+00:00,388.9
2020-11-01 08:00:00+00:00,386.63
2020-11-01 12:00:00+00:00,388.46
2020-11-01 16:00:00+00:00,388.99
2020-11-01 20:00:00+00:00,396.82
2020-11-02 00:00:00+00:00,399.52
2020-11-02 04:00:00+00:00,399.56
2020-11-02 08:00:00+00:00,384.24
2020-11-02 12:00:00+00:00,385.07
2020-11-02 16:00:00+00:00,386.38
2020-11-02 20:00:00+00:00,383.16
2020-11-03 00:00:00+00:00,374.16
2020-11-03 04:00:00+00:00,375.27
2020-11-03 08:00:00+00:00,379.4
2020-11-03 12:00:00+00:00,381.35
2020-11-03 16:00:00+00:00,383.13
2020-11-03 20:00:00+00:00,388.11
2020-11-04 00:00:00+00:00,386.1
2020-11-04 04:00:00+00:00,378.09
2020-11-04 08:00:00+00:00,380.98
2020-11-04 12:00:00+00:00,383.58
2020-11-04 16:00:00+00:00,403.12
2020-11-04 20:00:00+00:00,402.92
2020-11-05 00:00:00+00:00,405.2
2020-11-05 04:00:00+00:00,403.13
2020-11-05 08:00:00+00:00,403.74
2020-11-05 12:00:00+00:00,414.53
2020-11-05 16:00:00+00:00,413.69
2020-11-05 20:00:00+00:00,417.14
2020-11-06 00:00:00+00:00,427.75
2020-11-06 04:00:00+00:00,436.13
2020-11-06 08:00:00+00:00,444.16
2020-11-06 12:00:00+00:00,435.6
2020-11-06 16:00:00+00:00,441.61
2020-11-06 20:00:00+00:00,456.38
2020-11-07 00:00:00+00:00,459.75
2020-11-07 04:00:00+00:00,456.58
2020-11-07 08:00:00+00:00,463.19
2020-11-07 12:00:00+00:00,448.13
2020-11-07 16:00:00+00:00,431.47
2020-11-07 20:00:00+00:00,435.58
2020-11-08 00:00:00+00:00,438.29
2020-11-08 04:00:00+00:00,435.89
2020-11-08 08:00:00+00:00,445.75
2020-11-08 12:00:00+00:00,454.46
2020-11-08 16:00:00+00:00,452.56
2020-11-08 20:00:00+00:00,454.75
2020-11-09 00:00:00+00:00,452.0
2020-11-09 04:00:00+00:00,445.0
2020-11-09 08:00:00+00:00,458.84
2020-11-09 12:00:00+00:00,438.02
2020-11-09 16:00:00+00:00,446.61
2020-11-09 20:00:00+00:00,444.72
2020-11-10 00:00:00+00:00,449.68
2020-11-10 04:00:00+00:00,449.39
2020-11-10 08:00:00+00:00,447.86
2020-11-10 12:00:00+00:00,443.44
2020-11-10 16:00:00+00:00,448.51
2020-11-10 20:00:00+00:00,450.67
2020-11-11 00:00:00+00:00,463.52
2020-11-11 04:00:00+00:00,462.52
2020-11-11 08:00:00+00:00,460.7
2020-11-11 12:00:00+00:00,462.38
2020-11-11 16:00:00+00:00,469.1
2020-11-11 20:00:00+00:00,463.35
2020-11-12 00:00:00+00:00,457.96
2020-11-12 04:00:00+00:00,465.28
2020-11-12 08:00:00+00:00,460.11
2020-11-12 12:00:00+00:00,461.62
2020-11-12 16:00:00+00:00,457.2
2020-11-12 20:00:00+00:00,462.68
2020-11-13 00:00:00+00:00,464.3
2020-11-13 04:00:00+00:00,460.41
2020-11-13 08:00:00+00:00,464.55
2020-11-13 12:00:00+00:00,469.72
2020-11-13 16:00:00+00:00,473.97
2020-11-13 20:00:00+00:00,476.8
2020-11-14 00:00:00+00:00,471.45
2020-11-14 04:00:00+00:00,467.37
2020-11-14 08:00:00+00:00,458.92
2020-11-14 12:00:00+00:00,458.93
2020-11-14 16:00:00+00:00,459.96
2020-11-14 20:00:00+00:00,461.0
2020-11-15 00:00:00+00:00,458.31
2020-11-15 04:00:00+00:00,460.97
2020-11-15 08:00:00+00:00,455.26
2020-11-15 12:00:00+00:00,456.38
2020-11-15 16:00:00+00:00,445.09
2020-11-15 20:00:00+00:00,448.16
2020-11-16 00:00:00+00:00,449.53
2020-11-16 04:00:00+00:00,454.74
2020-11-16 08:00:00+00:00,452.19
2020-11-16 12:00:00+00:00,459.59
2020-11-16 16:00:00+00:00,462.3
2020-11-16 20:00:00+00:00,460.72
2020-11-17 00:00:00+00:00,462.43
2020-11-17 04:00:00+00:00,466.38
2020-11-17 08:00:00+00:00,466.91
2020-11-17 12:00:00+00:00,474.1
2020-11-17 16:00:00+00:00,483.76
2020-11-17 20:00:00+00:00,482.49
2020-11-18 00:00:00+00:00,489.29
2020-11-18 04:00:00+00:00,477.38
2020-11-18 08:00:00+00:00,480.8
2020-11-18 12:00:00+00:00,474.12
2020-11-18 16:00:00+00:00,473.05
2020-11-18 20:00:00+00:00,478.61
2020-11-19 00:00:00+00:00,478.19
2020-11-19 04:00:00+00:00,472.13
2020-11-19 08:00:00+00:00,473.87
2020-11-19 12:00:00+00:00,475.82
2020-11-19 16:00:00+00:00,474.54
2020-11-19 20:00:00+00:00,471.38
2020-11-20 00:00:00+00:00,485.76
2020-11-20 04:00:00+00:00,492.05
2020-11-20 08:00:00+00:00,506.19
2020-11-20 12:00:00+00:00,505.25
2020-11-20 16:00:00+00:00,510.17
2020-11-20 20:00:00+00:00,510.37
2020-11-21 00:00:00+00:00,508.34
2020-11-21 04:00:00+00:00,510.6
2020-11-21 08:00:00+00:00,509.81
2020-11-21 12:00:00+00:00,537.57
2020-11-21 16:00:00+00:00,542.29
2020-11-21 20:00:00+00:00,554.1
2020-11-22 00:00:00+00:00,550.29
2020-11-22 04:00:00+00:00,543.21
2020-11-22 08:00:00+00:00,523.84
2020-11-22 12:00:00+00:00,534.75
2020-11-22 16:00:00+00:00,574.79
2020-11-22 20:00:00+00:00,560.42
2020-11-23 00:00:00+00:00,574.51
2020-11-23 04:00:00+00:00,581.42
2020-11-23 08:00:00+00:00,591.74
2020-11-23 12:00:00+00:00,590.77
2020-11-23 16:00:00+00:00,598.77
2020-11-23 20:00:00+00:00,609.12
2020-11-24 00:00:00+00:00,613.96
2020-11-24 04:00:00+00:00,605.67
2020-11-24 08:00:00+00:00,607.5
2020-11-24 12:00:00+00:00,608.08
2020-11-24 16:00:00+00:00,608.21
2020-11-24 20:00:00+00:00,605.72
2020-11-25 00:00:00+00:00,585.63
2020-11-25 04:00:00+00:00,593.72
2020-11-25 08:00:00+00:00,602.5
2020-11-25 12:00:00+00:00,594.29
2020-11-25 16:00:00+00:00,586.57
2020-11-25 20:00:00+00:00,569.79
2020-11-26 00:00:00+00:00,532.09
2020-11-26 04:00:00+00:00,516.48
2020-11-26 08:00:00+00:00,513.11
2020-11-26 12:00:00+00:00,508.34
2020-11-26 16:00:00+00:00,500.54
2020-11-26 20:00:00+00:00,520.25
2020-11-27 00:00:00+00:00,519.43
2020-11-27 04:00:00+00:00,517.77
2020-11-27 08:00:00+00:00,508.0
2020-11-27 12:00:00+00:00,496.53
2020-11-27 16:00:00+00:00,506.81
2020-11-27 20:00:00+00:00,518.92
2020-11-28 00:00:00+00:00,515.2
2020-11-28 04:00:00+00:00,514.08
2020-11-28 08:00:00+00:00,518.59
2020-11-28 12:00:00+00:00,533.54
2020-11-28 16:00:00+00:00,545.94
2020-11-28 20:00:00+00:00,537.46
2020-11-29 00:00:00+00:00,542.89
2020-11-29 04:00:00+00:00,541.46
2020-11-29 08:00:00+00:00,551.48
2020-11-29 12:00:00+00:00,554.6
2020-11-29 16:00:00+00:00,551.91
2020-11-29 20:00:00+00:00,576.38
2020-11-30 00:00:00+00:00,588.57
2020-11-30 04:00:00+00:00,585.5
2020-11-30 08:00:00+00:00,588.81
2020-11-30 12:00:00+00:00,597.28
2020-11-30 16:00:00+00:00,602.97
2020-11-30 20:00:00+00:00,617.42
2020-12-01 00:00:00+00:00,605.71
2020-12-01 04:00:00+00:00,611.5
2020-12-01 08:00:00+00:00,616.35
2020-12-01 12:00:00+00:00,604.63
2020-12-01 16:00:00+00:00,600.0
2020-12-01 20:00:00+00:00,585.98
2020-12-02 00:00:00+00:00,586.14
2020-12-02 04:00:00+00:00,598.28
2020-12-02 08:00:00+00:00,598.93
2020-12-02 12:00:00+00:00,590.0
2020-12-02 16:00:00+00:00,596.94
2020-12-02 20:00:00+00:00,596.96
2020-12-03 00:00:00+00:00,595.68
2020-12-03 04:00:00+00:00,599.15
2020-12-03 08:00:00+00:00,614.79
2020-12-03 12:00:00+00:00,619.69
2020-12-03 16:00:00+00:00,614.24
2020-12-03 20:00:00+00:00,616.2
2020-12-04 00:00:00+00:00,602.9
2020-12-04 04:00:00+00:00,604.67
2020-12-04 08:00:00+00:00,585.44
2020-12-04 12:00:00+00:00,587.06
2020-12-04 16:00:00+00:00,591.34
2020-12-04 20:00:00+00:00,567.68
2020-12-05 00:00:00+00:00,576.35
2020-12-05 04:00:00+00:00,585.46
2020-12-05 08:00:00+00:00,590.22
2020-12-05 12:00:00+00:00,592.52
2020-12-05 16:00:00+00:00,594.95
2020-12-05 20:00:00+00:00,596.97
2020-12-06 00:00:00+00:00,597.49
2020-12-06 04:00:00+00:00,600.55
2020-12-06 08:00:00+00:00,593.35
2020-12-06 12:00:00+00:00,594.79
2020-12-06 16:00:00+00:00,595.84
2020-12-06 20:00:00+00:00,601.86
2020-12-07 00:00:00+00:00,595.0
2020-12-07 04:00:00+00:00,601.04
2020-12-07 08:00:00+00:00,590.89
2020-12-07 12:00:00+00:00,594.76
2020-12-07 16:00:00+00:00,587.83
2020-12-07 20:00:00+00:00,591.84
2020-12-08 00:00:00+00:00,589.03
2020-12-08 04:00:00+00:00,588.66
2020-12-08 08:00:00+00:00,574.03
2020-12-08 12:00:00+00:00,574.54
2020-12-08 16:00:00+00:00,571.63
2020-12-08 20:00:00+00:00,555.17
2020-12-09 00:00:00+00:00,552.3
2020-12-09 04:00:00+00:00,538.66
2020-12-09 08:00:00+00:00,561.82
2020-12-09 12:00:00+00:00,568.19
2020-12-09 16:00:00+00:00,568.68
2020-12-09 20:00:00+00:00,573.27
2020-12-10 00:00:00+00:00,567.74
2020-12-10 04:00:00+00:00,563.64
2020-12-10 08:00:00+00:00,555.32
2020-12-10 12:00:00+00:00,557.81
2020-12-10 16:00:00+00:00,565.93
2020-12-10 20:00:00+00:00,559.71
2020-12-11 00:00:00+00:00,547.61
2020-12-11 04:00:00+00:00,541.56
2020-12-11 08:00:00+00:00,539.1
2020-12-11 12:00:00+00:00,554.22
2020-12-11 16:00:00+00:00,546.55
2020-12-11 20:00:00+00:00,544.74
2020-12-12 00:00:00+00:00,554.5
2020-12-12 04:00:00+00:00,558.86
2020-12-12 08:00:00+00:00,559.38
2020-12-12 12:00:00+00:00,554.38
2020-12-12 16:00:00+00:00,568.88
2020-12-12 20:00:00+00:00,568.34
2020-12-13 00:00:00+00:00,565.5
2020-12-13 04:00:00+00:00,579.23
2020-12-13 08:00:00+00:00,585.87
2020-12-13 12:00:00+00:00,585.66
2020-12-13 16:00:00+00:00,591.86
2020-12-13 20:00:00+00:00,590.91
2020-12-14 00:00:00+00:00,590.55
2020-12-14 04:00:00+00:00,586.2
2020-12-14 08:00:00+00:00,579.77
2020-12-14 12:00:00+00:00,583.91
2020-12-14 16:00:00+00:00,585.5
2020-12-14 20:00:00+00:00,586.33
2020-12-15 00:00:00+00:00,593.19
2020-12-15 04:00:00+00:00,586.0
2020-12-15 08:00:00+00:00,585.85
2020-12-15 12:00:00+00:00,586.08
2020-12-15 16:00:00+00:00,592.32
2020-12-15 20:00:00+00:00,588.8
2020-12-16 00:00:00+00:00,583.64
2020-12-16 04:00:00+00:00,585.44
2020-12-16 08:00:00+00:00,594.58
2020-12-16 12:00:00+00:00,620.61
2020-12-16 16:00:00+00:00,623.16
2020-12-16 20:00:00+00:00,637.8
2020-12-17 00:00:00+00:00,637.97
2020-12-17 04:00:00+00:00,648.63
2020-12-17 08:00:00+00:00,663.62
2020-12-17 12:00:00+00:00,666.46
2020-12-17 16:00:00+00:00,648.7
2020-12-17 20:00:00+00:00,643.12
2020-12-18 00:00:00+00:00,644.34
2020-12-18 04:00:00+00:00,646.32
2020-12-18 08:00:00+00:00,651.56
2020-12-18 12:00:00+00:00,638.31
2020-12-18 16:00:00+00:00,645.55
2020-12-18 20:00:00+00:00,654.51
2020-12-19 00:00:00+00:00,655.82
2020-12-19 04:00:00+00:00,649.12
2020-12-19 08:00:00+00:00,651.9
2020-12-19 12:00:00+00:00,655.9
2020-12-19 16:00:00+00:00,659.39
2020-12-19 20:00:00+00:00,658.81
2020-12-20 00:00:00+00:00,646.7
2020-12-20 04:00:00+00:00,657.71
2020-12-20 08:00:00+00:00,653.37
2020-12-20 12:00:00+00:00,654.86
2020-12-20 16:00:00+00:00,650.79
2020-12-20 20:00:00+00:00,638.27
2020-12-21 00:00:00+00:00,645.95
2020-12-21 04:00:00+00:00,647.13
2020-12-21 08:00:00+00:00,607.06
2020-12-21 12:00:00+00:00,614.51
2020-12-21 16:00:00+00:00,611.84
2020-12-21 20:00:00+00:00,608.18
2020-12-22 00:00:00+00:00,610.59
2020-12-22 04:00:00+00:00,596.19
2020-12-22 08:00:00+00:00,612.05
2020-12-22 12:00:00+00:00,627.11
2020-12-22 16:00:00+00:00,626.7
2020-12-22 20:00:00+00:00,637.2
2020-12-23 00:00:00+00:00,623.87
2020-12-23 04:00:00+00:00,616.29
2020-12-23 08:00:00+00:00,602.25
2020-12-23 12:00:00+00:00,605.88
2020-12-23 16:00:00+00:00,610.59
2020-12-23 20:00:00+00:00,585.34
2020-12-24 00:00:00+00:00,575.31
2020-12-24 04:00:00+00:00,580.47
2020-12-24 08:00:00+00:00,582.46
2020-12-24 12:00:00+00:00,592.37
2020-12-24 16:00:00+00:00,594.36
2020-12-24 20:00:00+00:00,612.31
2020-12-25 00:00:00+00:00,606.18
2020-12-25 04:00:00+00:00,613.04
2020-12-25 08:00:00+00:00,629.81
2020-12-25 12:00:00+00:00,613.86
2020-12-25 16:00:00+00:00,619.64
2020-12-25 20:00:00+00:00,627.18
2020-12-26 00:00:00+00:00,634.45
2020-12-26 04:00:00+00:00,625.16
2020-12-26 08:00:00+00:00,622.76
2020-12-26 12:00:00+00:00,628.77
2020-12-26 16:00:00+00:00,645.85
2020-12-26 20:00:00+00:00,637.9
2020-12-27 00:00:00+00:00,644.04
2020-12-27 04:00:00+00:00,650.94
2020-12-27 08:00:00+00:00,639.0
2020-12-27 12:00:00+00:00,699.83
2020-12-27 16:00:00+00:00,706.71
2020-12-27 20:00:00+00:00,685.97
2020-12-28 00:00:00+00:00,704.71
2020-12-28 04:00:00+00:00,733.79
2020-12-28 08:00:00+00:00,733.16
2020-12-28 12:00:00+00:00,729.97
2020-12-28 16:00:00+00:00,745.19
2020-12-28 20:00:00+00:00,731.07
2020-12-29 00:00:00+00:00,700.94
2020-12-29 04:00:00+00:00,710.77
2020-12-29 08:00:00+00:00,732.58
2020-12-29 12:00:00+00:00,720.05
2020-12-29 16:00:00+00:00,731.3
2020-12-29 20:00:00+00:00,733.45
2020-12-30 00:00:00+00:00,735.52
2020-12-30 04:00:00+00:00,734.19
2020-12-30 08:00:00+00:00,726.15
2020-12-30 12:00:00+00:00,734.72
2020-12-30 16:00:00+00:00,754.67
2020-12-30 20:00:00+00:00,753.04
2020-12-31 00:00:00+00:00,743.48
2020-12-31 04:00:00+00:00,750.77
2020-12-31 08:00:00+00:00,745.92
2020-12-31 12:00:00+00:00,736.18
2020-12-31 16:00:00+00:00,739.53
2020-12-31 20:00:00+00:00,737.19
2021-01-01 00:00:00+00:00,745.88
2021-01-01 04:00:00+00:00,738.18
2021-01-01 08:00:00+00:00,739.88
2021-01-01 12:00:00+00:00,736.06
2021-01-01 16:00:00+00:00,725.68
2021-01-01 20:00:00+00:00,729.77
2021-01-02 00:00:00+00:00,731.42
2021-01-02 04:00:00+00:00,735.82
2021-01-02 08:00:00+00:00,730.5
2021-01-02 12:00:00+00:00,769.57
2021-01-02 16:00:00+00:00,785.41
2021-01-02 20:00:00+00:00,775.02
2021-01-03 00:00:00+00:00,773.22
2021-01-03 04:00:00+00:00,801.05
2021-01-03 08:00:00+00:00,830.97
2021-01-03 12:00:00+00:00,919.75
2021-01-03 16:00:00+00:00,923.78
2021-01-03 20:00:00+00:00,980.24
2021-01-04 00:00:00+00:00,1025.0
2021-01-04 04:00:00+00:00,1052.32
2021-01-04 08:00:00+00:00,977.12
2021-01-04 12:00:00+00:00,1041.19
2021-01-04 16:00:00+00:00,1044.41
2021-01-04 20:00:00+00:00,1043.11
2021-01-05 00:00:00+00:00,1001.32
2021-01-05 04:00:00+00:00,1004.14
2021-01-05 08:00:00+00:00,1044.18
2021-01-05 12:00:00+00:00,1053.98
2021-01-05 16:00:00+00:00,1100.01
2021-01-05 20:00:00+00:00,1101.29
2021-01-06 00:00:00+00:00,1077.07
2021-01-06 04:00:00+00:00,1107.01
2021-01-06 08:00:00+00:00,1159.56
2021-01-06 12:00:00+00:00,1144.0
2021-01-06 16:00:00+00:00,1162.33
2021-01-06 20:00:00+00:00,1212.64
2021-01-07 00:00:00+00:00,1218.26
2021-01-07 04:00:00+00:00,1187.28
2021-01-07 08:00:00+00:00,1205.05
2021-01-07 12:00:00+00:00,1253.74
2021-01-07 16:00:00+00:00,1236.5
2021-01-07 20:00:00+00:00,1227.12
2021-01-08 00:00:00+00:00,1150.95
2021-01-08 04:00:00+00:00,1209.09
2021-01-08 08:00:00+00:00,1259.41
2021-01-08 12:00:00+00:00,1217.52
2021-01-08 16:00:00+00:00,1185.7
2021-01-08 20:00:00+00:00,1218.39
2021-01-09 00:00:00+00:00,1229.03
2021-01-09 04:00:00+00:00,1198.0
2021-01-09 08:00:00+00:00,1223.0
2021-01-09 12:00:00+00:00,1222.24
2021-01-09 16:00:00+00:00,1233.07
2021-01-09 20:00:00+00:00,1279.96
2021-01-10 00:00:00+00:00,1314.55
2021-01-10 04:00:00+00:00,1347.79
2021-01-10 08:00:00+00:00,1262.9
2021-01-10 12:00:00+00:00,1305.43
2021-01-10 16:00:00+00:00,1266.85
2021-01-10 20:00:00+00:00,1257.96
2021-01-11 00:00:00+00:00,1104.99
2021-01-11 04:00:00+00:00,1071.95
2021-01-11 08:00:00+00:00,1068.9
2021-01-11 12:00:00+00:00,977.55
2021-01-11 16:00:00+00:00,984.78
2021-01-11 20:00:00+00:00,1086.94
2021-01-12 00:00:00+00:00,1089.73
2021-01-12 04:00:00+00:00,1140.54
2021-01-12 08:00:00+00:00,1101.08
2021-01-12 12:00:00+00:00,1053.97
2021-01-12 16:00:00+00:00,1084.08
2021-01-12 20:00:00+00:00,1050.82
2021-01-13 00:00:00+00:00,1047.43
2021-01-13 04:00:00+00:00,1076.75
2021-01-13 08:00:00+00:00,1063.0
2021-01-13 12:00:00+00:00,1072.27
2021-01-13 16:00:00+00:00,1103.63
2021-01-13 20:00:00+00:00,1130.4
2021-01-14 00:00:00+00:00,1098.24
2021-01-14 04:00:00+00:00,1150.1
2021-01-14 08:00:00+00:00,1167.93
2021-01-14 12:00:00+00:00,1213.75
2021-01-14 16:00:00+00:00,1231.95
2021-01-14 20:00:00+00:00,1234.86
2021-01-15 00:00:00+00:00,1221.26
2021-01-15 04:00:00+00:00,1242.61
2021-01-15 08:00:00+00:00,1227.58
2021-01-15 12:00:00+00:00,1143.08
2021-01-15 16:00:00+00:00,1134.89
2021-01-15 20:00:00+00:00,1168.79
2021-01-16 00:00:00+00:00,1180.6
2021-01-16 04:00:00+00:00,1184.79
2021-01-16 08:00:00+00:00,1221.52
2021-01-16 12:00:00+00:00,1282.24
2021-01-16 16:00:00+00:00,1254.65
2021-01-16 20:00:00+00:00,1230.19
2021-01-17 00:00:00+00:00,1242.96
2021-01-17 04:00:00+00:00,1182.78
2021-01-17 08:00:00+00:00,1220.33
2021-01-17 12:00:00+00:00,1242.87
2021-01-17 16:00:00+00:00,1219.79
2021-01-17 20:00:00+00:00,1233.71
2021-01-18 00:00:00+00:00,1194.73
2021-01-18 04:00:00+00:00,1220.71
2021-01-18 08:00:00+00:00,1227.37
2021-01-18 12:00:00+00:00,1242.03
2021-01-18 16:00:00+00:00,1228.95
2021-01-18 20:00:00+00:00,1262.99
2021-01-19 00:00:00+00:00,1325.59
2021-01-19 04:00:00+00:00,1382.7
2021-01-19 08:00:00+00:00,1433.14
2021-01-19 12:00:00+00:00,1417.33
2021-01-19 16:00:00+00:00,1362.74
2021-01-19 20:00:00+00:00,1367.51
2021-01-20 00:00:00+00:00,1345.81
2021-01-20 04:00:00+00:00,1372.07
2021-01-20 08:00:00+00:00,1267.4
2021-01-20 12:00:00+00:00,1275.76
2021-01-20 16:00:00+00:00,1347.63
2021-01-20 20:00:00+00:00,1379.24
2021-01-21 00:00:00+00:00,1328.16
2021-01-21 04:00:00+00:00,1310.48
2021-01-21 08:00:00+00:00,1237.98
2021-01-21 12:00:00+00:00,1189.58
2021-01-21 16:00:00+00:00,1232.05
2021-01-21 20:00:00+00:00,1111.23
2021-01-22 00:00:00+00:00,1161.06
2021-01-22 04:00:00+00:00,1144.37
2021-01-22 08:00:00+00:00,1198.39
2021-01-22 12:00:00+00:00,1233.92
2021-01-22 16:00:00+00:00,1268.24
2021-01-22 20:00:00+00:00,1234.55
2021-01-23 00:00:00+00:00,1232.76
2021-01-23 04:00:00+00:00,1260.37
2021-01-23 08:00:00+00:00,1220.74
2021-01-23 12:00:00+00:00,1231.16
2021-01-23 16:00:00+00:00,1259.75
2021-01-23 20:00:00+00:00,1235.66
2021-01-24 00:00:00+00:00,1294.62
2021-01-24 04:00:00+00:00,1317.49
2021-01-24 08:00:00+00:00,1344.89
2021-01-24 12:00:00+00:00,1322.78
2021-01-24 16:00:00+00:00,1327.96
2021-01-24 20:00:00+00:00,1394.24
2021-01-25 00:00:00+00:00,1430.56
2021-01-25 04:00:00+00:00,1425.79
2021-01-25 08:00:00+00:00,1413.4
2021-01-25 12:00:00+00:00,1436.0
2021-01-25 16:00:00+00:00,1384.69
2021-01-25 20:00:00+00:00,1318.61
2021-01-26 00:00:00+00:00,1312.98
2021-01-26 04:00:00+00:00,1318.45
2021-01-26 08:00:00+00:00,1314.68
2021-01-26 12:00:00+00:00,1278.42
2021-01-26 16:00:00+00:00,1343.08
2021-01-26 20:00:00+00:00,1368.4
2021-01-27 00:00:00+00:00,1310.29
2021-01-27 04:00:00+00:00,1293.43
2021-01-27 08:00:00+00:00,1249.95
2021-01-27 12:00:00+00:00,1281.74
2021-01-27 16:00:00+00:00,1269.67
2021-01-27 20:00:00+00:00,1238.55
2021-01-28 00:00:00+00:00,1288.18
2021-01-28 04:00:00+00:00,1285.56
2021-01-28 08:00:00+00:00,1303.61
2021-01-28 12:00:00+00:00,1353.01
2021-01-28 16:00:00+00:00,1333.87
2021-01-28 20:00:00+00:00,1329.86
2021-01-29 00:00:00+00:00,1322.33
2021-01-29 04:00:00+00:00,1317.59
2021-01-29 08:00:00+00:00,1421.87
2021-01-29 12:00:00+00:00,1398.53
2021-01-29 16:00:00+00:00,1349.74
2021-01-29 20:00:00+00:00,1381.99
2021-01-30 00:00:00+00:00,1344.14
2021-01-30 04:00:00+00:00,1347.88
2021-01-30 08:00:00+00:00,1341.46
2021-01-30 12:00:00+00:00,1372.69
2021-01-30 16:00:00+00:00,1374.07
2021-01-30 20:00:00+00:00,1380.48
2021-01-31 00:00:00+00:00,1359.84
2021-01-31 04:00:00+00:00,1347.63
2021-01-31 08:00:00+00:00,1356.23
2021-01-31 12:00:00+00:00,1311.64
2021-01-31 16:00:00+00:00,1306.26
2021-01-31 20:00:00+00:00,1313.12
2021-02-01 00:00:00+00:00,1318.29
2021-02-01 04:00:00+00:00,1318.58
2021-02-01 08:00:00+00:00,1338.73
2021-02-01 12:00:00+00:00,1302.39
2021-02-01 16:00:00+00:00,1333.9
2021-02-01 20:00:00+00:00,1376.48
2021-02-02 00:00:00+00:00,1371.26
2021-02-02 04:00:00+00:00,1417.11
2021-02-02 08:00:00+00:00,1423.21
2021-02-02 12:00:00+00:00,1428.4
2021-02-02 16:00:00+00:00,1521.19
2021-02-02 20:00:00+00:00,1516.26
2021-02-03 00:00:00+00:00,1542.36
2021-02-03 04:00:00+00:00,1549.63
2021-02-03 08:00:00+00:00,1541.6
2021-02-03 12:00:00+00:00,1601.62
2021-02-03 16:00:00+00:00,1620.59
2021-02-03 20:00:00+00:00,1666.0
2021-02-04 00:00:00+00:00,1648.88
2021-02-04 04:00:00+00:00,1664.33
2021-02-04 08:00:00+00:00,1615.72
2021-02-04 12:00:00+00:00,1583.04
2021-02-04 16:00:00+00:00,1658.06
2021-02-04 20:00:00+00:00,1596.0
2021-02-05 00:00:00+00:00,1644.6
2021-02-05 04:00:00+00:00,1666.5
2021-02-05 08:00:00+00:00,1665.57
2021-02-05 12:00:00+00:00,1745.24
2021-02-05 16:00:00+00:00,1712.62
2021-02-05 20:00:00+00:00,1721.16
2021-02-06 00:00:00+00:00,1685.2
2021-02-06 04:00:00+00:00,1674.99
2021-02-06 08:00:00+00:00,1683.49
2021-02-06 12:00:00+00:00,1677.13
2021-02-06 16:00:00+00:00,1711.4
2021-02-06 20:00:00+00:00,1679.34
2021-02-07 00:00:00+00:00,1628.22
2021-02-07 04:00:00+00:00,1633.0
2021-02-07 08:00:00+00:00,1627.22
2021-02-07 12:00:00+00:00,1538.65
2021-02-07 16:00:00+00:00,1566.29
2021-02-07 20:00:00+00:00,1611.99
2021-02-08 00:00:00+00:00,1583.35
2021-02-08 04:00:00+00:00,1640.29
2021-02-08 08:00:00+00:00,1664.03
2021-02-08 12:00:00+00:00,1737.78
2021-02-08 16:00:00+00:00,1701.83
2021-02-08 20:00:00+00:00,1755.61
2021-02-09 00:00:00+00:00,1738.89
2021-02-09 04:00:00+00:00,1754.21
2021-02-09 08:00:00+00:00,1758.51
2021-02-09 12:00:00+00:00,1751.09
2021-02-09 16:00:00+00:00,1778.0
2021-02-09 20:00:00+00:00,1770.79
2021-02-10 00:00:00+00:00,1815.08
2021-02-10 04:00:00+00:00,1816.73
2021-02-10 08:00:00+00:00,1796.02
2021-02-10 12:00:00+00:00,1715.47
2021-02-10 16:00:00+00:00,1744.46
2021-02-10 20:00:00+00:00,1743.31
2021-02-11 00:00:00+00:00,1745.86
2021-02-11 04:00:00+00:00,1739.57
2021-02-11 08:00:00+00:00,1766.95
2021-02-11 12:00:00+00:00,1800.69
2021-02-11 16:00:00+00:00,1794.77
2021-02-11 20:00:00+00:00,1789.32
2021-02-12 00:00:00+00:00,1768.45
2021-02-12 04:00:00+00:00,1770.53
2021-02-12 08:00:00+00:00,1780.01
2021-02-12 12:00:00+00:00,1790.44
2021-02-12 16:00:00+00:00,1845.53
2021-02-12 20:00:00+00:00,1843.08
2021-02-13 00:00:00+00:00,1870.02
2021-02-13 04:00:00+00:00,1806.97
2021-02-13 08:00:00+00:00,1785.0
2021-02-13 12:00:00+00:00,1819.27
2021-02-13 16:00:00+00:00,1802.27
2021-02-13 20:00:00+00:00,1818.02
2021-02-14 00:00:00+00:00,1813.52
2021-02-14 04:00:00+00:00,1835.08
2021-02-14 08:00:00+00:00,1835.65
2021-02-14 12:00:00+00:00,1802.84
2021-02-14 16:00:00+00:00,1807.1
2021-02-14 20:00:00+00:00,1803.59
2021-02-15 00:00:00+00:00,1729.1
2021-02-15 04:00:00+00:00,1750.22
2021-02-15 08:00:00+00:00,1789.35
2021-02-15 12:00:00+00:00,1812.82
2021-02-15 16:00:00+00:00,1828.11
2021-02-15 20:00:00+00:00,1781.34
2021-02-16 00:00:00+00:00,1825.36
2021-02-16 04:00:00+00:00,1799.2
2021-02-16 08:00:00+00:00,1786.09
2021-02-16 12:00:00+00:00,1775.76
2021-02-16 16:00:00+00:00,1754.54
2021-02-16 20:00:00+00:00,1784.31
2021-02-17 00:00:00+00:00,1755.9
2021-02-17 04:00:00+00:00,1807.48
2021-02-17 08:00:00+00:00,1812.02
2021-02-17 12:00:00+00:00,1812.68
2021-02-17 16:00:00+00:00,1844.7
2021-02-17 20:00:00+00:00,1849.86
2021-02-18 00:00:00+00:00,1899.58
2021-02-18 04:00:00+00:00,1903.59
2021-02-18 08:00:00+00:00,1902.65
2021-02-18 12:00:00+00:00,1910.99
2021-02-18 16:00:00+00:00,1925.11
2021-02-18 20:00:00+00:00,1941.26
2021-02-19 00:00:00+00:00,1913.8
2021-02-19 04:00:00+00:00,1922.01
2021-02-19 08:00:00+00:00,1939.68
2021-02-19 12:00:00+00:00,1933.39
2021-02-19 16:00:00+00:00,1960.03
2021-02-19 20:00:00+00:00,1958.58
2021-02-20 00:00:00+00:00,2024.88
2021-02-20 04:00:00+00:00,1989.56
2021-02-20 08:00:00+00:00,2006.07
2021-02-20 12:00:00+00:00,1981.16
2021-02-20 16:00:00+00:00,1995.72
2021-02-20 20:00:00+00:00,1914.58
2021-02-21 00:00:00+00:00,1936.7
2021-02-21 04:00:00+00:00,1914.12
2021-02-21 08:00:00+00:00,1964.62
2021-02-21 12:00:00+00:00,1963.5
2021-02-21 16:00:00+00:00,1970.41
2021-02-21 20:00:00+00:00,1934.75
2021-02-22 00:00:00+00:00,1871.65
2021-02-22 04:00:00+00:00,1888.31
2021-02-22 08:00:00+00:00,1805.43
2021-02-22 12:00:00+00:00,1732.7
2021-02-22 16:00:00+00:00,1747.4
2021-02-22 20:00:00+00:00,1778.3
2021-02-23 00:00:00+00:00,1681.44
2021-02-23 04:00:00+00:00,1587.73
2021-02-23 08:00:00+00:00,1453.3
2021-02-23 12:00:00+00:00,1574.35
2021-02-23 16:00:00+00:00,1448.52
2021-02-23 20:00:00+00:00,1579.75
2021-02-24 00:00:00+00:00,1638.28
2021-02-24 04:00:00+00:00,1642.62
2021-02-24 08:00:00+00:00,1678.0
2021-02-24 12:00:00+00:00,1662.08
2021-02-24 16:00:00+00:00,1601.85
2021-02-24 20:00:00+00:00,1623.98
2021-02-25 00:00:00+00:00,1604.89
2021-02-25 04:00:00+00:00,1635.15
2021-02-25 08:00:00+00:00,1622.29
2021-02-25 12:00:00+00:00,1627.77
2021-02-25 16:00:00+00:00,1585.04
2021-02-25 20:00:00+00:00,1482.09
2021-02-26 00:00:00+00:00,1491.91
2021-02-26 04:00:00+00:00,1432.13
2021-02-26 08:00:00+00:00,1485.53
2021-02-26 12:00:00+00:00,1533.49
2021-02-26 16:00:00+00:00,1480.93
2021-02-26 20:00:00+00:00,1445.28
2021-02-27 00:00:00+00:00,1492.66
2021-02-27 04:00:00+00:00,1491.81
2021-02-27 08:00:00+00:00,1470.29
2021-02-27 12:00:00+00:00,1454.11
2021-02-27 16:00:00+00:00,1512.23
2021-02-27 20:00:00+00:00,1458.65
2021-02-28 00:00:00+00:00,1369.19
2021-02-28 04:00:00+00:00,1343.16
2021-02-28 08:00:00+00:00,1371.22
2021-02-28 12:00:00+00:00,1317.64
2021-02-28 16:00:00+00:00,1389.58
2021-02-28 20:00:00+00:00,1419.77
2021-03-01 00:00:00+00:00,1434.92
2021-03-01 04:00:00+00:00,1438.97
2021-03-01 08:00:00+00:00,1527.07
2021-03-01 12:00:00+00:00,1553.32
2021-03-01 16:00:00+00:00,1515.11
2021-03-01 20:00:00+00:00,1571.2
2021-03-02 00:00:00+00:00,1556.6
2021-03-02 04:00:00+00:00,1540.8
2021-03-02 08:00:00+00:00,1569.49
2021-03-02 12:00:00+00:00,1554.29
2021-03-02 16:00:00+00:00,1481.55
2021-03-02 20:00:00+00:00,1486.28
2021-03-03 00:00:00+00:00,1522.98
2021-03-03 04:00:00+00:00,1566.87
2021-03-03 08:00:00+00:00,1608.88
2021-03-03 12:00:00+00:00,1602.72
2021-03-03 16:00:00+00:00,1608.18
2021-03-03 20:00:00+00:00,1568.63
2021-03-04 00:00:00+00:00,1556.65
2021-03-04 04:00:00+00:00,1572.69
2021-03-04 08:00:00+00:00,1563.22
2021-03-04 12:00:00+00:00,1577.0
2021-03-04 16:00:00+00:00,1527.98
2021-03-04 20:00:00+00:00,1540.69
2021-03-05 00:00:00+00:00,1482.85
2021-03-05 04:00:00+00:00,1474.92
2021-03-05 08:00:00+00:00,1481.49
2021-03-05 12:00:00+00:00,1482.59
2021-03-05 16:00:00+00:00,1534.52
2021-03-05 20:00:00+00:00,1529.88
2021-03-06 00:00:00+00:00,1533.68
2021-03-06 04:00:00+00:00,1591.53
2021-03-06 08:00:00+00:00,1566.81
2021-03-06 12:00:00+00:00,1544.56
2021-03-06 16:00:00+00:00,1622.22
2021-03-06 20:00:00+00:00,1651.73
2021-03-07 00:00:00+00:00,1650.99
2021-03-07 04:00:00+00:00,1685.73
2021-03-07 08:00:00+00:00,1680.15
2021-03-07 12:00:00+00:00,1654.11
2021-03-07 16:00:00+00:00,1659.08
2021-03-07 20:00:00+00:00,1727.23
2021-03-08 00:00:00+00:00,1724.96
2021-03-08 04:00:00+00:00,1692.22
2021-03-08 08:00:00+00:00,1724.57
2021-03-08 12:00:00+00:00,1743.43
2021-03-08 16:00:00+00:00,1775.55
2021-03-08 20:00:00+00:00,1834.3
2021-03-09 00:00:00+00:00,1850.3
2021-03-09 04:00:00+00:00,1815.39
2021-03-09 08:00:00+00:00,1830.72
2021-03-09 12:00:00+00:00,1834.64
2021-03-09 16:00:00+00:00,1829.67
2021-03-09 20:00:00+00:00,1873.31
2021-03-10 00:00:00+00:00,1780.48
2021-03-10 04:00:00+00:00,1808.0
2021-03-10 08:00:00+00:00,1817.52
2021-03-10 12:00:00+00:00,1834.64
2021-03-10 16:00:00+00:00,1841.78
2021-03-10 20:00:00+00:00,1796.8
2021-03-11 00:00:00+00:00,1803.45
2021-03-11 04:00:00+00:00,1768.72
2021-03-11 08:00:00+00:00,1780.47
2021-03-11 12:00:00+00:00,1798.24
2021-03-11 16:00:00+00:00,1797.44
2021-03-11 20:00:00+00:00,1829.0
2021-03-12 00:00:00+00:00,1820.02
2021-03-12 04:00:00+00:00,1796.15
2021-03-12 08:00:00+00:00,1774.6
2021-03-12 12:00:00+00:00,1776.7
2021-03-12 16:00:00+00:00,1740.39
2021-03-12 20:00:00+00:00,1767.44
2021-03-13 00:00:00+00:00,1760.74
2021-03-13 04:00:00+00:00,1792.7
2021-03-13 08:00:00+00:00,1875.33
2021-03-13 12:00:00+00:00,1879.86
2021-03-13 16:00:00+00:00,1929.68
2021-03-13 20:00:00+00:00,1924.94
2021-03-14 00:00:00+00:00,1913.72
2021-03-14 04:00:00+00:00,1889.63
2021-03-14 08:00:00+00:00,1882.26
2021-03-14 12:00:00+00:00,1859.0
2021-03-14 16:00:00+00:00,1873.43
2021-03-14 20:00:00+00:00,1850.54
2021-03-15 00:00:00+00:00,1888.75
2021-03-15 04:00:00+00:00,1793.91
2021-03-15 08:00:00+00:00,1771.17
2021-03-15 12:00:00+00:00,1766.96
2021-03-15 16:00:00+00:00,1786.58
2021-03-15 20:00:00+00:00,1794.89
2021-03-16 00:00:00+00:00,1750.99
2021-03-16 04:00:00+00:00,1799.78
2021-03-16 08:00:00+00:00,1794.92
2021-03-16 12:00:00+00:00,1805.54
2021-03-16 16:00:00+00:00,1786.18
2021-03-16 20:00:00+00:00,1807.25
2021-03-17 00:00:00+00:00,1768.07
2021-03-17 04:00:00+00:00,1786.71
2021-03-17 08:00:00+00:00,1760.77
2021-03-17 12:00:00+00:00,1774.33
2021-03-17 16:00:00+00:00,1830.24
2021-03-17 20:00:00+00:00,1825.77
2021-03-18 00:00:00+00:00,1836.19
2021-03-18 04:00:00+00:00,1817.48
2021-03-18 08:00:00+00:00,1801.67
2021-03-18 12:00:00+00:00,1823.3
2021-03-18 16:00:00+00:00,1768.76
2021-03-18 20:00:00+00:00,1777.54
2021-03-19 00:00:00+00:00,1781.13
2021-03-19 04:00:00+00:00,1794.99
2021-03-19 08:00:00+00:00,1820.91
2021-03-19 12:00:00+00:00,1823.38
2021-03-19 16:00:00+00:00,1829.0
2021-03-19 20:00:00+00:00,1811.04
2021-03-20 00:00:00+00:00,1835.63
2021-03-20 04:00:00+00:00,1823.34
2021-03-20 08:00:00+00:00,1844.86
2021-03-20 12:00:00+00:00,1857.48
2021-03-20 16:00:00+00:00,1849.59
2021-03-20 20:00:00+00:00,1807.35
2021-03-21 00:00:00+00:00,1787.73
2021-03-21 04:00:00+00:00,1779.87
2021-03-21 08:00:00+00:00,1774.28
2021-03-21 12:00:00+00:00,1790.23
2021-03-21 16:00:00+00:00,1798.0
2021-03-21 20:00:00+00:00,1784.67
2021-03-22 00:00:00+00:00,1784.43
2021-03-22 04:00:00+00:00,1791.38
2021-03-22 08:00:00+00:00,1797.36
2021-03-22 12:00:00+00:00,1779.74
2021-03-22 16:00:00+00:00,1738.91
2021-03-22 20:00:00+00:00,1681.69
2021-03-23 00:00:00+00:00,1702.79
2021-03-23 04:00:00+00:00,1680.09
2021-03-23 08:00:00+00:00,1689.48
2021-03-23 12:00:00+00:00,1705.07
2021-03-23 16:00:00+00:00,1707.84
2021-03-23 20:00:00+00:00,1669.33
2021-03-24 00:00:00+00:00,1679.9
2021-03-24 04:00:00+00:00,1695.45
2021-03-24 08:00:00+00:00,1716.32
2021-03-24 12:00:00+00:00,1723.74
2021-03-24 16:00:00+00:00,1636.34
2021-03-24 20:00:00+00:00,1582.11
2021-03-25 00:00:00+00:00,1572.82
2021-03-25 04:00:00+00:00,1573.98
2021-03-25 08:00:00+00:00,1593.36
2021-03-25 12:00:00+00:00,1597.11
2021-03-25 16:00:00+00:00,1606.82
2021-03-25 20:00:00+00:00,1587.5
2021-03-26 00:00:00+00:00,1619.63
2021-03-26 04:00:00+00:00,1630.6
2021-03-26 08:00:00+00:00,1619.23
2021-03-26 12:00:00+00:00,1642.3
2021-03-26 16:00:00+00:00,1664.97
2021-03-26 20:00:00+00:00,1699.13
2021-03-27 00:00:00+00:00,1694.36
2021-03-27 04:00:00+00:00,1693.79
2021-03-27 08:00:00+00:00,1682.26
2021-03-27 12:00:00+00:00,1684.13
2021-03-27 16:00:00+00:00,1706.02
2021-03-27 20:00:00+00:00,1714.34
2021-03-28 00:00:00+00:00,1712.35
2021-03-28 04:00:00+00:00,1719.58
2021-03-28 08:00:00+00:00,1705.64
2021-03-28 12:00:00+00:00,1709.67
2021-03-28 16:00:00+00:00,1675.9
2021-03-28 20:00:00+00:00,1688.3
2021-03-29 00:00:00+00:00,1697.81
2021-03-29 04:00:00+00:00,1705.7
2021-03-29 08:00:00+00:00,1767.28
2021-03-29 12:00:00+00:00,1791.42
2021-03-29 16:00:00+00:00,1818.45
2021-03-29 20:00:00+00:00,1818.44
2021-03-30 00:00:00+00:00,1799.58
2021-03-30 04:00:00+00:00,1818.92
2021-03-30 08:00:00+00:00,1850.65
2021-03-30 12:00:00+00:00,1831.7
2021-03-30 16:00:00+00:00,1862.61
2021-03-30 20:00:00+00:00,1843.43
2021-03-31 00:00:00+00:00,1826.58
2021-03-31 04:00:00+00:00,1817.05
2021-03-31 08:00:00+00:00,1811.6
2021-03-31 12:00:00+00:00,1850.59
2021-03-31 16:00:00+00:00,1902.69
2021-03-31 20:00:00+00:00,1923.07
2021-04-01 00:00:00+00:00,1926.7
2021-04-01 04:00:00+00:00,1928.26
2021-04-01 08:00:00+00:00,1922.18
2021-04-01 12:00:00+00:00,1946.0
2021-04-01 16:00:00+00:00,1977.54
2021-04-01 20:00:00+00:00,1969.74
2021-04-02 00:00:00+00:00,2000.73
2021-04-02 04:00:00+00:00,1997.5
2021-04-02 08:00:00+00:00,2009.79
2021-04-02 12:00:00+00:00,2077.2
2021-04-02 16:00:00+00:00,2064.46
2021-04-02 20:00:00+00:00,2138.01
2021-04-03 00:00:00+00:00,2098.34
2021-04-03 04:00:00+00:00,2114.43
2021-04-03 08:00:00+00:00,2100.39
2021-04-03 12:00:00+00:00,2072.21
2021-04-03 16:00:00+00:00,2096.46
2021-04-03 20:00:00+00:00,2012.63
2021-04-04 00:00:00+00:00,2018.91
2021-04-04 04:00:00+00:00,2036.99
2021-04-04 08:00:00+00:00,2046.1
2021-04-04 12:00:00+00:00,2078.99
2021-04-04 16:00:00+00:00,2064.86
2021-04-04 20:00:00+00:00,2077.73
2021-04-05 00:00:00+00:00,2032.13
2021-04-05 04:00:00+00:00,2029.09
2021-04-05 08:00:00+00:00,2059.49
2021-04-05 12:00:00+00:00,2118.93
2021-04-05 16:00:00+00:00,2108.97
2021-04-05 20:00:00+00:00,2110.35
2021-04-06 00:00:00+00:00,2116.18
2021-04-06 04:00:00+00:00,2101.77
2021-04-06 08:00:00+00:00,2116.42
2021-04-06 12:00:00+00:00,2085.87
2021-04-06 16:00:00+00:00,2116.31
2021-04-06 20:00:00+00:00,2114.47
2021-04-07 00:00:00+00:00,2107.81
2021-04-07 04:00:00+00:00,2077.02
2021-04-07 08:00:00+00:00,1982.12
2021-04-07 12:00:00+00:00,1978.22
2021-04-07 16:00:00+00:00,1986.01
2021-04-07 20:00:00+00:00,1965.4
2021-04-08 00:00:00+00:00,1999.05
2021-04-08 04:00:00+00:00,2029.43
2021-04-08 08:00:00+00:00,1998.41
2021-04-08 12:00:00+00:00,2061.47
2021-04-08 16:00:00+00:00,2059.7
2021-04-08 20:00:00+00:00,2082.08
2021-04-09 00:00:00+00:00,2074.63
2021-04-09 04:00:00+00:00,2079.92
2021-04-09 08:00:00+00:00,2088.0
2021-04-09 12:00:00+00:00,2063.27
2021-04-09 16:00:00+00:00,2078.64
2021-04-09 20:00:00+00:00,2068.02
2021-04-10 00:00:00+00:00,2148.66
2021-04-10 04:00:00+00:00,2169.49
2021-04-10 08:00:00+00:00,2164.38
2021-04-10 12:00:00+00:00,2158.82
2021-04-10 16:00:00+00:00,2131.39
2021-04-10 20:00:00+00:00,2135.96
2021-04-11 00:00:00+00:00,2148.06
2021-04-11 04:00:00+00:00,2132.37
2021-04-11 08:00:00+00:00,2150.44
2021-04-11 12:00:00+00:00,2151.93
2021-04-11 16:00:00+00:00,2147.07
2021-04-11 20:00:00+00:00,2155.05
2021-04-12 00:00:00+00:00,2153.05
2021-04-12 04:00:00+00:00,2186.61
2021-04-12 08:00:00+00:00,2151.83
2021-04-12 12:00:00+00:00,2122.03
2021-04-12 16:00:00+00:00,2143.74
2021-04-12 20:00:00+00:00,2139.25
2021-04-13 00:00:00+00:00,2166.68
2021-04-13 04:00:00+00:00,2167.95
2021-04-13 08:00:00+00:00,2235.43
2021-04-13 12:00:00+00:00,2281.09
2021-04-13 16:00:00+00:00,2301.61
2021-04-13 20:00:00+00:00,2303.15
2021-04-14 00:00:00+00:00,2353.97
2021-04-14 04:00:00+00:00,2373.73
2021-04-14 08:00:00+00:00,2395.0
2021-04-14 12:00:00+00:00,2351.2
2021-04-14 16:00:00+00:00,2338.9
2021-04-14 20:00:00+00:00,2437.08
2021-04-15 00:00:00+00:00,2480.32
2021-04-15 04:00:00+00:00,2471.86
2021-04-15 08:00:00+00:00,2433.71
2021-04-15 12:00:00+00:00,2463.92
2021-04-15 16:00:00+00:00,2485.13
2021-04-15 20:00:00+00:00,2519.85
2021-04-16 00:00:00+00:00,2503.52
2021-04-16 04:00:00+00:00,2429.44
2021-04-16 08:00:00+00:00,2386.49
2021-04-16 12:00:00+00:00,2430.77
2021-04-16 16:00:00+00:00,2433.02
2021-04-16 20:00:00+00:00,2427.29
2021-04-17 00:00:00+00:00,2490.1
2021-04-17 04:00:00+00:00,2465.64
2021-04-17 08:00:00+00:00,2411.57
2021-04-17 12:00:00+00:00,2346.73
2021-04-17 16:00:00+00:00,2381.1
2021-04-17 20:00:00+00:00,2319.8
2021-04-18 00:00:00+00:00,2157.0
2021-04-18 04:00:00+00:00,2211.11
2021-04-18 08:00:00+00:00,2055.23
2021-04-18 12:00:00+00:00,2145.11
2021-04-18 16:00:00+00:00,2188.67
2021-04-18 20:00:00+00:00,2235.32
2021-04-19 00:00:00+00:00,2266.21
2021-04-19 04:00:00+00:00,2268.24
2021-04-19 08:00:00+00:00,2248.23
2021-04-19 12:00:00+00:00,2096.4
2021-04-19 16:00:00+00:00,2186.88
2021-04-19 20:00:00+00:00,2162.75
2021-04-20 00:00:00+00:00,2108.39
2021-04-20 04:00:00+00:00,2093.6
2021-04-20 08:00:00+00:00,2195.37
2021-04-20 12:00:00+00:00,2188.26
2021-04-20 16:00:00+00:00,2324.81
2021-04-20 20:00:00+00:00,2329.96
2021-04-21 00:00:00+00:00,2285.21
2021-04-21 04:00:00+00:00,2295.31
2021-04-21 08:00:00+00:00,2267.27
2021-04-21 12:00:00+00:00,2442.08
2021-04-21 16:00:00+00:00,2438.36
2021-04-21 20:00:00+00:00,2358.9
2021-04-22 00:00:00+00:00,2392.26
2021-04-22 04:00:00+00:00,2472.29
2021-04-22 08:00:00+00:00,2545.05
2021-04-22 12:00:00+00:00,2612.11
2021-04-22 16:00:00+00:00,2539.48
2021-04-22 20:00:00+00:00,2398.94
2021-04-23 00:00:00+00:00,2283.55
2021-04-23 04:00:00+00:00,2135.44
2021-04-23 08:00:00+00:00,2295.48
2021-04-23 12:00:00+00:00,2334.27
2021-04-23 16:00:00+00:00,2364.31
2021-04-23 20:00:00+00:00,2368.67
2021-04-24 00:00:00+00:00,2298.98
2021-04-24 04:00:00+00:00,2274.8
2021-04-24 08:00:00+00:00,2179.7
2021-04-24 12:00:00+00:00,2250.74
2021-04-24 16:00:00+00:00,2270.28
2021-04-24 20:00:00+00:00,2215.54
2021-04-25 00:00:00+00:00,2188.58
2021-04-25 04:00:00+00:00,2197.25
2021-04-25 08:00:00+00:00,2287.57
2021-04-25 12:00:00+00:00,2342.68
2021-04-25 16:00:00+00:00,2270.44
2021-04-25 20:00:00+00:00,2320.71
2021-04-26 00:00:00+00:00,2455.0
2021-04-26 04:00:00+00:00,2452.1
2021-04-26 08:00:00+00:00,2518.65
2021-04-26 12:00:00+00:00,2509.3
2021-04-26 16:00:00+00:00,2491.61
2021-04-26 20:00:00+00:00,2534.25
2021-04-27 00:00:00+00:00,2494.2
2021-04-27 04:00:00+00:00,2547.14
2021-04-27 08:00:00+00:00,2574.75
2021-04-27 12:00:00+00:00,2665.98
2021-04-27 16:00:00+00:00,2624.56
2021-04-27 20:00:00+00:00,2668.39
2021-04-28 00:00:00+00:00,2630.84
2021-04-28 04:00:00+00:00,2612.86
2021-04-28 08:00:00+00:00,2693.22
2021-04-28 12:00:00+00:00,2683.37
2021-04-28 16:00:00+00:00,2738.05
2021-04-28 20:00:00+00:00,2748.33
2021-04-29 00:00:00+00:00,2697.09
2021-04-29 04:00:00+00:00,2731.84
2021-04-29 08:00:00+00:00,2762.41
2021-04-29 12:00:00+00:00,2778.21
2021-04-29 16:00:00+00:00,2727.73
2021-04-29 20:00:00+00:00,2759.14
2021-04-30 00:00:00+00:00,2745.17
2021-04-30 04:00:00+00:00,2776.99
2021-04-30 08:00:00+00:00,2741.46
2021-04-30 12:00:00+00:00,2738.77
2021-04-30 16:00:00+00:00,2784.5
2021-04-30 20:00:00+00:00,2773.15
2021-05-01 00:00:00+00:00,2841.11
2021-05-01 04:00:00+00:00,2861.85
2021-05-01 08:00:00+00:00,2859.17
2021-05-01 12:00:00+00:00,2867.66
2021-05-01 16:00:00+00:00,2928.77
2021-05-01 20:00:00+00:00,2947.01
2021-05-02 00:00:00+00:00,2906.0
2021-05-02 04:00:00+00:00,2896.5
2021-05-02 08:00:00+00:00,2938.3
2021-05-02 12:00:00+00:00,2931.07
2021-05-02 16:00:00+00:00,2965.56
2021-05-02 20:00:00+00:00,2950.98
2021-05-03 00:00:00+00:00,3054.36
2021-05-03 04:00:00+00:00,3148.77
2021-05-03 08:00:00+00:00,3155.72
2021-05-03 12:00:00+00:00,3164.29
2021-05-03 16:00:00+00:00,3304.53
2021-05-03 20:00:00+00:00,3433.36
2021-05-04 00:00:00+00:00,3238.81
2021-05-04 04:00:00+00:00,3319.97
2021-05-04 08:00:00+00:00,3483.95
2021-05-04 12:00:00+00:00,3234.0
2021-05-04 16:00:00+00:00,3415.49
2021-05-04 20:00:00+00:00,3243.67
2021-05-05 00:00:00+00:00,3302.05
2021-05-05 04:00:00+00:00,3343.54
2021-05-05 08:00:00+00:00,3358.9
2021-05-05 12:00:00+00:00,3311.39
2021-05-05 16:00:00+00:00,3483.58
2021-05-05 20:00:00+00:00,3528.49
2021-05-06 00:00:00+00:00,3474.0
2021-05-06 04:00:00+00:00,3440.8
2021-05-06 08:00:00+00:00,3531.34
2021-05-06 12:00:00+00:00,3556.19
2021-05-06 16:00:00+00:00,3483.25
2021-05-06 20:00:00+00:00,3493.16
2021-05-07 00:00:00+00:00,3428.47
2021-05-07 04:00:00+00:00,3437.76
2021-05-07 08:00:00+00:00,3446.23
2021-05-07 12:00:00+00:00,3563.98
2021-05-07 16:00:00+00:00,3516.0
2021-05-07 20:00:00+00:00,3480.98
2021-05-08 00:00:00+00:00,3537.88
2021-05-08 04:00:00+00:00,3531.71
2021-05-08 08:00:00+00:00,3543.75
2021-05-08 12:00:00+00:00,3636.27
2021-05-08 16:00:00+00:00,3816.76
2021-05-08 20:00:00+00:00,3914.47
2021-05-09 00:00:00+00:00,3874.0
2021-05-09 04:00:00+00:00,3939.64
2021-05-09 08:00:00+00:00,3856.8
2021-05-09 12:00:00+00:00,3878.46
2021-05-09 16:00:00+00:00,3869.21
2021-05-09 20:00:00+00:00,3928.01
2021-05-10 00:00:00+00:00,4060.21
2021-05-10 04:00:00+00:00,4109.49
2021-05-10 08:00:00+00:00,4073.94
2021-05-10 12:00:00+00:00,4160.5
2021-05-10 16:00:00+00:00,3997.97
2021-05-10 20:00:00+00:00,3950.33
2021-05-11 00:00:00+00:00,3861.99
2021-05-11 04:00:00+00:00,3962.84
2021-05-11 08:00:00+00:00,3975.46
2021-05-11 12:00:00+00:00,4024.1
2021-05-11 16:00:00+00:00,4070.27
2021-05-11 20:00:00+00:00,4175.91
2021-05-12 00:00:00+00:00,4338.41
2021-05-12 04:00:00+00:00,4311.63
2021-05-12 08:00:00+00:00,4279.63
2021-05-12 12:00:00+00:00,4196.5
2021-05-12 16:00:00+00:00,4085.65
2021-05-12 20:00:00+00:00,3828.99
2021-05-13 00:00:00+00:00,3943.95
2021-05-13 04:00:00+00:00,3971.13
2021-05-13 08:00:00+00:00,3746.77
2021-05-13 12:00:00+00:00,3750.93
2021-05-13 16:00:00+00:00,3654.12
2021-05-13 20:00:00+00:00,3719.45
2021-05-14 00:00:00+00:00,3792.39
2021-05-14 04:00:00+00:00,3884.89
2021-05-14 08:00:00+00:00,4001.21
2021-05-14 12:00:00+00:00,4132.09
2021-05-14 16:00:00+00:00,4052.11
2021-05-14 20:00:00+00:00,4079.99
2021-05-15 00:00:00+00:00,4029.54
2021-05-15 04:00:00+00:00,3913.39
2021-05-15 08:00:00+00:00,3907.69
2021-05-15 12:00:00+00:00,3877.83
2021-05-15 16:00:00+00:00,3758.74
2021-05-15 20:00:00+00:00,3648.98
2021-05-16 00:00:00+00:00,3829.71
2021-05-16 04:00:00+00:00,3869.17
2021-05-16 08:00:00+00:00,3793.57
2021-05-16 12:00:00+00:00,3636.5
2021-05-16 16:00:00+00:00,3423.77
2021-05-16 20:00:00+00:00,3581.39
2021-05-17 00:00:00+00:00,3247.02
2021-05-17 04:00:00+00:00,3521.13
2021-05-17 08:00:00+00:00,3521.0
2021-05-17 12:00:00+00:00,3290.32
2021-05-17 16:00:00+00:00,3382.47
2021-05-17 20:00:00+00:00,3283.58
2021-05-18 00:00:00+00:00,3385.99
2021-05-18 04:00:00+00:00,3513.89
2021-05-18 08:00:00+00:00,3538.74
2021-05-18 12:00:00+00:00,3346.93
2021-05-18 16:00:00+00:00,3404.06
2021-05-18 20:00:00+00:00,3376.35
2021-05-19 00:00:00+00:00,3103.42
2021-05-19 04:00:00+00:00,2985.31
2021-05-19 08:00:00+00:00,2723.82
2021-05-19 12:00:00+00:00,2750.7
2021-05-19 16:00:00+00:00,2603.57
2021-05-19 20:00:00+00:00,2442.98
2021-05-20 00:00:00+00:00,2472.68
2021-05-20 04:00:00+00:00,2711.74
2021-05-20 08:00:00+00:00,2754.57
2021-05-20 12:00:00+00:00,2904.7
2021-05-20 16:00:00+00:00,2782.8
2021-05-20 20:00:00+00:00,2768.42
2021-05-21 00:00:00+00:00,2789.91
2021-05-21 04:00:00+00:00,2687.3
2021-05-21 08:00:00+00:00,2712.18
2021-05-21 12:00:00+00:00,2422.59
2021-05-21 16:00:00+00:00,2351.42
2021-05-21 20:00:00+00:00,2431.01
2021-05-22 00:00:00+00:00,2331.5
2021-05-22 04:00:00+00:00,2249.37
2021-05-22 08:00:00+00:00,2415.73
2021-05-22 12:00:00+00:00,2367.85
2021-05-22 16:00:00+00:00,2255.68
2021-05-22 20:00:00+00:00,2295.15
2021-05-23 00:00:00+00:00,2318.74
2021-05-23 04:00:00+00:00,2158.08
2021-05-23 08:00:00+00:00,2115.07
2021-05-23 12:00:00+00:00,1925.2
2021-05-23 16:00:00+00:00,1967.04
2021-05-23 20:00:00+00:00,2096.63
2021-05-24 00:00:00+00:00,2141.55
2021-05-24 04:00:00+00:00,2289.45
2021-05-24 08:00:00+00:00,2366.71
2021-05-24 12:00:00+00:00,2508.87
2021-05-24 16:00:00+00:00,2651.37
2021-05-24 20:00:00+00:00,2649.27
2021-05-25 00:00:00+00:00,2584.01
2021-05-25 04:00:00+00:00,2660.66
2021-05-25 08:00:00+00:00,2393.88
2021-05-25 12:00:00+00:00,2610.51
2021-05-25 16:00:00+00:00,2512.26
2021-05-25 20:00:00+00:00,2706.83
2021-05-26 00:00:00+00:00,2839.5
2021-05-26 04:00:00+00:00,2890.33
2021-05-26 08:00:00+00:00,2834.37
2021-05-26 12:00:00+00:00,2747.3
2021-05-26 16:00:00+00:00,2741.23
2021-05-26 20:00:00+00:00,2884.27
2021-05-27 00:00:00+00:00,2681.03
2021-05-27 04:00:00+00:00,2736.14
2021-05-27 08:00:00+00:00,2828.05
2021-05-27 12:00:00+00:00,2806.25
2021-05-27 16:00:00+00:00,2758.88
2021-05-27 20:00:00+00:00,2742.77
2021-05-28 00:00:00+00:00,2716.6
2021-05-28 04:00:00+00:00,2566.73
2021-05-28 08:00:00+00:00,2437.11
2021-05-28 12:00:00+00:00,2558.22
2021-05-28 16:00:00+00:00,2500.13
2021-05-28 20:00:00+00:00,2411.66
2021-05-29 00:00:00+00:00,2527.04
2021-05-29 04:00:00+00:00,2489.5
2021-05-29 08:00:00+00:00,2449.95
2021-05-29 12:00:00+00:00,2329.16
2021-05-29 16:00:00+00:00,2248.69
2021-05-29 20:00:00+00:00,2277.99
2021-05-30 00:00:00+00:00,2296.3
2021-05-30 04:00:00+00:00,2451.39
2021-05-30 08:00:00+00:00,2462.35
2021-05-30 12:00:00+00:00,2382.46
2021-05-30 16:00:00+00:00,2443.1
2021-05-30 20:00:00+00:00,2386.11
2021-05-31 00:00:00+00:00,2300.29
2021-05-31 04:00:00+00:00,2450.37
2021-05-31 08:00:00+00:00,2552.0
2021-05-31 12:00:00+00:00,2637.94
2021-05-31 16:00:00+00:00,2627.5
2021-05-31 20:00:00+00:00,2706.33
2021-06-01 00:00:00+00:00,2631.5
2021-06-01 04:00:00+00:00,2652.36
2021-06-01 08:00:00+00:00,2624.15
2021-06-01 12:00:00+00:00,2567.57
2021-06-01 16:00:00+00:00,2542.87
2021-06-01 20:00:00+00:00,2634.63
2021-06-02 00:00:00+00:00,2616.1
2021-06-02 04:00:00+00:00,2694.41
2021-06-02 08:00:00+00:00,2695.34
2021-06-02 12:00:00+00:00,2791.01
2021-06-02 16:00:00+00:00,2759.03
2021-06-02 20:00:00+00:00,2707.22
2021-06-03 00:00:00+00:00,2725.18
2021-06-03 04:00:00+00:00,2820.83
2021-06-03 08:00:00+00:00,2808.22
2021-06-03 12:00:00+00:00,2789.34
2021-06-03 16:00:00+00:00,2794.19
2021-06-03 20:00:00+00:00,2858.34
2021-06-04 00:00:00+00:00,2753.0
2021-06-04 04:00:00+00:00,2620.93
2021-06-04 08:00:00+00:00,2624.99
2021-06-04 12:00:00+00:00,2656.51
2021-06-04 16:00:00+00:00,2679.04
2021-06-04 20:00:00+00:00,2689.21
2021-06-05 00:00:00+00:00,2762.28
2021-06-05 04:00:00+00:00,2781.15
2021-06-05 08:00:00+00:00,2640.25
2021-06-05 12:00:00+00:00,2654.06
2021-06-05 16:00:00+00:00,2601.2
2021-06-05 20:00:00+00:00,2627.45
2021-06-06 00:00:00+00:00,2673.41
2021-06-06 04:00:00+00:00,2688.93
2021-06-06 08:00:00+00:00,2690.5
2021-06-06 12:00:00+00:00,2719.96
2021-06-06 16:00:00+00:00,2673.12
2021-06-06 20:00:00+00:00,2711.4
2021-06-07 00:00:00+00:00,2767.46
2021-06-07 04:00:00+00:00,2764.28
2021-06-07 08:00:00+00:00,2812.61
2021-06-07 12:00:00+00:00,2783.12
2021-06-07 16:00:00+00:00,2729.3
2021-06-07 20:00:00+00:00,2592.96
2021-06-08 00:00:00+00:00,2490.04
2021-06-08 04:00:00+00:00,2513.99
2021-06-08 08:00:00+00:00,2531.57
2021-06-08 12:00:00+00:00,2374.74
2021-06-08 16:00:00+00:00,2500.04
2021-06-08 20:00:00+00:00,2506.19
2021-06-09 00:00:00+00:00,2454.36
2021-06-09 04:00:00+00:00,2503.1
2021-06-09 08:00:00+00:00,2534.44
2021-06-09 12:00:00+00:00,2565.75
2021-06-09 16:00:00+00:00,2562.06
2021-06-09 20:00:00+00:00,2610.2
2021-06-10 00:00:00+00:00,2562.56
2021-06-10 04:00:00+00:00,2547.14
2021-06-10 08:00:00+00:00,2565.25
2021-06-10 12:00:00+00:00,2511.75
2021-06-10 16:00:00+00:00,2457.71
2021-06-10 20:00:00+00:00,2471.11
2021-06-11 00:00:00+00:00,2465.02
2021-06-11 04:00:00+00:00,2444.81
2021-06-11 08:00:00+00:00,2468.92
2021-06-11 12:00:00+00:00,2415.76
2021-06-11 16:00:00+00:00,2397.77
2021-06-11 20:00:00+00:00,2354.25
2021-06-12 00:00:00+00:00,2300.48
2021-06-12 04:00:00+00:00,2320.72
2021-06-12 08:00:00+00:00,2388.14
2021-06-12 12:00:00+00:00,2392.49
2021-06-12 16:00:00+00:00,2409.78
2021-06-12 20:00:00+00:00,2370.59
2021-06-13 00:00:00+00:00,2333.1
2021-06-13 04:00:00+00:00,2323.53
2021-06-13 08:00:00+00:00,2362.08
2021-06-13 12:00:00+00:00,2350.29
2021-06-13 16:00:00+00:00,2429.18
2021-06-13 20:00:00+00:00,2508.71
2021-06-14 00:00:00+00:00,2478.13
2021-06-14 04:00:00+00:00,2499.14
2021-06-14 08:00:00+00:00,2478.46
2021-06-14 12:00:00+00:00,2575.74
2021-06-14 16:00:00+00:00,2538.53
2021-06-14 20:00:00+00:00,2579.82
2021-06-15 00:00:00+00:00,2585.41
2021-06-15 04:00:00+00:00,2621.5
2021-06-15 08:00:00+00:00,2576.96
2021-06-15 12:00:00+00:00,2551.07
2021-06-15 16:00:00+00:00,2530.98
2021-06-15 20:00:00+00:00,2544.17
2021-06-16 00:00:00+00:00,2521.02
2021-06-16 04:00:00+00:00,2527.69
2021-06-16 08:00:00+00:00,2460.65
2021-06-16 12:00:00+00:00,2415.99
2021-06-16 16:00:00+00:00,2418.03
2021-06-16 20:00:00+00:00,2366.84
2021-06-17 00:00:00+00:00,2433.31
2021-06-17 04:00:00+00:00,2439.81
2021-06-17 08:00:00+00:00,2424.43
2021-06-17 12:00:00+00:00,2416.03
2021-06-17 16:00:00+00:00,2338.7
2021-06-17 20:00:00+00:00,2372.51
2021-06-18 00:00:00+00:00,2340.72
2021-06-18 04:00:00+00:00,2340.77
2021-06-18 08:00:00+00:00,2318.88
2021-06-18 12:00:00+00:00,2215.0
2021-06-18 16:00:00+00:00,2152.79
2021-06-18 20:00:00+00:00,2231.68
2021-06-19 00:00:00+00:00,2187.27
2021-06-19 04:00:00+00:00,2244.85
2021-06-19 08:00:00+00:00,2240.15
2021-06-19 12:00:00+00:00,2245.58
2021-06-19 16:00:00+00:00,2220.53
2021-06-19 20:00:00+00:00,2163.36
2021-06-20 00:00:00+00:00,2182.4
2021-06-20 04:00:00+00:00,2203.23
2021-06-20 08:00:00+00:00,2072.59
2021-06-20 12:00:00+00:00,2109.07
2021-06-20 16:00:00+00:00,2222.15
2021-06-20 20:00:00+00:00,2242.7
2021-06-21 00:00:00+00:00,2156.7
2021-06-21 04:00:00+00:00,2011.78
2021-06-21 08:00:00+00:00,1969.02
2021-06-21 12:00:00+00:00,1982.82
2021-06-21 16:00:00+00:00,1942.56
2021-06-21 20:00:00+00:00,1884.77
2021-06-22 00:00:00+00:00,1974.69
2021-06-22 04:00:00+00:00,1943.6
2021-06-22 08:00:00+00:00,1866.03
2021-06-22 12:00:00+00:00,1858.56
2021-06-22 16:00:00+00:00,1895.26
2021-06-22 20:00:00+00:00,1878.46
2021-06-23 00:00:00+00:00,2010.89
2021-06-23 04:00:00+00:00,2004.78
2021-06-23 08:00:00+00:00,1990.38
2021-06-23 12:00:00+00:00,1974.5
2021-06-23 16:00:00+00:00,1915.34
2021-06-23 20:00:00+00:00,1966.51
2021-06-24 00:00:00+00:00,1904.01
2021-06-24 04:00:00+00:00,1919.31
2021-06-24 08:00:00+00:00,1964.99
2021-06-24 12:00:00+00:00,1985.21
2021-06-24 16:00:00+00:00,2011.5
2021-06-24 20:00:00+00:00,1989.5
2021-06-25 00:00:00+00:00,1994.87
2021-06-25 04:00:00+00:00,1942.81
2021-06-25 08:00:00+00:00,1852.84
2021-06-25 12:00:00+00:00,1825.23
2021-06-25 16:00:00+00:00,1850.92
2021-06-25 20:00:00+00:00,1808.0
2021-06-26 00:00:00+00:00,1818.33
2021-06-26 04:00:00+00:00,1750.39
2021-06-26 08:00:00+00:00,1800.4
2021-06-26 12:00:00+00:00,1778.02
2021-06-26 16:00:00+00:00,1784.43
2021-06-26 20:00:00+00:00,1828.88
2021-06-27 00:00:00+00:00,1881.22
2021-06-27 04:00:00+00:00,1865.39
2021-06-27 08:00:00+00:00,1837.58
2021-06-27 12:00:00+00:00,1842.97
2021-06-27 16:00:00+00:00,1821.56
2021-06-27 20:00:00+00:00,1980.83
2021-06-28 00:00:00+00:00,1967.18
2021-06-28 04:00:00+00:00,2047.34
2021-06-28 08:00:00+00:00,1998.86
2021-06-28 12:00:00+00:00,2114.89
2021-06-28 16:00:00+00:00,2113.88
2021-06-28 20:00:00+00:00,2083.56
2021-06-29 00:00:00+00:00,2103.26
2021-06-29 04:00:00+00:00,2129.45
2021-06-29 08:00:00+00:00,2174.03
2021-06-29 12:00:00+00:00,2216.61
2021-06-29 16:00:00+00:00,2220.8
2021-06-29 20:00:00+00:00,2165.15
2021-06-30 00:00:00+00:00,2126.75
2021-06-30 04:00:00+00:00,2160.57
2021-06-30 08:00:00+00:00,2155.64
2021-06-30 12:00:00+00:00,2103.18
2021-06-30 16:00:00+00:00,2242.52
2021-06-30 20:00:00+00:00,2275.0
2021-07-01 00:00:00+00:00,2185.4
2021-07-01 04:00:00+00:00,2128.09
2021-07-01 08:00:00+00:00,2137.74
2021-07-01 12:00:00+00:00,2117.51
2021-07-01 16:00:00+00:00,2098.75
2021-07-01 20:00:00+00:00,2105.24
2021-07-02 00:00:00+00:00,2040.09
2021-07-02 04:00:00+00:00,2058.99
2021-07-02 08:00:00+00:00,2038.0
2021-07-02 12:00:00+00:00,2123.46
2021-07-02 16:00:00+00:00,2102.36
2021-07-02 20:00:00+00:00,2152.64
2021-07-03 00:00:00+00:00,2130.92
2021-07-03 04:00:00+00:00,2194.94
2021-07-03 08:00:00+00:00,2212.5
2021-07-03 12:00:00+00:00,2224.52
2021-07-03 16:00:00+00:00,2224.07
2021-07-03 20:00:00+00:00,2226.63
2021-07-04 00:00:00+00:00,2209.06
2021-07-04 04:00:00+00:00,2333.39
2021-07-04 08:00:00+00:00,2329.61
2021-07-04 12:00:00+00:00,2329.68
2021-07-04 16:00:00+00:00,2355.22
2021-07-04 20:00:00+00:00,2321.95
2021-07-05 00:00:00+00:00,2263.58
2021-07-05 04:00:00+00:00,2272.38
2021-07-05 08:00:00+00:00,2194.58
2021-07-05 12:00:00+00:00,2206.0
2021-07-05 16:00:00+00:00,2243.81
2021-07-05 20:00:00+00:00,2195.38
2021-07-06 00:00:00+00:00,2235.94
2021-07-06 04:00:00+00:00,2336.18
2021-07-06 08:00:00+00:00,2292.51
2021-07-06 12:00:00+00:00,2304.92
2021-07-06 16:00:00+00:00,2326.65
2021-07-06 20:00:00+00:00,2322.04
2021-07-07 00:00:00+00:00,2337.05
2021-07-07 04:00:00+00:00,2376.62
2021-07-07 08:00:00+00:00,2383.6
2021-07-07 12:00:00+00:00,2341.86
2021-07-07 16:00:00+00:00,2364.58
2021-07-07 20:00:00+00:00,2314.65
2021-07-08 00:00:00+00:00,2253.28
2021-07-08 04:00:00+00:00,2180.97
2021-07-08 08:00:00+00:00,2168.3
2021-07-08 12:00:00+00:00,2172.73
2021-07-08 16:00:00+00:00,2156.8
2021-07-08 20:00:00+00:00,2114.88
2021-07-09 00:00:00+00:00,2119.79
2021-07-09 04:00:00+00:00,2125.74
2021-07-09 08:00:00+00:00,2080.19
2021-07-09 12:00:00+00:00,2171.8
2021-07-09 16:00:00+00:00,2133.46
2021-07-09 20:00:00+00:00,2147.53
2021-07-10 00:00:00+00:00,2134.2
2021-07-10 04:00:00+00:00,2121.7
2021-07-10 08:00:00+00:00,2109.35
2021-07-10 12:00:00+00:00,2118.5
2021-07-10 16:00:00+00:00,2093.14
2021-07-10 20:00:00+00:00,2111.14
2021-07-11 00:00:00+00:00,2090.12
2021-07-11 04:00:00+00:00,2099.22
2021-07-11 08:00:00+00:00,2128.86
2021-07-11 12:00:00+00:00,2144.75
2021-07-11 16:00:00+00:00,2134.61
2021-07-11 20:00:00+00:00,2140.27
2021-07-12 00:00:00+00:00,2163.15
2021-07-12 04:00:00+00:00,2145.73
2021-07-12 08:00:00+00:00,2100.79
2021-07-12 12:00:00+00:00,2086.8
2021-07-12 16:00:00+00:00,2019.87
2021-07-12 20:00:00+00:00,2030.85
2021-07-13 00:00:00+00:00,2028.13
2021-07-13 04:00:00+00:00,2026.69
2021-07-13 08:00:00+00:00,1996.26
2021-07-13 12:00:00+00:00,1997.8
2021-07-13 16:00:00+00:00,1923.63
2021-07-13 20:00:00+00:00,1940.32
2021-07-14 00:00:00+00:00,1883.36
2021-07-14 04:00:00+00:00,1898.0
2021-07-14 08:00:00+00:00,1947.75
2021-07-14 12:00:00+00:00,1995.03
2021-07-14 16:00:00+00:00,1979.48
2021-07-14 20:00:00+00:00,1993.82
2021-07-15 00:00:00+00:00,1977.91
2021-07-15 04:00:00+00:00,1953.67
2021-07-15 08:00:00+00:00,1912.84
2021-07-15 12:00:00+00:00,1913.32
2021-07-15 16:00:00+00:00,1917.26
2021-07-15 20:00:00+00:00,1919.35
2021-07-16 00:00:00+00:00,1948.65
2021-07-16 04:00:00+00:00,1912.32
2021-07-16 08:00:00+00:00,1851.68
2021-07-16 12:00:00+00:00,1933.74
2021-07-16 16:00:00+00:00,1913.29
2021-07-16 20:00:00+00:00,1876.1
2021-07-17 00:00:00+00:00,1866.71
2021-07-17 04:00:00+00:00,1877.18
2021-07-17 08:00:00+00:00,1863.43
2021-07-17 12:00:00+00:00,1885.86
2021-07-17 16:00:00+00:00,1907.47
2021-07-17 20:00:00+00:00,1898.55
2021-07-18 00:00:00+00:00,1980.99
2021-07-18 04:00:00+00:00,1958.54
2021-07-18 08:00:00+00:00,1965.56
2021-07-18 12:00:00+00:00,1889.65
2021-07-18 16:00:00+00:00,1900.48
2021-07-18 20:00:00+00:00,1890.66
2021-07-19 00:00:00+00:00,1884.79
2021-07-19 04:00:00+00:00,1890.82
2021-07-19 08:00:00+00:00,1861.66
2021-07-19 12:00:00+00:00,1819.11
2021-07-19 16:00:00+00:00,1824.0
2021-07-19 20:00:00+00:00,1818.4
2021-07-20 00:00:00+00:00,1727.84
2021-07-20 04:00:00+00:00,1760.76
2021-07-20 08:00:00+00:00,1754.96
2021-07-20 12:00:00+00:00,1803.87
2021-07-20 16:00:00+00:00,1788.25
2021-07-20 20:00:00+00:00,1785.04
2021-07-21 00:00:00+00:00,1800.6
2021-07-21 04:00:00+00:00,1874.1
2021-07-21 08:00:00+00:00,1904.91
2021-07-21 12:00:00+00:00,1953.65
2021-07-21 16:00:00+00:00,1937.27
2021-07-21 20:00:00+00:00,1995.49
2021-07-22 00:00:00+00:00,1975.56
2021-07-22 04:00:00+00:00,1990.23
2021-07-22 08:00:00+00:00,1982.66
2021-07-22 12:00:00+00:00,2033.07
2021-07-22 16:00:00+00:00,2028.12
2021-07-22 20:00:00+00:00,2023.55
2021-07-23 00:00:00+00:00,2059.49
2021-07-23 04:00:00+00:00,2064.66
2021-07-23 08:00:00+00:00,2054.28
2021-07-23 12:00:00+00:00,2047.17
2021-07-23 16:00:00+00:00,2019.63
2021-07-23 20:00:00+00:00,2124.33
2021-07-24 00:00:00+00:00,2138.32
2021-07-24 04:00:00+00:00,2131.55
2021-07-24 08:00:00+00:00,2153.59
2021-07-24 12:00:00+00:00,2149.49
2021-07-24 16:00:00+00:00,2145.01
2021-07-24 20:00:00+00:00,2183.53
2021-07-25 00:00:00+00:00,2151.19
2021-07-25 04:00:00+00:00,2173.8
2021-07-25 08:00:00+00:00,2158.99
2021-07-25 12:00:00+00:00,2136.85
2021-07-25 16:00:00+00:00,2152.61
2021-07-25 20:00:00+00:00,2188.11
2021-07-26 00:00:00+00:00,2317.81
2021-07-26 04:00:00+00:00,2327.45
2021-07-26 08:00:00+00:00,2342.9
2021-07-26 12:00:00+00:00,2341.96
2021-07-26 16:00:00+00:00,2362.03
2021-07-26 20:00:00+00:00,2227.41
2021-07-27 00:00:00+00:00,2172.54
2021-07-27 04:00:00+00:00,2202.33
2021-07-27 08:00:00+00:00,2277.08
2021-07-27 12:00:00+00:00,2277.62
2021-07-27 16:00:00+00:00,2228.07
2021-07-27 20:00:00+00:00,2298.04
2021-07-28 00:00:00+00:00,2287.11
2021-07-28 04:00:00+00:00,2295.27
2021-07-28 08:00:00+00:00,2329.61
2021-07-28 12:00:00+00:00,2290.9
2021-07-28 16:00:00+00:00,2309.08
2021-07-28 20:00:00+00:00,2300.08
2021-07-29 00:00:00+00:00,2277.48
2021-07-29 04:00:00+00:00,2294.68
2021-07-29 08:00:00+00:00,2292.44
2021-07-29 12:00:00+00:00,2322.05
2021-07-29 16:00:00+00:00,2309.64
2021-07-29 20:00:00+00:00,2382.45
2021-07-30 00:00:00+00:00,2422.86
2021-07-30 04:00:00+00:00,2403.56
2021-07-30 08:00:00+00:00,2334.89
2021-07-30 12:00:00+00:00,2345.39
2021-07-30 16:00:00+00:00,2378.1
2021-07-30 20:00:00+00:00,2461.72
2021-07-31 00:00:00+00:00,2463.95
2021-07-31 04:00:00+00:00,2441.76
2021-07-31 08:00:00+00:00,2458.01
2021-07-31 12:00:00+00:00,2458.01
2021-07-31 16:00:00+00:00,2455.86
2021-07-31 20:00:00+00:00,2530.49
2021-08-01 00:00:00+00:00,2615.71
2021-08-01 04:00:00+00:00,2587.9
2021-08-01 08:00:00+00:00,2587.89
2021-08-01 12:00:00+00:00,2584.0
2021-08-01 16:00:00+00:00,2654.83
2021-08-01 20:00:00+00:00,2554.71
2021-08-02 00:00:00+00:00,2558.9
2021-08-02 04:00:00+00:00,2617.49
2021-08-02 08:00:00+00:00,2589.99
2021-08-02 12:00:00+00:00,2632.82
2021-08-02 16:00:00+00:00,2603.18
2021-08-02 20:00:00+00:00,2607.09
2021-08-03 00:00:00+00:00,2533.98
2021-08-03 04:00:00+00:00,2491.43
2021-08-03 08:00:00+00:00,2487.81
2021-08-03 12:00:00+00:00,2495.88
2021-08-03 16:00:00+00:00,2473.89
2021-08-03 20:00:00+00:00,2506.87
2021-08-04 00:00:00+00:00,2484.71
2021-08-04 04:00:00+00:00,2478.34
2021-08-04 08:00:00+00:00,2504.58
2021-08-04 12:00:00+00:00,2672.39
2021-08-04 16:00:00+00:00,2695.22
2021-08-04 20:00:00+00:00,2725.0
2021-08-05 00:00:00+00:00,2711.99
2021-08-05 04:00:00+00:00,2683.23
2021-08-05 08:00:00+00:00,2620.98
2021-08-05 12:00:00+00:00,2755.53
2021-08-05 16:00:00+00:00,2796.8
2021-08-05 20:00:00+00:00,2826.8
2021-08-06 00:00:00+00:00,2761.98
2021-08-06 04:00:00+00:00,2768.7
2021-08-06 08:00:00+00:00,2736.56
2021-08-06 12:00:00+00:00,2838.99
2021-08-06 16:00:00+00:00,2930.66
2021-08-06 20:00:00+00:00,2892.3
2021-08-07 00:00:00+00:00,2936.2
2021-08-07 04:00:00+00:00,2957.09
2021-08-07 08:00:00+00:00,3108.1
2021-08-07 12:00:00+00:00,3084.11
2021-08-07 16:00:00+00:00,3078.86
2021-08-07 20:00:00+00:00,3163.26
2021-08-08 00:00:00+00:00,3120.66
2021-08-08 04:00:00+00:00,3138.07
2021-08-08 08:00:00+00:00,3102.42
2021-08-08 12:00:00+00:00,3034.34
2021-08-08 16:00:00+00:00,2988.36
2021-08-08 20:00:00+00:00,3014.06
2021-08-09 00:00:00+00:00,2949.89
2021-08-09 04:00:00+00:00,2946.1
2021-08-09 08:00:00+00:00,3133.81
2021-08-09 12:00:00+00:00,3168.51
2021-08-09 16:00:00+00:00,3149.13
2021-08-09 20:00:00+00:00,3163.43
2021-08-10 00:00:00+00:00,3117.56
2021-08-10 04:00:00+00:00,3144.57
2021-08-10 08:00:00+00:00,3124.71
2021-08-10 12:00:00+00:00,3123.24
2021-08-10 16:00:00+00:00,3145.97
2021-08-10 20:00:00+00:00,3143.98
2021-08-11 00:00:00+00:00,3161.5
2021-08-11 04:00:00+00:00,3234.62
2021-08-11 08:00:00+00:00,3216.32
2021-08-11 12:00:00+00:00,3245.99
2021-08-11 16:00:00+00:00,3251.72
2021-08-11 20:00:00+00:00,3161.52
2021-08-12 00:00:00+00:00,3214.73
2021-08-12 04:00:00+00:00,3143.64
2021-08-12 08:00:00+00:00,3095.0
2021-08-12 12:00:00+00:00,3030.06
2021-08-12 16:00:00+00:00,3049.05
2021-08-12 20:00:00+00:00,3046.74
2021-08-13 00:00:00+00:00,3117.37
2021-08-13 04:00:00+00:00,3225.44
2021-08-13 08:00:00+00:00,3216.99
2021-08-13 12:00:00+00:00,3216.22
2021-08-13 16:00:00+00:00,3228.05
2021-08-13 20:00:00+00:00,3324.12
2021-08-14 00:00:00+00:00,3299.0
2021-08-14 04:00:00+00:00,3309.54
2021-08-14 08:00:00+00:00,3248.0
2021-08-14 12:00:00+00:00,3272.92
2021-08-14 16:00:00+00:00,3265.89
2021-08-14 20:00:00+00:00,3266.31
2021-08-15 00:00:00+00:00,3249.0
2021-08-15 04:00:00+00:00,3163.46
2021-08-15 08:00:00+00:00,3160.76
2021-08-15 12:00:00+00:00,3156.57
2021-08-15 16:00:00+00:00,3208.13
2021-08-15 20:00:00+00:00,3312.31
2021-08-16 00:00:00+00:00,3264.38
2021-08-16 04:00:00+00:00,3275.73
2021-08-16 08:00:00+00:00,3289.54
2021-08-16 12:00:00+00:00,3225.34
2021-08-16 16:00:00+00:00,3178.16
2021-08-16 20:00:00+00:00,3146.83
2021-08-17 00:00:00+00:00,3194.2
2021-08-17 04:00:00+00:00,3171.06
2021-08-17 08:00:00+00:00,3258.0
2021-08-17 12:00:00+00:00,3167.46
2021-08-17 16:00:00+00:00,3118.79
2021-08-17 20:00:00+00:00,3014.64
2021-08-18 00:00:00+00:00,3052.05
2021-08-18 04:00:00+00:00,3030.95
2021-08-18 08:00:00+00:00,3001.23
2021-08-18 12:00:00+00:00,3111.69
2021-08-18 16:00:00+00:00,3031.88
2021-08-18 20:00:00+00:00,3014.25
2021-08-19 00:00:00+00:00,2966.97
2021-08-19 04:00:00+00:00,2996.83
2021-08-19 08:00:00+00:00,2973.65
2021-08-19 12:00:00+00:00,3068.01
2021-08-19 16:00:00+00:00,3149.59
2021-08-19 20:00:00+00:00,3186.8
2021-08-20 00:00:00+00:00,3221.09
2021-08-20 04:00:00+00:00,3219.95
2021-08-20 08:00:00+00:00,3207.36
2021-08-20 12:00:00+00:00,3286.44
2021-08-20 16:00:00+00:00,3253.43
2021-08-20 20:00:00+00:00,3286.62
2021-08-21 00:00:00+00:00,3278.78
2021-08-21 04:00:00+00:00,3296.5
2021-08-21 08:00:00+00:00,3252.25
2021-08-21 12:00:00+00:00,3274.25
2021-08-21 16:00:00+00:00,3220.0
2021-08-21 20:00:00+00:00,3226.4
2021-08-22 00:00:00+00:00,3228.51
2021-08-22 04:00:00+00:00,3264.51
2021-08-22 08:00:00+00:00,3258.0
2021-08-22 12:00:00+00:00,3181.85
2021-08-22 16:00:00+00:00,3175.1
2021-08-22 20:00:00+00:00,3241.29
2021-08-23 00:00:00+00:00,3347.77
2021-08-23 04:00:00+00:00,3326.72
2021-08-23 08:00:00+00:00,3345.73
2021-08-23 12:00:00+00:00,3329.68
2021-08-23 16:00:00+00:00,3313.77
2021-08-23 20:00:00+00:00,3323.01
2021-08-24 00:00:00+00:00,3327.09
2021-08-24 04:00:00+00:00,3349.91
2021-08-24 08:00:00+00:00,3326.18
2021-08-24 12:00:00+00:00,3215.96
2021-08-24 16:00:00+00:00,3220.5
2021-08-24 20:00:00+00:00,3173.98
2021-08-25 00:00:00+00:00,3177.0
2021-08-25 04:00:00+00:00,3185.04
2021-08-25 08:00:00+00:00,3140.69
2021-08-25 12:00:00+00:00,3217.47
2021-08-25 16:00:00+00:00,3214.65
2021-08-25 20:00:00+00:00,3227.9
2021-08-26 00:00:00+00:00,3150.11
2021-08-26 04:00:00+00:00,3106.81
2021-08-26 08:00:00+00:00,3088.16
2021-08-26 12:00:00+00:00,3105.71
2021-08-26 16:00:00+00:00,3109.05
2021-08-26 20:00:00+00:00,3093.77
2021-08-27 00:00:00+00:00,3095.2
2021-08-27 04:00:00+00:00,3127.2
2021-08-27 08:00:00+00:00,3156.55
2021-08-27 12:00:00+00:00,3240.32
2021-08-27 16:00:00+00:00,3233.22
2021-08-27 20:00:00+00:00,3273.91
2021-08-28 00:00:00+00:00,3246.42
2021-08-28 04:00:00+00:00,3233.03
2021-08-28 08:00:00+00:00,3223.57
2021-08-28 12:00:00+00:00,3248.0
2021-08-28 16:00:00+00:00,3231.43
2021-08-28 20:00:00+00:00,3247.29
2021-08-29 00:00:00+00:00,3180.74
2021-08-29 04:00:00+00:00,3206.53
2021-08-29 08:00:00+00:00,3182.56
2021-08-29 12:00:00+00:00,3187.75
2021-08-29 16:00:00+00:00,3221.09
2021-08-29 20:00:00+00:00,3225.47
2021-08-30 00:00:00+00:00,3162.19
2021-08-30 04:00:00+00:00,3181.64
2021-08-30 08:00:00+00:00,3189.17
2021-08-30 12:00:00+00:00,3220.23
2021-08-30 16:00:00+00:00,3340.94
2021-08-30 20:00:00+00:00,3230.43
2021-08-31 00:00:00+00:00,3238.4
2021-08-31 04:00:00+00:00,3363.62
2021-08-31 08:00:00+00:00,3431.8
2021-08-31 12:00:00+00:00,3391.05
2021-08-31 16:00:00+00:00,3416.01
2021-08-31 20:00:00+00:00,3430.49
2021-09-01 00:00:00+00:00,3444.05
2021-09-01 04:00:00+00:00,3518.36
2021-09-01 08:00:00+00:00,3532.96
2021-09-01 12:00:00+00:00,3580.86
2021-09-01 16:00:00+00:00,3716.21
2021-09-01 20:00:00+00:00,3831.44
2021-09-02 00:00:00+00:00,3770.3
2021-09-02 04:00:00+00:00,3736.61
2021-09-02 08:00:00+00:00,3763.42
2021-09-02 12:00:00+00:00,3759.68
2021-09-02 16:00:00+00:00,3787.0
2021-09-02 20:00:00+00:00,3788.95
2021-09-03 00:00:00+00:00,3809.88
2021-09-03 04:00:00+00:00,3800.86
2021-09-03 08:00:00+00:00,3958.79
2021-09-03 12:00:00+00:00,3971.51
2021-09-03 16:00:00+00:00,3948.63
2021-09-03 20:00:00+00:00,3942.79
2021-09-04 00:00:00+00:00,3923.47
2021-09-04 04:00:00+00:00,3920.78
2021-09-04 08:00:00+00:00,3891.8
2021-09-04 12:00:00+00:00,3922.0
2021-09-04 16:00:00+00:00,3864.91
2021-09-04 20:00:00+00:00,3889.71
2021-09-05 00:00:00+00:00,3848.05
2021-09-05 04:00:00+00:00,3875.35
2021-09-05 08:00:00+00:00,3929.18
2021-09-05 12:00:00+00:00,3910.67
2021-09-05 16:00:00+00:00,3934.2
2021-09-05 20:00:00+00:00,3952.56
2021-09-06 00:00:00+00:00,3908.35
2021-09-06 04:00:00+00:00,3947.94
2021-09-06 08:00:00+00:00,3908.27
2021-09-06 12:00:00+00:00,3929.42
2021-09-06 16:00:00+00:00,3942.44
2021-09-06 20:00:00+00:00,3929.0
2021-09-07 00:00:00+00:00,3918.51
2021-09-07 04:00:00+00:00,3887.21
2021-09-07 08:00:00+00:00,3753.04
2021-09-07 12:00:00+00:00,3451.65
2021-09-07 16:00:00+00:00,3412.8
2021-09-07 20:00:00+00:00,3435.0
2021-09-08 00:00:00+00:00,3431.47
2021-09-08 04:00:00+00:00,3261.54
2021-09-08 08:00:00+00:00,3408.08
2021-09-08 12:00:00+00:00,3419.99
2021-09-08 16:00:00+00:00,3522.3
2021-09-08 20:00:00+00:00,3497.99
2021-09-09 00:00:00+00:00,3471.25
2021-09-09 04:00:00+00:00,3500.68
2021-09-09 08:00:00+00:00,3480.62
2021-09-09 12:00:00+00:00,3524.48
2021-09-09 16:00:00+00:00,3465.1
2021-09-09 20:00:00+00:00,3426.42
2021-09-10 00:00:00+00:00,3467.18
2021-09-10 04:00:00+00:00,3405.59
2021-09-10 08:00:00+00:00,3404.12
2021-09-10 12:00:00+00:00,3299.28
2021-09-10 16:00:00+00:00,3312.62
2021-09-10 20:00:00+00:00,3209.84
2021-09-11 00:00:00+00:00,3243.04
2021-09-11 04:00:00+00:00,3249.0
2021-09-11 08:00:00+00:00,3293.32
2021-09-11 12:00:00+00:00,3311.53
2021-09-11 16:00:00+00:00,3297.75
2021-09-11 20:00:00+00:00,3267.23
2021-09-12 00:00:00+00:00,3328.58
2021-09-12 04:00:00+00:00,3321.79
2021-09-12 08:00:00+00:00,3437.99
2021-09-12 12:00:00+00:00,3418.07
2021-09-12 16:00:00+00:00,3407.14
2021-09-12 20:00:00+00:00,3405.21
2021-09-13 00:00:00+00:00,3258.3
2021-09-13 04:00:00+00:00,3204.28
2021-09-13 08:00:00+00:00,3251.6
2021-09-13 12:00:00+00:00,3202.47
2021-09-13 16:00:00+00:00,3253.24
2021-09-13 20:00:00+00:00,3284.41
2021-09-14 00:00:00+00:00,3292.47
2021-09-14 04:00:00+00:00,3311.49
2021-09-14 08:00:00+00:00,3329.35
2021-09-14 12:00:00+00:00,3388.26
2021-09-14 16:00:00+00:00,3350.55
2021-09-14 20:00:00+00:00,3435.42
2021-09-15 00:00:00+00:00,3396.22
2021-09-15 04:00:00+00:00,3404.02
2021-09-15 08:00:00+00:00,3411.16
2021-09-15 12:00:00+00:00,3497.49
2021-09-15 16:00:00+00:00,3534.66
2021-09-15 20:00:00+00:00,3614.72
2021-09-16 00:00:00+00:00,3542.97
2021-09-16 04:00:00+00:00,3634.56
2021-09-16 08:00:00+00:00,3620.14
2021-09-16 12:00:00+00:00,3619.03
2021-09-16 16:00:00+00:00,3564.29
2021-09-16 20:00:00+00:00,3570.46
2021-09-17 00:00:00+00:00,3565.72
2021-09-17 04:00:00+00:00,3523.1
2021-09-17 08:00:00+00:00,3451.43
2021-09-17 12:00:00+00:00,3452.49
2021-09-17 16:00:00+00:00,3425.8
2021-09-17 20:00:00+00:00,3400.99
2021-09-18 00:00:00+00:00,3451.45
2021-09-18 04:00:00+00:00,3504.35
2021-09-18 08:00:00+00:00,3498.23
2021-09-18 12:00:00+00:00,3476.52
2021-09-18 16:00:00+00:00,3447.09
2021-09-18 20:00:00+00:00,3435.35
2021-09-19 00:00:00+00:00,3413.84
2021-09-19 04:00:00+00:00,3440.13
2021-09-19 08:00:00+00:00,3326.41
2021-09-19 12:00:00+00:00,3363.89
2021-09-19 16:00:00+00:00,3337.85
2021-09-19 20:00:00+00:00,3328.72
2021-09-20 00:00:00+00:00,3187.46
2021-09-20 04:00:00+00:00,3127.53
2021-09-20 08:00:00+00:00,3043.08
2021-09-20 12:00:00+00:00,3086.38
2021-09-20 16:00:00+00:00,3073.15
2021-09-20 20:00:00+00:00,2978.34
2021-09-21 00:00:00+00:00,2998.77
2021-09-21 04:00:00+00:00,3073.97
2021-09-21 08:00:00+00:00,3062.15
2021-09-21 12:00:00+00:00,3035.93
2021-09-21 16:00:00+00:00,2886.63
2021-09-21 20:00:00+00:00,2765.48
2021-09-22 00:00:00+00:00,2866.33
2021-09-22 04:00:00+00:00,2941.37
2021-09-22 08:00:00+00:00,2894.73
2021-09-22 12:00:00+00:00,3006.77
2021-09-22 16:00:00+00:00,3022.93
2021-09-22 20:00:00+00:00,3076.62
2021-09-23 00:00:00+00:00,3117.67
2021-09-23 04:00:00+00:00,3143.45
2021-09-23 08:00:00+00:00,3060.35
2021-09-23 12:00:00+00:00,3091.53
2021-09-23 16:00:00+00:00,3145.54
2021-09-23 20:00:00+00:00,3150.7
2021-09-24 00:00:00+00:00,3073.39
2021-09-24 04:00:00+00:00,3086.18
2021-09-24 08:00:00+00:00,2825.44
2021-09-24 12:00:00+00:00,2874.24
2021-09-24 16:00:00+00:00,2899.83
2021-09-24 20:00:00+00:00,2926.37
2021-09-25 00:00:00+00:00,2910.56
2021-09-25 04:00:00+00:00,2885.27
2021-09-25 08:00:00+00:00,2911.82
2021-09-25 12:00:00+00:00,2920.85
2021-09-25 16:00:00+00:00,2916.11
2021-09-25 20:00:00+00:00,2921.08
2021-09-26 00:00:00+00:00,2864.31
2021-09-26 04:00:00+00:00,2771.9
2021-09-26 08:00:00+00:00,2973.02
2021-09-26 12:00:00+00:00,3051.0
2021-09-26 16:00:00+00:00,3057.16
2021-09-26 20:00:00+00:00,3057.63
2021-09-27 00:00:00+00:00,3130.0
2021-09-27 04:00:00+00:00,3090.66
2021-09-27 08:00:00+00:00,3091.61
2021-09-27 12:00:00+00:00,3058.11
2021-09-27 16:00:00+00:00,2992.24
2021-09-27 20:00:00+00:00,2923.6
2021-09-28 00:00:00+00:00,2947.0
2021-09-28 04:00:00+00:00,2893.27
2021-09-28 08:00:00+00:00,2925.91
2021-09-28 12:00:00+00:00,2842.28
2021-09-28 16:00:00+00:00,2836.86
2021-09-28 20:00:00+00:00,2803.5
2021-09-29 00:00:00+00:00,2895.49
2021-09-29 04:00:00+00:00,2922.38
2021-09-29 08:00:00+00:00,2931.46
2021-09-29 12:00:00+00:00,2860.34
2021-09-29 16:00:00+00:00,2808.87
2021-09-29 20:00:00+00:00,2848.38
2021-09-30 00:00:00+00:00,3027.48
2021-09-30 04:00:00+00:00,3001.84
2021-09-30 08:00:00+00:00,2962.71
2021-09-30 12:00:00+00:00,2984.98
2021-09-30 16:00:00+00:00,2990.86
2021-09-30 20:00:00+00:00,2999.45
2021-10-01 00:00:00+00:00,3000.19
2021-10-01 04:00:00+00:00,3089.65
2021-10-01 08:00:00+00:00,3235.38
2021-10-01 12:00:00+00:00,3235.99
2021-10-01 16:00:00+00:00,3296.8
2021-10-01 20:00:00+00:00,3308.58
2021-10-02 00:00:00+00:00,3267.18
2021-10-02 04:00:00+00:00,3279.07
2021-10-02 08:00:00+00:00,3296.35
2021-10-02 12:00:00+00:00,3386.4
2021-10-02 16:00:00+00:00,3467.02
2021-10-02 20:00:00+00:00,3387.25
2021-10-03 00:00:00+00:00,3405.72
2021-10-03 04:00:00+00:00,3392.92
2021-10-03 08:00:00+00:00,3414.11
2021-10-03 12:00:00+00:00,3403.82
2021-10-03 16:00:00+00:00,3468.5
2021-10-03 20:00:00+00:00,3418.25
2021-10-04 00:00:00+00:00,3336.47
2021-10-04 04:00:00+00:00,3378.75
2021-10-04 08:00:00+00:00,3314.52
2021-10-04 12:00:00+00:00,3322.53
2021-10-04 16:00:00+00:00,3417.43
2021-10-04 20:00:00+00:00,3386.12
2021-10-05 00:00:00+00:00,3388.65
2021-10-05 04:00:00+00:00,3388.42
2021-10-05 08:00:00+00:00,3447.0
2021-10-05 12:00:00+00:00,3420.8
2021-10-05 16:00:00+00:00,3491.64
2021-10-05 20:00:00+00:00,3517.64
2021-10-06 00:00:00+00:00,3488.04
2021-10-06 04:00:00+00:00,3456.84
2021-10-06 08:00:00+00:00,3382.73
2021-10-06 12:00:00+00:00,3617.83
2021-10-06 16:00:00+00:00,3590.9
2021-10-06 20:00:00+00:00,3576.85
2021-10-07 00:00:00+00:00,3522.36
2021-10-07 04:00:00+00:00,3617.07
2021-10-07 08:00:00+00:00,3578.67
2021-10-07 12:00:00+00:00,3587.53
2021-10-07 16:00:00+00:00,3609.5
2021-10-07 20:00:00+00:00,3589.85
2021-10-08 00:00:00+00:00,3575.99
2021-10-08 04:00:00+00:00,3605.38
2021-10-08 08:00:00+00:00,3614.46
2021-10-08 12:00:00+00:00,3622.53
2021-10-08 16:00:00+00:00,3627.27
2021-10-08 20:00:00+00:00,3563.81
2021-10-09 00:00:00+00:00,3580.71
2021-10-09 04:00:00+00:00,3607.89
2021-10-09 08:00:00+00:00,3598.52
2021-10-09 12:00:00+00:00,3602.48
2021-10-09 16:00:00+00:00,3584.02
2021-10-09 20:00:00+00:00,3577.8
2021-10-10 00:00:00+00:00,3532.41
2021-10-10 04:00:00+00:00,3585.49
2021-10-10 08:00:00+00:00,3565.69
2021-10-10 12:00:00+00:00,3559.18
2021-10-10 16:00:00+00:00,3530.0
2021-10-10 20:00:00+00:00,3415.01
2021-10-11 00:00:00+00:00,3519.72
2021-10-11 04:00:00+00:00,3580.18
2021-10-11 08:00:00+00:00,3561.41
2021-10-11 12:00:00+00:00,3595.74
2021-10-11 16:00:00+00:00,3517.98
2021-10-11 20:00:00+00:00,3543.1
2021-10-12 00:00:00+00:00,3487.74
2021-10-12 04:00:00+00:00,3482.65
2021-10-12 08:00:00+00:00,3457.95
2021-10-12 12:00:00+00:00,3506.24
2021-10-12 16:00:00+00:00,3467.54
2021-10-12 20:00:00+00:00,3492.91
2021-10-13 00:00:00+00:00,3503.62
2021-10-13 04:00:00+00:00,3429.43
2021-10-13 08:00:00+00:00,3469.35
2021-10-13 12:00:00+00:00,3487.12
2021-10-13 16:00:00+00:00,3523.75
2021-10-13 20:00:00+00:00,3610.05
2021-10-14 00:00:00+00:00,3646.27
2021-10-14 04:00:00+00:00,3632.8
2021-10-14 08:00:00+00:00,3740.65
2021-10-14 12:00:00+00:00,3812.15
2021-10-14 16:00:00+00:00,3794.99
2021-10-14 20:00:00+00:00,3794.19
2021-10-15 00:00:00+00:00,3823.91
2021-10-15 04:00:00+00:00,3809.27
2021-10-15 08:00:00+00:00,3780.95
2021-10-15 12:00:00+00:00,3793.59
2021-10-15 16:00:00+00:00,3851.65
2021-10-15 20:00:00+00:00,3872.71
2021-10-16 00:00:00+00:00,3846.27
2021-10-16 04:00:00+00:00,3857.18
2021-10-16 08:00:00+00:00,3962.15
2021-10-16 12:00:00+00:00,3911.38
2021-10-16 16:00:00+00:00,3842.51
2021-10-16 20:00:00+00:00,3833.3
2021-10-17 00:00:00+00:00,3880.43
2021-10-17 04:00:00+00:00,3881.0
2021-10-17 08:00:00+00:00,3862.92
2021-10-17 12:00:00+00:00,3789.92
2021-10-17 16:00:00+00:00,3768.81
2021-10-17 20:00:00+00:00,3851.01
2021-10-18 00:00:00+00:00,3856.5
2021-10-18 04:00:00+00:00,3840.85
2021-10-18 08:00:00+00:00,3747.68
2021-10-18 12:00:00+00:00,3763.0
2021-10-18 16:00:00+00:00,3750.36
2021-10-18 20:00:00+00:00,3748.31
2021-10-19 00:00:00+00:00,3826.16
2021-10-19 04:00:00+00:00,3811.53
2021-10-19 08:00:00+00:00,3801.22
2021-10-19 12:00:00+00:00,3776.43
2021-10-19 16:00:00+00:00,3818.63
2021-10-19 20:00:00+00:00,3881.48
2021-10-20 00:00:00+00:00,3848.11
2021-10-20 04:00:00+00:00,3860.92
2021-10-20 08:00:00+00:00,3863.89
2021-10-20 12:00:00+00:00,4083.64
2021-10-20 16:00:00+00:00,4104.62
2021-10-20 20:00:00+00:00,4164.14
2021-10-21 00:00:00+00:00,4190.0
2021-10-21 04:00:00+00:00,4166.52
2021-10-21 08:00:00+00:00,4219.13
2021-10-21 12:00:00+00:00,4093.2
2021-10-21 16:00:00+00:00,4084.64
2021-10-21 20:00:00+00:00,4057.26
2021-10-22 00:00:00+00:00,4160.04
2021-10-22 04:00:00+00:00,4147.35
2021-10-22 08:00:00+00:00,4127.96
2021-10-22 12:00:00+00:00,3970.05
2021-10-22 16:00:00+00:00,3986.7
2021-10-22 20:00:00+00:00,3975.56
2021-10-23 00:00:00+00:00,4025.96
2021-10-23 04:00:00+00:00,4015.87
2021-10-23 08:00:00+00:00,4042.96
2021-10-23 12:00:00+00:00,4089.99
2021-10-23 16:00:00+00:00,4086.51
2021-10-23 20:00:00+00:00,4170.5
2021-10-24 00:00:00+00:00,4137.87
2021-10-24 04:00:00+00:00,4098.84
2021-10-24 08:00:00+00:00,4030.62
2021-10-24 12:00:00+00:00,4003.64
2021-10-24 16:00:00+00:00,4045.0
2021-10-24 20:00:00+00:00,4084.61
2021-10-25 00:00:00+00:00,4138.89
2021-10-25 04:00:00+00:00,4153.57
2021-10-25 08:00:00+00:00,4130.33
2021-10-25 12:00:00+00:00,4216.39
2021-10-25 16:00:00+00:00,4189.11
2021-10-25 20:00:00+00:00,4224.14
2021-10-26 00:00:00+00:00,4228.41
2021-10-26 04:00:00+00:00,4201.19
2021-10-26 08:00:00+00:00,4220.04
2021-10-26 12:00:00+00:00,4189.47
2021-10-26 16:00:00+00:00,4214.87
2021-10-26 20:00:00+00:00,4133.39
2021-10-27 00:00:00+00:00,4214.29
2021-10-27 04:00:00+00:00,4139.76
2021-10-27 08:00:00+00:00,3995.01
2021-10-27 12:00:00+00:00,3995.51
2021-10-27 16:00:00+00:00,4002.03
2021-10-27 20:00:00+00:00,3923.57
2021-10-28 00:00:00+00:00,3998.32
2021-10-28 04:00:00+00:00,4012.56
2021-10-28 08:00:00+00:00,4154.37
2021-10-28 12:00:00+00:00,4154.08
2021-10-28 16:00:00+00:00,4263.16
2021-10-28 20:00:00+00:00,4288.96
2021-10-29 00:00:00+00:00,4383.84
2021-10-29 04:00:00+00:00,4312.78
2021-10-29 08:00:00+00:00,4323.18
2021-10-29 12:00:00+00:00,4444.49
2021-10-29 16:00:00+00:00,4406.52
2021-10-29 20:00:00+00:00,4421.53
2021-10-30 00:00:00+00:00,4346.87
2021-10-30 04:00:00+00:00,4353.85
2021-10-30 08:00:00+00:00,4337.89
2021-10-30 12:00:00+00:00,4284.53
2021-10-30 16:00:00+00:00,4338.85
2021-10-30 20:00:00+00:00,4324.82
2021-10-31 00:00:00+00:00,4373.52
2021-10-31 04:00:00+00:00,4320.97
2021-10-31 08:00:00+00:00,4209.95
2021-10-31 12:00:00+00:00,4216.54
2021-10-31 16:00:00+00:00,4250.42
2021-10-31 20:00:00+00:00,4288.86
2021-11-01 00:00:00+00:00,4192.61
2021-11-01 04:00:00+00:00,4306.85
2021-11-01 08:00:00+00:00,4319.04
2021-11-01 12:00:00+00:00,4353.35
2021-11-01 16:00:00+00:00,4367.75
2021-11-01 20:00:00+00:00,4322.72
2021-11-02 00:00:00+00:00,4322.0
2021-11-02 04:00:00+00:00,4344.97
2021-11-02 08:00:00+00:00,4417.84
2021-11-02 12:00:00+00:00,4513.19
2021-11-02 16:00:00+00:00,4511.5
2021-11-02 20:00:00+00:00,4593.88
2021-11-03 00:00:00+00:00,4593.61
2021-11-03 04:00:00+00:00,4614.31
2021-11-03 08:00:00+00:00,4580.69
2021-11-03 12:00:00+00:00,4547.24
2021-11-03 16:00:00+00:00,4629.52
2021-11-03 20:00:00+00:00,4606.59
2021-11-04 00:00:00+00:00,4559.78
2021-11-04 04:00:00+00:00,4520.47
2021-11-04 08:00:00+00:00,4513.14
2021-11-04 12:00:00+00:00,4482.88
2021-11-04 16:00:00+00:00,4492.73
2021-11-04 20:00:00+00:00,4535.37
2021-11-05 00:00:00+00:00,4545.0
2021-11-05 04:00:00+00:00,4532.59
2021-11-05 08:00:00+00:00,4478.25
2021-11-05 12:00:00+00:00,4465.04
2021-11-05 16:00:00+00:00,4498.25
2021-11-05 20:00:00+00:00,4477.29
2021-11-06 00:00:00+00:00,4495.45
2021-11-06 04:00:00+00:00,4474.46
2021-11-06 08:00:00+00:00,4372.0
2021-11-06 12:00:00+00:00,4399.93
2021-11-06 16:00:00+00:00,4498.95
2021-11-06 20:00:00+00:00,4521.4
2021-11-07 00:00:00+00:00,4554.58
2021-11-07 04:00:00+00:00,4544.85
2021-11-07 08:00:00+00:00,4597.02
2021-11-07 12:00:00+00:00,4607.72
2021-11-07 16:00:00+00:00,4606.17
2021-11-07 20:00:00+00:00,4616.5
2021-11-08 00:00:00+00:00,4723.44
2021-11-08 04:00:00+00:00,4728.66
2021-11-08 08:00:00+00:00,4734.12
2021-11-08 12:00:00+00:00,4767.0
2021-11-08 16:00:00+00:00,4753.52
2021-11-08 20:00:00+00:00,4814.3
2021-11-09 00:00:00+00:00,4819.79
2021-11-09 04:00:00+00:00,4785.07
2021-11-09 08:00:00+00:00,4776.24
2021-11-09 12:00:00+00:00,4792.2
2021-11-09 16:00:00+00:00,4753.98
2021-11-09 20:00:00+00:00,4734.98
2021-11-10 00:00:00+00:00,4695.28
2021-11-10 04:00:00+00:00,4718.79
2021-11-10 08:00:00+00:00,4732.28
2021-11-10 12:00:00+00:00,4850.95
2021-11-10 16:00:00+00:00,4706.16
2021-11-10 20:00:00+00:00,4632.21
2021-11-11 00:00:00+00:00,4640.24
2021-11-11 04:00:00+00:00,4693.68
2021-11-11 08:00:00+00:00,4724.25
2021-11-11 12:00:00+00:00,4722.06
2021-11-11 16:00:00+00:00,4760.47
2021-11-11 20:00:00+00:00,4721.19
2021-11-12 00:00:00+00:00,4776.85
2021-11-12 04:00:00+00:00,4713.54
2021-11-12 08:00:00+00:00,4604.55
2021-11-12 12:00:00+00:00,4573.95
2021-11-12 16:00:00+00:00,4654.34
2021-11-12 20:00:00+00:00,4665.99
2021-11-13 00:00:00+00:00,4639.2
2021-11-13 04:00:00+00:00,4646.16
2021-11-13 08:00:00+00:00,4609.8
2021-11-13 12:00:00+00:00,4681.35
2021-11-13 16:00:00+00:00,4645.06
2021-11-13 20:00:00+00:00,4644.42
2021-11-14 00:00:00+00:00,4628.63
2021-11-14 04:00:00+00:00,4599.27
2021-11-14 08:00:00+00:00,4613.31
2021-11-14 12:00:00+00:00,4584.91
2021-11-14 16:00:00+00:00,4549.03
2021-11-14 20:00:00+00:00,4629.44
2021-11-15 00:00:00+00:00,4706.5
2021-11-15 04:00:00+00:00,4683.28
2021-11-15 08:00:00+00:00,4726.78
2021-11-15 12:00:00+00:00,4651.35
2021-11-15 16:00:00+00:00,4603.98
2021-11-15 20:00:00+00:00,4567.01
2021-11-16 00:00:00+00:00,4311.89
2021-11-16 04:00:00+00:00,4313.06
2021-11-16 08:00:00+00:00,4291.27
2021-11-16 12:00:00+00:00,4284.14
2021-11-16 16:00:00+00:00,4265.7
2021-11-16 20:00:00+00:00,4209.42
2021-11-17 00:00:00+00:00,4123.81
2021-11-17 04:00:00+00:00,4182.88
2021-11-17 08:00:00+00:00,4251.78
2021-11-17 12:00:00+00:00,4176.0
2021-11-17 16:00:00+00:00,4241.67
2021-11-17 20:00:00+00:00,4287.99
2021-11-18 00:00:00+00:00,4279.29
2021-11-18 04:00:00+00:00,4247.83
2021-11-18 08:00:00+00:00,4190.0
2021-11-18 12:00:00+00:00,4070.65
2021-11-18 16:00:00+00:00,4066.37
2021-11-18 20:00:00+00:00,3997.72
2021-11-19 00:00:00+00:00,4012.75
2021-11-19 04:00:00+00:00,4063.11
2021-11-19 08:00:00+00:00,4142.77
2021-11-19 12:00:00+00:00,4216.87
2021-11-19 16:00:00+00:00,4289.5
2021-11-19 20:00:00+00:00,4293.44
2021-11-20 00:00:00+00:00,4281.64
2021-11-20 04:00:00+00:00,4281.04
2021-11-20 08:00:00+00:00,4317.82
2021-11-20 12:00:00+00:00,4215.77
2021-11-20 16:00:00+00:00,4398.27
2021-11-20 20:00:00+00:00,4412.55
2021-11-21 00:00:00+00:00,4344.35
2021-11-21 04:00:00+00:00,4349.66
2021-11-21 08:00:00+00:00,4320.45
2021-11-21 12:00:00+00:00,4367.9
2021-11-21 16:00:00+00:00,4346.09
2021-11-21 20:00:00+00:00,4259.23
2021-11-22 00:00:00+00:00,4167.33
2021-11-22 04:00:00+00:00,4188.65
2021-11-22 08:00:00+00:00,4173.25
2021-11-22 12:00:00+00:00,4235.9
2021-11-22 16:00:00+00:00,4065.93
2021-11-22 20:00:00+00:00,4086.57
2021-11-23 00:00:00+00:00,4178.28
2021-11-23 04:00:00+00:00,4108.21
2021-11-23 08:00:00+00:00,4135.36
2021-11-23 12:00:00+00:00,4272.14
2021-11-23 16:00:00+00:00,4358.27
2021-11-23 20:00:00+00:00,4341.36
2021-11-24 00:00:00+00:00,4250.16
2021-11-24 04:00:00+00:00,4272.39
2021-11-24 08:00:00+00:00,4295.15
2021-11-24 12:00:00+00:00,4253.93
2021-11-24 16:00:00+00:00,4213.73
2021-11-24 20:00:00+00:00,4271.29
2021-11-25 00:00:00+00:00,4318.61
2021-11-25 04:00:00+00:00,4297.52
2021-11-25 08:00:00+00:00,4390.99
2021-11-25 12:00:00+00:00,4479.11
2021-11-25 16:00:00+00:00,4506.36
2021-11-25 20:00:00+00:00,4527.86
2021-11-26 00:00:00+00:00,4430.64
2021-11-26 04:00:00+00:00,4343.53
2021-11-26 08:00:00+00:00,3984.3
2021-11-26 12:00:00+00:00,4063.11
2021-11-26 16:00:00+00:00,4081.7
2021-11-26 20:00:00+00:00,4040.66
2021-11-27 00:00:00+00:00,4113.82
2021-11-27 04:00:00+00:00,4122.69
2021-11-27 08:00:00+00:00,4111.97
2021-11-27 12:00:00+00:00,4131.53
2021-11-27 16:00:00+00:00,4115.24
2021-11-27 20:00:00+00:00,4095.33
2021-11-28 00:00:00+00:00,4027.05
2021-11-28 04:00:00+00:00,4069.87
2021-11-28 08:00:00+00:00,4097.86
2021-11-28 12:00:00+00:00,4079.01
2021-11-28 16:00:00+00:00,4100.65
2021-11-28 20:00:00+00:00,4296.6
2021-11-29 00:00:00+00:00,4308.18
2021-11-29 04:00:00+00:00,4353.5
2021-11-29 08:00:00+00:00,4299.87
2021-11-29 12:00:00+00:00,4337.36
2021-11-29 16:00:00+00:00,4389.24
2021-11-29 20:00:00+00:00,4445.1
2021-11-30 00:00:00+00:00,4436.17
2021-11-30 04:00:00+00:00,4414.1
2021-11-30 08:00:00+00:00,4595.62
2021-11-30 12:00:00+00:00,4618.9
2021-11-30 16:00:00+00:00,4666.33
2021-11-30 20:00:00+00:00,4631.51
2021-12-01 00:00:00+00:00,4760.67
2021-12-01 04:00:00+00:00,4768.44
2021-12-01 08:00:00+00:00,4676.96
2021-12-01 12:00:00+00:00,4728.93
2021-12-01 16:00:00+00:00,4662.7
2021-12-01 20:00:00+00:00,4586.66
2021-12-02 00:00:00+00:00,4492.44
2021-12-02 04:00:00+00:00,4562.68
2021-12-02 08:00:00+00:00,4533.39
2021-12-02 12:00:00+00:00,4544.76
2021-12-02 16:00:00+00:00,4491.77
2021-12-02 20:00:00+00:00,4514.32
2021-12-03 00:00:00+00:00,4494.2
2021-12-03 04:00:00+00:00,4569.45
2021-12-03 08:00:00+00:00,4613.36
2021-12-03 12:00:00+00:00,4468.8
2021-12-03 16:00:00+00:00,4229.33
2021-12-03 20:00:00+00:00,4213.66
2021-12-04 00:00:00+00:00,4059.62
2021-12-04 04:00:00+00:00,3893.07
2021-12-04 08:00:00+00:00,3866.18
2021-12-04 12:00:00+00:00,4032.53
2021-12-04 16:00:00+00:00,4115.96
2021-12-04 20:00:00+00:00,4115.79
2021-12-05 00:00:00+00:00,4160.53
2021-12-05 04:00:00+00:00,4199.12
2021-12-05 08:00:00+00:00,4191.66
2021-12-05 12:00:00+00:00,4070.84
2021-12-05 16:00:00+00:00,4139.79
2021-12-05 20:00:00+00:00,4197.53
2021-12-06 00:00:00+00:00,4169.9
2021-12-06 04:00:00+00:00,4072.04
2021-12-06 08:00:00+00:00,4044.41
2021-12-06 12:00:00+00:00,4122.76
2021-12-06 16:00:00+00:00,4192.84
2021-12-06 20:00:00+00:00,4345.2
2021-12-07 00:00:00+00:00,4339.4
2021-12-07 04:00:00+00:00,4351.6
2021-12-07 08:00:00+00:00,4407.42
2021-12-07 12:00:00+00:00,4385.35
2021-12-07 16:00:00+00:00,4312.89
2021-12-07 20:00:00+00:00,4305.82
2021-12-08 00:00:00+00:00,4293.28
2021-12-08 04:00:00+00:00,4364.41
2021-12-08 08:00:00+00:00,4265.92
2021-12-08 12:00:00+00:00,4403.49
2021-12-08 16:00:00+00:00,4381.55
2021-12-08 20:00:00+00:00,4435.33
2021-12-09 00:00:00+00:00,4358.86
2021-12-09 04:00:00+00:00,4378.05
2021-12-09 08:00:00+00:00,4303.7
2021-12-09 12:00:00+00:00,4199.53
2021-12-09 16:00:00+00:00,4122.65
2021-12-09 20:00:00+00:00,4103.8
2021-12-10 00:00:00+00:00,4138.79
2021-12-10 04:00:00+00:00,4029.38
2021-12-10 08:00:00+00:00,4154.82
2021-12-10 12:00:00+00:00,4020.1
2021-12-10 16:00:00+00:00,4014.81
2021-12-10 20:00:00+00:00,3895.95
2021-12-11 00:00:00+00:00,4007.43
2021-12-11 04:00:00+00:00,3976.68
2021-12-11 08:00:00+00:00,4012.36
2021-12-11 12:00:00+00:00,4056.69
2021-12-11 16:00:00+00:00,4002.41
2021-12-11 20:00:00+00:00,4089.81
2021-12-12 00:00:00+00:00,4041.67
2021-12-12 04:00:00+00:00,4054.7
2021-12-12 08:00:00+00:00,4035.13
2021-12-12 12:00:00+00:00,4022.75
2021-12-12 16:00:00+00:00,4139.6
2021-12-12 20:00:00+00:00,4129.0
2021-12-13 00:00:00+00:00,3992.7
2021-12-13 04:00:00+00:00,3985.03
2021-12-13 08:00:00+00:00,4009.46
2021-12-13 12:00:00+00:00,3806.29
2021-12-13 16:00:00+00:00,3761.89
2021-12-13 20:00:00+00:00,3780.63
2021-12-14 00:00:00+00:00,3773.34
2021-12-14 04:00:00+00:00,3780.29
2021-12-14 08:00:00+00:00,3837.99
2021-12-14 12:00:00+00:00,3784.3
2021-12-14 16:00:00+00:00,3767.74
2021-12-14 20:00:00+00:00,3856.66
2021-12-15 00:00:00+00:00,3845.86
2021-12-15 04:00:00+00:00,3862.47
2021-12-15 08:00:00+00:00,3849.59
2021-12-15 12:00:00+00:00,3656.61
2021-12-15 16:00:00+00:00,3968.35
2021-12-15 20:00:00+00:00,4019.01
2021-12-16 00:00:00+00:00,4018.13
2021-12-16 04:00:00+00:00,4019.79
2021-12-16 08:00:00+00:00,4067.08
2021-12-16 12:00:00+00:00,4080.78
2021-12-16 16:00:00+00:00,3996.81
2021-12-16 20:00:00+00:00,3958.67
2021-12-17 00:00:00+00:00,3967.43
2021-12-17 04:00:00+00:00,3880.62
2021-12-17 08:00:00+00:00,3833.34
2021-12-17 12:00:00+00:00,3831.22
2021-12-17 16:00:00+00:00,3879.76
2021-12-17 20:00:00+00:00,3873.93
2021-12-18 00:00:00+00:00,3876.51
2021-12-18 04:00:00+00:00,3888.42
2021-12-18 08:00:00+00:00,3957.33
2021-12-18 12:00:00+00:00,3944.05
2021-12-18 16:00:00+00:00,3941.84
2021-12-18 20:00:00+00:00,3957.64
2021-12-19 00:00:00+00:00,3987.73
2021-12-19 04:00:00+00:00,3976.56
2021-12-19 08:00:00+00:00,3924.21
2021-12-19 12:00:00+00:00,3925.59
2021-12-19 16:00:00+00:00,3911.85
2021-12-19 20:00:00+00:00,3922.51
2021-12-20 00:00:00+00:00,3905.23
2021-12-20 04:00:00+00:00,3822.45
2021-12-20 08:00:00+00:00,3811.71
2021-12-20 12:00:00+00:00,3799.96
2021-12-20 16:00:00+00:00,3870.89
2021-12-20 20:00:00+00:00,3943.48
2021-12-21 00:00:00+00:00,4008.04
2021-12-21 04:00:00+00:00,4002.9
2021-12-21 08:00:00+00:00,4025.76
2021-12-21 12:00:00+00:00,3978.16
2021-12-21 16:00:00+00:00,4007.94
2021-12-21 20:00:00+00:00,4014.38
2021-12-22 00:00:00+00:00,4048.77
2021-12-22 04:00:00+00:00,4046.91
2021-12-22 08:00:00+00:00,4021.73
2021-12-22 12:00:00+00:00,4005.86
2021-12-22 16:00:00+00:00,3995.79
2021-12-22 20:00:00+00:00,3978.62
2021-12-23 00:00:00+00:00,3959.44
2021-12-23 04:00:00+00:00,3909.65
2021-12-23 08:00:00+00:00,3932.11
2021-12-23 12:00:00+00:00,3948.3
2021-12-23 16:00:00+00:00,4133.89
2021-12-23 20:00:00+00:00,4111.3
2021-12-24 00:00:00+00:00,4091.48
2021-12-24 04:00:00+00:00,4089.03
2021-12-24 08:00:00+00:00,4078.8
2021-12-24 12:00:00+00:00,4094.09
2021-12-24 16:00:00+00:00,4077.99
2021-12-24 20:00:00+00:00,4045.0
2021-12-25 00:00:00+00:00,4038.08
2021-12-25 04:00:00+00:00,4050.9
2021-12-25 08:00:00+00:00,4049.67
2021-12-25 12:00:00+00:00,4077.53
2021-12-25 16:00:00+00:00,4076.21
2021-12-25 20:00:00+00:00,4093.87
2021-12-26 00:00:00+00:00,4012.27
2021-12-26 04:00:00+00:00,4034.96
2021-12-26 08:00:00+00:00,4031.44
2021-12-26 12:00:00+00:00,4051.95
2021-12-26 16:00:00+00:00,4074.12
2021-12-26 20:00:00+00:00,4062.24
2021-12-27 00:00:00+00:00,4079.89
2021-12-27 04:00:00+00:00,4051.16
2021-12-27 08:00:00+00:00,4059.69
2021-12-27 12:00:00+00:00,4091.33
2021-12-27 16:00:00+00:00,4078.01
2021-12-27 20:00:00+00:00,4037.36
2021-12-28 00:00:00+00:00,3959.72
2021-12-28 04:00:00+00:00,3914.53
2021-12-28 08:00:00+00:00,3918.84
2021-12-28 12:00:00+00:00,3896.3
2021-12-28 16:00:00+00:00,3806.29
2021-12-28 20:00:00+00:00,3791.99
2021-12-29 00:00:00+00:00,3814.62
2021-12-29 04:00:00+00:00,3795.5
2021-12-29 08:00:00+00:00,3789.66
2021-12-29 12:00:00+00:00,3792.77
2021-12-29 16:00:00+00:00,3724.25
2021-12-29 20:00:00+00:00,3628.55
2021-12-30 00:00:00+00:00,3647.7
2021-12-30 04:00:00+00:00,3706.4
2021-12-30 08:00:00+00:00,3736.06
2021-12-30 12:00:00+00:00,3707.41
2021-12-30 16:00:00+00:00,3749.2
2021-12-30 20:00:00+00:00,3708.37
2021-12-31 00:00:00+00:00,3740.13
2021-12-31 04:00:00+00:00,3718.41
2021-12-31 08:00:00+00:00,3778.65
2021-12-31 12:00:00+00:00,3782.8
2021-12-31 16:00:00+00:00,3625.33
2021-12-31 20:00:00+00:00,3676.02
2022-01-01 00:00:00+00:00,3722.07
2022-01-01 04:00:00+00:00,3714.77
2022-01-01 08:00:00+00:00,3692.08
2022-01-01 12:00:00+00:00,3723.98
2022-01-01 16:00:00+00:00,3745.22
2022-01-01 20:00:00+00:00,3763.06
2022-01-02 00:00:00+00:00,3756.54
2022-01-02 04:00:00+00:00,3745.52
2022-01-02 08:00:00+00:00,3742.48
2022-01-02 12:00:00+00:00,3776.17
2022-01-02 16:00:00+00:00,3797.01
2022-01-02 20:00:00+00:00,3826.21
2022-01-03 00:00:00+00:00,3784.1
2022-01-03 04:00:00+00:00,3806.97
2022-01-03 08:00:00+00:00,3832.51
2022-01-03 12:00:00+00:00,3782.3
2022-01-03 16:00:00+00:00,3737.57
2022-01-03 20:00:00+00:00,3764.07
2022-01-04 00:00:00+00:00,3742.67
2022-01-04 04:00:00+00:00,3761.92
2022-01-04 08:00:00+00:00,3836.19
2022-01-04 12:00:00+00:00,3849.02
2022-01-04 16:00:00+00:00,3812.0
2022-01-04 20:00:00+00:00,3785.6
2022-01-05 00:00:00+00:00,3808.7
2022-01-05 04:00:00+00:00,3816.32
2022-01-05 08:00:00+00:00,3790.85
2022-01-05 12:00:00+00:00,3819.25
2022-01-05 16:00:00+00:00,3653.62
2022-01-05 20:00:00+00:00,3537.71
2022-01-06 00:00:00+00:00,3447.77
2022-01-06 04:00:00+00:00,3452.21
2022-01-06 08:00:00+00:00,3347.99
2022-01-06 12:00:00+00:00,3394.68
2022-01-06 16:00:00+00:00,3444.64
2022-01-06 20:00:00+00:00,3404.6
2022-01-07 00:00:00+00:00,3238.05
2022-01-07 04:00:00+00:00,3201.99
2022-01-07 08:00:00+00:00,3225.08
2022-01-07 12:00:00+00:00,3130.02
2022-01-07 16:00:00+00:00,3195.96
2022-01-07 20:00:00+00:00,3196.58
2022-01-08 00:00:00+00:00,3202.85
2022-01-08 04:00:00+00:00,3215.31
2022-01-08 08:00:00+00:00,3218.33
2022-01-08 12:00:00+00:00,3159.67
2022-01-08 16:00:00+00:00,3028.14
2022-01-08 20:00:00+00:00,3080.03
2022-01-09 00:00:00+00:00,3119.04
2022-01-09 04:00:00+00:00,3125.35
2022-01-09 08:00:00+00:00,3126.82
2022-01-09 12:00:00+00:00,3096.81
2022-01-09 16:00:00+00:00,3201.08
2022-01-09 20:00:00+00:00,3150.0
2022-01-10 00:00:00+00:00,3153.1
2022-01-10 04:00:00+00:00,3161.76
2022-01-10 08:00:00+00:00,3104.2
2022-01-10 12:00:00+00:00,3004.19
2022-01-10 16:00:00+00:00,3028.85
2022-01-10 20:00:00+00:00,3081.31
2022-01-11 00:00:00+00:00,3118.04
2022-01-11 04:00:00+00:00,3127.55
2022-01-11 08:00:00+00:00,3108.91
2022-01-11 12:00:00+00:00,3132.05
2022-01-11 16:00:00+00:00,3234.8
2022-01-11 20:00:00+00:00,3236.86
2022-01-12 00:00:00+00:00,3232.98
2022-01-12 04:00:00+00:00,3216.14
2022-01-12 08:00:00+00:00,3269.98
2022-01-12 12:00:00+00:00,3360.27
2022-01-12 16:00:00+00:00,3379.77
2022-01-12 20:00:00+00:00,3369.93
2022-01-13 00:00:00+00:00,3336.98
2022-01-13 04:00:00+00:00,3339.71
2022-01-13 08:00:00+00:00,3332.38
2022-01-13 12:00:00+00:00,3300.21
2022-01-13 16:00:00+00:00,3270.63
2022-01-13 20:00:00+00:00,3240.36
2022-01-14 00:00:00+00:00,3265.68
2022-01-14 04:00:00+00:00,3267.55
2022-01-14 08:00:00+00:00,3200.77
2022-01-14 12:00:00+00:00,3276.93
2022-01-14 16:00:00+00:00,3306.76
2022-01-14 20:00:00+00:00,3305.6
2022-01-15 00:00:00+00:00,3306.19
2022-01-15 04:00:00+00:00,3313.48
2022-01-15 08:00:00+00:00,3317.01
2022-01-15 12:00:00+00:00,3360.56
2022-01-15 16:00:00+00:00,3348.31
2022-01-15 20:00:00+00:00,3324.05
2022-01-16 00:00:00+00:00,3312.43
2022-01-16 04:00:00+00:00,3330.81
2022-01-16 08:00:00+00:00,3310.4
2022-01-16 12:00:00+00:00,3351.87
2022-01-16 16:00:00+00:00,3319.25
2022-01-16 20:00:00+00:00,3345.49
2022-01-17 00:00:00+00:00,3256.05
2022-01-17 04:00:00+00:00,3269.87
2022-01-17 08:00:00+00:00,3254.32
2022-01-17 12:00:00+00:00,3235.35
2022-01-17 16:00:00+00:00,3217.14
2022-01-17 20:00:00+00:00,3208.61
2022-01-18 00:00:00+00:00,3180.5
2022-01-18 04:00:00+00:00,3185.69
2022-01-18 08:00:00+00:00,3170.14
2022-01-18 12:00:00+00:00,3115.47
2022-01-18 16:00:00+00:00,3126.57
2022-01-18 20:00:00+00:00,3159.32
2022-01-19 00:00:00+00:00,3097.24
2022-01-19 04:00:00+00:00,3059.85
2022-01-19 08:00:00+00:00,3115.96
2022-01-19 12:00:00+00:00,3122.0
2022-01-19 16:00:00+00:00,3127.44
2022-01-19 20:00:00+00:00,3082.81
2022-01-20 00:00:00+00:00,3124.33
2022-01-20 04:00:00+00:00,3138.01
2022-01-20 08:00:00+00:00,3150.87
2022-01-20 12:00:00+00:00,3260.67
2022-01-20 16:00:00+00:00,3214.53
2022-01-20 20:00:00+00:00,2999.92
2022-01-21 00:00:00+00:00,2836.04
2022-01-21 04:00:00+00:00,2879.82
2022-01-21 08:00:00+00:00,2847.33
2022-01-21 12:00:00+00:00,2830.14
2022-01-21 16:00:00+00:00,2740.36
2022-01-21 20:00:00+00:00,2566.91
2022-01-22 00:00:00+00:00,2565.73
2022-01-22 04:00:00+00:00,2461.13
2022-01-22 08:00:00+00:00,2430.11
2022-01-22 12:00:00+00:00,2385.72
2022-01-22 16:00:00+00:00,2335.92
2022-01-22 20:00:00+00:00,2410.96
2022-01-23 00:00:00+00:00,2414.96
2022-01-23 04:00:00+00:00,2486.1
2022-01-23 08:00:00+00:00,2497.59
2022-01-23 12:00:00+00:00,2431.04
2022-01-23 16:00:00+00:00,2382.36
2022-01-23 20:00:00+00:00,2538.41
2022-01-24 00:00:00+00:00,2457.74
2022-01-24 04:00:00+00:00,2384.95
2022-01-24 08:00:00+00:00,2237.98
2022-01-24 12:00:00+00:00,2273.84
2022-01-24 16:00:00+00:00,2377.21
2022-01-24 20:00:00+00:00,2438.13
2022-01-25 00:00:00+00:00,2414.9
2022-01-25 04:00:00+00:00,2382.5
2022-01-25 08:00:00+00:00,2422.18
2022-01-25 12:00:00+00:00,2418.08
2022-01-25 16:00:00+00:00,2464.86
2022-01-25 20:00:00+00:00,2457.37
2022-01-26 00:00:00+00:00,2474.47
2022-01-26 04:00:00+00:00,2460.01
2022-01-26 08:00:00+00:00,2544.54
2022-01-26 12:00:00+00:00,2604.19
2022-01-26 16:00:00+00:00,2572.47
2022-01-26 20:00:00+00:00,2461.61
2022-01-27 00:00:00+00:00,2363.77
2022-01-27 04:00:00+00:00,2401.82
2022-01-27 08:00:00+00:00,2454.67
2022-01-27 12:00:00+00:00,2478.44
2022-01-27 16:00:00+00:00,2393.48
2022-01-27 20:00:00+00:00,2422.61
2022-01-28 00:00:00+00:00,2445.34
2022-01-28 04:00:00+00:00,2389.19
2022-01-28 08:00:00+00:00,2395.0
2022-01-28 12:00:00+00:00,2442.15
2022-01-28 16:00:00+00:00,2459.96
2022-01-28 20:00:00+00:00,2543.34
2022-01-29 00:00:00+00:00,2540.0
2022-01-29 04:00:00+00:00,2566.03
2022-01-29 08:00:00+00:00,2553.08
2022-01-29 12:00:00+00:00,2541.95
2022-01-29 16:00:00+00:00,2589.09
2022-01-29 20:00:00+00:00,2599.94
2022-01-30 00:00:00+00:00,2568.62
2022-01-30 04:00:00+00:00,2617.65
2022-01-30 08:00:00+00:00,2624.36
2022-01-30 12:00:00+00:00,2616.13
2022-01-30 16:00:00+00:00,2559.21
2022-01-30 20:00:00+00:00,2600.45
2022-01-31 00:00:00+00:00,2510.51
2022-01-31 04:00:00+00:00,2526.69
2022-01-31 08:00:00+00:00,2556.85
2022-01-31 12:00:00+00:00,2619.36
2022-01-31 16:00:00+00:00,2672.07
2022-01-31 20:00:00+00:00,2685.34
2022-02-01 00:00:00+00:00,2749.5
2022-02-01 04:00:00+00:00,2735.34
2022-02-01 08:00:00+00:00,2758.47
2022-02-01 12:00:00+00:00,2767.27
2022-02-01 16:00:00+00:00,2749.55
2022-02-01 20:00:00+00:00,2786.38
2022-02-02 00:00:00+00:00,2778.7
2022-02-02 04:00:00+00:00,2748.5
2022-02-02 08:00:00+00:00,2765.24
2022-02-02 12:00:00+00:00,2662.83
2022-02-02 16:00:00+00:00,2705.05
2022-02-02 20:00:00+00:00,2678.0
2022-02-03 00:00:00+00:00,2656.98
2022-02-03 04:00:00+00:00,2669.1
2022-02-03 08:00:00+00:00,2619.76
2022-02-03 12:00:00+00:00,2638.33
2022-02-03 16:00:00+00:00,2596.68
2022-02-03 20:00:00+00:00,2694.37
2022-02-04 00:00:00+00:00,2682.28
2022-02-04 04:00:00+00:00,2803.77
2022-02-04 08:00:00+00:00,2828.53
2022-02-04 12:00:00+00:00,2870.99
2022-02-04 16:00:00+00:00,2957.58
2022-02-04 20:00:00+00:00,2993.65
2022-02-05 00:00:00+00:00,2996.56
2022-02-05 04:00:00+00:00,3000.98
2022-02-05 08:00:00+00:00,3010.55
2022-02-05 12:00:00+00:00,3048.92
2022-02-05 16:00:00+00:00,3009.91
2022-02-05 20:00:00+00:00,3011.59
2022-02-06 00:00:00+00:00,3007.45
2022-02-06 04:00:00+00:00,3009.68
2022-02-06 08:00:00+00:00,3004.77
2022-02-06 12:00:00+00:00,2989.94
2022-02-06 16:00:00+00:00,2999.95
2022-02-06 20:00:00+00:00,3054.26
2022-02-07 00:00:00+00:00,3066.68
2022-02-07 04:00:00+00:00,3078.0
2022-02-07 08:00:00+00:00,3066.09
2022-02-07 12:00:00+00:00,3120.23
2022-02-07 16:00:00+00:00,3165.92
2022-02-07 20:00:00+00:00,3138.55
2022-02-08 00:00:00+00:00,3144.03
2022-02-08 04:00:00+00:00,3172.77
2022-02-08 08:00:00+00:00,3103.81
2022-02-08 12:00:00+00:00,3075.5
2022-02-08 16:00:00+00:00,3050.35
2022-02-08 20:00:00+00:00,3115.23
2022-02-09 00:00:00+00:00,3074.49
2022-02-09 04:00:00+00:00,3103.83
2022-02-09 08:00:00+00:00,3150.89
2022-02-09 12:00:00+00:00,3177.0
2022-02-09 16:00:00+00:00,3245.45
2022-02-09 20:00:00+00:00,3241.82
2022-02-10 00:00:00+00:00,3177.67
2022-02-10 04:00:00+00:00,3187.9
2022-02-10 08:00:00+00:00,3246.6
2022-02-10 12:00:00+00:00,3208.22
2022-02-10 16:00:00+00:00,3119.11
2022-02-10 20:00:00+00:00,3070.9
2022-02-11 00:00:00+00:00,3080.06
2022-02-11 04:00:00+00:00,3096.64
2022-02-11 08:00:00+00:00,3087.0
2022-02-11 12:00:00+00:00,3101.28
2022-02-11 16:00:00+00:00,2992.13
2022-02-11 20:00:00+00:00,2926.04
2022-02-12 00:00:00+00:00,2933.32
2022-02-12 04:00:00+00:00,2918.48
2022-02-12 08:00:00+00:00,2930.27
2022-02-12 12:00:00+00:00,2880.55
2022-02-12 16:00:00+00:00,2951.5
2022-02-12 20:00:00+00:00,2916.93
2022-02-13 00:00:00+00:00,2917.55
2022-02-13 04:00:00+00:00,2921.43
2022-02-13 08:00:00+00:00,2929.87
2022-02-13 12:00:00+00:00,2918.35
2022-02-13 16:00:00+00:00,2855.35
2022-02-13 20:00:00+00:00,2870.32
2022-02-14 00:00:00+00:00,2863.89
2022-02-14 04:00:00+00:00,2881.48
2022-02-14 08:00:00+00:00,2872.94
2022-02-14 12:00:00+00:00,2935.64
2022-02-14 16:00:00+00:00,2877.88
2022-02-14 20:00:00+00:00,2928.87
2022-02-15 00:00:00+00:00,3023.45
2022-02-15 04:00:00+00:00,3048.01
2022-02-15 08:00:00+00:00,3092.98
2022-02-15 12:00:00+00:00,3121.54
2022-02-15 16:00:00+00:00,3108.75
2022-02-15 20:00:00+00:00,3183.73
2022-02-16 00:00:00+00:00,3140.61
2022-02-16 04:00:00+00:00,3148.11
2022-02-16 08:00:00+00:00,3134.65
2022-02-16 12:00:00+00:00,3064.99
2022-02-16 16:00:00+00:00,3167.59
2022-02-16 20:00:00+00:00,3121.8
2022-02-17 00:00:00+00:00,3082.44
2022-02-17 04:00:00+00:00,3107.43
2022-02-17 08:00:00+00:00,3064.21
2022-02-17 12:00:00+00:00,2987.08
2022-02-17 16:00:00+00:00,2908.7
2022-02-17 20:00:00+00:00,2890.8
2022-02-18 00:00:00+00:00,2905.75
2022-02-18 04:00:00+00:00,2902.86
2022-02-18 08:00:00+00:00,2877.62
2022-02-18 12:00:00+00:00,2798.58
2022-02-18 16:00:00+00:00,2796.88
2022-02-18 20:00:00+00:00,2778.46
2022-02-19 00:00:00+00:00,2804.59
2022-02-19 04:00:00+00:00,2810.69
2022-02-19 08:00:00+00:00,2721.43
2022-02-19 12:00:00+00:00,2744.52
2022-02-19 16:00:00+00:00,2742.99
2022-02-19 20:00:00+00:00,2761.89
2022-02-20 00:00:00+00:00,2711.53
2022-02-20 04:00:00+00:00,2652.23
2022-02-20 08:00:00+00:00,2641.0
2022-02-20 12:00:00+00:00,2650.24
2022-02-20 16:00:00+00:00,2648.66
2022-02-20 20:00:00+00:00,2620.72
2022-02-21 00:00:00+00:00,2709.76
2022-02-21 04:00:00+00:00,2745.32
2022-02-21 08:00:00+00:00,2624.73
2022-02-21 12:00:00+00:00,2722.33
2022-02-21 16:00:00+00:00,2651.46
2022-02-21 20:00:00+00:00,2566.88
2022-02-22 00:00:00+00:00,2518.6
2022-02-22 04:00:00+00:00,2514.11
2022-02-22 08:00:00+00:00,2587.19
2022-02-22 12:00:00+00:00,2622.59
2022-02-22 16:00:00+00:00,2631.82
2022-02-22 20:00:00+00:00,2635.57
2022-02-23 00:00:00+00:00,2623.45
2022-02-23 04:00:00+00:00,2693.96
2022-02-23 08:00:00+00:00,2717.66
2022-02-23 12:00:00+00:00,2688.08
2022-02-23 16:00:00+00:00,2632.16
2022-02-23 20:00:00+00:00,2578.02
2022-02-24 00:00:00+00:00,2395.45
2022-02-24 04:00:00+00:00,2369.9
2022-02-24 08:00:00+00:00,2393.58
2022-02-24 12:00:00+00:00,2453.4
2022-02-24 16:00:00+00:00,2594.3
2022-02-24 20:00:00+00:00,2595.47
2022-02-25 00:00:00+00:00,2635.16
2022-02-25 04:00:00+00:00,2612.67
2022-02-25 08:00:00+00:00,2632.34
2022-02-25 12:00:00+00:00,2732.14
2022-02-25 16:00:00+00:00,2678.17
2022-02-25 20:00:00+00:00,2766.36
2022-02-26 00:00:00+00:00,2792.75
2022-02-26 04:00:00+00:00,2791.8
2022-02-26 08:00:00+00:00,2750.66
2022-02-26 12:00:00+00:00,2783.94
2022-02-26 16:00:00+00:00,2808.6
2022-02-26 20:00:00+00:00,2778.15
2022-02-27 00:00:00+00:00,2714.42
2022-02-27 04:00:00+00:00,2734.33
2022-02-27 08:00:00+00:00,2820.33
2022-02-27 12:00:00+00:00,2807.36
2022-02-27 16:00:00+00:00,2605.89
2022-02-27 20:00:00+00:00,2615.99
2022-02-28 00:00:00+00:00,2605.81
2022-02-28 04:00:00+00:00,2634.06
2022-02-28 08:00:00+00:00,2638.97
2022-02-28 12:00:00+00:00,2814.22
2022-02-28 16:00:00+00:00,2807.36
2022-02-28 20:00:00+00:00,2920.1
2022-03-01 00:00:00+00:00,2911.82
2022-03-01 04:00:00+00:00,2921.56
2022-03-01 08:00:00+00:00,2902.4
2022-03-01 12:00:00+00:00,2949.2
2022-03-01 16:00:00+00:00,2945.89
2022-03-01 20:00:00+00:00,2975.61
2022-03-02 00:00:00+00:00,3017.25
2022-03-02 04:00:00+00:00,2968.43
2022-03-02 08:00:00+00:00,3004.36
2022-03-02 12:00:00+00:00,2952.09
2022-03-02 16:00:00+00:00,2932.9
2022-03-02 20:00:00+00:00,2947.47
2022-03-03 00:00:00+00:00,2895.09
2022-03-03 04:00:00+00:00,2907.35
2022-03-03 08:00:00+00:00,2912.03
2022-03-03 12:00:00+00:00,2827.56
2022-03-03 16:00:00+00:00,2816.8
2022-03-03 20:00:00+00:00,2832.97
2022-03-04 00:00:00+00:00,2724.28
2022-03-04 04:00:00+00:00,2731.98
2022-03-04 08:00:00+00:00,2742.53
2022-03-04 12:00:00+00:00,2670.85
2022-03-04 16:00:00+00:00,2616.34
2022-03-04 20:00:00+00:00,2620.25
2022-03-05 00:00:00+00:00,2623.94
2022-03-05 04:00:00+00:00,2636.16
2022-03-05 08:00:00+00:00,2647.0
2022-03-05 12:00:00+00:00,2642.02
2022-03-05 16:00:00+00:00,2668.95
2022-03-05 20:00:00+00:00,2663.55
2022-03-06 00:00:00+00:00,2637.8
2022-03-06 04:00:00+00:00,2643.69
2022-03-06 08:00:00+00:00,2607.08
2022-03-06 12:00:00+00:00,2625.99
2022-03-06 16:00:00+00:00,2606.07
2022-03-06 20:00:00+00:00,2549.37
2022-03-07 00:00:00+00:00,2523.93
2022-03-07 04:00:00+00:00,2519.5
2022-03-07 08:00:00+00:00,2536.86
2022-03-07 12:00:00+00:00,2616.51
2022-03-07 16:00:00+00:00,2458.67
2022-03-07 20:00:00+00:00,2489.9
2022-03-08 00:00:00+00:00,2548.31
2022-03-08 04:00:00+00:00,2535.25
2022-03-08 08:00:00+00:00,2587.32
2022-03-08 12:00:00+00:00,2558.11
2022-03-08 16:00:00+00:00,2578.17
2022-03-08 20:00:00+00:00,2575.49
2022-03-09 00:00:00+00:00,2698.46
2022-03-09 04:00:00+00:00,2743.24
2022-03-09 08:00:00+00:00,2744.74
2022-03-09 12:00:00+00:00,2756.58
2022-03-09 16:00:00+00:00,2713.26
2022-03-09 20:00:00+00:00,2726.37
2022-03-10 00:00:00+00:00,2657.96
2022-03-10 04:00:00+00:00,2591.2
2022-03-10 08:00:00+00:00,2592.04
2022-03-10 12:00:00+00:00,2595.92
2022-03-10 16:00:00+00:00,2611.74
2022-03-10 20:00:00+00:00,2605.44
2022-03-11 00:00:00+00:00,2550.1
2022-03-11 04:00:00+00:00,2607.99
2022-03-11 08:00:00+00:00,2651.69
2022-03-11 12:00:00+00:00,2579.43
2022-03-11 16:00:00+00:00,2556.16
2022-03-11 20:00:00+00:00,2555.89
2022-03-12 00:00:00+00:00,2582.95
2022-03-12 04:00:00+00:00,2587.73
2022-03-12 08:00:00+00:00,2577.56
2022-03-12 12:00:00+00:00,2583.29
2022-03-12 16:00:00+00:00,2576.77
2022-03-12 20:00:00+00:00,2567.64
2022-03-13 00:00:00+00:00,2591.48
2022-03-13 04:00:00+00:00,2580.46
2022-03-13 08:00:00+00:00,2573.92
2022-03-13 12:00:00+00:00,2578.29
2022-03-13 16:00:00+00:00,2561.55
2022-03-13 20:00:00+00:00,2514.07
2022-03-14 00:00:00+00:00,2532.82
2022-03-14 04:00:00+00:00,2585.72
2022-03-14 08:00:00+00:00,2579.41
2022-03-14 12:00:00+00:00,2572.5
2022-03-14 16:00:00+00:00,2535.01
2022-03-14 20:00:00+00:00,2588.96
2022-03-15 00:00:00+00:00,2542.66
2022-03-15 04:00:00+00:00,2530.77
2022-03-15 08:00:00+00:00,2533.4
2022-03-15 12:00:00+00:00,2571.5
2022-03-15 16:00:00+00:00,2658.7
2022-03-15 20:00:00+00:00,2617.29
2022-03-16 00:00:00+00:00,2619.83
2022-03-16 04:00:00+00:00,2644.96
2022-03-16 08:00:00+00:00,2686.8
2022-03-16 12:00:00+00:00,2703.0
2022-03-16 16:00:00+00:00,2752.99
2022-03-16 20:00:00+00:00,2772.78
2022-03-17 00:00:00+00:00,2766.02
2022-03-17 04:00:00+00:00,2755.39
2022-03-17 08:00:00+00:00,2774.39
2022-03-17 12:00:00+00:00,2801.09
2022-03-17 16:00:00+00:00,2827.54
2022-03-17 20:00:00+00:00,2810.74
2022-03-18 00:00:00+00:00,2775.58
2022-03-18 04:00:00+00:00,2792.86
2022-03-18 08:00:00+00:00,2794.99
2022-03-18 12:00:00+00:00,2894.0
2022-03-18 16:00:00+00:00,2964.98
2022-03-18 20:00:00+00:00,2938.02
2022-03-19 00:00:00+00:00,2947.6
2022-03-19 04:00:00+00:00,2924.33
2022-03-19 08:00:00+00:00,2945.84
2022-03-19 12:00:00+00:00,2966.79
2022-03-19 16:00:00+00:00,2949.38
2022-03-19 20:00:00+00:00,2950.0
2022-03-20 00:00:00+00:00,2932.73
2022-03-20 04:00:00+00:00,2925.0
2022-03-20 08:00:00+00:00,2886.64
2022-03-20 12:00:00+00:00,2854.42
2022-03-20 16:00:00+00:00,2874.86
2022-03-20 20:00:00+00:00,2860.47
2022-03-21 00:00:00+00:00,2843.06
2022-03-21 04:00:00+00:00,2889.08
2022-03-21 08:00:00+00:00,2905.24
2022-03-21 12:00:00+00:00,2954.13
2022-03-21 16:00:00+00:00,2917.13
2022-03-21 20:00:00+00:00,2889.08
2022-03-22 00:00:00+00:00,3007.33
2022-03-22 04:00:00+00:00,2992.79
2022-03-22 08:00:00+00:00,3020.5
2022-03-22 12:00:00+00:00,3002.17
2022-03-22 16:00:00+00:00,2982.71
2022-03-22 20:00:00+00:00,2968.49
2022-03-23 00:00:00+00:00,2946.01
2022-03-23 04:00:00+00:00,2947.45
2022-03-23 08:00:00+00:00,2948.0
2022-03-23 12:00:00+00:00,3029.63
2022-03-23 16:00:00+00:00,2961.41
2022-03-23 20:00:00+00:00,3035.55
2022-03-24 00:00:00+00:00,3016.69
2022-03-24 04:00:00+00:00,3037.37
2022-03-24 08:00:00+00:00,3047.99
2022-03-24 12:00:00+00:00,3114.23
2022-03-24 16:00:00+00:00,3107.44
2022-03-24 20:00:00+00:00,3109.89
2022-03-25 00:00:00+00:00,3135.8
2022-03-25 04:00:00+00:00,3128.01
2022-03-25 08:00:00+00:00,3167.23
2022-03-25 12:00:00+00:00,3120.27
2022-03-25 16:00:00+00:00,3114.09
2022-03-25 20:00:00+00:00,3101.37
2022-03-26 00:00:00+00:00,3107.25
2022-03-26 04:00:00+00:00,3132.35
2022-03-26 08:00:00+00:00,3121.61
2022-03-26 12:00:00+00:00,3114.81
2022-03-26 16:00:00+00:00,3121.94
2022-03-26 20:00:00+00:00,3143.47
2022-03-27 00:00:00+00:00,3142.7
2022-03-27 04:00:00+00:00,3153.68
2022-03-27 08:00:00+00:00,3144.9
2022-03-27 12:00:00+00:00,3169.11
2022-03-27 16:00:00+00:00,3174.03
2022-03-27 20:00:00+00:00,3295.01
2022-03-28 00:00:00+00:00,3311.05
2022-03-28 04:00:00+00:00,3318.57
2022-03-28 08:00:00+00:00,3346.24
2022-03-28 12:00:00+00:00,3356.42
2022-03-28 16:00:00+00:00,3408.54
2022-03-28 20:00:00+00:00,3333.62
2022-03-29 00:00:00+00:00,3370.19
2022-03-29 04:00:00+00:00,3386.18
2022-03-29 08:00:00+00:00,3463.8
2022-03-29 12:00:00+00:00,3401.22
2022-03-29 16:00:00+00:00,3429.31
2022-03-29 20:00:00+00:00,3399.0
2022-03-30 00:00:00+00:00,3383.11
2022-03-30 04:00:00+00:00,3407.51
2022-03-30 08:00:00+00:00,3406.99
2022-03-30 12:00:00+00:00,3381.1
2022-03-30 16:00:00+00:00,3394.08
2022-03-30 20:00:00+00:00,3385.1
2022-03-31 00:00:00+00:00,3396.78
2022-03-31 04:00:00+00:00,3401.23
2022-03-31 08:00:00+00:00,3408.5
2022-03-31 12:00:00+00:00,3349.48
2022-03-31 16:00:00+00:00,3282.42
2022-03-31 20:00:00+00:00,3281.43
2022-04-01 00:00:00+00:00,3249.72
2022-04-01 04:00:00+00:00,3276.96
2022-04-01 08:00:00+00:00,3283.41
2022-04-01 12:00:00+00:00,3432.2
2022-04-01 16:00:00+00:00,3469.29
2022-04-01 20:00:00+00:00,3454.33
2022-04-02 00:00:00+00:00,3473.79
2022-04-02 04:00:00+00:00,3483.19
2022-04-02 08:00:00+00:00,3485.43
2022-04-02 12:00:00+00:00,3459.97
2022-04-02 16:00:00+00:00,3469.89
2022-04-02 20:00:00+00:00,3443.07
2022-04-03 00:00:00+00:00,3454.87
2022-04-03 04:00:00+00:00,3489.14
2022-04-03 08:00:00+00:00,3483.68
2022-04-03 12:00:00+00:00,3498.24
2022-04-03 16:00:00+00:00,3486.33
2022-04-03 20:00:00+00:00,3520.76
2022-04-04 00:00:00+00:00,3487.99
2022-04-04 04:00:00+00:00,3500.91
2022-04-04 08:00:00+00:00,3477.51
2022-04-04 12:00:00+00:00,3423.4
2022-04-04 16:00:00+00:00,3488.92
2022-04-04 20:00:00+00:00,3518.96
2022-04-05 00:00:00+00:00,3523.36
2022-04-05 04:00:00+00:00,3525.56
2022-04-05 08:00:00+00:00,3522.25
2022-04-05 12:00:00+00:00,3451.0
2022-04-05 16:00:00+00:00,3463.37
2022-04-05 20:00:00+00:00,3405.04
2022-04-06 00:00:00+00:00,3340.62
2022-04-06 04:00:00+00:00,3343.26
2022-04-06 08:00:00+00:00,3303.78
2022-04-06 12:00:00+00:00,3255.84
2022-04-06 16:00:00+00:00,3224.82
2022-04-06 20:00:00+00:00,3166.78
2022-04-07 00:00:00+00:00,3184.02
2022-04-07 04:00:00+00:00,3222.4
2022-04-07 08:00:00+00:00,3249.46
2022-04-07 12:00:00+00:00,3198.03
2022-04-07 16:00:00+00:00,3215.89
2022-04-07 20:00:00+00:00,3225.15
2022-04-08 00:00:00+00:00,3265.5
2022-04-08 04:00:00+00:00,3284.46
2022-04-08 08:00:00+00:00,3257.69
2022-04-08 12:00:00+00:00,3279.67
2022-04-08 16:00:00+00:00,3238.44
2022-04-08 20:00:00+00:00,3191.26
2022-04-09 00:00:00+00:00,3209.2
2022-04-09 04:00:00+00:00,3208.7
2022-04-09 08:00:00+00:00,3208.24
2022-04-09 12:00:00+00:00,3208.53
2022-04-09 16:00:00+00:00,3232.35
2022-04-09 20:00:00+00:00,3257.53
2022-04-10 00:00:00+00:00,3256.03
2022-04-10 04:00:00+00:00,3241.45
2022-04-10 08:00:00+00:00,3249.94
2022-04-10 12:00:00+00:00,3254.0
2022-04-10 16:00:00+00:00,3290.26
2022-04-10 20:00:00+00:00,3200.24
2022-04-11 00:00:00+00:00,3173.73
2022-04-11 04:00:00+00:00,3177.37
2022-04-11 08:00:00+00:00,3049.25
2022-04-11 12:00:00+00:00,3002.21
2022-04-11 16:00:00+00:00,3002.91
2022-04-11 20:00:00+00:00,2978.69
2022-04-12 00:00:00+00:00,2981.61
2022-04-12 04:00:00+00:00,3023.17
2022-04-12 08:00:00+00:00,3039.05
2022-04-12 12:00:00+00:00,3042.69
2022-04-12 16:00:00+00:00,2971.12
2022-04-12 20:00:00+00:00,3026.3
2022-04-13 00:00:00+00:00,3047.22
2022-04-13 04:00:00+00:00,3049.55
2022-04-13 08:00:00+00:00,3013.18
2022-04-13 12:00:00+00:00,3092.19
2022-04-13 16:00:00+00:00,3084.67
2022-04-13 20:00:00+00:00,3116.45
2022-04-14 00:00:00+00:00,3116.55
2022-04-14 04:00:00+00:00,3112.31
2022-04-14 08:00:00+00:00,3071.99
2022-04-14 12:00:00+00:00,3014.85
2022-04-14 16:00:00+00:00,2993.71
2022-04-14 20:00:00+00:00,3019.82
2022-04-15 00:00:00+00:00,3039.79
2022-04-15 04:00:00+00:00,3032.64
2022-04-15 08:00:00+00:00,3026.27
2022-04-15 12:00:00+00:00,3026.68
2022-04-15 16:00:00+00:00,3020.9
2022-04-15 20:00:00+00:00,3039.19
2022-04-16 00:00:00+00:00,3036.1
2022-04-16 04:00:00+00:00,3032.65
2022-04-16 08:00:00+00:00,3037.97
2022-04-16 12:00:00+00:00,3015.82
2022-04-16 16:00:00+00:00,3022.77
2022-04-16 20:00:00+00:00,3057.99
2022-04-17 00:00:00+00:00,3027.0
2022-04-17 04:00:00+00:00,3036.21
2022-04-17 08:00:00+00:00,3045.98
2022-04-17 12:00:00+00:00,3071.66
2022-04-17 16:00:00+00:00,3050.24
2022-04-17 20:00:00+00:00,2986.03
2022-04-18 00:00:00+00:00,2993.18
2022-04-18 04:00:00+00:00,2891.18
2022-04-18 08:00:00+00:00,2909.56
2022-04-18 12:00:00+00:00,2912.34
2022-04-18 16:00:00+00:00,3004.56
2022-04-18 20:00:00+00:00,3054.02
2022-04-19 00:00:00+00:00,3036.36
2022-04-19 04:00:00+00:00,3037.52
2022-04-19 08:00:00+00:00,3039.7
2022-04-19 12:00:00+00:00,3109.52
2022-04-19 16:00:00+00:00,3109.67
2022-04-19 20:00:00+00:00,3100.42
2022-04-20 00:00:00+00:00,3089.85
2022-04-20 04:00:00+00:00,3088.01
2022-04-20 08:00:00+00:00,3151.29
2022-04-20 12:00:00+00:00,3066.73
2022-04-20 16:00:00+00:00,3068.16
2022-04-20 20:00:00+00:00,3074.01
2022-04-21 00:00:00+00:00,3094.92
2022-04-21 04:00:00+00:00,3098.98
2022-04-21 08:00:00+00:00,3149.0
2022-04-21 12:00:00+00:00,3104.19
2022-04-21 16:00:00+00:00,3024.85
2022-04-21 20:00:00+00:00,2981.31
2022-04-22 00:00:00+00:00,2993.15
2022-04-22 04:00:00+00:00,3018.73
2022-04-22 08:00:00+00:00,3012.43
2022-04-22 12:00:00+00:00,2948.59
2022-04-22 16:00:00+00:00,2955.52
2022-04-22 20:00:00+00:00,2960.38
2022-04-23 00:00:00+00:00,2945.31
2022-04-23 04:00:00+00:00,2957.48
2022-04-23 08:00:00+00:00,2956.98
2022-04-23 12:00:00+00:00,2964.67
2022-04-23 16:00:00+00:00,2952.28
2022-04-23 20:00:00+00:00,2930.28
2022-04-24 00:00:00+00:00,2953.97
2022-04-24 04:00:00+00:00,2948.12
2022-04-24 08:00:00+00:00,2937.27
2022-04-24 12:00:00+00:00,2942.43
2022-04-24 16:00:00+00:00,2958.67
2022-04-24 20:00:00+00:00,2918.97
2022-04-25 00:00:00+00:00,2873.33
2022-04-25 04:00:00+00:00,2810.1
2022-04-25 08:00:00+00:00,2859.45
2022-04-25 12:00:00+00:00,2867.01
2022-04-25 16:00:00+00:00,3011.19
2022-04-25 20:00:00+00:00,3006.11
2022-04-26 00:00:00+00:00,2999.99
2022-04-26 04:00:00+00:00,3002.25
2022-04-26 08:00:00+00:00,3001.5
2022-04-26 12:00:00+00:00,2858.25
2022-04-26 16:00:00+00:00,2837.34
2022-04-26 20:00:00+00:00,2807.88
2022-04-27 00:00:00+00:00,2834.29
2022-04-27 04:00:00+00:00,2887.41
2022-04-27 08:00:00+00:00,2883.18
2022-04-27 12:00:00+00:00,2864.07
2022-04-27 16:00:00+00:00,2851.08
2022-04-27 20:00:00+00:00,2887.57
2022-04-28 00:00:00+00:00,2882.47
2022-04-28 04:00:00+00:00,2899.64
2022-04-28 08:00:00+00:00,2927.69
2022-04-28 12:00:00+00:00,2888.28
2022-04-28 16:00:00+00:00,2947.87
2022-04-28 20:00:00+00:00,2935.39
2022-04-29 00:00:00+00:00,2925.36
2022-04-29 04:00:00+00:00,2924.98
2022-04-29 08:00:00+00:00,2841.81
2022-04-29 12:00:00+00:00,2854.81
2022-04-29 16:00:00+00:00,2791.98
2022-04-29 20:00:00+00:00,2815.37
2022-04-30 00:00:00+00:00,2817.03
2022-04-30 04:00:00+00:00,2827.79
2022-04-30 08:00:00+00:00,2828.7
2022-04-30 12:00:00+00:00,2814.25
2022-04-30 16:00:00+00:00,2805.09
2022-04-30 20:00:00+00:00,2725.1
2022-05-01 00:00:00+00:00,2774.72
2022-05-01 04:00:00+00:00,2765.13
2022-05-01 08:00:00+00:00,2755.09
2022-05-01 12:00:00+00:00,2804.02
2022-05-01 16:00:00+00:00,2764.23
2022-05-01 20:00:00+00:00,2823.38
2022-05-02 00:00:00+00:00,2838.96
2022-05-02 04:00:00+00:00,2844.41
2022-05-02 08:00:00+00:00,2794.2
2022-05-02 12:00:00+00:00,2826.99
2022-05-02 16:00:00+00:00,2840.89
2022-05-02 20:00:00+00:00,2855.16
2022-05-03 00:00:00+00:00,2849.01
2022-05-03 04:00:00+00:00,2844.05
2022-05-03 08:00:00+00:00,2847.81
2022-05-03 12:00:00+00:00,2821.38
2022-05-03 16:00:00+00:00,2772.42
2022-05-03 20:00:00+00:00,2780.91
2022-05-04 00:00:00+00:00,2797.22
2022-05-04 04:00:00+00:00,2828.12
2022-05-04 08:00:00+00:00,2870.39
2022-05-04 12:00:00+00:00,2843.24
2022-05-04 16:00:00+00:00,2954.63
2022-05-04 20:00:00+00:00,2939.76
2022-05-05 00:00:00+00:00,2941.37
2022-05-05 04:00:00+00:00,2933.63
2022-05-05 08:00:00+00:00,2925.4
2022-05-05 12:00:00+00:00,2740.65
2022-05-05 16:00:00+00:00,2727.07
2022-05-05 20:00:00+00:00,2746.37
2022-05-06 00:00:00+00:00,2745.05
2022-05-06 04:00:00+00:00,2729.05
2022-05-06 08:00:00+00:00,2674.21
2022-05-06 12:00:00+00:00,2687.06
2022-05-06 16:00:00+00:00,2688.73
2022-05-06 20:00:00+00:00,2691.59
2022-05-07 00:00:00+00:00,2668.6
2022-05-07 04:00:00+00:00,2671.66
2022-05-07 08:00:00+00:00,2687.96
2022-05-07 12:00:00+00:00,2691.42
2022-05-07 16:00:00+00:00,2681.67
2022-05-07 20:00:00+00:00,2634.82
2022-05-08 00:00:00+00:00,2544.91
2022-05-08 04:00:00+00:00,2555.11
2022-05-08 08:00:00+00:00,2566.99
2022-05-08 12:00:00+00:00,2515.36
2022-05-08 16:00:00+00:00,2560.95
2022-05-08 20:00:00+00:00,2518.9
2022-05-09 00:00:00+00:00,2456.92
2022-05-09 04:00:00+00:00,2446.81
2022-05-09 08:00:00+00:00,2404.54
2022-05-09 12:00:00+00:00,2381.68
2022-05-09 16:00:00+00:00,2270.86
2022-05-09 20:00:00+00:00,2227.48
2022-05-10 00:00:00+00:00,2299.8
2022-05-10 04:00:00+00:00,2372.2
2022-05-10 08:00:00+00:00,2401.47
2022-05-10 12:00:00+00:00,2361.3
2022-05-10 16:00:00+00:00,2353.14
2022-05-10 20:00:00+00:00,2340.86
2022-05-11 00:00:00+00:00,2359.79
2022-05-11 04:00:00+00:00,2314.43
2022-05-11 08:00:00+00:00,2410.53
2022-05-11 12:00:00+00:00,2264.57
2022-05-11 16:00:00+00:00,2116.53
2022-05-11 20:00:00+00:00,2083.98
2022-05-12 00:00:00+00:00,1968.91
2022-05-12 04:00:00+00:00,1913.6
2022-05-12 08:00:00+00:00,1949.3
2022-05-12 12:00:00+00:00,1966.85
2022-05-12 16:00:00+00:00,1944.26
2022-05-12 20:00:00+00:00,1959.78
2022-05-13 00:00:00+00:00,2094.43
2022-05-13 04:00:00+00:00,2047.57
2022-05-13 08:00:00+00:00,2114.14
2022-05-13 12:00:00+00:00,2092.07
2022-05-13 16:00:00+00:00,2064.07
2022-05-13 20:00:00+00:00,2008.49
2022-05-14 00:00:00+00:00,2053.63
2022-05-14 04:00:00+00:00,2031.61
2022-05-14 08:00:00+00:00,1984.35
2022-05-14 12:00:00+00:00,1962.65
2022-05-14 16:00:00+00:00,1995.17
2022-05-14 20:00:00+00:00,2055.0
2022-05-15 00:00:00+00:00,2013.15
2022-05-15 04:00:00+00:00,2036.14
2022-05-15 08:00:00+00:00,2079.29
2022-05-15 12:00:00+00:00,2061.54
2022-05-15 16:00:00+00:00,2103.38
2022-05-15 20:00:00+00:00,2144.07
2022-05-16 00:00:00+00:00,2075.63
2022-05-16 04:00:00+00:00,2010.84
2022-05-16 08:00:00+00:00,2030.24
2022-05-16 12:00:00+00:00,2013.82
2022-05-16 16:00:00+00:00,2006.04
2022-05-16 20:00:00+00:00,2022.89
2022-05-17 00:00:00+00:00,2071.78
2022-05-17 04:00:00+00:00,2069.72
2022-05-17 08:00:00+00:00,2079.99
2022-05-17 12:00:00+00:00,2059.79
2022-05-17 16:00:00+00:00,2045.66
2022-05-17 20:00:00+00:00,2090.0
2022-05-18 00:00:00+00:00,2038.29
2022-05-18 04:00:00+00:00,2037.73
2022-05-18 08:00:00+00:00,2030.15
2022-05-18 12:00:00+00:00,1954.86
2022-05-18 16:00:00+00:00,1980.12
2022-05-18 20:00:00+00:00,1914.2
2022-05-19 00:00:00+00:00,1952.62
2022-05-19 04:00:00+00:00,1951.11
2022-05-19 08:00:00+00:00,1963.88
2022-05-19 12:00:00+00:00,2022.51
2022-05-19 16:00:00+00:00,1992.71
2022-05-19 20:00:00+00:00,2019.46
2022-05-20 00:00:00+00:00,2022.9
2022-05-20 04:00:00+00:00,2024.77
2022-05-20 08:00:00+00:00,2053.47
2022-05-20 12:00:00+00:00,1959.79
2022-05-20 16:00:00+00:00,1967.05
2022-05-20 20:00:00+00:00,1958.69
2022-05-21 00:00:00+00:00,1966.72
2022-05-21 04:00:00+00:00,1977.71
2022-05-21 08:00:00+00:00,1969.35
2022-05-21 12:00:00+00:00,1979.27
2022-05-21 16:00:00+00:00,1980.09
2022-05-21 20:00:00+00:00,1973.94
2022-05-22 00:00:00+00:00,1973.21
2022-05-22 04:00:00+00:00,1975.01
2022-05-22 08:00:00+00:00,2017.51
2022-05-22 12:00:00+00:00,2003.45
2022-05-22 16:00:00+00:00,2007.04
2022-05-22 20:00:00+00:00,2042.63
2022-05-23 00:00:00+00:00,2030.43
2022-05-23 04:00:00+00:00,2065.86
2022-05-23 08:00:00+00:00,2067.89
2022-05-23 12:00:00+00:00,2064.34
2022-05-23 16:00:00+00:00,1979.6
2022-05-23 20:00:00+00:00,1972.45
2022-05-24 00:00:00+00:00,1986.83
2022-05-24 04:00:00+00:00,1984.04
2022-05-24 08:00:00+00:00,1965.16
2022-05-24 12:00:00+00:00,1961.54
2022-05-24 16:00:00+00:00,1961.76
2022-05-24 20:00:00+00:00,1978.56
2022-05-25 00:00:00+00:00,2013.46
2022-05-25 04:00:00+00:00,1976.58
2022-05-25 08:00:00+00:00,1943.22
2022-05-25 12:00:00+00:00,1963.27
2022-05-25 16:00:00+00:00,1950.98
2022-05-25 20:00:00+00:00,1942.0
2022-05-26 00:00:00+00:00,1947.58
2022-05-26 04:00:00+00:00,1925.34
2022-05-26 08:00:00+00:00,1815.69
2022-05-26 12:00:00+00:00,1860.9
2022-05-26 16:00:00+00:00,1826.0
2022-05-26 20:00:00+00:00,1791.02
2022-05-27 00:00:00+00:00,1766.73
2022-05-27 04:00:00+00:00,1764.12
2022-05-27 08:00:00+00:00,1770.46
2022-05-27 12:00:00+00:00,1763.57
2022-05-27 16:00:00+00:00,1753.33
2022-05-27 20:00:00+00:00,1726.55
2022-05-28 00:00:00+00:00,1763.72
2022-05-28 04:00:00+00:00,1764.69
2022-05-28 08:00:00+00:00,1772.19
2022-05-28 12:00:00+00:00,1794.15
2022-05-28 16:00:00+00:00,1792.13
2022-05-28 20:00:00+00:00,1791.74
2022-05-29 00:00:00+00:00,1775.57
2022-05-29 04:00:00+00:00,1782.79
2022-05-29 08:00:00+00:00,1801.27
2022-05-29 12:00:00+00:00,1796.48
2022-05-29 16:00:00+00:00,1787.82
2022-05-29 20:00:00+00:00,1812.45
2022-05-30 00:00:00+00:00,1879.08
2022-05-30 04:00:00+00:00,1906.8
2022-05-30 08:00:00+00:00,1902.3
2022-05-30 12:00:00+00:00,1911.71
2022-05-30 16:00:00+00:00,1916.27
2022-05-30 20:00:00+00:00,1997.87
2022-05-31 00:00:00+00:00,1993.75
2022-05-31 04:00:00+00:00,1970.14
2022-05-31 08:00:00+00:00,1978.15
2022-05-31 12:00:00+00:00,1987.87
2022-05-31 16:00:00+00:00,1933.76
2022-05-31 20:00:00+00:00,1941.68
2022-06-01 00:00:00+00:00,1929.73
2022-06-01 04:00:00+00:00,1930.78
2022-06-01 08:00:00+00:00,1938.68
2022-06-01 12:00:00+00:00,1880.3
2022-06-01 16:00:00+00:00,1820.56
2022-06-01 20:00:00+00:00,1817.1
2022-06-02 00:00:00+00:00,1813.84
2022-06-02 04:00:00+00:00,1825.78
2022-06-02 08:00:00+00:00,1838.29
2022-06-02 12:00:00+00:00,1815.6
2022-06-02 16:00:00+00:00,1821.27
2022-06-02 20:00:00+00:00,1833.37
2022-06-03 00:00:00+00:00,1826.86
2022-06-03 04:00:00+00:00,1813.23
2022-06-03 08:00:00+00:00,1761.47
2022-06-03 12:00:00+00:00,1762.51
2022-06-03 16:00:00+00:00,1750.54
2022-06-03 20:00:00+00:00,1774.15
2022-06-04 00:00:00+00:00,1752.42
2022-06-04 04:00:00+00:00,1768.29
2022-06-04 08:00:00+00:00,1767.65
2022-06-04 12:00:00+00:00,1777.76
2022-06-04 16:00:00+00:00,1771.48
2022-06-04 20:00:00+00:00,1803.71
2022-06-05 00:00:00+00:00,1793.23
2022-06-05 04:00:00+00:00,1784.77
2022-06-05 08:00:00+00:00,1787.14
2022-06-05 12:00:00+00:00,1810.53
2022-06-05 16:00:00+00:00,1820.21
2022-06-05 20:00:00+00:00,1805.39
2022-06-06 00:00:00+00:00,1876.99
2022-06-06 04:00:00+00:00,1892.78
2022-06-06 08:00:00+00:00,1908.78
2022-06-06 12:00:00+00:00,1885.91
2022-06-06 16:00:00+00:00,1863.18
2022-06-06 20:00:00+00:00,1859.11
2022-06-07 00:00:00+00:00,1755.7
2022-06-07 04:00:00+00:00,1762.14
2022-06-07 08:00:00+00:00,1753.21
2022-06-07 12:00:00+00:00,1780.7
2022-06-07 16:00:00+00:00,1846.89
2022-06-07 20:00:00+00:00,1812.61
2022-06-08 00:00:00+00:00,1778.92
2022-06-08 04:00:00+00:00,1805.59
2022-06-08 08:00:00+00:00,1807.54
2022-06-08 12:00:00+00:00,1814.4
2022-06-08 16:00:00+00:00,1789.87
2022-06-08 20:00:00+00:00,1791.02
2022-06-09 00:00:00+00:00,1798.6
2022-06-09 04:00:00+00:00,1811.71
2022-06-09 08:00:00+00:00,1804.41
2022-06-09 12:00:00+00:00,1798.33
2022-06-09 16:00:00+00:00,1782.89
2022-06-09 20:00:00+00:00,1788.03
2022-06-10 00:00:00+00:00,1791.87
2022-06-10 04:00:00+00:00,1787.63
2022-06-10 08:00:00+00:00,1770.95
2022-06-10 12:00:00+00:00,1725.72
2022-06-10 16:00:00+00:00,1667.64
2022-06-10 20:00:00+00:00,1661.95
2022-06-11 00:00:00+00:00,1668.4
2022-06-11 04:00:00+00:00,1666.15
2022-06-11 08:00:00+00:00,1575.07
2022-06-11 12:00:00+00:00,1516.87
2022-06-11 16:00:00+00:00,1545.64
2022-06-11 20:00:00+00:00,1532.19
2022-06-12 00:00:00+00:00,1465.7
2022-06-12 04:00:00+00:00,1470.3
2022-06-12 08:00:00+00:00,1468.16
2022-06-12 12:00:00+00:00,1525.21
2022-06-12 16:00:00+00:00,1478.59
2022-06-12 20:00:00+00:00,1434.35
2022-06-13 00:00:00+00:00,1350.71
2022-06-13 04:00:00+00:00,1283.03
2022-06-13 08:00:00+00:00,1208.78
2022-06-13 12:00:00+00:00,1229.15
2022-06-13 16:00:00+00:00,1227.75
2022-06-13 20:00:00+00:00,1209.04
2022-06-14 00:00:00+00:00,1173.04
2022-06-14 04:00:00+00:00,1240.22
2022-06-14 08:00:00+00:00,1174.31
2022-06-14 12:00:00+00:00,1250.01
2022-06-14 16:00:00+00:00,1205.27
2022-06-14 20:00:00+00:00,1208.32
2022-06-15 00:00:00+00:00,1172.47
2022-06-15 04:00:00+00:00,1093.6
2022-06-15 08:00:00+00:00,1119.5
2022-06-15 12:00:00+00:00,1119.57
2022-06-15 16:00:00+00:00,1169.87
2022-06-15 20:00:00+00:00,1236.49
2022-06-16 00:00:00+00:00,1209.26
2022-06-16 04:00:00+00:00,1164.71
2022-06-16 08:00:00+00:00,1110.18
2022-06-16 12:00:00+00:00,1113.7
2022-06-16 16:00:00+00:00,1095.56
2022-06-16 20:00:00+00:00,1067.77
2022-06-17 00:00:00+00:00,1070.9
2022-06-17 04:00:00+00:00,1098.38
2022-06-17 08:00:00+00:00,1091.74
2022-06-17 12:00:00+00:00,1084.19
2022-06-17 16:00:00+00:00,1079.54
2022-06-17 20:00:00+00:00,1085.99
2022-06-18 00:00:00+00:00,1078.74
2022-06-18 04:00:00+00:00,1002.64
2022-06-18 08:00:00+00:00,1004.47
2022-06-18 12:00:00+00:00,989.04
2022-06-18 16:00:00+00:00,914.15
2022-06-18 20:00:00+00:00,994.09
2022-06-19 00:00:00+00:00,952.42
2022-06-19 04:00:00+00:00,955.12
2022-06-19 08:00:00+00:00,1054.63
2022-06-19 12:00:00+00:00,1071.06
2022-06-19 16:00:00+00:00,1099.81
2022-06-19 20:00:00+00:00,1127.88
2022-06-20 00:00:00+00:00,1079.1
2022-06-20 04:00:00+00:00,1079.21
2022-06-20 08:00:00+00:00,1152.59
2022-06-20 12:00:00+00:00,1133.75
2022-06-20 16:00:00+00:00,1105.8
2022-06-20 20:00:00+00:00,1127.83
2022-06-21 00:00:00+00:00,1130.4
2022-06-21 04:00:00+00:00,1147.95
2022-06-21 08:00:00+00:00,1140.87
2022-06-21 12:00:00+00:00,1167.79
2022-06-21 16:00:00+00:00,1123.8
2022-06-21 20:00:00+00:00,1125.47
2022-06-22 00:00:00+00:00,1088.6
2022-06-22 04:00:00+00:00,1074.8
2022-06-22 08:00:00+00:00,1096.72
2022-06-22 12:00:00+00:00,1074.51
2022-06-22 16:00:00+00:00,1069.93
2022-06-22 20:00:00+00:00,1049.4
2022-06-23 00:00:00+00:00,1075.58
2022-06-23 04:00:00+00:00,1091.06
2022-06-23 08:00:00+00:00,1106.05
2022-06-23 12:00:00+00:00,1093.5
2022-06-23 16:00:00+00:00,1126.11
2022-06-23 20:00:00+00:00,1143.71
2022-06-24 00:00:00+00:00,1149.9
2022-06-24 04:00:00+00:00,1147.95
2022-06-24 08:00:00+00:00,1195.26
2022-06-24 12:00:00+00:00,1197.36
2022-06-24 16:00:00+00:00,1227.15
2022-06-24 20:00:00+00:00,1224.42
2022-06-25 00:00:00+00:00,1223.01
2022-06-25 04:00:00+00:00,1233.74
2022-06-25 08:00:00+00:00,1216.5
2022-06-25 12:00:00+00:00,1183.44
2022-06-25 16:00:00+00:00,1204.69
2022-06-25 20:00:00+00:00,1241.6
2022-06-26 00:00:00+00:00,1232.55
2022-06-26 04:00:00+00:00,1237.64
2022-06-26 08:00:00+00:00,1269.11
2022-06-26 12:00:00+00:00,1222.57
2022-06-26 16:00:00+00:00,1225.17
2022-06-26 20:00:00+00:00,1197.21
2022-06-27 00:00:00+00:00,1219.09
2022-06-27 04:00:00+00:00,1227.25
2022-06-27 08:00:00+00:00,1219.59
2022-06-27 12:00:00+00:00,1186.63
2022-06-27 16:00:00+00:00,1196.07
2022-06-27 20:00:00+00:00,1191.9
2022-06-28 00:00:00+00:00,1181.42
2022-06-28 04:00:00+00:00,1207.02
2022-06-28 08:00:00+00:00,1222.8
2022-06-28 12:00:00+00:00,1183.26
2022-06-28 16:00:00+00:00,1155.96
2022-06-28 20:00:00+00:00,1143.5
2022-06-29 00:00:00+00:00,1144.31
2022-06-29 04:00:00+00:00,1129.8
2022-06-29 08:00:00+00:00,1117.45
2022-06-29 12:00:00+00:00,1113.73
2022-06-29 16:00:00+00:00,1117.72
2022-06-29 20:00:00+00:00,1099.32
2022-06-30 00:00:00+00:00,1093.39
2022-06-30 04:00:00+00:00,1056.82
2022-06-30 08:00:00+00:00,1017.73
2022-06-30 12:00:00+00:00,1031.57
2022-06-30 16:00:00+00:00,1020.54
2022-06-30 20:00:00+00:00,1070.85
2022-07-01 00:00:00+00:00,1054.04
2022-07-01 04:00:00+00:00,1066.11
2022-07-01 08:00:00+00:00,1049.54
2022-07-01 12:00:00+00:00,1056.18
2022-07-01 16:00:00+00:00,1067.32
2022-07-01 20:00:00+00:00,1059.24
2022-07-02 00:00:00+00:00,1037.28
2022-07-02 04:00:00+00:00,1041.39
2022-07-02 08:00:00+00:00,1043.3
2022-07-02 12:00:00+00:00,1052.16
2022-07-02 16:00:00+00:00,1065.56
2022-07-02 20:00:00+00:00,1066.53
2022-07-03 00:00:00+00:00,1061.77
2022-07-03 04:00:00+00:00,1063.26
2022-07-03 08:00:00+00:00,1060.57
2022-07-03 12:00:00+00:00,1049.89
2022-07-03 16:00:00+00:00,1077.19
2022-07-03 20:00:00+00:00,1073.9
2022-07-04 00:00:00+00:00,1050.88
2022-07-04 04:00:00+00:00,1050.16
2022-07-04 08:00:00+00:00,1100.62
2022-07-04 12:00:00+00:00,1111.39
2022-07-04 16:00:00+00:00,1122.59
2022-07-04 20:00:00+00:00,1150.23
2022-07-05 00:00:00+00:00,1152.8
2022-07-05 04:00:00+00:00,1157.58
2022-07-05 08:00:00+00:00,1111.78
2022-07-05 12:00:00+00:00,1092.4
2022-07-05 16:00:00+00:00,1146.11
2022-07-05 20:00:00+00:00,1131.8
2022-07-06 00:00:00+00:00,1130.36
2022-07-06 04:00:00+00:00,1138.91
2022-07-06 08:00:00+00:00,1133.44
2022-07-06 12:00:00+00:00,1132.85
2022-07-06 16:00:00+00:00,1152.83
2022-07-06 20:00:00+00:00,1186.37
2022-07-07 00:00:00+00:00,1175.94
2022-07-07 04:00:00+00:00,1176.18
2022-07-07 08:00:00+00:00,1185.43
2022-07-07 12:00:00+00:00,1219.75
2022-07-07 16:00:00+00:00,1247.32
2022-07-07 20:00:00+00:00,1236.92
2022-07-08 00:00:00+00:00,1258.57
2022-07-08 04:00:00+00:00,1240.82
2022-07-08 08:00:00+00:00,1220.78
2022-07-08 12:00:00+00:00,1235.0
2022-07-08 16:00:00+00:00,1239.53
2022-07-08 20:00:00+00:00,1213.53
2022-07-09 00:00:00+00:00,1216.19
2022-07-09 04:00:00+00:00,1224.21
2022-07-09 08:00:00+00:00,1209.73
2022-07-09 12:00:00+00:00,1215.0
2022-07-09 16:00:00+00:00,1217.94
2022-07-09 20:00:00+00:00,1216.48
2022-07-10 00:00:00+00:00,1187.73
2022-07-10 04:00:00+00:00,1188.78
2022-07-10 08:00:00+00:00,1183.04
2022-07-10 12:00:00+00:00,1163.13
2022-07-10 16:00:00+00:00,1173.62
2022-07-10 20:00:00+00:00,1167.81
2022-07-11 00:00:00+00:00,1153.89
2022-07-11 04:00:00+00:00,1142.87
2022-07-11 08:00:00+00:00,1142.87
2022-07-11 12:00:00+00:00,1143.12
2022-07-11 16:00:00+00:00,1141.34
2022-07-11 20:00:00+00:00,1095.95
2022-07-12 00:00:00+00:00,1085.66
2022-07-12 04:00:00+00:00,1068.41
2022-07-12 08:00:00+00:00,1065.11
2022-07-12 12:00:00+00:00,1075.53
2022-07-12 16:00:00+00:00,1040.53
2022-07-12 20:00:00+00:00,1037.88
2022-07-13 00:00:00+00:00,1051.62
2022-07-13 04:00:00+00:00,1068.72
2022-07-13 08:00:00+00:00,1081.1
2022-07-13 12:00:00+00:00,1059.63
2022-07-13 16:00:00+00:00,1075.9
2022-07-13 20:00:00+00:00,1114.19
2022-07-14 00:00:00+00:00,1111.99
2022-07-14 04:00:00+00:00,1097.06
2022-07-14 08:00:00+00:00,1080.8
2022-07-14 12:00:00+00:00,1140.47
2022-07-14 16:00:00+00:00,1193.65
2022-07-14 20:00:00+00:00,1193.01
2022-07-15 00:00:00+00:00,1199.25
2022-07-15 04:00:00+00:00,1211.2
2022-07-15 08:00:00+00:00,1210.7
2022-07-15 12:00:00+00:00,1221.56
2022-07-15 16:00:00+00:00,1265.85
2022-07-15 20:00:00+00:00,1230.58
2022-07-16 00:00:00+00:00,1221.44
2022-07-16 04:00:00+00:00,1196.85
2022-07-16 08:00:00+00:00,1197.19
2022-07-16 12:00:00+00:00,1274.16
2022-07-16 16:00:00+00:00,1335.86
2022-07-16 20:00:00+00:00,1355.37
2022-07-17 00:00:00+00:00,1352.65
2022-07-17 04:00:00+00:00,1360.56
2022-07-17 08:00:00+00:00,1362.73
2022-07-17 12:00:00+00:00,1351.0
2022-07-17 16:00:00+00:00,1347.02
2022-07-17 20:00:00+00:00,1338.27
2022-07-18 00:00:00+00:00,1405.81
2022-07-18 04:00:00+00:00,1465.96
2022-07-18 08:00:00+00:00,1478.13
2022-07-18 12:00:00+00:00,1519.99
2022-07-18 16:00:00+00:00,1472.22
2022-07-18 20:00:00+00:00,1580.12
2022-07-19 00:00:00+00:00,1515.63
2022-07-19 04:00:00+00:00,1510.34
2022-07-19 08:00:00+00:00,1541.24
2022-07-19 12:00:00+00:00,1539.38
2022-07-19 16:00:00+00:00,1560.31
2022-07-19 20:00:00+00:00,1541.39
2022-07-20 00:00:00+00:00,1561.05
2022-07-20 04:00:00+00:00,1530.25
2022-07-20 08:00:00+00:00,1602.63
2022-07-20 12:00:00+00:00,1595.83
2022-07-20 16:00:00+00:00,1550.99
2022-07-20 20:00:00+00:00,1521.34
2022-07-21 00:00:00+00:00,1487.64
2022-07-21 04:00:00+00:00,1487.44
2022-07-21 08:00:00+00:00,1488.45
2022-07-21 12:00:00+00:00,1510.21
2022-07-21 16:00:00+00:00,1578.93
2022-07-21 20:00:00+00:00,1575.39
2022-07-22 00:00:00+00:00,1561.44
2022-07-22 04:00:00+00:00,1601.16
2022-07-22 08:00:00+00:00,1638.18
2022-07-22 12:00:00+00:00,1574.1
2022-07-22 16:00:00+00:00,1526.0
2022-07-22 20:00:00+00:00,1534.53
2022-07-23 00:00:00+00:00,1570.37
2022-07-23 04:00:00+00:00,1577.9
2022-07-23 08:00:00+00:00,1522.0
2022-07-23 12:00:00+00:00,1523.15
2022-07-23 16:00:00+00:00,1512.76
2022-07-23 20:00:00+00:00,1548.01
2022-07-24 00:00:00+00:00,1551.49
2022-07-24 04:00:00+00:00,1605.04
2022-07-24 08:00:00+00:00,1615.57
2022-07-24 12:00:00+00:00,1612.58
2022-07-24 16:00:00+00:00,1602.28
2022-07-24 20:00:00+00:00,1597.77
2022-07-25 00:00:00+00:00,1511.19
2022-07-25 04:00:00+00:00,1521.18
2022-07-25 08:00:00+00:00,1536.79
2022-07-25 12:00:00+00:00,1525.33
2022-07-25 16:00:00+00:00,1493.94
2022-07-25 20:00:00+00:00,1440.4
2022-07-26 00:00:00+00:00,1432.06
2022-07-26 04:00:00+00:00,1408.49
2022-07-26 08:00:00+00:00,1405.51
2022-07-26 12:00:00+00:00,1368.35
2022-07-26 16:00:00+00:00,1365.36
2022-07-26 20:00:00+00:00,1448.27
2022-07-27 00:00:00+00:00,1423.94
2022-07-27 04:00:00+00:00,1463.64
2022-07-27 08:00:00+00:00,1452.08
2022-07-27 12:00:00+00:00,1488.5
2022-07-27 16:00:00+00:00,1587.72
2022-07-27 20:00:00+00:00,1635.45
2022-07-28 00:00:00+00:00,1648.17
2022-07-28 04:00:00+00:00,1618.71
2022-07-28 08:00:00+00:00,1641.0
2022-07-28 12:00:00+00:00,1728.32
2022-07-28 16:00:00+00:00,1725.88
2022-07-28 20:00:00+00:00,1723.82
2022-07-29 00:00:00+00:00,1726.25
2022-07-29 04:00:00+00:00,1715.35
2022-07-29 08:00:00+00:00,1681.0
2022-07-29 12:00:00+00:00,1721.5
2022-07-29 16:00:00+00:00,1723.7
2022-07-29 20:00:00+00:00,1721.85
2022-07-30 00:00:00+00:00,1706.89
2022-07-30 04:00:00+00:00,1715.24
2022-07-30 08:00:00+00:00,1703.78
2022-07-30 12:00:00+00:00,1736.08
2022-07-30 16:00:00+00:00,1691.25
2022-07-30 20:00:00+00:00,1696.68
2022-07-31 00:00:00+00:00,1693.3
2022-07-31 04:00:00+00:00,1696.97
2022-07-31 08:00:00+00:00,1717.77
2022-07-31 12:00:00+00:00,1711.13
2022-07-31 16:00:00+00:00,1717.19
2022-07-31 20:00:00+00:00,1677.63
2022-08-01 00:00:00+00:00,1690.67
2022-08-01 04:00:00+00:00,1692.38
2022-08-01 08:00:00+00:00,1667.21
2022-08-01 12:00:00+00:00,1671.94
2022-08-01 16:00:00+00:00,1621.72
2022-08-01 20:00:00+00:00,1629.45
2022-08-02 00:00:00+00:00,1576.85
2022-08-02 04:00:00+00:00,1592.18
2022-08-02 08:00:00+00:00,1586.82
2022-08-02 12:00:00+00:00,1628.87
2022-08-02 16:00:00+00:00,1636.44
2022-08-02 20:00:00+00:00,1629.97
2022-08-03 00:00:00+00:00,1619.15
2022-08-03 04:00:00+00:00,1628.62
2022-08-03 08:00:00+00:00,1664.44
2022-08-03 12:00:00+00:00,1655.2
2022-08-03 16:00:00+00:00,1653.3
2022-08-03 20:00:00+00:00,1617.37
2022-08-04 00:00:00+00:00,1650.95
2022-08-04 04:00:00+00:00,1625.27
2022-08-04 08:00:00+00:00,1615.02
2022-08-04 12:00:00+00:00,1615.06
2022-08-04 16:00:00+00:00,1590.24
2022-08-04 20:00:00+00:00,1607.2
2022-08-05 00:00:00+00:00,1659.42
2022-08-05 04:00:00+00:00,1662.47
2022-08-05 08:00:00+00:00,1713.27
2022-08-05 12:00:00+00:00,1669.65
2022-08-05 16:00:00+00:00,1680.24
2022-08-05 20:00:00+00:00,1737.13
2022-08-06 00:00:00+00:00,1734.87
2022-08-06 04:00:00+00:00,1720.91
2022-08-06 08:00:00+00:00,1711.9
2022-08-06 12:00:00+00:00,1715.1
2022-08-06 16:00:00+00:00,1714.53
2022-08-06 20:00:00+00:00,1689.85
2022-08-07 00:00:00+00:00,1683.04
2022-08-07 04:00:00+00:00,1685.1
2022-08-07 08:00:00+00:00,1691.49
2022-08-07 12:00:00+00:00,1698.14
2022-08-07 16:00:00+00:00,1707.4
2022-08-07 20:00:00+00:00,1699.25
2022-08-08 00:00:00+00:00,1709.23
2022-08-08 04:00:00+00:00,1732.06
2022-08-08 08:00:00+00:00,1788.7
2022-08-08 12:00:00+00:00,1774.61
2022-08-08 16:00:00+00:00,1782.44
2022-08-08 20:00:00+00:00,1776.09
2022-08-09 00:00:00+00:00,1777.6
2022-08-09 04:00:00+00:00,1780.98
2022-08-09 08:00:00+00:00,1702.8
2022-08-09 12:00:00+00:00,1683.78
2022-08-09 16:00:00+00:00,1687.0
2022-08-09 20:00:00+00:00,1702.04
2022-08-10 00:00:00+00:00,1668.78
2022-08-10 04:00:00+00:00,1685.01
2022-08-10 08:00:00+00:00,1706.01
2022-08-10 12:00:00+00:00,1836.84
2022-08-10 16:00:00+00:00,1818.13
2022-08-10 20:00:00+00:00,1853.24
2022-08-11 00:00:00+00:00,1879.4
2022-08-11 04:00:00+00:00,1877.72
2022-08-11 08:00:00+00:00,1902.78
2022-08-11 12:00:00+00:00,1889.23
2022-08-11 16:00:00+00:00,1897.9
2022-08-11 20:00:00+00:00,1879.35
2022-08-12 00:00:00+00:00,1903.0
2022-08-12 04:00:00+00:00,1887.85
2022-08-12 08:00:00+00:00,1867.58
2022-08-12 12:00:00+00:00,1896.6
2022-08-12 16:00:00+00:00,1925.36
2022-08-12 20:00:00+00:00,1957.4
2022-08-13 00:00:00+00:00,1996.38
2022-08-13 04:00:00+00:00,1995.29
2022-08-13 08:00:00+00:00,1985.37
2022-08-13 12:00:00+00:00,1986.99
2022-08-13 16:00:00+00:00,1974.24
2022-08-13 20:00:00+00:00,1982.8
2022-08-14 00:00:00+00:00,1985.21
2022-08-14 04:00:00+00:00,2015.46
2022-08-14 08:00:00+00:00,1988.95
2022-08-14 12:00:00+00:00,1983.28
2022-08-14 16:00:00+00:00,1930.12
2022-08-14 20:00:00+00:00,1934.55
2022-08-15 00:00:00+00:00,1986.0
2022-08-15 04:00:00+00:00,1899.38
2022-08-15 08:00:00+00:00,1890.05
2022-08-15 12:00:00+00:00,1916.36
2022-08-15 16:00:00+00:00,1888.65
2022-08-15 20:00:00+00:00,1898.56
2022-08-16 00:00:00+00:00,1887.18
2022-08-16 04:00:00+00:00,1885.72
2022-08-16 08:00:00+00:00,1905.62
2022-08-16 12:00:00+00:00,1886.63
2022-08-16 16:00:00+00:00,1878.31
2022-08-16 20:00:00+00:00,1875.78
2022-08-17 00:00:00+00:00,1895.43
2022-08-17 04:00:00+00:00,1889.45
2022-08-17 08:00:00+00:00,1875.9
2022-08-17 12:00:00+00:00,1830.26
2022-08-17 16:00:00+00:00,1837.4
2022-08-17 20:00:00+00:00,1833.55
2022-08-18 00:00:00+00:00,1847.75
2022-08-18 04:00:00+00:00,1844.23
2022-08-18 08:00:00+00:00,1858.9
2022-08-18 12:00:00+00:00,1871.98
2022-08-18 16:00:00+00:00,1869.38
2022-08-18 20:00:00+00:00,1845.86
2022-08-19 00:00:00+00:00,1816.94
2022-08-19 04:00:00+00:00,1743.9
2022-08-19 08:00:00+00:00,1706.84
2022-08-19 12:00:00+00:00,1697.1
2022-08-19 16:00:00+00:00,1700.43
2022-08-19 20:00:00+00:00,1608.29
2022-08-20 00:00:00+00:00,1626.91
2022-08-20 04:00:00+00:00,1646.54
2022-08-20 08:00:00+00:00,1630.18
2022-08-20 12:00:00+00:00,1633.99
2022-08-20 16:00:00+00:00,1563.7
2022-08-20 20:00:00+00:00,1574.93
2022-08-21 00:00:00+00:00,1584.72
2022-08-21 04:00:00+00:00,1584.69
2022-08-21 08:00:00+00:00,1625.8
2022-08-21 12:00:00+00:00,1620.29
2022-08-21 16:00:00+00:00,1622.93
2022-08-21 20:00:00+00:00,1617.17
2022-08-22 00:00:00+00:00,1593.93
2022-08-22 04:00:00+00:00,1556.26
2022-08-22 08:00:00+00:00,1567.19
2022-08-22 12:00:00+00:00,1588.77
2022-08-22 16:00:00+00:00,1567.2
2022-08-22 20:00:00+00:00,1624.02
2022-08-23 00:00:00+00:00,1608.54
2022-08-23 04:00:00+00:00,1601.37
2022-08-23 08:00:00+00:00,1619.31
2022-08-23 12:00:00+00:00,1639.55
2022-08-23 16:00:00+00:00,1649.89
2022-08-23 20:00:00+00:00,1664.19
2022-08-24 00:00:00+00:00,1613.63
2022-08-24 04:00:00+00:00,1626.1
2022-08-24 08:00:00+00:00,1650.24
2022-08-24 12:00:00+00:00,1682.78
2022-08-24 16:00:00+00:00,1677.47
2022-08-24 20:00:00+00:00,1655.71
2022-08-25 00:00:00+00:00,1668.98
2022-08-25 04:00:00+00:00,1707.86
2022-08-25 08:00:00+00:00,1709.01
2022-08-25 12:00:00+00:00,1700.45
2022-08-25 16:00:00+00:00,1706.51
2022-08-25 20:00:00+00:00,1694.16
2022-08-26 00:00:00+00:00,1686.05
2022-08-26 04:00:00+00:00,1659.65
2022-08-26 08:00:00+00:00,1628.41
2022-08-26 12:00:00+00:00,1592.56
2022-08-26 16:00:00+00:00,1558.8
2022-08-26 20:00:00+00:00,1507.23
2022-08-27 00:00:00+00:00,1500.98
2022-08-27 04:00:00+00:00,1506.99
2022-08-27 08:00:00+00:00,1504.33
2022-08-27 12:00:00+00:00,1469.06
2022-08-27 16:00:00+00:00,1478.28
2022-08-27 20:00:00+00:00,1490.0
2022-08-28 00:00:00+00:00,1490.1
2022-08-28 04:00:00+00:00,1495.94
2022-08-28 08:00:00+00:00,1484.93
2022-08-28 12:00:00+00:00,1485.77
2022-08-28 16:00:00+00:00,1482.25
2022-08-28 20:00:00+00:00,1426.3
2022-08-29 00:00:00+00:00,1455.54
2022-08-29 04:00:00+00:00,1453.7
2022-08-29 08:00:00+00:00,1448.39
2022-08-29 12:00:00+00:00,1520.78
2022-08-29 16:00:00+00:00,1530.31
2022-08-29 20:00:00+00:00,1550.67
2022-08-30 00:00:00+00:00,1543.12
2022-08-30 04:00:00+00:00,1586.32
2022-08-30 08:00:00+00:00,1583.96
2022-08-30 12:00:00+00:00,1523.79
2022-08-30 16:00:00+00:00,1542.59
2022-08-30 20:00:00+00:00,1523.48
2022-08-31 00:00:00+00:00,1605.78
2022-08-31 04:00:00+00:00,1584.21
2022-08-31 08:00:00+00:00,1594.24
2022-08-31 12:00:00+00:00,1559.42
2022-08-31 16:00:00+00:00,1574.68
2022-08-31 20:00:00+00:00,1553.04
2022-09-01 00:00:00+00:00,1548.83
2022-09-01 04:00:00+00:00,1543.99
2022-09-01 08:00:00+00:00,1576.82
2022-09-01 12:00:00+00:00,1535.32
2022-09-01 16:00:00+00:00,1563.81
2022-09-01 20:00:00+00:00,1585.4
2022-09-02 00:00:00+00:00,1595.05
2022-09-02 04:00:00+00:00,1593.28
2022-09-02 08:00:00+00:00,1592.5
2022-09-02 12:00:00+00:00,1635.28
2022-09-02 16:00:00+00:00,1560.32
2022-09-02 20:00:00+00:00,1574.49
2022-09-03 00:00:00+00:00,1560.58
2022-09-03 04:00:00+00:00,1542.97
2022-09-03 08:00:00+00:00,1547.87
2022-09-03 12:00:00+00:00,1547.77
2022-09-03 16:00:00+00:00,1548.53
2022-09-03 20:00:00+00:00,1556.41
2022-09-04 00:00:00+00:00,1551.25
2022-09-04 04:00:00+00:00,1544.65
2022-09-04 08:00:00+00:00,1563.98
2022-09-04 12:00:00+00:00,1559.62
2022-09-04 16:00:00+00:00,1566.46
2022-09-04 20:00:00+00:00,1578.14
2022-09-05 00:00:00+00:00,1574.62
2022-09-05 04:00:00+00:00,1561.78
2022-09-05 08:00:00+00:00,1565.99
2022-09-05 12:00:00+00:00,1599.63
2022-09-05 16:00:00+00:00,1584.92
2022-09-05 20:00:00+00:00,1616.92
2022-09-06 00:00:00+00:00,1639.38
2022-09-06 04:00:00+00:00,1658.09
2022-09-06 08:00:00+00:00,1667.14
2022-09-06 12:00:00+00:00,1668.69
2022-09-06 16:00:00+00:00,1575.82
2022-09-06 20:00:00+00:00,1558.23
2022-09-07 00:00:00+00:00,1509.2
2022-09-07 04:00:00+00:00,1516.69
2022-09-07 08:00:00+00:00,1512.98
2022-09-07 12:00:00+00:00,1542.89
2022-09-07 16:00:00+00:00,1569.08
2022-09-07 20:00:00+00:00,1629.35
2022-09-08 00:00:00+00:00,1628.81
2022-09-08 04:00:00+00:00,1612.87
2022-09-08 08:00:00+00:00,1634.81
2022-09-08 12:00:00+00:00,1628.6
2022-09-08 16:00:00+00:00,1649.03
2022-09-08 20:00:00+00:00,1634.22
2022-09-09 00:00:00+00:00,1671.77
2022-09-09 04:00:00+00:00,1704.27
2022-09-09 08:00:00+00:00,1699.33
2022-09-09 12:00:00+00:00,1718.22
2022-09-09 16:00:00+00:00,1719.26
2022-09-09 20:00:00+00:00,1717.48
2022-09-10 00:00:00+00:00,1732.09
2022-09-10 04:00:00+00:00,1710.0
2022-09-10 08:00:00+00:00,1722.44
2022-09-10 12:00:00+00:00,1714.5
2022-09-10 16:00:00+00:00,1739.48
2022-09-10 20:00:00+00:00,1773.05
2022-09-11 00:00:00+00:00,1759.54
2022-09-11 04:00:00+00:00,1760.49
2022-09-11 08:00:00+00:00,1768.69
2022-09-11 12:00:00+00:00,1767.36
2022-09-11 16:00:00+00:00,1761.9
2022-09-11 20:00:00+00:00,1765.01
2022-09-12 00:00:00+00:00,1725.5
2022-09-12 04:00:00+00:00,1756.85
2022-09-12 08:00:00+00:00,1747.39
2022-09-12 12:00:00+00:00,1704.9
2022-09-12 16:00:00+00:00,1724.56
2022-09-12 20:00:00+00:00,1715.14
2022-09-13 00:00:00+00:00,1714.17
2022-09-13 04:00:00+00:00,1714.58
2022-09-13 08:00:00+00:00,1736.14
2022-09-13 12:00:00+00:00,1592.35
2022-09-13 16:00:00+00:00,1602.35
2022-09-13 20:00:00+00:00,1571.9
2022-09-14 00:00:00+00:00,1597.78
2022-09-14 04:00:00+00:00,1610.07
2022-09-14 08:00:00+00:00,1591.25
2022-09-14 12:00:00+00:00,1592.8
2022-09-14 16:00:00+00:00,1594.0
2022-09-14 20:00:00+00:00,1635.39
2022-09-15 00:00:00+00:00,1593.85
2022-09-15 04:00:00+00:00,1641.01
2022-09-15 08:00:00+00:00,1590.66
2022-09-15 12:00:00+00:00,1491.78
2022-09-15 16:00:00+00:00,1496.65
2022-09-15 20:00:00+00:00,1471.93
2022-09-16 00:00:00+00:00,1472.61
2022-09-16 04:00:00+00:00,1470.66
2022-09-16 08:00:00+00:00,1477.63
2022-09-16 12:00:00+00:00,1451.69
2022-09-16 16:00:00+00:00,1427.03
2022-09-16 20:00:00+00:00,1433.58
2022-09-17 00:00:00+00:00,1439.83
2022-09-17 04:00:00+00:00,1431.82
2022-09-17 08:00:00+00:00,1419.13
2022-09-17 12:00:00+00:00,1443.35
2022-09-17 16:00:00+00:00,1463.7
2022-09-17 20:00:00+00:00,1467.96
2022-09-18 00:00:00+00:00,1451.31
2022-09-18 04:00:00+00:00,1452.73
2022-09-18 08:00:00+00:00,1433.43
2022-09-18 12:00:00+00:00,1416.56
2022-09-18 16:00:00+00:00,1379.86
2022-09-18 20:00:00+00:00,1333.67
2022-09-19 00:00:00+00:00,1293.68
2022-09-19 04:00:00+00:00,1301.47
2022-09-19 08:00:00+00:00,1307.13
2022-09-19 12:00:00+00:00,1341.03
2022-09-19 16:00:00+00:00,1361.46
2022-09-19 20:00:00+00:00,1375.05
2022-09-20 00:00:00+00:00,1354.08
2022-09-20 04:00:00+00:00,1357.66
2022-09-20 08:00:00+00:00,1355.51
2022-09-20 12:00:00+00:00,1376.48
2022-09-20 16:00:00+00:00,1351.2
2022-09-20 20:00:00+00:00,1322.08
2022-09-21 00:00:00+00:00,1336.46
2022-09-21 04:00:00+00:00,1331.07
2022-09-21 08:00:00+00:00,1349.84
2022-09-21 12:00:00+00:00,1342.27
2022-09-21 16:00:00+00:00,1322.59
2022-09-21 20:00:00+00:00,1244.19
2022-09-22 00:00:00+00:00,1261.99
2022-09-22 04:00:00+00:00,1277.3
2022-09-22 08:00:00+00:00,1307.59
2022-09-22 12:00:00+00:00,1270.49
2022-09-22 16:00:00+00:00,1323.27
2022-09-22 20:00:00+00:00,1325.73
2022-09-23 00:00:00+00:00,1339.79
2022-09-23 04:00:00+00:00,1331.38
2022-09-23 08:00:00+00:00,1287.16
2022-09-23 12:00:00+00:00,1293.18
2022-09-23 16:00:00+00:00,1291.4
2022-09-23 20:00:00+00:00,1326.62
2022-09-24 00:00:00+00:00,1320.92
2022-09-24 04:00:00+00:00,1321.87
2022-09-24 08:00:00+00:00,1326.21
2022-09-24 12:00:00+00:00,1339.46
2022-09-24 16:00:00+00:00,1341.51
2022-09-24 20:00:00+00:00,1316.19
2022-09-25 00:00:00+00:00,1328.58
2022-09-25 04:00:00+00:00,1332.02
2022-09-25 08:00:00+00:00,1328.55
2022-09-25 12:00:00+00:00,1309.98
2022-09-25 16:00:00+00:00,1298.76
2022-09-25 20:00:00+00:00,1293.99
2022-09-26 00:00:00+00:00,1302.42
2022-09-26 04:00:00+00:00,1294.8
2022-09-26 08:00:00+00:00,1296.57
2022-09-26 12:00:00+00:00,1324.28
2022-09-26 16:00:00+00:00,1329.62
2022-09-26 20:00:00+00:00,1335.25
2022-09-27 00:00:00+00:00,1384.87
2022-09-27 04:00:00+00:00,1381.64
2022-09-27 08:00:00+00:00,1388.06
2022-09-27 12:00:00+00:00,1364.76
2022-09-27 16:00:00+00:00,1323.75
2022-09-27 20:00:00+00:00,1327.19
2022-09-28 00:00:00+00:00,1286.31
2022-09-28 04:00:00+00:00,1284.71
2022-09-28 08:00:00+00:00,1294.63
2022-09-28 12:00:00+00:00,1331.25
2022-09-28 16:00:00+00:00,1333.29
2022-09-28 20:00:00+00:00,1336.43
2022-09-29 00:00:00+00:00,1341.46
2022-09-29 04:00:00+00:00,1320.9
2022-09-29 08:00:00+00:00,1335.82
2022-09-29 12:00:00+00:00,1326.37
2022-09-29 16:00:00+00:00,1332.55
2022-09-29 20:00:00+00:00,1334.8
2022-09-30 00:00:00+00:00,1327.0
2022-09-30 04:00:00+00:00,1339.67
2022-09-30 08:00:00+00:00,1330.09
2022-09-30 12:00:00+00:00,1350.61
2022-09-30 16:00:00+00:00,1337.0
2022-09-30 20:00:00+00:00,1327.78
2022-10-01 00:00:00+00:00,1329.12
2022-10-01 04:00:00+00:00,1328.17
2022-10-01 08:00:00+00:00,1324.52
2022-10-01 12:00:00+00:00,1322.05
2022-10-01 16:00:00+00:00,1311.06
2022-10-01 20:00:00+00:00,1311.31
2022-10-02 00:00:00+00:00,1308.9
2022-10-02 04:00:00+00:00,1310.5
2022-10-02 08:00:00+00:00,1297.2
2022-10-02 12:00:00+00:00,1292.88
2022-10-02 16:00:00+00:00,1304.09
2022-10-02 20:00:00+00:00,1275.96
2022-10-03 00:00:00+00:00,1291.03
2022-10-03 04:00:00+00:00,1291.39
2022-10-03 08:00:00+00:00,1298.35
2022-10-03 12:00:00+00:00,1318.19
2022-10-03 16:00:00+00:00,1317.35
2022-10-03 20:00:00+00:00,1322.59
2022-10-04 00:00:00+00:00,1328.43
2022-10-04 04:00:00+00:00,1349.59
2022-10-04 08:00:00+00:00,1349.11
2022-10-04 12:00:00+00:00,1353.41
2022-10-04 16:00:00+00:00,1354.28
2022-10-04 20:00:00+00:00,1360.73
2022-10-05 00:00:00+00:00,1353.28
2022-10-05 04:00:00+00:00,1352.49
2022-10-05 08:00:00+00:00,1334.5
2022-10-05 12:00:00+00:00,1329.82
2022-10-05 16:00:00+00:00,1350.07
2022-10-05 20:00:00+00:00,1351.61
2022-10-06 00:00:00+00:00,1372.05
2022-10-06 04:00:00+00:00,1367.73
2022-10-06 08:00:00+00:00,1367.98
2022-10-06 12:00:00+00:00,1360.71
2022-10-06 16:00:00+00:00,1358.17
2022-10-06 20:00:00+00:00,1351.5
2022-10-07 00:00:00+00:00,1354.46
2022-10-07 04:00:00+00:00,1355.31
2022-10-07 08:00:00+00:00,1354.09
2022-10-07 12:00:00+00:00,1333.47
2022-10-07 16:00:00+00:00,1327.03
2022-10-07 20:00:00+00:00,1330.41
2022-10-08 00:00:00+00:00,1330.57
2022-10-08 04:00:00+00:00,1329.84
2022-10-08 08:00:00+00:00,1329.12
2022-10-08 12:00:00+00:00,1323.78
2022-10-08 16:00:00+00:00,1324.01
2022-10-08 20:00:00+00:00,1314.74
2022-10-09 00:00:00+00:00,1310.23
2022-10-09 04:00:00+00:00,1314.21
2022-10-09 08:00:00+00:00,1322.34
2022-10-09 12:00:00+00:00,1325.67
2022-10-09 16:00:00+00:00,1319.14
2022-10-09 20:00:00+00:00,1322.61
2022-10-10 00:00:00+00:00,1322.63
2022-10-10 04:00:00+00:00,1316.21
2022-10-10 08:00:00+00:00,1314.08
2022-10-10 12:00:00+00:00,1307.82
2022-10-10 16:00:00+00:00,1307.06
2022-10-10 20:00:00+00:00,1289.56
2022-10-11 00:00:00+00:00,1277.65
2022-10-11 04:00:00+00:00,1283.26
2022-10-11 08:00:00+00:00,1286.33
2022-10-11 12:00:00+00:00,1292.81
2022-10-11 16:00:00+00:00,1281.96
2022-10-11 20:00:00+00:00,1279.68
2022-10-12 00:00:00+00:00,1283.11
2022-10-12 04:00:00+00:00,1293.59
2022-10-12 08:00:00+00:00,1296.97
2022-10-12 12:00:00+00:00,1298.69
2022-10-12 16:00:00+00:00,1296.46
2022-10-12 20:00:00+00:00,1294.02
2022-10-13 00:00:00+00:00,1286.01
2022-10-13 04:00:00+00:00,1276.75
2022-10-13 08:00:00+00:00,1242.27
2022-10-13 12:00:00+00:00,1256.22
2022-10-13 16:00:00+00:00,1286.37
2022-10-13 20:00:00+00:00,1286.38
2022-10-14 00:00:00+00:00,1329.28
2022-10-14 04:00:00+00:00,1321.18
2022-10-14 08:00:00+00:00,1325.56
2022-10-14 12:00:00+00:00,1309.77
2022-10-14 16:00:00+00:00,1298.03
2022-10-14 20:00:00+00:00,1295.35
2022-10-15 00:00:00+00:00,1299.57
2022-10-15 04:00:00+00:00,1294.27
2022-10-15 08:00:00+00:00,1286.91
2022-10-15 12:00:00+00:00,1285.39
2022-10-15 16:00:00+00:00,1281.93
2022-10-15 20:00:00+00:00,1274.13
2022-10-16 00:00:00+00:00,1283.0
2022-10-16 04:00:00+00:00,1282.5
2022-10-16 08:00:00+00:00,1283.55
2022-10-16 12:00:00+00:00,1285.5
2022-10-16 16:00:00+00:00,1307.32
2022-10-16 20:00:00+00:00,1305.51
2022-10-17 00:00:00+00:00,1301.11
2022-10-17 04:00:00+00:00,1311.47
2022-10-17 08:00:00+00:00,1317.03
2022-10-17 12:00:00+00:00,1328.53
2022-10-17 16:00:00+00:00,1325.03
2022-10-17 20:00:00+00:00,1330.62
2022-10-18 00:00:00+00:00,1332.77
2022-10-18 04:00:00+00:00,1336.2
2022-10-18 08:00:00+00:00,1325.04
2022-10-18 12:00:00+00:00,1306.79
2022-10-18 16:00:00+00:00,1300.18
2022-10-18 20:00:00+00:00,1309.93
2022-10-19 00:00:00+00:00,1304.44
2022-10-19 04:00:00+00:00,1299.11
2022-10-19 08:00:00+00:00,1299.92
2022-10-19 12:00:00+00:00,1304.06
2022-10-19 16:00:00+00:00,1296.39
2022-10-19 20:00:00+00:00,1284.45
2022-10-20 00:00:00+00:00,1279.53
2022-10-20 04:00:00+00:00,1291.83
2022-10-20 08:00:00+00:00,1299.01
2022-10-20 12:00:00+00:00,1299.04
2022-10-20 16:00:00+00:00,1284.04
2022-10-20 20:00:00+00:00,1282.2
2022-10-21 00:00:00+00:00,1286.96
2022-10-21 04:00:00+00:00,1284.16
2022-10-21 08:00:00+00:00,1274.92
2022-10-21 12:00:00+00:00,1296.99
2022-10-21 16:00:00+00:00,1302.84
2022-10-21 20:00:00+00:00,1299.08
2022-10-22 00:00:00+00:00,1298.26
2022-10-22 04:00:00+00:00,1299.03
2022-10-22 08:00:00+00:00,1305.12
2022-10-22 12:00:00+00:00,1315.58
2022-10-22 16:00:00+00:00,1313.57
2022-10-22 20:00:00+00:00,1313.19
2022-10-23 00:00:00+00:00,1312.75
2022-10-23 04:00:00+00:00,1308.87
2022-10-23 08:00:00+00:00,1303.59
2022-10-23 12:00:00+00:00,1313.23
2022-10-23 16:00:00+00:00,1330.17
2022-10-23 20:00:00+00:00,1363.44
2022-10-24 00:00:00+00:00,1347.54
2022-10-24 04:00:00+00:00,1336.24
2022-10-24 08:00:00+00:00,1352.49
2022-10-24 12:00:00+00:00,1340.84
2022-10-24 16:00:00+00:00,1344.1
2022-10-24 20:00:00+00:00,1342.72
2022-10-25 00:00:00+00:00,1347.06
2022-10-25 04:00:00+00:00,1346.49
2022-10-25 08:00:00+00:00,1346.67
2022-10-25 12:00:00+00:00,1407.52
2022-10-25 16:00:00+00:00,1492.97
2022-10-25 20:00:00+00:00,1459.2
2022-10-26 00:00:00+00:00,1486.0
2022-10-26 04:00:00+00:00,1514.77
2022-10-26 08:00:00+00:00,1528.13
2022-10-26 12:00:00+00:00,1566.95
2022-10-26 16:00:00+00:00,1563.96
2022-10-26 20:00:00+00:00,1565.45
2022-10-27 00:00:00+00:00,1554.59
2022-10-27 04:00:00+00:00,1556.19
2022-10-27 08:00:00+00:00,1550.42
2022-10-27 12:00:00+00:00,1543.69
2022-10-27 16:00:00+00:00,1561.69
2022-10-27 20:00:00+00:00,1513.7
2022-10-28 00:00:00+00:00,1507.24
2022-10-28 04:00:00+00:00,1493.22
2022-10-28 08:00:00+00:00,1497.36
2022-10-28 12:00:00+00:00,1537.24
2022-10-28 16:00:00+00:00,1556.87
2022-10-28 20:00:00+00:00,1553.79
2022-10-29 00:00:00+00:00,1588.84
2022-10-29 04:00:00+00:00,1594.38
2022-10-29 08:00:00+00:00,1614.44
2022-10-29 12:00:00+00:00,1631.83
2022-10-29 16:00:00+00:00,1622.81
2022-10-29 20:00:00+00:00,1618.82
2022-10-30 00:00:00+00:00,1621.8
2022-10-30 04:00:00+00:00,1628.18
2022-10-30 08:00:00+00:00,1604.37
2022-10-30 12:00:00+00:00,1586.61
2022-10-30 16:00:00+00:00,1586.66
2022-10-30 20:00:00+00:00,1589.89
2022-10-31 00:00:00+00:00,1581.93
2022-10-31 04:00:00+00:00,1590.63
2022-10-31 08:00:00+00:00,1620.85
2022-10-31 12:00:00+00:00,1568.59
2022-10-31 16:00:00+00:00,1563.06
2022-10-31 20:00:00+00:00,1572.01
2022-11-01 00:00:00+00:00,1585.84
2022-11-01 04:00:00+00:00,1590.54
2022-11-01 08:00:00+00:00,1589.54
2022-11-01 12:00:00+00:00,1573.48
2022-11-01 16:00:00+00:00,1575.91
2022-11-01 20:00:00+00:00,1577.88
2022-11-02 00:00:00+00:00,1590.01
2022-11-02 04:00:00+00:00,1563.74
2022-11-02 08:00:00+00:00,1554.99
2022-11-02 12:00:00+00:00,1557.65
2022-11-02 16:00:00+00:00,1535.24
2022-11-02 20:00:00+00:00,1517.26
2022-11-03 00:00:00+00:00,1546.49
2022-11-03 04:00:00+00:00,1543.4
2022-11-03 08:00:00+00:00,1531.25
2022-11-03 12:00:00+00:00,1541.9
2022-11-03 16:00:00+00:00,1543.45
2022-11-03 20:00:00+00:00,1530.27
2022-11-04 00:00:00+00:00,1548.32
2022-11-04 04:00:00+00:00,1586.68
2022-11-04 08:00:00+00:00,1576.37
2022-11-04 12:00:00+00:00,1624.74
2022-11-04 16:00:00+00:00,1647.39
2022-11-04 20:00:00+00:00,1644.09
2022-11-05 00:00:00+00:00,1646.0
2022-11-05 04:00:00+00:00,1650.82
2022-11-05 08:00:00+00:00,1648.9
2022-11-05 12:00:00+00:00,1635.26
2022-11-05 16:00:00+00:00,1632.84
2022-11-05 20:00:00+00:00,1626.11
2022-11-06 00:00:00+00:00,1620.54
2022-11-06 04:00:00+00:00,1621.89
2022-11-06 08:00:00+00:00,1619.69
2022-11-06 12:00:00+00:00,1622.61
2022-11-06 16:00:00+00:00,1609.55
2022-11-06 20:00:00+00:00,1567.42
2022-11-07 00:00:00+00:00,1586.8
2022-11-07 04:00:00+00:00,1548.94
2022-11-07 08:00:00+00:00,1579.43
2022-11-07 12:00:00+00:00,1591.48
2022-11-07 16:00:00+00:00,1599.9
2022-11-07 20:00:00+00:00,1567.52
2022-11-08 00:00:00+00:00,1506.37
2022-11-08 04:00:00+00:00,1491.01
2022-11-08 08:00:00+00:00,1476.24
2022-11-08 12:00:00+00:00,1461.64
2022-11-08 16:00:00+00:00,1312.77
2022-11-08 20:00:00+00:00,1333.4
2022-11-09 00:00:00+00:00,1311.66
2022-11-09 04:00:00+00:00,1273.11
2022-11-09 08:00:00+00:00,1218.77
2022-11-09 12:00:00+00:00,1161.5
2022-11-09 16:00:00+00:00,1194.3
2022-11-09 20:00:00+00:00,1101.49
2022-11-10 00:00:00+00:00,1172.5
2022-11-10 04:00:00+00:00,1189.5
2022-11-10 08:00:00+00:00,1186.58
2022-11-10 12:00:00+00:00,1321.24
2022-11-10 16:00:00+00:00,1291.09
2022-11-10 20:00:00+00:00,1298.21
2022-11-11 00:00:00+00:00,1238.28
2022-11-11 04:00:00+00:00,1277.85
2022-11-11 08:00:00+00:00,1274.99
2022-11-11 12:00:00+00:00,1259.5
2022-11-11 16:00:00+00:00,1273.59
2022-11-11 20:00:00+00:00,1288.64
2022-11-12 00:00:00+00:00,1258.71
2022-11-12 04:00:00+00:00,1265.96
2022-11-12 08:00:00+00:00,1259.97
2022-11-12 12:00:00+00:00,1274.28
2022-11-12 16:00:00+00:00,1267.81
2022-11-12 20:00:00+00:00,1256.82
2022-11-13 00:00:00+00:00,1271.39
2022-11-13 04:00:00+00:00,1250.38
2022-11-13 08:00:00+00:00,1239.68
2022-11-13 12:00:00+00:00,1230.97
2022-11-13 16:00:00+00:00,1228.34
2022-11-13 20:00:00+00:00,1220.78
2022-11-14 00:00:00+00:00,1192.41
2022-11-14 04:00:00+00:00,1259.67
2022-11-14 08:00:00+00:00,1251.53
2022-11-14 12:00:00+00:00,1244.44
2022-11-14 16:00:00+00:00,1215.6
2022-11-14 20:00:00+00:00,1242.89
2022-11-15 00:00:00+00:00,1256.01
2022-11-15 04:00:00+00:00,1265.51
2022-11-15 08:00:00+00:00,1259.74
2022-11-15 12:00:00+00:00,1263.46
2022-11-15 16:00:00+00:00,1256.11
2022-11-15 20:00:00+00:00,1252.81
2022-11-16 00:00:00+00:00,1264.14
2022-11-16 04:00:00+00:00,1244.92
2022-11-16 08:00:00+00:00,1221.76
2022-11-16 12:00:00+00:00,1191.7
2022-11-16 16:00:00+00:00,1208.01
2022-11-16 20:00:00+00:00,1215.78
2022-11-17 00:00:00+00:00,1203.76
2022-11-17 04:00:00+00:00,1204.48
2022-11-17 08:00:00+00:00,1203.34
2022-11-17 12:00:00+00:00,1191.92
2022-11-17 16:00:00+00:00,1201.89
2022-11-17 20:00:00+00:00,1199.7
2022-11-18 00:00:00+00:00,1219.26
2022-11-18 04:00:00+00:00,1213.72
2022-11-18 08:00:00+00:00,1216.51
2022-11-18 12:00:00+00:00,1210.56
2022-11-18 16:00:00+00:00,1209.22
2022-11-18 20:00:00+00:00,1212.04
2022-11-19 00:00:00+00:00,1208.05
2022-11-19 04:00:00+00:00,1206.09
2022-11-19 08:00:00+00:00,1210.99
2022-11-19 12:00:00+00:00,1209.18
2022-11-19 16:00:00+00:00,1208.01
2022-11-19 20:00:00+00:00,1216.91
2022-11-20 00:00:00+00:00,1218.42
2022-11-20 04:00:00+00:00,1219.67
2022-11-20 08:00:00+00:00,1166.78
2022-11-20 12:00:00+00:00,1176.58
2022-11-20 16:00:00+00:00,1184.5
2022-11-20 20:00:00+00:00,1141.57
2022-11-21 00:00:00+00:00,1124.56
2022-11-21 04:00:00+00:00,1123.13
2022-11-21 08:00:00+00:00,1124.33
2022-11-21 12:00:00+00:00,1129.8
2022-11-21 16:00:00+00:00,1090.49
2022-11-21 20:00:00+00:00,1106.95
2022-11-22 00:00:00+00:00,1104.06
2022-11-22 04:00:00+00:00,1092.9
2022-11-22 08:00:00+00:00,1084.89
2022-11-22 12:00:00+00:00,1134.78
2022-11-22 16:00:00+00:00,1126.98
2022-11-22 20:00:00+00:00,1139.11
2022-11-23 00:00:00+00:00,1170.0
2022-11-23 04:00:00+00:00,1165.96
2022-11-23 08:00:00+00:00,1174.18
2022-11-23 12:00:00+00:00,1160.6
2022-11-23 16:00:00+00:00,1168.31
2022-11-23 20:00:00+00:00,1183.83
2022-11-24 00:00:00+00:00,1201.03
2022-11-24 04:00:00+00:00,1205.63
2022-11-24 08:00:00+00:00,1195.33
2022-11-24 12:00:00+00:00,1194.67
2022-11-24 16:00:00+00:00,1202.42
2022-11-24 20:00:00+00:00,1202.92
2022-11-25 00:00:00+00:00,1185.71
2022-11-25 04:00:00+00:00,1184.21
2022-11-25 08:00:00+00:00,1192.77
2022-11-25 12:00:00+00:00,1189.18
2022-11-25 16:00:00+00:00,1196.63
2022-11-25 20:00:00+00:00,1198.55
2022-11-26 00:00:00+00:00,1215.17
2022-11-26 04:00:00+00:00,1218.19
2022-11-26 08:00:00+00:00,1221.1
2022-11-26 12:00:00+00:00,1210.28
2022-11-26 16:00:00+00:00,1206.8
2022-11-26 20:00:00+00:00,1204.84
2022-11-27 00:00:00+00:00,1215.36
2022-11-27 04:00:00+00:00,1216.46
2022-11-27 08:00:00+00:00,1214.87
2022-11-27 12:00:00+00:00,1217.54
2022-11-27 16:00:00+00:00,1212.6
2022-11-27 20:00:00+00:00,1193.26
2022-11-28 00:00:00+00:00,1172.05
2022-11-28 04:00:00+00:00,1173.53
2022-11-28 08:00:00+00:00,1169.55
2022-11-28 12:00:00+00:00,1163.1
2022-11-28 16:00:00+00:00,1171.0
2022-11-28 20:00:00+00:00,1167.21
2022-11-29 00:00:00+00:00,1184.32
2022-11-29 04:00:00+00:00,1206.66
2022-11-29 08:00:00+00:00,1216.81
2022-11-29 12:00:00+00:00,1208.24
2022-11-29 16:00:00+00:00,1215.21
2022-11-29 20:00:00+00:00,1215.74
2022-11-30 00:00:00+00:00,1264.56
2022-11-30 04:00:00+00:00,1272.06
2022-11-30 08:00:00+00:00,1266.32
2022-11-30 12:00:00+00:00,1266.81
2022-11-30 16:00:00+00:00,1286.42
2022-11-30 20:00:00+00:00,1294.02
2022-12-01 00:00:00+00:00,1287.55
2022-12-01 04:00:00+00:00,1278.2
2022-12-01 08:00:00+00:00,1282.63
2022-12-01 12:00:00+00:00,1271.15
2022-12-01 16:00:00+00:00,1275.3
2022-12-01 20:00:00+00:00,1275.7
2022-12-02 00:00:00+00:00,1271.06
2022-12-02 04:00:00+00:00,1275.11
2022-12-02 08:00:00+00:00,1288.24
2022-12-02 12:00:00+00:00,1278.37
2022-12-02 16:00:00+00:00,1286.85
2022-12-02 20:00:00+00:00,1295.0
2022-12-03 00:00:00+00:00,1285.07
2022-12-03 04:00:00+00:00,1275.29
2022-12-03 08:00:00+00:00,1268.86
2022-12-03 12:00:00+00:00,1270.49
2022-12-03 16:00:00+00:00,1265.4
2022-12-03 20:00:00+00:00,1239.76
2022-12-04 00:00:00+00:00,1256.48
2022-12-04 04:00:00+00:00,1256.26
2022-12-04 08:00:00+00:00,1254.6
2022-12-04 12:00:00+00:00,1259.44
2022-12-04 16:00:00+00:00,1278.0
2022-12-04 20:00:00+00:00,1278.82
2022-12-05 00:00:00+00:00,1290.34
2022-12-05 04:00:00+00:00,1296.61
2022-12-05 08:00:00+00:00,1294.45
2022-12-05 12:00:00+00:00,1265.65
2022-12-05 16:00:00+00:00,1252.98
2022-12-05 20:00:00+00:00,1258.66
2022-12-06 00:00:00+00:00,1261.02
2022-12-06 04:00:00+00:00,1259.63
2022-12-06 08:00:00+00:00,1255.61
2022-12-06 12:00:00+00:00,1253.79
2022-12-06 16:00:00+00:00,1249.58
2022-12-06 20:00:00+00:00,1270.72
2022-12-07 00:00:00+00:00,1261.58
2022-12-07 04:00:00+00:00,1223.73
2022-12-07 08:00:00+00:00,1224.15
2022-12-07 12:00:00+00:00,1233.19
2022-12-07 16:00:00+00:00,1231.42
2022-12-07 20:00:00+00:00,1230.83
2022-12-08 00:00:00+00:00,1231.3
2022-12-08 04:00:00+00:00,1232.07
2022-12-08 08:00:00+00:00,1239.8
2022-12-08 12:00:00+00:00,1249.08
2022-12-08 16:00:00+00:00,1283.68
2022-12-08 20:00:00+00:00,1279.73
2022-12-09 00:00:00+00:00,1283.46
2022-12-09 04:00:00+00:00,1281.7
2022-12-09 08:00:00+00:00,1287.32
2022-12-09 12:00:00+00:00,1277.09
2022-12-09 16:00:00+00:00,1268.42
2022-12-09 20:00:00+00:00,1262.31
2022-12-10 00:00:00+00:00,1264.77
2022-12-10 04:00:00+00:00,1263.89
2022-12-10 08:00:00+00:00,1265.69
2022-12-10 12:00:00+00:00,1277.56
2022-12-10 16:00:00+00:00,1271.48
2022-12-10 20:00:00+00:00,1265.88
2022-12-11 00:00:00+00:00,1271.91
2022-12-11 04:00:00+00:00,1275.77
2022-12-11 08:00:00+00:00,1272.92
2022-12-11 12:00:00+00:00,1272.99
2022-12-11 16:00:00+00:00,1273.79
2022-12-11 20:00:00+00:00,1262.43
2022-12-12 00:00:00+00:00,1243.11
2022-12-12 04:00:00+00:00,1245.79
2022-12-12 08:00:00+00:00,1253.74
2022-12-12 12:00:00+00:00,1248.51
2022-12-12 16:00:00+00:00,1253.87
2022-12-12 20:00:00+00:00,1274.88
2022-12-13 00:00:00+00:00,1269.2
2022-12-13 04:00:00+00:00,1265.71
2022-12-13 08:00:00+00:00,1286.24
2022-12-13 12:00:00+00:00,1324.0
2022-12-13 16:00:00+00:00,1316.79
2022-12-13 20:00:00+00:00,1321.06
2022-12-14 00:00:00+00:00,1320.06
2022-12-14 04:00:00+00:00,1323.12
2022-12-14 08:00:00+00:00,1327.0
2022-12-14 12:00:00+00:00,1338.3
2022-12-14 16:00:00+00:00,1307.5
2022-12-14 20:00:00+00:00,1307.76
2022-12-15 00:00:00+00:00,1292.42
2022-12-15 04:00:00+00:00,1287.09
2022-12-15 08:00:00+00:00,1290.97
2022-12-15 12:00:00+00:00,1269.98
2022-12-15 16:00:00+00:00,1274.74
2022-12-15 20:00:00+00:00,1266.26
2022-12-16 00:00:00+00:00,1271.47
2022-12-16 04:00:00+00:00,1277.11
2022-12-16 08:00:00+00:00,1212.1
2022-12-16 12:00:00+00:00,1203.11
2022-12-16 16:00:00+00:00,1202.0
2022-12-16 20:00:00+00:00,1166.2
2022-12-17 00:00:00+00:00,1174.49
2022-12-17 04:00:00+00:00,1183.0
2022-12-17 08:00:00+00:00,1179.42
2022-12-17 12:00:00+00:00,1179.45
2022-12-17 16:00:00+00:00,1176.18
2022-12-17 20:00:00+00:00,1186.45
2022-12-18 00:00:00+00:00,1187.0
2022-12-18 04:00:00+00:00,1185.98
2022-12-18 08:00:00+00:00,1181.77
2022-12-18 12:00:00+00:00,1173.41
2022-12-18 16:00:00+00:00,1182.91
2022-12-18 20:00:00+00:00,1182.45
2022-12-19 00:00:00+00:00,1178.58
2022-12-19 04:00:00+00:00,1179.23
2022-12-19 08:00:00+00:00,1182.68
2022-12-19 12:00:00+00:00,1179.02
2022-12-19 16:00:00+00:00,1170.26
2022-12-19 20:00:00+00:00,1167.21
2022-12-20 00:00:00+00:00,1191.85
2022-12-20 04:00:00+00:00,1207.92
2022-12-20 08:00:00+00:00,1211.83
2022-12-20 12:00:00+00:00,1216.44
2022-12-20 16:00:00+00:00,1216.2
2022-12-20 20:00:00+00:00,1216.21
2022-12-21 00:00:00+00:00,1209.94
2022-12-21 04:00:00+00:00,1210.19
2022-12-21 08:00:00+00:00,1216.18
2022-12-21 12:00:00+00:00,1215.24
2022-12-21 16:00:00+00:00,1208.12
2022-12-21 20:00:00+00:00,1213.21
2022-12-22 00:00:00+00:00,1214.12
2022-12-22 04:00:00+00:00,1213.55
2022-12-22 08:00:00+00:00,1216.91
2022-12-22 12:00:00+00:00,1186.15
2022-12-22 16:00:00+00:00,1194.48
2022-12-22 20:00:00+00:00,1217.39
2022-12-23 00:00:00+00:00,1223.42
2022-12-23 04:00:00+00:00,1221.41
2022-12-23 08:00:00+00:00,1222.23
2022-12-23 12:00:00+00:00,1218.46
2022-12-23 16:00:00+00:00,1219.5
2022-12-23 20:00:00+00:00,1219.5
2022-12-24 00:00:00+00:00,1218.53
2022-12-24 04:00:00+00:00,1219.9
2022-12-24 08:00:00+00:00,1218.81
2022-12-24 12:00:00+00:00,1218.6
2022-12-24 16:00:00+00:00,1222.88
2022-12-24 20:00:00+00:00,1219.96
2022-12-25 00:00:00+00:00,1220.6
2022-12-25 04:00:00+00:00,1219.15
2022-12-25 08:00:00+00:00,1217.02
2022-12-25 12:00:00+00:00,1210.32
2022-12-25 16:00:00+00:00,1209.03
2022-12-25 20:00:00+00:00,1217.96
2022-12-26 00:00:00+00:00,1220.49
2022-12-26 04:00:00+00:00,1219.91
2022-12-26 08:00:00+00:00,1219.96
2022-12-26 12:00:00+00:00,1214.64
2022-12-26 16:00:00+00:00,1216.98
2022-12-26 20:00:00+00:00,1227.57
2022-12-27 00:00:00+00:00,1223.07
2022-12-27 04:00:00+00:00,1221.52
2022-12-27 08:00:00+00:00,1218.58
2022-12-27 12:00:00+00:00,1210.69
2022-12-27 16:00:00+00:00,1210.65
2022-12-27 20:00:00+00:00,1211.29
2022-12-28 00:00:00+00:00,1197.0
2022-12-28 04:00:00+00:00,1194.08
2022-12-28 08:00:00+00:00,1195.57
2022-12-28 12:00:00+00:00,1188.75
2022-12-28 16:00:00+00:00,1192.4
2022-12-28 20:00:00+00:00,1189.93
2022-12-29 00:00:00+00:00,1194.26
2022-12-29 04:00:00+00:00,1194.56
2022-12-29 08:00:00+00:00,1198.4
2022-12-29 12:00:00+00:00,1200.75
2022-12-29 16:00:00+00:00,1198.46
2022-12-29 20:00:00+00:00,1200.35
2022-12-30 00:00:00+00:00,1197.39
2022-12-30 04:00:00+00:00,1187.93
2022-12-30 08:00:00+00:00,1190.5
2022-12-30 12:00:00+00:00,1194.81
2022-12-30 16:00:00+00:00,1194.69
2022-12-30 20:00:00+00:00,1199.66
2022-12-31 00:00:00+00:00,1194.28
2022-12-31 04:00:00+00:00,1196.97
2022-12-31 08:00:00+00:00,1197.0
2022-12-31 12:00:00+00:00,1202.58
2022-12-31 16:00:00+00:00,1202.74
2022-12-31 20:00:00+00:00,1196.1
2023-01-01 00:00:00+00:00,1194.05
2023-01-01 04:00:00+00:00,1195.07
2023-01-01 08:00:00+00:00,1196.4
2023-01-01 12:00:00+00:00,1196.52
2023-01-01 16:00:00+00:00,1201.47
2023-01-01 20:00:00+00:00,1199.96
2023-01-02 00:00:00+00:00,1201.42
2023-01-02 04:00:00+00:00,1212.82
2023-01-02 08:00:00+00:00,1216.72
2023-01-02 12:00:00+00:00,1218.5
2023-01-02 16:00:00+00:00,1218.49
2023-01-02 20:00:00+00:00,1213.23
2023-01-03 00:00:00+00:00,1215.19
2023-01-03 04:00:00+00:00,1215.85
2023-01-03 08:00:00+00:00,1214.39
2023-01-03 12:00:00+00:00,1211.4
2023-01-03 16:00:00+00:00,1208.92
2023-01-03 20:00:00+00:00,1214.23
2023-01-04 00:00:00+00:00,1250.33
2023-01-04 04:00:00+00:00,1251.77
2023-01-04 08:00:00+00:00,1251.16
2023-01-04 12:00:00+00:00,1255.9
2023-01-04 16:00:00+00:00,1254.14
2023-01-04 20:00:00+00:00,1256.39
2023-01-05 00:00:00+00:00,1252.59
2023-01-05 04:00:00+00:00,1250.91
2023-01-05 08:00:00+00:00,1255.34
2023-01-05 12:00:00+00:00,1248.72
2023-01-05 16:00:00+00:00,1253.22
2023-01-05 20:00:00+00:00,1251.08
2023-01-06 00:00:00+00:00,1250.56
2023-01-06 04:00:00+00:00,1247.45
2023-01-06 08:00:00+00:00,1243.2
2023-01-06 12:00:00+00:00,1262.48
2023-01-06 16:00:00+00:00,1272.76
2023-01-06 20:00:00+00:00,1268.54
2023-01-07 00:00:00+00:00,1266.05
2023-01-07 04:00:00+00:00,1266.0
2023-01-07 08:00:00+00:00,1263.12
2023-01-07 12:00:00+00:00,1264.5
2023-01-07 16:00:00+00:00,1264.81
2023-01-07 20:00:00+00:00,1263.65
2023-01-08 00:00:00+00:00,1262.36
2023-01-08 04:00:00+00:00,1262.84
2023-01-08 08:00:00+00:00,1260.83
2023-01-08 12:00:00+00:00,1274.01
2023-01-08 16:00:00+00:00,1264.4
2023-01-08 20:00:00+00:00,1289.65
2023-01-09 00:00:00+00:00,1309.7
2023-01-09 04:00:00+00:00,1311.41
2023-01-09 08:00:00+00:00,1318.16
2023-01-09 12:00:00+00:00,1335.56
2023-01-09 16:00:00+00:00,1329.99
2023-01-09 20:00:00+00:00,1320.32
2023-01-10 00:00:00+00:00,1325.08
2023-01-10 04:00:00+00:00,1323.25
2023-01-10 08:00:00+00:00,1329.3
2023-01-10 12:00:00+00:00,1333.9
2023-01-10 16:00:00+00:00,1339.1
2023-01-10 20:00:00+00:00,1335.3
2023-01-11 00:00:00+00:00,1330.52
2023-01-11 04:00:00+00:00,1334.99
2023-01-11 08:00:00+00:00,1335.83
2023-01-11 12:00:00+00:00,1322.48
2023-01-11 16:00:00+00:00,1342.46
2023-01-11 20:00:00+00:00,1389.26
2023-01-12 00:00:00+00:00,1400.94
2023-01-12 04:00:00+00:00,1398.7
2023-01-12 08:00:00+00:00,1398.3
2023-01-12 12:00:00+00:00,1385.66
2023-01-12 16:00:00+00:00,1425.75
2023-01-12 20:00:00+00:00,1415.84
2023-01-13 00:00:00+00:00,1414.72
2023-01-13 04:00:00+00:00,1408.28
2023-01-13 08:00:00+00:00,1409.33
2023-01-13 12:00:00+00:00,1421.3
2023-01-13 16:00:00+00:00,1419.94
2023-01-13 20:00:00+00:00,1450.94
2023-01-14 00:00:00+00:00,1558.74
2023-01-14 04:00:00+00:00,1555.29
2023-01-14 08:00:00+00:00,1530.91
2023-01-14 12:00:00+00:00,1526.36
2023-01-14 16:00:00+00:00,1530.15
2023-01-14 20:00:00+00:00,1550.27
2023-01-15 00:00:00+00:00,1527.0
2023-01-15 04:00:00+00:00,1530.54
2023-01-15 08:00:00+00:00,1534.4
2023-01-15 12:00:00+00:00,1557.66
2023-01-15 16:00:00+00:00,1551.08
2023-01-15 20:00:00+00:00,1553.47
2023-01-16 00:00:00+00:00,1569.58
2023-01-16 04:00:00+00:00,1566.89
2023-01-16 08:00:00+00:00,1543.07
2023-01-16 12:00:00+00:00,1550.46
2023-01-16 16:00:00+00:00,1591.99
2023-01-16 20:00:00+00:00,1577.11
2023-01-17 00:00:00+00:00,1564.04
2023-01-17 04:00:00+00:00,1563.46
2023-01-17 08:00:00+00:00,1569.19
2023-01-17 12:00:00+00:00,1571.38
2023-01-17 16:00:00+00:00,1589.27
2023-01-17 20:00:00+00:00,1565.84
2023-01-18 00:00:00+00:00,1581.72
2023-01-18 04:00:00+00:00,1583.24
2023-01-18 08:00:00+00:00,1575.87
2023-01-18 12:00:00+00:00,1550.09
2023-01-18 16:00:00+00:00,1542.16
2023-01-18 20:00:00+00:00,1511.66
2023-01-19 00:00:00+00:00,1525.26
2023-01-19 04:00:00+00:00,1528.54
2023-01-19 08:00:00+00:00,1519.5
2023-01-19 12:00:00+00:00,1533.41
2023-01-19 16:00:00+00:00,1551.74
2023-01-19 20:00:00+00:00,1551.11
2023-01-20 00:00:00+00:00,1554.21
2023-01-20 04:00:00+00:00,1550.11
2023-01-20 08:00:00+00:00,1549.15
2023-01-20 12:00:00+00:00,1563.28
2023-01-20 16:00:00+00:00,1600.59
2023-01-20 20:00:00+00:00,1659.01
2023-01-21 00:00:00+00:00,1649.77
2023-01-21 04:00:00+00:00,1652.01
2023-01-21 08:00:00+00:00,1647.77
2023-01-21 12:00:00+00:00,1647.71
2023-01-21 16:00:00+00:00,1663.6
2023-01-21 20:00:00+00:00,1627.63
2023-01-22 00:00:00+00:00,1623.49
2023-01-22 04:00:00+00:00,1627.41
2023-01-22 08:00:00+00:00,1625.21
2023-01-22 12:00:00+00:00,1635.91
2023-01-22 16:00:00+00:00,1636.04
2023-01-22 20:00:00+00:00,1628.14
2023-01-23 00:00:00+00:00,1631.25
2023-01-23 04:00:00+00:00,1634.04
2023-01-23 08:00:00+00:00,1637.11
2023-01-23 12:00:00+00:00,1620.92
2023-01-23 16:00:00+00:00,1620.04
2023-01-23 20:00:00+00:00,1626.9
2023-01-24 00:00:00+00:00,1639.56
2023-01-24 04:00:00+00:00,1636.35
2023-01-24 08:00:00+00:00,1625.75
2023-01-24 12:00:00+00:00,1620.92
2023-01-24 16:00:00+00:00,1623.03
2023-01-24 20:00:00+00:00,1555.99
2023-01-25 00:00:00+00:00,1546.41
2023-01-25 04:00:00+00:00,1552.9
2023-01-25 08:00:00+00:00,1545.14
2023-01-25 12:00:00+00:00,1543.47
2023-01-25 16:00:00+00:00,1561.01
2023-01-25 20:00:00+00:00,1611.41
2023-01-26 00:00:00+00:00,1614.87
2023-01-26 04:00:00+00:00,1604.59
2023-01-26 08:00:00+00:00,1604.3
2023-01-26 12:00:00+00:00,1589.4
2023-01-26 16:00:00+00:00,1603.38
2023-01-26 20:00:00+00:00,1600.69
2023-01-27 00:00:00+00:00,1565.36
2023-01-27 04:00:00+00:00,1584.94
2023-01-27 08:00:00+00:00,1578.54
2023-01-27 12:00:00+00:00,1574.24
2023-01-27 16:00:00+00:00,1609.19
2023-01-27 20:00:00+00:00,1597.08
2023-01-28 00:00:00+00:00,1598.56
2023-01-28 04:00:00+00:00,1592.24
2023-01-28 08:00:00+00:00,1585.8
2023-01-28 12:00:00+00:00,1577.97
2023-01-28 16:00:00+00:00,1576.86
2023-01-28 20:00:00+00:00,1571.52
2023-01-29 00:00:00+00:00,1594.1
2023-01-29 04:00:00+00:00,1591.99
2023-01-29 08:00:00+00:00,1608.86
2023-01-29 12:00:00+00:00,1610.96
2023-01-29 16:00:00+00:00,1654.93
2023-01-29 20:00:00+00:00,1645.67
2023-01-30 00:00:00+00:00,1639.16
2023-01-30 04:00:00+00:00,1628.03
2023-01-30 08:00:00+00:00,1581.82
2023-01-30 12:00:00+00:00,1585.05
2023-01-30 16:00:00+00:00,1554.16
2023-01-30 20:00:00+00:00,1565.92
2023-01-31 00:00:00+00:00,1568.67
2023-01-31 04:00:00+00:00,1579.89
2023-01-31 08:00:00+00:00,1570.98
2023-01-31 12:00:00+00:00,1588.49
2023-01-31 16:00:00+00:00,1597.16
2023-01-31 20:00:00+00:00,1585.02
2023-02-01 00:00:00+00:00,1584.43
2023-02-01 04:00:00+00:00,1575.05
2023-02-01 08:00:00+00:00,1580.6
2023-02-01 12:00:00+00:00,1575.2
2023-02-01 16:00:00+00:00,1617.6
2023-02-01 20:00:00+00:00,1641.8
2023-02-02 00:00:00+00:00,1671.92
2023-02-02 04:00:00+00:00,1665.47
2023-02-02 08:00:00+00:00,1672.39
2023-02-02 12:00:00+00:00,1678.44
2023-02-02 16:00:00+00:00,1675.21
2023-02-02 20:00:00+00:00,1643.81
2023-02-03 00:00:00+00:00,1642.36
2023-02-03 04:00:00+00:00,1638.12
2023-02-03 08:00:00+00:00,1649.13
2023-02-03 12:00:00+00:00,1663.36
2023-02-03 16:00:00+00:00,1653.02
2023-02-03 20:00:00+00:00,1663.68
2023-02-04 00:00:00+00:00,1654.54
2023-02-04 04:00:00+00:00,1658.33
2023-02-04 08:00:00+00:00,1661.64
2023-02-04 12:00:00+00:00,1680.48
2023-02-04 16:00:00+00:00,1676.16
2023-02-04 20:00:00+00:00,1666.44
2023-02-05 00:00:00+00:00,1661.26
2023-02-05 04:00:00+00:00,1668.04
2023-02-05 08:00:00+00:00,1662.44
2023-02-05 12:00:00+00:00,1644.57
2023-02-05 16:00:00+00:00,1618.83
2023-02-05 20:00:00+00:00,1628.98
2023-02-06 00:00:00+00:00,1626.55
2023-02-06 04:00:00+00:00,1635.08
2023-02-06 08:00:00+00:00,1634.94
2023-02-06 12:00:00+00:00,1648.59
2023-02-06 16:00:00+00:00,1648.26
2023-02-06 20:00:00+00:00,1613.9
2023-02-07 00:00:00+00:00,1632.86
2023-02-07 04:00:00+00:00,1631.51
2023-02-07 08:00:00+00:00,1640.39
2023-02-07 12:00:00+00:00,1630.43
2023-02-07 16:00:00+00:00,1656.42
2023-02-07 20:00:00+00:00,1670.51
2023-02-08 00:00:00+00:00,1680.33
2023-02-08 04:00:00+00:00,1677.4
2023-02-08 08:00:00+00:00,1674.11
2023-02-08 12:00:00+00:00,1653.69
2023-02-08 16:00:00+00:00,1647.71
2023-02-08 20:00:00+00:00,1650.26
2023-02-09 00:00:00+00:00,1618.97
2023-02-09 04:00:00+00:00,1629.98
2023-02-09 08:00:00+00:00,1632.9
2023-02-09 12:00:00+00:00,1632.25
2023-02-09 16:00:00+00:00,1579.08
2023-02-09 20:00:00+00:00,1544.68
2023-02-10 00:00:00+00:00,1542.78
2023-02-10 04:00:00+00:00,1550.68
2023-02-10 08:00:00+00:00,1536.61
2023-02-10 12:00:00+00:00,1521.56
2023-02-10 16:00:00+00:00,1533.94
2023-02-10 20:00:00+00:00,1512.26
2023-02-11 00:00:00+00:00,1519.85
2023-02-11 04:00:00+00:00,1519.86
2023-02-11 08:00:00+00:00,1519.41
2023-02-11 12:00:00+00:00,1521.94
2023-02-11 16:00:00+00:00,1518.0
2023-02-11 20:00:00+00:00,1537.65
2023-02-12 00:00:00+00:00,1530.45
2023-02-12 04:00:00+00:00,1530.09
2023-02-12 08:00:00+00:00,1532.5
2023-02-12 12:00:00+00:00,1535.28
2023-02-12 16:00:00+00:00,1538.58
2023-02-12 20:00:00+00:00,1514.49
2023-02-13 00:00:00+00:00,1516.24
2023-02-13 04:00:00+00:00,1521.75
2023-02-13 08:00:00+00:00,1485.64
2023-02-13 12:00:00+00:00,1475.18
2023-02-13 16:00:00+00:00,1490.15
2023-02-13 20:00:00+00:00,1504.85
2023-02-14 00:00:00+00:00,1497.58
2023-02-14 04:00:00+00:00,1505.36
2023-02-14 08:00:00+00:00,1507.05
2023-02-14 12:00:00+00:00,1544.21
2023-02-14 16:00:00+00:00,1559.42
2023-02-14 20:00:00+00:00,1554.94
2023-02-15 00:00:00+00:00,1548.4
2023-02-15 04:00:00+00:00,1546.55
2023-02-15 08:00:00+00:00,1571.62
2023-02-15 12:00:00+00:00,1578.47
2023-02-15 16:00:00+00:00,1628.3
2023-02-15 20:00:00+00:00,1675.0
2023-02-16 00:00:00+00:00,1692.0
2023-02-16 04:00:00+00:00,1683.22
2023-02-16 08:00:00+00:00,1683.76
2023-02-16 12:00:00+00:00,1724.91
2023-02-16 16:00:00+00:00,1711.22
2023-02-16 20:00:00+00:00,1639.0
2023-02-17 00:00:00+00:00,1663.75
2023-02-17 04:00:00+00:00,1653.69
2023-02-17 08:00:00+00:00,1666.34
2023-02-17 12:00:00+00:00,1673.17
2023-02-17 16:00:00+00:00,1706.42
2023-02-17 20:00:00+00:00,1694.12
2023-02-18 00:00:00+00:00,1699.83
2023-02-18 04:00:00+00:00,1691.12
2023-02-18 08:00:00+00:00,1691.86
2023-02-18 12:00:00+00:00,1695.31
2023-02-18 16:00:00+00:00,1688.16
2023-02-18 20:00:00+00:00,1691.66
2023-02-19 00:00:00+00:00,1695.41
2023-02-19 04:00:00+00:00,1693.42
2023-02-19 08:00:00+00:00,1695.33
2023-02-19 12:00:00+00:00,1711.87
2023-02-19 16:00:00+00:00,1684.89
2023-02-19 20:00:00+00:00,1680.31
2023-02-20 00:00:00+00:00,1684.5
2023-02-20 04:00:00+00:00,1695.86
2023-02-20 08:00:00+00:00,1713.84
2023-02-20 12:00:00+00:00,1707.28
2023-02-20 16:00:00+00:00,1709.94
2023-02-20 20:00:00+00:00,1703.7
2023-02-21 00:00:00+00:00,1703.09
2023-02-21 04:00:00+00:00,1704.26
2023-02-21 08:00:00+00:00,1669.29
2023-02-21 12:00:00+00:00,1671.83
2023-02-21 16:00:00+00:00,1671.89
2023-02-21 20:00:00+00:00,1659.2
2023-02-22 00:00:00+00:00,1649.08
2023-02-22 04:00:00+00:00,1643.92
2023-02-22 08:00:00+00:00,1644.2
2023-02-22 12:00:00+00:00,1612.69
2023-02-22 16:00:00+00:00,1615.16
2023-02-22 20:00:00+00:00,1642.01
2023-02-23 00:00:00+00:00,1666.91
2023-02-23 04:00:00+00:00,1665.67
2023-02-23 08:00:00+00:00,1636.61
2023-02-23 12:00:00+00:00,1655.09
2023-02-23 16:00:00+00:00,1652.3
2023-02-23 20:00:00+00:00,1649.69
2023-02-24 00:00:00+00:00,1648.65
2023-02-24 04:00:00+00:00,1650.75
2023-02-24 08:00:00+00:00,1646.6
2023-02-24 12:00:00+00:00,1602.18
2023-02-24 16:00:00+00:00,1610.08
2023-02-24 20:00:00+00:00,1607.12
2023-02-25 00:00:00+00:00,1598.05
2023-02-25 04:00:00+00:00,1603.2
2023-02-25 08:00:00+00:00,1599.48
2023-02-25 12:00:00+00:00,1596.36
2023-02-25 16:00:00+00:00,1584.0
2023-02-25 20:00:00+00:00,1593.59
2023-02-26 00:00:00+00:00,1601.89
2023-02-26 04:00:00+00:00,1598.99
2023-02-26 08:00:00+00:00,1603.25
2023-02-26 12:00:00+00:00,1604.63
2023-02-26 16:00:00+00:00,1632.69
2023-02-26 20:00:00+00:00,1640.49
2023-02-27 00:00:00+00:00,1639.67
2023-02-27 04:00:00+00:00,1635.59
2023-02-27 08:00:00+00:00,1640.48
2023-02-27 12:00:00+00:00,1643.44
2023-02-27 16:00:00+00:00,1621.22
2023-02-27 20:00:00+00:00,1632.6
2023-02-28 00:00:00+00:00,1632.04
2023-02-28 04:00:00+00:00,1618.5
2023-02-28 08:00:00+00:00,1628.87
2023-02-28 12:00:00+00:00,1640.41
2023-02-28 16:00:00+00:00,1627.43
2023-02-28 20:00:00+00:00,1604.72
2023-03-01 00:00:00+00:00,1637.68
2023-03-01 04:00:00+00:00,1650.33
2023-03-01 08:00:00+00:00,1655.8
2023-03-01 12:00:00+00:00,1657.03
2023-03-01 16:00:00+00:00,1634.43
2023-03-01 20:00:00+00:00,1664.46
2023-03-02 00:00:00+00:00,1647.21
2023-03-02 04:00:00+00:00,1643.78
2023-03-02 08:00:00+00:00,1643.96
2023-03-02 12:00:00+00:00,1627.45
2023-03-02 16:00:00+00:00,1647.63
2023-03-02 20:00:00+00:00,1647.29
2023-03-03 00:00:00+00:00,1564.53
2023-03-03 04:00:00+00:00,1567.01
2023-03-03 08:00:00+00:00,1563.83
2023-03-03 12:00:00+00:00,1566.06
2023-03-03 16:00:00+00:00,1564.63
2023-03-03 20:00:00+00:00,1568.86
2023-03-04 00:00:00+00:00,1570.09
2023-03-04 04:00:00+00:00,1568.0
2023-03-04 08:00:00+00:00,1568.49
2023-03-04 12:00:00+00:00,1561.21
2023-03-04 16:00:00+00:00,1558.89
2023-03-04 20:00:00+00:00,1566.05
2023-03-05 00:00:00+00:00,1567.01
2023-03-05 04:00:00+00:00,1567.84
2023-03-05 08:00:00+00:00,1567.93
2023-03-05 12:00:00+00:00,1568.36
2023-03-05 16:00:00+00:00,1565.33
2023-03-05 20:00:00+00:00,1564.06
2023-03-06 00:00:00+00:00,1561.97
2023-03-06 04:00:00+00:00,1560.27
2023-03-06 08:00:00+00:00,1562.75
2023-03-06 12:00:00+00:00,1577.11
2023-03-06 16:00:00+00:00,1565.33
2023-03-06 20:00:00+00:00,1565.17
2023-03-07 00:00:00+00:00,1574.32
2023-03-07 04:00:00+00:00,1570.73
2023-03-07 08:00:00+00:00,1562.72
2023-03-07 12:00:00+00:00,1560.08
2023-03-07 16:00:00+00:00,1550.52
2023-03-07 20:00:00+00:00,1561.29
2023-03-08 00:00:00+00:00,1561.61
2023-03-08 04:00:00+00:00,1550.52
2023-03-08 08:00:00+00:00,1556.68
2023-03-08 12:00:00+00:00,1559.5
2023-03-08 16:00:00+00:00,1552.14
2023-03-08 20:00:00+00:00,1531.82
2023-03-09 00:00:00+00:00,1541.22
2023-03-09 04:00:00+00:00,1536.49
2023-03-09 08:00:00+00:00,1534.77
2023-03-09 12:00:00+00:00,1533.09
2023-03-09 16:00:00+00:00,1487.82
2023-03-09 20:00:00+00:00,1436.42
2023-03-10 00:00:00+00:00,1425.68
2023-03-10 04:00:00+00:00,1411.39
2023-03-10 08:00:00+00:00,1383.86
2023-03-10 12:00:00+00:00,1416.42
2023-03-10 16:00:00+00:00,1422.73
2023-03-10 20:00:00+00:00,1425.79
2023-03-11 00:00:00+00:00,1457.55
2023-03-11 04:00:00+00:00,1415.74
2023-03-11 08:00:00+00:00,1426.33
2023-03-11 12:00:00+00:00,1427.47
2023-03-11 16:00:00+00:00,1448.33
2023-03-11 20:00:00+00:00,1471.03
2023-03-12 00:00:00+00:00,1465.82
2023-03-12 04:00:00+00:00,1459.0
2023-03-12 08:00:00+00:00,1464.16
2023-03-12 12:00:00+00:00,1454.99
2023-03-12 16:00:00+00:00,1512.07
2023-03-12 20:00:00+00:00,1579.26
2023-03-13 00:00:00+00:00,1587.75
2023-03-13 04:00:00+00:00,1606.15
2023-03-13 08:00:00+00:00,1580.62
2023-03-13 12:00:00+00:00,1666.3
2023-03-13 16:00:00+00:00,1678.62
2023-03-13 20:00:00+00:00,1673.9
2023-03-14 00:00:00+00:00,1676.92
2023-03-14 04:00:00+00:00,1666.62
2023-03-14 08:00:00+00:00,1683.15
2023-03-14 12:00:00+00:00,1770.28
2023-03-14 16:00:00+00:00,1721.45
2023-03-14 20:00:00+00:00,1699.93
2023-03-15 00:00:00+00:00,1703.07
2023-03-15 04:00:00+00:00,1706.1
2023-03-15 08:00:00+00:00,1680.42
2023-03-15 12:00:00+00:00,1634.44
2023-03-15 16:00:00+00:00,1648.19
2023-03-15 20:00:00+00:00,1649.81
2023-03-16 00:00:00+00:00,1645.67
2023-03-16 04:00:00+00:00,1654.84
2023-03-16 08:00:00+00:00,1659.72
2023-03-16 12:00:00+00:00,1662.11
2023-03-16 16:00:00+00:00,1679.07
2023-03-16 20:00:00+00:00,1672.56
2023-03-17 00:00:00+00:00,1707.73
2023-03-17 04:00:00+00:00,1715.29
2023-03-17 08:00:00+00:00,1760.64
2023-03-17 12:00:00+00:00,1716.97
2023-03-17 16:00:00+00:00,1743.71
2023-03-17 20:00:00+00:00,1789.21
2023-03-18 00:00:00+00:00,1810.5
2023-03-18 04:00:00+00:00,1814.29
2023-03-18 08:00:00+00:00,1813.16
2023-03-18 12:00:00+00:00,1785.73
2023-03-18 16:00:00+00:00,1789.88
2023-03-18 20:00:00+00:00,1758.52
2023-03-19 00:00:00+00:00,1782.1
2023-03-19 04:00:00+00:00,1774.79
2023-03-19 08:00:00+00:00,1784.2
2023-03-19 12:00:00+00:00,1792.79
2023-03-19 16:00:00+00:00,1820.9
2023-03-19 20:00:00+00:00,1779.99
2023-03-20 00:00:00+00:00,1750.61
2023-03-20 04:00:00+00:00,1791.16
2023-03-20 08:00:00+00:00,1778.37
2023-03-20 12:00:00+00:00,1762.03
2023-03-20 16:00:00+00:00,1751.9
2023-03-20 20:00:00+00:00,1731.71
2023-03-21 00:00:00+00:00,1745.52
2023-03-21 04:00:00+00:00,1729.11
2023-03-21 08:00:00+00:00,1760.47
2023-03-21 12:00:00+00:00,1811.51
2023-03-21 16:00:00+00:00,1789.85
2023-03-21 20:00:00+00:00,1800.14
2023-03-22 00:00:00+00:00,1798.54
2023-03-22 04:00:00+00:00,1791.73
2023-03-22 08:00:00+00:00,1784.53
2023-03-22 12:00:00+00:00,1805.26
2023-03-22 16:00:00+00:00,1716.12
2023-03-22 20:00:00+00:00,1733.61
2023-03-23 00:00:00+00:00,1736.42
2023-03-23 04:00:00+00:00,1750.07
2023-03-23 08:00:00+00:00,1753.81
2023-03-23 12:00:00+00:00,1837.44
2023-03-23 16:00:00+00:00,1820.01
2023-03-23 20:00:00+00:00,1813.27
2023-03-24 00:00:00+00:00,1811.38
2023-03-24 04:00:00+00:00,1814.66
2023-03-24 08:00:00+00:00,1744.38
2023-03-24 12:00:00+00:00,1765.87
2023-03-24 16:00:00+00:00,1763.0
2023-03-24 20:00:00+00:00,1748.77
2023-03-25 00:00:00+00:00,1755.38
2023-03-25 04:00:00+00:00,1746.35
2023-03-25 08:00:00+00:00,1744.23
2023-03-25 12:00:00+00:00,1753.71
2023-03-25 16:00:00+00:00,1716.3
2023-03-25 20:00:00+00:00,1741.02
2023-03-26 00:00:00+00:00,1749.0
2023-03-26 04:00:00+00:00,1751.57
2023-03-26 08:00:00+00:00,1777.05
2023-03-26 12:00:00+00:00,1761.98
2023-03-26 16:00:00+00:00,1764.99
2023-03-26 20:00:00+00:00,1772.63
2023-03-27 00:00:00+00:00,1764.13
2023-03-27 04:00:00+00:00,1751.29
2023-03-27 08:00:00+00:00,1764.78
2023-03-27 12:00:00+00:00,1710.39
2023-03-27 16:00:00+00:00,1703.71
2023-03-27 20:00:00+00:00,1714.35
2023-03-28 00:00:00+00:00,1710.86
2023-03-28 04:00:00+00:00,1723.47
2023-03-28 08:00:00+00:00,1744.91
2023-03-28 12:00:00+00:00,1743.0
2023-03-28 16:00:00+00:00,1785.43
2023-03-28 20:00:00+00:00,1772.09
2023-03-29 00:00:00+00:00,1777.41
2023-03-29 04:00:00+00:00,1804.26
2023-03-29 08:00:00+00:00,1810.84
2023-03-29 12:00:00+00:00,1807.08
2023-03-29 16:00:00+00:00,1808.35
2023-03-29 20:00:00+00:00,1791.89
2023-03-30 00:00:00+00:00,1786.5
2023-03-30 04:00:00+00:00,1805.55
2023-03-30 08:00:00+00:00,1803.93
2023-03-30 12:00:00+00:00,1788.58
2023-03-30 16:00:00+00:00,1780.72
2023-03-30 20:00:00+00:00,1792.77
2023-03-31 00:00:00+00:00,1802.25
2023-03-31 04:00:00+00:00,1794.4
2023-03-31 08:00:00+00:00,1792.26
2023-03-31 12:00:00+00:00,1829.91
2023-03-31 16:00:00+00:00,1828.49
2023-03-31 20:00:00+00:00,1820.81
2023-04-01 00:00:00+00:00,1825.6
2023-04-01 04:00:00+00:00,1823.28
2023-04-01 08:00:00+00:00,1823.45
2023-04-01 12:00:00+00:00,1819.74
2023-04-01 16:00:00+00:00,1814.14
2023-04-01 20:00:00+00:00,1819.82
2023-04-02 00:00:00+00:00,1817.01
2023-04-02 04:00:00+00:00,1819.82
2023-04-02 08:00:00+00:00,1816.51
2023-04-02 12:00:00+00:00,1796.62
2023-04-02 16:00:00+00:00,1780.62
2023-04-02 20:00:00+00:00,1793.56
2023-04-03 00:00:00+00:00,1777.45
2023-04-03 04:00:00+00:00,1794.0
2023-04-03 08:00:00+00:00,1806.79
2023-04-03 12:00:00+00:00,1796.02
2023-04-03 16:00:00+00:00,1818.02
2023-04-03 20:00:00+00:00,1809.68
2023-04-04 00:00:00+00:00,1807.03
2023-04-04 04:00:00+00:00,1811.29
2023-04-04 08:00:00+00:00,1864.18
2023-04-04 12:00:00+00:00,1862.12
2023-04-04 16:00:00+00:00,1867.99
2023-04-04 20:00:00+00:00,1869.11
2023-04-05 00:00:00+00:00,1911.71
2023-04-05 04:00:00+00:00,1909.55
2023-04-05 08:00:00+00:00,1913.91
2023-04-05 12:00:00+00:00,1896.59
2023-04-05 16:00:00+00:00,1908.48
2023-04-05 20:00:00+00:00,1907.48
2023-04-06 00:00:00+00:00,1898.0
2023-04-06 04:00:00+00:00,1878.35
2023-04-06 08:00:00+00:00,1867.75
2023-04-06 12:00:00+00:00,1873.38
2023-04-06 16:00:00+00:00,1870.3
2023-04-06 20:00:00+00:00,1871.33
2023-04-07 00:00:00+00:00,1875.91
2023-04-07 04:00:00+00:00,1850.01
2023-04-07 08:00:00+00:00,1848.5
2023-04-07 12:00:00+00:00,1859.33
2023-04-07 16:00:00+00:00,1854.09
2023-04-07 20:00:00+00:00,1862.87
2023-04-08 00:00:00+00:00,1867.35
2023-04-08 04:00:00+00:00,1871.27
2023-04-08 08:00:00+00:00,1866.6
2023-04-08 12:00:00+00:00,1866.2
2023-04-08 16:00:00+00:00,1853.26
2023-04-08 20:00:00+00:00,1848.02
2023-04-09 00:00:00+00:00,1850.95
2023-04-09 04:00:00+00:00,1834.6
2023-04-09 08:00:00+00:00,1838.51
2023-04-09 12:00:00+00:00,1835.85
2023-04-09 16:00:00+00:00,1855.6
2023-04-09 20:00:00+00:00,1857.84
2023-04-10 00:00:00+00:00,1857.1
2023-04-10 04:00:00+00:00,1859.27
2023-04-10 08:00:00+00:00,1857.17
2023-04-10 12:00:00+00:00,1860.01
2023-04-10 16:00:00+00:00,1888.14
2023-04-10 20:00:00+00:00,1908.9
2023-04-11 00:00:00+00:00,1922.09
2023-04-11 04:00:00+00:00,1920.9
2023-04-11 08:00:00+00:00,1914.6
2023-04-11 12:00:00+00:00,1912.86
2023-04-11 16:00:00+00:00,1893.55
2023-04-11 20:00:00+00:00,1888.89
2023-04-12 00:00:00+00:00,1861.92
2023-04-12 04:00:00+00:00,1869.15
2023-04-12 08:00:00+00:00,1871.52
2023-04-12 12:00:00+00:00,1911.44
2023-04-12 16:00:00+00:00,1900.61
2023-04-12 20:00:00+00:00,1916.86
2023-04-13 00:00:00+00:00,1911.52
2023-04-13 04:00:00+00:00,1921.1
2023-04-13 08:00:00+00:00,1985.15
2023-04-13 12:00:00+00:00,1996.83
2023-04-13 16:00:00+00:00,2011.52
2023-04-13 20:00:00+00:00,2011.8
2023-04-14 00:00:00+00:00,2109.31
2023-04-14 04:00:00+00:00,2106.43
2023-04-14 08:00:00+00:00,2115.71
2023-04-14 12:00:00+00:00,2060.0
2023-04-14 16:00:00+00:00,2090.92
2023-04-14 20:00:00+00:00,2099.77
2023-04-15 00:00:00+00:00,2088.71
2023-04-15 04:00:00+00:00,2097.06
2023-04-15 08:00:00+00:00,2100.66
2023-04-15 12:00:00+00:00,2098.4
2023-04-15 16:00:00+00:00,2100.18
2023-04-15 20:00:00+00:00,2091.2
2023-04-16 00:00:00+00:00,2087.12
2023-04-16 04:00:00+00:00,2098.0
2023-04-16 08:00:00+00:00,2086.54
2023-04-16 12:00:00+00:00,2093.68
2023-04-16 16:00:00+00:00,2115.1
2023-04-16 20:00:00+00:00,2118.09
2023-04-17 00:00:00+00:00,2097.09
2023-04-17 04:00:00+00:00,2090.35
2023-04-17 08:00:00+00:00,2076.32
2023-04-17 12:00:00+00:00,2071.49
2023-04-17 16:00:00+00:00,2078.0
2023-04-17 20:00:00+00:00,2074.49
2023-04-18 00:00:00+00:00,2079.37
2023-04-18 04:00:00+00:00,2100.01
2023-04-18 08:00:00+00:00,2117.91
2023-04-18 12:00:00+00:00,2095.5
2023-04-18 16:00:00+00:00,2080.67
2023-04-18 20:00:00+00:00,2103.29
2023-04-19 00:00:00+00:00,2091.13
2023-04-19 04:00:00+00:00,2073.11
2023-04-19 08:00:00+00:00,1980.7
2023-04-19 12:00:00+00:00,1982.38
2023-04-19 16:00:00+00:00,1979.6
2023-04-19 20:00:00+00:00,1932.83
2023-04-20 00:00:00+00:00,1948.51
2023-04-20 04:00:00+00:00,1948.0
2023-04-20 08:00:00+00:00,1939.29
2023-04-20 12:00:00+00:00,1944.92
2023-04-20 16:00:00+00:00,1926.85
2023-04-20 20:00:00+00:00,1942.11
2023-04-21 00:00:00+00:00,1945.26
2023-04-21 04:00:00+00:00,1927.2
2023-04-21 08:00:00+00:00,1908.17
2023-04-21 12:00:00+00:00,1903.19
2023-04-21 16:00:00+00:00,1841.87
2023-04-21 20:00:00+00:00,1848.0
2023-04-22 00:00:00+00:00,1858.68
2023-04-22 04:00:00+00:00,1849.91
2023-04-22 08:00:00+00:00,1851.12
2023-04-22 12:00:00+00:00,1865.77
2023-04-22 16:00:00+00:00,1871.0
2023-04-22 20:00:00+00:00,1873.39
2023-04-23 00:00:00+00:00,1861.23
2023-04-23 04:00:00+00:00,1873.23
2023-04-23 08:00:00+00:00,1873.79
2023-04-23 12:00:00+00:00,1858.35
2023-04-23 16:00:00+00:00,1845.99
2023-04-23 20:00:00+00:00,1861.3
2023-04-24 00:00:00+00:00,1867.36
2023-04-24 04:00:00+00:00,1844.77
2023-04-24 08:00:00+00:00,1854.48
2023-04-24 12:00:00+00:00,1833.74
2023-04-24 16:00:00+00:00,1830.64
2023-04-24 20:00:00+00:00,1841.19
2023-04-25 00:00:00+00:00,1829.51
2023-04-25 04:00:00+00:00,1814.43
2023-04-25 08:00:00+00:00,1825.22
2023-04-25 12:00:00+00:00,1814.13
2023-04-25 16:00:00+00:00,1836.82
2023-04-25 20:00:00+00:00,1865.4
2023-04-26 00:00:00+00:00,1861.95
2023-04-26 04:00:00+00:00,1861.09
2023-04-26 08:00:00+00:00,1913.67
2023-04-26 12:00:00+00:00,1952.98
2023-04-26 16:00:00+00:00,1827.39
2023-04-26 20:00:00+00:00,1865.02
2023-04-27 00:00:00+00:00,1897.62
2023-04-27 04:00:00+00:00,1884.0
2023-04-27 08:00:00+00:00,1880.14
2023-04-27 12:00:00+00:00,1899.14
2023-04-27 16:00:00+00:00,1921.67
2023-04-27 20:00:00+00:00,1907.67
2023-04-28 00:00:00+00:00,1904.79
2023-04-28 04:00:00+00:00,1918.35
2023-04-28 08:00:00+00:00,1901.47
2023-04-28 12:00:00+00:00,1886.03
2023-04-28 16:00:00+00:00,1891.78
2023-04-28 20:00:00+00:00,1890.13
2023-04-29 00:00:00+00:00,1895.23
2023-04-29 04:00:00+00:00,1901.25
2023-04-29 08:00:00+00:00,1897.3
2023-04-29 12:00:00+00:00,1904.73
2023-04-29 16:00:00+00:00,1902.26
2023-04-29 20:00:00+00:00,1907.01
2023-04-30 00:00:00+00:00,1895.13
2023-04-30 04:00:00+00:00,1901.99
2023-04-30 08:00:00+00:00,1899.8
2023-04-30 12:00:00+00:00,1918.92
2023-04-30 16:00:00+00:00,1903.61
2023-04-30 20:00:00+00:00,1868.41
2023-05-01 00:00:00+00:00,1845.94
2023-05-01 04:00:00+00:00,1848.53
2023-05-01 08:00:00+00:00,1844.51
2023-05-01 12:00:00+00:00,1833.09
2023-05-01 16:00:00+00:00,1812.2
2023-05-01 20:00:00+00:00,1829.97
2023-05-02 00:00:00+00:00,1829.83
2023-05-02 04:00:00+00:00,1834.88
2023-05-02 08:00:00+00:00,1832.95
2023-05-02 12:00:00+00:00,1857.84
2023-05-02 16:00:00+00:00,1867.68
2023-05-02 20:00:00+00:00,1869.2
2023-05-03 00:00:00+00:00,1861.79
2023-05-03 04:00:00+00:00,1864.55
2023-05-03 08:00:00+00:00,1858.7
2023-05-03 12:00:00+00:00,1852.19
2023-05-03 16:00:00+00:00,1867.18
2023-05-03 20:00:00+00:00,1904.74
2023-05-04 00:00:00+00:00,1902.94
2023-05-04 04:00:00+00:00,1898.0
2023-05-04 08:00:00+00:00,1903.9
2023-05-04 12:00:00+00:00,1884.59
2023-05-04 16:00:00+00:00,1875.71
2023-05-04 20:00:00+00:00,1876.13
2023-05-05 00:00:00+00:00,1895.76
2023-05-05 04:00:00+00:00,1894.27
2023-05-05 08:00:00+00:00,1910.82
2023-05-05 12:00:00+00:00,1952.83
2023-05-05 16:00:00+00:00,1990.44
2023-05-05 20:00:00+00:00,1992.56
2023-05-06 00:00:00+00:00,1969.88
2023-05-06 04:00:00+00:00,1958.13
2023-05-06 08:00:00+00:00,1933.7
2023-05-06 12:00:00+00:00,1876.18
2023-05-06 16:00:00+00:00,1896.98
2023-05-06 20:00:00+00:00,1895.29
2023-05-07 00:00:00+00:00,1892.32
2023-05-07 04:00:00+00:00,1904.48
2023-05-07 08:00:00+00:00,1901.31
2023-05-07 12:00:00+00:00,1916.17
2023-05-07 16:00:00+00:00,1912.0
2023-05-07 20:00:00+00:00,1869.5
2023-05-08 00:00:00+00:00,1865.0
2023-05-08 04:00:00+00:00,1850.55
2023-05-08 08:00:00+00:00,1861.83
2023-05-08 12:00:00+00:00,1863.93
2023-05-08 16:00:00+00:00,1828.11
2023-05-08 20:00:00+00:00,1846.54
2023-05-09 00:00:00+00:00,1842.75
2023-05-09 04:00:00+00:00,1847.58
2023-05-09 08:00:00+00:00,1845.7
2023-05-09 12:00:00+00:00,1838.9
2023-05-09 16:00:00+00:00,1851.79
2023-05-09 20:00:00+00:00,1845.8
2023-05-10 00:00:00+00:00,1842.6
2023-05-10 04:00:00+00:00,1837.67
2023-05-10 08:00:00+00:00,1849.63
2023-05-10 12:00:00+00:00,1871.81
2023-05-10 16:00:00+00:00,1848.67
2023-05-10 20:00:00+00:00,1839.86
2023-05-11 00:00:00+00:00,1826.53
2023-05-11 04:00:00+00:00,1828.62
2023-05-11 08:00:00+00:00,1820.18
2023-05-11 12:00:00+00:00,1806.85
2023-05-11 16:00:00+00:00,1783.8
2023-05-11 20:00:00+00:00,1793.24
2023-05-12 00:00:00+00:00,1762.82
2023-05-12 04:00:00+00:00,1758.49
2023-05-12 08:00:00+00:00,1763.95
2023-05-12 12:00:00+00:00,1764.76
2023-05-12 16:00:00+00:00,1789.13
2023-05-12 20:00:00+00:00,1806.53
2023-05-13 00:00:00+00:00,1804.69
2023-05-13 04:00:00+00:00,1802.01
2023-05-13 08:00:00+00:00,1802.96
2023-05-13 12:00:00+00:00,1795.0
2023-05-13 16:00:00+00:00,1791.73
2023-05-13 20:00:00+00:00,1794.44
2023-05-14 00:00:00+00:00,1803.18
2023-05-14 04:00:00+00:00,1804.24
2023-05-14 08:00:00+00:00,1801.34
2023-05-14 12:00:00+00:00,1818.15
2023-05-14 16:00:00+00:00,1795.28
2023-05-14 20:00:00+00:00,1798.25
2023-05-15 00:00:00+00:00,1825.19
2023-05-15 04:00:00+00:00,1827.98
2023-05-15 08:00:00+00:00,1823.63
2023-05-15 12:00:00+00:00,1826.9
2023-05-15 16:00:00+00:00,1827.99
2023-05-15 20:00:00+00:00,1815.56
2023-05-16 00:00:00+00:00,1812.92
2023-05-16 04:00:00+00:00,1821.69
2023-05-16 08:00:00+00:00,1815.65
2023-05-16 12:00:00+00:00,1819.37
2023-05-16 16:00:00+00:00,1815.74
2023-05-16 20:00:00+00:00,1823.53
2023-05-17 00:00:00+00:00,1822.8
2023-05-17 04:00:00+00:00,1806.76
2023-05-17 08:00:00+00:00,1789.41
2023-05-17 12:00:00+00:00,1796.38
2023-05-17 16:00:00+00:00,1827.3
2023-05-17 20:00:00+00:00,1821.65
2023-05-18 00:00:00+00:00,1825.86
2023-05-18 04:00:00+00:00,1826.25
2023-05-18 08:00:00+00:00,1824.9
2023-05-18 12:00:00+00:00,1807.26
2023-05-18 16:00:00+00:00,1794.37
2023-05-18 20:00:00+00:00,1799.69
2023-05-19 00:00:00+00:00,1800.75
2023-05-19 04:00:00+00:00,1804.53
2023-05-19 08:00:00+00:00,1806.73
2023-05-19 12:00:00+00:00,1814.64
2023-05-19 16:00:00+00:00,1810.91
2023-05-19 20:00:00+00:00,1811.38
2023-05-20 00:00:00+00:00,1812.51
2023-05-20 04:00:00+00:00,1810.24
2023-05-20 08:00:00+00:00,1812.48
2023-05-20 12:00:00+00:00,1816.63
2023-05-20 16:00:00+00:00,1820.75
2023-05-20 20:00:00+00:00,1818.59
2023-05-21 00:00:00+00:00,1817.06
2023-05-21 04:00:00+00:00,1816.19
2023-05-21 08:00:00+00:00,1808.43
2023-05-21 12:00:00+00:00,1806.41
2023-05-21 16:00:00+00:00,1809.38
2023-05-21 20:00:00+00:00,1803.89
2023-05-22 00:00:00+00:00,1800.2
2023-05-22 04:00:00+00:00,1810.16
2023-05-22 08:00:00+00:00,1813.89
2023-05-22 12:00:00+00:00,1815.83
2023-05-22 16:00:00+00:00,1815.77
2023-05-22 20:00:00+00:00,1816.67
2023-05-23 00:00:00+00:00,1864.95
2023-05-23 04:00:00+00:00,1853.89
2023-05-23 08:00:00+00:00,1854.32
2023-05-23 12:00:00+00:00,1856.3
2023-05-23 16:00:00+00:00,1850.82
2023-05-23 20:00:00+00:00,1853.36
2023-05-24 00:00:00+00:00,1820.85
2023-05-24 04:00:00+00:00,1813.35
2023-05-24 08:00:00+00:00,1815.37
2023-05-24 12:00:00+00:00,1792.51
2023-05-24 16:00:00+00:00,1791.91
2023-05-24 20:00:00+00:00,1798.84
2023-05-25 00:00:00+00:00,1780.19
2023-05-25 04:00:00+00:00,1777.9
2023-05-25 08:00:00+00:00,1788.63
2023-05-25 12:00:00+00:00,1790.63
2023-05-25 16:00:00+00:00,1808.05
2023-05-25 20:00:00+00:00,1804.65
2023-05-26 00:00:00+00:00,1806.43
2023-05-26 04:00:00+00:00,1815.66
2023-05-26 08:00:00+00:00,1811.46
2023-05-26 12:00:00+00:00,1829.85
2023-05-26 16:00:00+00:00,1834.93
2023-05-26 20:00:00+00:00,1826.81
2023-05-27 00:00:00+00:00,1833.33
2023-05-27 04:00:00+00:00,1829.26
2023-05-27 08:00:00+00:00,1825.82
2023-05-27 12:00:00+00:00,1822.97
2023-05-27 16:00:00+00:00,1825.48
2023-05-27 20:00:00+00:00,1828.85
2023-05-28 00:00:00+00:00,1850.01
2023-05-28 04:00:00+00:00,1846.7
2023-05-28 08:00:00+00:00,1842.61
2023-05-28 12:00:00+00:00,1843.19
2023-05-28 16:00:00+00:00,1847.74
2023-05-28 20:00:00+00:00,1908.36
2023-05-29 00:00:00+00:00,1903.22
2023-05-29 04:00:00+00:00,1899.58
2023-05-29 08:00:00+00:00,1902.87
2023-05-29 12:00:00+00:00,1889.14
2023-05-29 16:00:00+00:00,1890.56
2023-05-29 20:00:00+00:00,1891.5
2023-05-30 00:00:00+00:00,1899.78
2023-05-30 04:00:00+00:00,1897.67
2023-05-30 08:00:00+00:00,1914.49
2023-05-30 12:00:00+00:00,1899.78
2023-05-30 16:00:00+00:00,1906.25
2023-05-30 20:00:00+00:00,1899.81
2023-05-31 00:00:00+00:00,1896.82
2023-05-31 04:00:00+00:00,1868.67
2023-05-31 08:00:00+00:00,1864.57
2023-05-31 12:00:00+00:00,1857.32
2023-05-31 16:00:00+00:00,1862.91
2023-05-31 20:00:00+00:00,1872.84
2023-06-01 00:00:00+00:00,1854.81
2023-06-01 04:00:00+00:00,1853.6
2023-06-01 08:00:00+00:00,1860.8
2023-06-01 12:00:00+00:00,1862.79
2023-06-01 16:00:00+00:00,1868.62
2023-06-01 20:00:00+00:00,1860.59
2023-06-02 00:00:00+00:00,1878.01
2023-06-02 04:00:00+00:00,1884.99
2023-06-02 08:00:00+00:00,1894.13
2023-06-02 12:00:00+00:00,1890.88
2023-06-02 16:00:00+00:00,1907.31
2023-06-02 20:00:00+00:00,1905.58
2023-06-03 00:00:00+00:00,1898.92
2023-06-03 04:00:00+00:00,1901.64
2023-06-03 08:00:00+00:00,1902.99
2023-06-03 12:00:00+00:00,1902.5
2023-06-03 16:00:00+00:00,1884.9
2023-06-03 20:00:00+00:00,1890.91
2023-06-04 00:00:00+00:00,1893.04
2023-06-04 04:00:00+00:00,1898.95
2023-06-04 08:00:00+00:00,1902.25
2023-06-04 12:00:00+00:00,1900.96
2023-06-04 16:00:00+00:00,1903.67
2023-06-04 20:00:00+00:00,1888.54
2023-06-05 00:00:00+00:00,1869.05
2023-06-05 04:00:00+00:00,1872.39
2023-06-05 08:00:00+00:00,1868.64
2023-06-05 12:00:00+00:00,1818.95
2023-06-05 16:00:00+00:00,1805.48
2023-06-05 20:00:00+00:00,1810.03
2023-06-06 00:00:00+00:00,1810.8
2023-06-06 04:00:00+00:00,1812.26
2023-06-06 08:00:00+00:00,1812.75
2023-06-06 12:00:00+00:00,1841.38
2023-06-06 16:00:00+00:00,1891.13
2023-06-06 20:00:00+00:00,1883.26
2023-06-07 00:00:00+00:00,1876.77
2023-06-07 04:00:00+00:00,1874.39
2023-06-07 08:00:00+00:00,1869.64
2023-06-07 12:00:00+00:00,1838.29
2023-06-07 16:00:00+00:00,1849.64
2023-06-07 20:00:00+00:00,1831.31
2023-06-08 00:00:00+00:00,1834.35
2023-06-08 04:00:00+00:00,1841.12
2023-06-08 08:00:00+00:00,1842.75
2023-06-08 12:00:00+00:00,1854.77
2023-06-08 16:00:00+00:00,1846.98
2023-06-08 20:00:00+00:00,1844.94
2023-06-09 00:00:00+00:00,1837.16
2023-06-09 04:00:00+00:00,1835.23
2023-06-09 08:00:00+00:00,1843.11
2023-06-09 12:00:00+00:00,1840.6
2023-06-09 16:00:00+00:00,1830.16
2023-06-09 20:00:00+00:00,1839.61
2023-06-10 00:00:00+00:00,1826.5
2023-06-10 04:00:00+00:00,1731.41
2023-06-10 08:00:00+00:00,1746.87
2023-06-10 12:00:00+00:00,1736.69
2023-06-10 16:00:00+00:00,1743.32
2023-06-10 20:00:00+00:00,1750.64
2023-06-11 00:00:00+00:00,1751.02
2023-06-11 04:00:00+00:00,1752.22
2023-06-11 08:00:00+00:00,1751.49
2023-06-11 12:00:00+00:00,1740.14
2023-06-11 16:00:00+00:00,1761.49
2023-06-11 20:00:00+00:00,1751.8
2023-06-12 00:00:00+00:00,1735.15
2023-06-12 04:00:00+00:00,1735.99
2023-06-12 08:00:00+00:00,1744.76
2023-06-12 12:00:00+00:00,1730.8
2023-06-12 16:00:00+00:00,1732.18
2023-06-12 20:00:00+00:00,1741.61
2023-06-13 00:00:00+00:00,1746.55
2023-06-13 04:00:00+00:00,1747.26
2023-06-13 08:00:00+00:00,1753.06
2023-06-13 12:00:00+00:00,1729.58
2023-06-13 16:00:00+00:00,1739.72
2023-06-13 20:00:00+00:00,1739.24
2023-06-14 00:00:00+00:00,1745.55
2023-06-14 04:00:00+00:00,1740.4
2023-06-14 08:00:00+00:00,1745.48
2023-06-14 12:00:00+00:00,1739.96
2023-06-14 16:00:00+00:00,1727.58
2023-06-14 20:00:00+00:00,1650.18
2023-06-15 00:00:00+00:00,1651.01
2023-06-15 04:00:00+00:00,1639.31
2023-06-15 08:00:00+00:00,1642.44
2023-06-15 12:00:00+00:00,1641.64
2023-06-15 16:00:00+00:00,1668.16
2023-06-15 20:00:00+00:00,1665.64
2023-06-16 00:00:00+00:00,1665.85
2023-06-16 04:00:00+00:00,1670.31
2023-06-16 08:00:00+00:00,1663.77
2023-06-16 12:00:00+00:00,1681.64
2023-06-16 16:00:00+00:00,1721.51
2023-06-16 20:00:00+00:00,1717.31
2023-06-17 00:00:00+00:00,1717.99
2023-06-17 04:00:00+00:00,1743.94
2023-06-17 08:00:00+00:00,1737.69
2023-06-17 12:00:00+00:00,1726.99
2023-06-17 16:00:00+00:00,1727.51
2023-06-17 20:00:00+00:00,1727.2
2023-06-18 00:00:00+00:00,1728.03
2023-06-18 04:00:00+00:00,1729.5
2023-06-18 08:00:00+00:00,1733.77
2023-06-18 12:00:00+00:00,1737.17
2023-06-18 16:00:00+00:00,1740.6
2023-06-18 20:00:00+00:00,1719.99
2023-06-19 00:00:00+00:00,1722.85
2023-06-19 04:00:00+00:00,1723.71
2023-06-19 08:00:00+00:00,1725.01
2023-06-19 12:00:00+00:00,1720.81
2023-06-19 16:00:00+00:00,1723.48
2023-06-19 20:00:00+00:00,1736.21
2023-06-20 00:00:00+00:00,1729.92
2023-06-20 04:00:00+00:00,1729.11
2023-06-20 08:00:00+00:00,1733.73
2023-06-20 12:00:00+00:00,1731.66
2023-06-20 16:00:00+00:00,1781.82
2023-06-20 20:00:00+00:00,1791.37
2023-06-21 00:00:00+00:00,1810.86
2023-06-21 04:00:00+00:00,1812.05
2023-06-21 08:00:00+00:00,1829.01
2023-06-21 12:00:00+00:00,1848.79
2023-06-21 16:00:00+00:00,1881.92
2023-06-21 20:00:00+00:00,1888.31
2023-06-22 00:00:00+00:00,1917.68
2023-06-22 04:00:00+00:00,1910.2
2023-06-22 08:00:00+00:00,1886.2
2023-06-22 12:00:00+00:00,1876.6
2023-06-22 16:00:00+00:00,1889.05
2023-06-22 20:00:00+00:00,1871.36
2023-06-23 00:00:00+00:00,1881.3
2023-06-23 04:00:00+00:00,1879.8
2023-06-23 08:00:00+00:00,1878.84
2023-06-23 12:00:00+00:00,1916.53
2023-06-23 16:00:00+00:00,1900.13
2023-06-23 20:00:00+00:00,1892.2
2023-06-24 00:00:00+00:00,1893.36
2023-06-24 04:00:00+00:00,1882.04
2023-06-24 08:00:00+00:00,1889.5
2023-06-24 12:00:00+00:00,1873.25
2023-06-24 16:00:00+00:00,1887.41
2023-06-24 20:00:00+00:00,1874.48
2023-06-25 00:00:00+00:00,1894.47
2023-06-25 04:00:00+00:00,1910.84
2023-06-25 08:00:00+00:00,1917.77
2023-06-25 12:00:00+00:00,1885.48
2023-06-25 16:00:00+00:00,1894.27
2023-06-25 20:00:00+00:00,1898.27
2023-06-26 00:00:00+00:00,1879.5
2023-06-26 04:00:00+00:00,1891.5
2023-06-26 08:00:00+00:00,1880.01
2023-06-26 12:00:00+00:00,1888.45
2023-06-26 16:00:00+00:00,1853.43
2023-06-26 20:00:00+00:00,1858.14
2023-06-27 00:00:00+00:00,1871.25
2023-06-27 04:00:00+00:00,1875.0
2023-06-27 08:00:00+00:00,1880.41
2023-06-27 12:00:00+00:00,1870.41
2023-06-27 16:00:00+00:00,1893.75
2023-06-27 20:00:00+00:00,1889.05
2023-06-28 00:00:00+00:00,1865.91
2023-06-28 04:00:00+00:00,1849.86
2023-06-28 08:00:00+00:00,1859.93
2023-06-28 12:00:00+00:00,1858.8
2023-06-28 16:00:00+00:00,1831.43
2023-06-28 20:00:00+00:00,1827.26
2023-06-29 00:00:00+00:00,1837.1
2023-06-29 04:00:00+00:00,1846.43
2023-06-29 08:00:00+00:00,1869.15
2023-06-29 12:00:00+00:00,1851.28
2023-06-29 16:00:00+00:00,1856.42
2023-06-29 20:00:00+00:00,1851.19
2023-06-30 00:00:00+00:00,1872.73
2023-06-30 04:00:00+00:00,1886.85
2023-06-30 08:00:00+00:00,1890.52
2023-06-30 12:00:00+00:00,1851.15
2023-06-30 16:00:00+00:00,1925.97
2023-06-30 20:00:00+00:00,1933.41
2023-07-01 00:00:00+00:00,1919.72
2023-07-01 04:00:00+00:00,1919.8
2023-07-01 08:00:00+00:00,1921.98
2023-07-01 12:00:00+00:00,1922.15
2023-07-01 16:00:00+00:00,1922.24
2023-07-01 20:00:00+00:00,1924.08
2023-07-02 00:00:00+00:00,1913.67
2023-07-02 04:00:00+00:00,1914.15
2023-07-02 08:00:00+00:00,1919.99
2023-07-02 12:00:00+00:00,1917.87
2023-07-02 16:00:00+00:00,1913.5
2023-07-02 20:00:00+00:00,1937.69
2023-07-03 00:00:00+00:00,1948.4
2023-07-03 04:00:00+00:00,1968.01
2023-07-03 08:00:00+00:00,1961.38
2023-07-03 12:00:00+00:00,1968.16
2023-07-03 16:00:00+00:00,1966.91
2023-07-03 20:00:00+00:00,1955.0
2023-07-04 00:00:00+00:00,1962.64
2023-07-04 04:00:00+00:00,1948.26
2023-07-04 08:00:00+00:00,1960.13
2023-07-04 12:00:00+00:00,1953.89
2023-07-04 16:00:00+00:00,1933.67
2023-07-04 20:00:00+00:00,1935.72
2023-07-05 00:00:00+00:00,1940.92
2023-07-05 04:00:00+00:00,1936.13
2023-07-05 08:00:00+00:00,1909.95
2023-07-05 12:00:00+00:00,1902.02
2023-07-05 16:00:00+00:00,1906.98
2023-07-05 20:00:00+00:00,1909.88
2023-07-06 00:00:00+00:00,1912.56
2023-07-06 04:00:00+00:00,1924.23
2023-07-06 08:00:00+00:00,1916.7
2023-07-06 12:00:00+00:00,1887.6
2023-07-06 16:00:00+00:00,1884.52
2023-07-06 20:00:00+00:00,1844.82
2023-07-07 00:00:00+00:00,1857.0
2023-07-07 04:00:00+00:00,1855.36
2023-07-07 08:00:00+00:00,1859.41
2023-07-07 12:00:00+00:00,1871.27
2023-07-07 16:00:00+00:00,1863.37
2023-07-07 20:00:00+00:00,1870.0
2023-07-08 00:00:00+00:00,1863.37
2023-07-08 04:00:00+00:00,1860.66
2023-07-08 08:00:00+00:00,1858.34
2023-07-08 12:00:00+00:00,1858.35
2023-07-08 16:00:00+00:00,1845.91
2023-07-08 20:00:00+00:00,1864.45
2023-07-09 00:00:00+00:00,1867.0
2023-07-09 04:00:00+00:00,1866.48
2023-07-09 08:00:00+00:00,1868.08
2023-07-09 12:00:00+00:00,1865.52
2023-07-09 16:00:00+00:00,1867.8
2023-07-09 20:00:00+00:00,1861.81
2023-07-10 00:00:00+00:00,1860.99
2023-07-10 04:00:00+00:00,1855.42
2023-07-10 08:00:00+00:00,1863.29
2023-07-10 12:00:00+00:00,1870.0
2023-07-10 16:00:00+00:00,1899.45
2023-07-10 20:00:00+00:00,1879.34
2023-07-11 00:00:00+00:00,1878.83
2023-07-11 04:00:00+00:00,1882.39
2023-07-11 08:00:00+00:00,1866.42
2023-07-11 12:00:00+00:00,1871.16
2023-07-11 16:00:00+00:00,1873.99
2023-07-11 20:00:00+00:00,1877.66
2023-07-12 00:00:00+00:00,1879.56
2023-07-12 04:00:00+00:00,1889.99
2023-07-12 08:00:00+00:00,1889.99
2023-07-12 12:00:00+00:00,1882.53
2023-07-12 16:00:00+00:00,1869.31
2023-07-12 20:00:00+00:00,1870.81
2023-07-13 00:00:00+00:00,1866.79
2023-07-13 04:00:00+00:00,1869.71
2023-07-13 08:00:00+00:00,1882.96
2023-07-13 12:00:00+00:00,1932.36
2023-07-13 16:00:00+00:00,1995.46
2023-07-13 20:00:00+00:00,2004.78
2023-07-14 00:00:00+00:00,2009.21
2023-07-14 04:00:00+00:00,1991.49
2023-07-14 08:00:00+00:00,1992.51
2023-07-14 12:00:00+00:00,1998.04
2023-07-14 16:00:00+00:00,1911.78
2023-07-14 20:00:00+00:00,1936.74
2023-07-15 00:00:00+00:00,1929.55
2023-07-15 04:00:00+00:00,1940.77
2023-07-15 08:00:00+00:00,1938.8
2023-07-15 12:00:00+00:00,1933.75
2023-07-15 16:00:00+00:00,1932.8
2023-07-15 20:00:00+00:00,1930.4
2023-07-16 00:00:00+00:00,1922.33
2023-07-16 04:00:00+00:00,1924.51
2023-07-16 08:00:00+00:00,1932.04
2023-07-16 12:00:00+00:00,1936.0
2023-07-16 16:00:00+00:00,1927.07
2023-07-16 20:00:00+00:00,1920.97
2023-07-17 00:00:00+00:00,1930.3
2023-07-17 04:00:00+00:00,1927.99
2023-07-17 08:00:00+00:00,1909.01
2023-07-17 12:00:00+00:00,1907.63
2023-07-17 16:00:00+00:00,1885.41
2023-07-17 20:00:00+00:00,1910.37
2023-07-18 00:00:00+00:00,1908.14
2023-07-18 04:00:00+00:00,1897.94
2023-07-18 08:00:00+00:00,1893.25
2023-07-18 12:00:00+00:00,1896.34
2023-07-18 16:00:00+00:00,1891.12
2023-07-18 20:00:00+00:00,1896.46
2023-07-19 00:00:00+00:00,1911.65
2023-07-19 04:00:00+00:00,1907.79
2023-07-19 08:00:00+00:00,1908.66
2023-07-19 12:00:00+00:00,1905.3
2023-07-19 16:00:00+00:00,1909.36
2023-07-19 20:00:00+00:00,1887.55
2023-07-20 00:00:00+00:00,1893.57
2023-07-20 04:00:00+00:00,1911.69
2023-07-20 08:00:00+00:00,1920.79
2023-07-20 12:00:00+00:00,1887.34
2023-07-20 16:00:00+00:00,1887.01
2023-07-20 20:00:00+00:00,1890.56
2023-07-21 00:00:00+00:00,1895.91
2023-07-21 04:00:00+00:00,1888.34
2023-07-21 08:00:00+00:00,1888.6
2023-07-21 12:00:00+00:00,1890.13
2023-07-21 16:00:00+00:00,1893.99
2023-07-21 20:00:00+00:00,1890.84
2023-07-22 00:00:00+00:00,1892.14
2023-07-22 04:00:00+00:00,1890.79
2023-07-22 08:00:00+00:00,1887.03
2023-07-22 12:00:00+00:00,1888.06
2023-07-22 16:00:00+00:00,1886.22
2023-07-22 20:00:00+00:00,1865.6
2023-07-23 00:00:00+00:00,1868.39
2023-07-23 04:00:00+00:00,1874.32
2023-07-23 08:00:00+00:00,1873.88
2023-07-23 12:00:00+00:00,1873.25
2023-07-23 16:00:00+00:00,1888.36
2023-07-23 20:00:00+00:00,1887.86
2023-07-24 00:00:00+00:00,1867.61
2023-07-24 04:00:00+00:00,1874.17
2023-07-24 08:00:00+00:00,1852.19
2023-07-24 12:00:00+00:00,1842.42
2023-07-24 16:00:00+00:00,1848.66
2023-07-24 20:00:00+00:00,1849.04
2023-07-25 00:00:00+00:00,1850.3
2023-07-25 04:00:00+00:00,1849.89
2023-07-25 08:00:00+00:00,1852.84
2023-07-25 12:00:00+00:00,1856.88
2023-07-25 16:00:00+00:00,1856.37
2023-07-25 20:00:00+00:00,1856.91
2023-07-26 00:00:00+00:00,1857.8
2023-07-26 04:00:00+00:00,1852.39
2023-07-26 08:00:00+00:00,1850.37
2023-07-26 12:00:00+00:00,1859.88
2023-07-26 16:00:00+00:00,1872.65
2023-07-26 20:00:00+00:00,1870.98
2023-07-27 00:00:00+00:00,1875.11
2023-07-27 04:00:00+00:00,1871.09
2023-07-27 08:00:00+00:00,1876.0
2023-07-27 12:00:00+00:00,1867.71
2023-07-27 16:00:00+00:00,1859.93
2023-07-27 20:00:00+00:00,1860.28
2023-07-28 00:00:00+00:00,1862.02
2023-07-28 04:00:00+00:00,1858.53
2023-07-28 08:00:00+00:00,1865.77
2023-07-28 12:00:00+00:00,1874.74
2023-07-28 16:00:00+00:00,1873.4
2023-07-28 20:00:00+00:00,1873.39
2023-07-29 00:00:00+00:00,1872.53
2023-07-29 04:00:00+00:00,1871.4
2023-07-29 08:00:00+00:00,1869.77
2023-07-29 12:00:00+00:00,1871.86
2023-07-29 16:00:00+00:00,1877.44
2023-07-29 20:00:00+00:00,1879.85
2023-07-30 00:00:00+00:00,1877.27
2023-07-30 04:00:00+00:00,1874.18
2023-07-30 08:00:00+00:00,1875.1
2023-07-30 12:00:00+00:00,1875.27
2023-07-30 16:00:00+00:00,1861.26
2023-07-30 20:00:00+00:00,1860.76
2023-07-31 00:00:00+00:00,1868.35
2023-07-31 04:00:00+00:00,1864.2
2023-07-31 08:00:00+00:00,1867.06
2023-07-31 12:00:00+00:00,1856.35
2023-07-31 16:00:00+00:00,1855.84
2023-07-31 20:00:00+00:00,1855.39
2023-08-01 00:00:00+00:00,1825.62
2023-08-01 04:00:00+00:00,1833.19
2023-08-01 08:00:00+00:00,1830.01
2023-08-01 12:00:00+00:00,1834.24
2023-08-01 16:00:00+00:00,1850.51
2023-08-01 20:00:00+00:00,1873.05
2023-08-02 00:00:00+00:00,1862.63
2023-08-02 04:00:00+00:00,1856.28
2023-08-02 08:00:00+00:00,1859.19
2023-08-02 12:00:00+00:00,1841.8
2023-08-02 16:00:00+00:00,1841.37
2023-08-02 20:00:00+00:00,1839.07
2023-08-03 00:00:00+00:00,1840.0
2023-08-03 04:00:00+00:00,1831.51
2023-08-03 08:00:00+00:00,1837.13
2023-08-03 12:00:00+00:00,1839.64
2023-08-03 16:00:00+00:00,1845.06
2023-08-03 20:00:00+00:00,1834.69
2023-08-04 00:00:00+00:00,1833.49
2023-08-04 04:00:00+00:00,1836.73
2023-08-04 08:00:00+00:00,1833.77
2023-08-04 12:00:00+00:00,1846.6
2023-08-04 16:00:00+00:00,1830.52
2023-08-04 20:00:00+00:00,1829.4
2023-08-05 00:00:00+00:00,1831.79
2023-08-05 04:00:00+00:00,1830.29
2023-08-05 08:00:00+00:00,1831.93
2023-08-05 12:00:00+00:00,1833.38
2023-08-05 16:00:00+00:00,1834.76
2023-08-05 20:00:00+00:00,1835.5
2023-08-06 00:00:00+00:00,1834.13
2023-08-06 04:00:00+00:00,1834.13
2023-08-06 08:00:00+00:00,1831.57
2023-08-06 12:00:00+00:00,1828.41
2023-08-06 16:00:00+00:00,1831.26
2023-08-06 20:00:00+00:00,1829.38
2023-08-07 00:00:00+00:00,1837.9
2023-08-07 04:00:00+00:00,1836.18
2023-08-07 08:00:00+00:00,1833.55
2023-08-07 12:00:00+00:00,1817.41
2023-08-07 16:00:00+00:00,1824.68
2023-08-07 20:00:00+00:00,1828.18
2023-08-08 00:00:00+00:00,1829.35
2023-08-08 04:00:00+00:00,1829.8
2023-08-08 08:00:00+00:00,1838.19
2023-08-08 12:00:00+00:00,1842.48
2023-08-08 16:00:00+00:00,1858.31
2023-08-08 20:00:00+00:00,1855.36
2023-08-09 00:00:00+00:00,1854.1
2023-08-09 04:00:00+00:00,1860.22
2023-08-09 08:00:00+00:00,1862.26
2023-08-09 12:00:00+00:00,1852.21
2023-08-09 16:00:00+00:00,1847.66
2023-08-09 20:00:00+00:00,1854.7
2023-08-10 00:00:00+00:00,1852.31
2023-08-10 04:00:00+00:00,1850.42
2023-08-10 08:00:00+00:00,1850.12
2023-08-10 12:00:00+00:00,1853.16
2023-08-10 16:00:00+00:00,1849.0
2023-08-10 20:00:00+00:00,1851.42
2023-08-11 00:00:00+00:00,1845.99
2023-08-11 04:00:00+00:00,1848.22
2023-08-11 08:00:00+00:00,1850.68
2023-08-11 12:00:00+00:00,1845.03
2023-08-11 16:00:00+00:00,1843.97
2023-08-11 20:00:00+00:00,1848.04
2023-08-12 00:00:00+00:00,1847.24
2023-08-12 04:00:00+00:00,1849.76
2023-08-12 08:00:00+00:00,1850.27
2023-08-12 12:00:00+00:00,1850.13
2023-08-12 16:00:00+00:00,1846.9
2023-08-12 20:00:00+00:00,1849.14
2023-08-13 00:00:00+00:00,1848.94
2023-08-13 04:00:00+00:00,1848.95
2023-08-13 08:00:00+00:00,1848.91
2023-08-13 12:00:00+00:00,1847.35
2023-08-13 16:00:00+00:00,1858.18
2023-08-13 20:00:00+00:00,1840.09
2023-08-14 00:00:00+00:00,1845.98
2023-08-14 04:00:00+00:00,1848.9
2023-08-14 08:00:00+00:00,1847.48
2023-08-14 12:00:00+00:00,1852.69
2023-08-14 16:00:00+00:00,1841.99
2023-08-14 20:00:00+00:00,1844.81
2023-08-15 00:00:00+00:00,1844.06
2023-08-15 04:00:00+00:00,1843.01
2023-08-15 08:00:00+00:00,1839.59
2023-08-15 12:00:00+00:00,1839.53
2023-08-15 16:00:00+00:00,1826.86
2023-08-15 20:00:00+00:00,1828.28
2023-08-16 00:00:00+00:00,1828.01
2023-08-16 04:00:00+00:00,1826.4
2023-08-16 08:00:00+00:00,1824.59
2023-08-16 12:00:00+00:00,1819.92
2023-08-16 16:00:00+00:00,1820.2
2023-08-16 20:00:00+00:00,1807.19
2023-08-17 00:00:00+00:00,1797.73
2023-08-17 04:00:00+00:00,1799.3
2023-08-17 08:00:00+00:00,1787.35
2023-08-17 12:00:00+00:00,1738.32
2023-08-17 16:00:00+00:00,1737.36
2023-08-17 20:00:00+00:00,1681.0
2023-08-18 00:00:00+00:00,1676.39
2023-08-18 04:00:00+00:00,1689.68
2023-08-18 08:00:00+00:00,1685.09
2023-08-18 12:00:00+00:00,1660.03
2023-08-18 16:00:00+00:00,1656.89
2023-08-18 20:00:00+00:00,1660.76
2023-08-19 00:00:00+00:00,1658.85
2023-08-19 04:00:00+00:00,1660.29
2023-08-19 08:00:00+00:00,1659.02
2023-08-19 12:00:00+00:00,1682.39
2023-08-19 16:00:00+00:00,1676.4
2023-08-19 20:00:00+00:00,1668.69
2023-08-20 00:00:00+00:00,1667.09
2023-08-20 04:00:00+00:00,1664.99
2023-08-20 08:00:00+00:00,1674.01
2023-08-20 12:00:00+00:00,1670.47
2023-08-20 16:00:00+00:00,1677.42
2023-08-20 20:00:00+00:00,1684.16
2023-08-21 00:00:00+00:00,1676.13
2023-08-21 04:00:00+00:00,1670.96
2023-08-21 08:00:00+00:00,1672.2
2023-08-21 12:00:00+00:00,1656.59
2023-08-21 16:00:00+00:00,1671.55
2023-08-21 20:00:00+00:00,1666.79
2023-08-22 00:00:00+00:00,1663.34
2023-08-22 04:00:00+00:00,1665.57
2023-08-22 08:00:00+00:00,1661.52
2023-08-22 12:00:00+00:00,1649.16
2023-08-22 16:00:00+00:00,1624.2
2023-08-22 20:00:00+00:00,1634.5
2023-08-23 00:00:00+00:00,1631.06
2023-08-23 04:00:00+00:00,1644.53
2023-08-23 08:00:00+00:00,1641.6
2023-08-23 12:00:00+00:00,1656.53
2023-08-23 16:00:00+00:00,1686.37
2023-08-23 20:00:00+00:00,1678.8
2023-08-24 00:00:00+00:00,1674.7
2023-08-24 04:00:00+00:00,1673.63
2023-08-24 08:00:00+00:00,1666.8
2023-08-24 12:00:00+00:00,1642.79
2023-08-24 16:00:00+00:00,1649.05
2023-08-24 20:00:00+00:00,1660.22
2023-08-25 00:00:00+00:00,1654.61
2023-08-25 04:00:00+00:00,1650.53
2023-08-25 08:00:00+00:00,1653.51
2023-08-25 12:00:00+00:00,1645.23
2023-08-25 16:00:00+00:00,1646.15
2023-08-25 20:00:00+00:00,1653.24
2023-08-26 00:00:00+00:00,1653.67
2023-08-26 04:00:00+00:00,1652.12
2023-08-26 08:00:00+00:00,1649.61
2023-08-26 12:00:00+00:00,1650.6
2023-08-26 16:00:00+00:00,1645.3
2023-08-26 20:00:00+00:00,1646.28
2023-08-27 00:00:00+00:00,1646.45
2023-08-27 04:00:00+00:00,1647.81
2023-08-27 08:00:00+00:00,1648.5
2023-08-27 12:00:00+00:00,1654.68
2023-08-27 16:00:00+00:00,1655.05
2023-08-27 20:00:00+00:00,1657.59
2023-08-28 00:00:00+00:00,1649.09
2023-08-28 04:00:00+00:00,1640.91
2023-08-28 08:00:00+00:00,1639.54
2023-08-28 12:00:00+00:00,1647.99
2023-08-28 16:00:00+00:00,1645.82
2023-08-28 20:00:00+00:00,1652.51
2023-08-29 00:00:00+00:00,1651.6
2023-08-29 04:00:00+00:00,1646.57
2023-08-29 08:00:00+00:00,1641.2
2023-08-29 12:00:00+00:00,1715.65
2023-08-29 16:00:00+00:00,1734.41
2023-08-29 20:00:00+00:00,1728.51
2023-08-30 00:00:00+00:00,1717.92
2023-08-30 04:00:00+00:00,1716.91
2023-08-30 08:00:00+00:00,1715.16
2023-08-30 12:00:00+00:00,1702.89
2023-08-30 16:00:00+00:00,1700.77
2023-08-30 20:00:00+00:00,1704.39
2023-08-31 00:00:00+00:00,1698.53
2023-08-31 04:00:00+00:00,1705.64
2023-08-31 08:00:00+00:00,1712.87
2023-08-31 12:00:00+00:00,1688.1
2023-08-31 16:00:00+00:00,1656.25
2023-08-31 20:00:00+00:00,1645.27
2023-09-01 00:00:00+00:00,1651.36
2023-09-01 04:00:00+00:00,1645.45
2023-09-01 08:00:00+00:00,1646.26
2023-09-01 12:00:00+00:00,1633.75
2023-09-01 16:00:00+00:00,1618.64
2023-09-01 20:00:00+00:00,1628.19
2023-09-02 00:00:00+00:00,1631.5
2023-09-02 04:00:00+00:00,1630.67
2023-09-02 08:00:00+00:00,1633.88
2023-09-02 12:00:00+00:00,1637.97
2023-09-02 16:00:00+00:00,1632.81
2023-09-02 20:00:00+00:00,1636.24
2023-09-03 00:00:00+00:00,1635.45
2023-09-03 04:00:00+00:00,1634.95
2023-09-03 08:00:00+00:00,1633.49
2023-09-03 12:00:00+00:00,1632.18
2023-09-03 16:00:00+00:00,1638.08
2023-09-03 20:00:00+00:00,1635.02
2023-09-04 00:00:00+00:00,1636.86
2023-09-04 04:00:00+00:00,1638.06
2023-09-04 08:00:00+00:00,1631.46
2023-09-04 12:00:00+00:00,1625.33
2023-09-04 16:00:00+00:00,1630.41
2023-09-04 20:00:00+00:00,1630.09
2023-09-05 00:00:00+00:00,1617.25
2023-09-05 04:00:00+00:00,1624.33
2023-09-05 08:00:00+00:00,1634.64
2023-09-05 12:00:00+00:00,1636.03
2023-09-05 16:00:00+00:00,1631.55
2023-09-05 20:00:00+00:00,1633.63
2023-09-06 00:00:00+00:00,1632.63
2023-09-06 04:00:00+00:00,1628.41
2023-09-06 08:00:00+00:00,1632.02
2023-09-06 12:00:00+00:00,1622.49
2023-09-06 16:00:00+00:00,1630.68
2023-09-06 20:00:00+00:00,1632.33
2023-09-07 00:00:00+00:00,1639.45
2023-09-07 04:00:00+00:00,1635.16
2023-09-07 08:00:00+00:00,1626.83
2023-09-07 12:00:00+00:00,1629.85
2023-09-07 16:00:00+00:00,1636.33
2023-09-07 20:00:00+00:00,1647.27
2023-09-08 00:00:00+00:00,1645.65
2023-09-08 04:00:00+00:00,1646.1
2023-09-08 08:00:00+00:00,1625.23
2023-09-08 12:00:00+00:00,1627.89
2023-09-08 16:00:00+00:00,1633.7
2023-09-08 20:00:00+00:00,1635.78
2023-09-09 00:00:00+00:00,1633.57
2023-09-09 04:00:00+00:00,1633.73
2023-09-09 08:00:00+00:00,1634.45
2023-09-09 12:00:00+00:00,1634.47
2023-09-09 16:00:00+00:00,1633.18
2023-09-09 20:00:00+00:00,1634.8
2023-09-10 00:00:00+00:00,1630.21
2023-09-10 04:00:00+00:00,1624.14
2023-09-10 08:00:00+00:00,1623.6
2023-09-10 12:00:00+00:00,1618.9
2023-09-10 16:00:00+00:00,1616.47
2023-09-10 20:00:00+00:00,1616.47
2023-09-11 00:00:00+00:00,1611.92
2023-09-11 04:00:00+00:00,1611.6
2023-09-11 08:00:00+00:00,1585.86
2023-09-11 12:00:00+00:00,1561.68
2023-09-11 16:00:00+00:00,1538.6
2023-09-11 20:00:00+00:00,1551.03
2023-09-12 00:00:00+00:00,1584.08
2023-09-12 04:00:00+00:00,1579.17
2023-09-12 08:00:00+00:00,1608.79
2023-09-12 12:00:00+00:00,1602.95
2023-09-12 16:00:00+00:00,1597.73
2023-09-12 20:00:00+00:00,1592.29
2023-09-13 00:00:00+00:00,1588.9
2023-09-13 04:00:00+00:00,1583.69
2023-09-13 08:00:00+00:00,1603.83
2023-09-13 12:00:00+00:00,1607.31
2023-09-13 16:00:00+00:00,1598.62
2023-09-13 20:00:00+00:00,1606.68
2023-09-14 00:00:00+00:00,1619.37
2023-09-14 04:00:00+00:00,1620.67
2023-09-14 08:00:00+00:00,1623.9
2023-09-14 12:00:00+00:00,1634.02
2023-09-14 16:00:00+00:00,1635.14
2023-09-14 20:00:00+00:00,1625.65
2023-09-15 00:00:00+00:00,1633.72
2023-09-15 04:00:00+00:00,1627.18
2023-09-15 08:00:00+00:00,1620.09
2023-09-15 12:00:00+00:00,1618.62
2023-09-15 16:00:00+00:00,1620.6
2023-09-15 20:00:00+00:00,1640.67
2023-09-16 00:00:00+00:00,1640.99
2023-09-16 04:00:00+00:00,1636.21
2023-09-16 08:00:00+00:00,1634.93
2023-09-16 12:00:00+00:00,1633.71
2023-09-16 16:00:00+00:00,1632.74
2023-09-16 20:00:00+00:00,1633.68
2023-09-17 00:00:00+00:00,1628.33
2023-09-17 04:00:00+00:00,1626.85
2023-09-17 08:00:00+00:00,1628.62
2023-09-17 12:00:00+00:00,1628.61
2023-09-17 16:00:00+00:00,1624.93
2023-09-17 20:00:00+00:00,1621.62
2023-09-18 00:00:00+00:00,1629.35
2023-09-18 04:00:00+00:00,1633.22
2023-09-18 08:00:00+00:00,1655.16
2023-09-18 12:00:00+00:00,1654.7
2023-09-18 16:00:00+00:00,1640.06
2023-09-18 20:00:00+00:00,1635.63
2023-09-19 00:00:00+00:00,1633.93
2023-09-19 04:00:00+00:00,1635.42
2023-09-19 08:00:00+00:00,1647.06
2023-09-19 12:00:00+00:00,1656.32
2023-09-19 16:00:00+00:00,1643.39
2023-09-19 20:00:00+00:00,1642.49
2023-09-20 00:00:00+00:00,1636.78
2023-09-20 04:00:00+00:00,1633.84
2023-09-20 08:00:00+00:00,1629.03
2023-09-20 12:00:00+00:00,1628.41
2023-09-20 16:00:00+00:00,1615.37
2023-09-20 20:00:00+00:00,1621.6
2023-09-21 00:00:00+00:00,1622.71
2023-09-21 04:00:00+00:00,1617.48
2023-09-21 08:00:00+00:00,1594.09
2023-09-21 12:00:00+00:00,1583.0
2023-09-21 16:00:00+00:00,1588.91
2023-09-21 20:00:00+00:00,1583.0
2023-09-22 00:00:00+00:00,1593.91
2023-09-22 04:00:00+00:00,1595.0
2023-09-22 08:00:00+00:00,1596.37
2023-09-22 12:00:00+00:00,1592.65
2023-09-22 16:00:00+00:00,1591.6
2023-09-22 20:00:00+00:00,1592.28
2023-09-23 00:00:00+00:00,1590.2
2023-09-23 04:00:00+00:00,1593.73
2023-09-23 08:00:00+00:00,1592.62
2023-09-23 12:00:00+00:00,1589.75
2023-09-23 16:00:00+00:00,1593.93
2023-09-23 20:00:00+00:00,1592.97
2023-09-24 00:00:00+00:00,1591.51
2023-09-24 04:00:00+00:00,1591.0
2023-09-24 08:00:00+00:00,1593.31
2023-09-24 12:00:00+00:00,1589.87
2023-09-24 16:00:00+00:00,1585.23
2023-09-24 20:00:00+00:00,1579.99
2023-09-25 00:00:00+00:00,1577.0
2023-09-25 04:00:00+00:00,1580.51
2023-09-25 08:00:00+00:00,1567.96
2023-09-25 12:00:00+00:00,1583.88
2023-09-25 16:00:00+00:00,1590.9
2023-09-25 20:00:00+00:00,1587.69
2023-09-26 00:00:00+00:00,1591.03
2023-09-26 04:00:00+00:00,1588.21
2023-09-26 08:00:00+00:00,1590.85
2023-09-26 12:00:00+00:00,1582.17
2023-09-26 16:00:00+00:00,1588.71
2023-09-26 20:00:00+00:00,1593.3
2023-09-27 00:00:00+00:00,1594.92
2023-09-27 04:00:00+00:00,1591.71
2023-09-27 08:00:00+00:00,1628.91
2023-09-27 12:00:00+00:00,1600.99
2023-09-27 16:00:00+00:00,1597.0
2023-09-27 20:00:00+00:00,1597.89
2023-09-28 00:00:00+00:00,1605.36
2023-09-28 04:00:00+00:00,1618.44
2023-09-28 08:00:00+00:00,1622.94
2023-09-28 12:00:00+00:00,1652.02
2023-09-28 16:00:00+00:00,1657.59
2023-09-28 20:00:00+00:00,1652.13
2023-09-29 00:00:00+00:00,1650.82
2023-09-29 04:00:00+00:00,1685.59
2023-09-29 08:00:00+00:00,1668.28
2023-09-29 12:00:00+00:00,1671.38
2023-09-29 16:00:00+00:00,1664.61
2023-09-29 20:00:00+00:00,1666.61
2023-09-30 00:00:00+00:00,1669.63
2023-09-30 04:00:00+00:00,1671.07
2023-09-30 08:00:00+00:00,1675.06
2023-09-30 12:00:00+00:00,1682.53
2023-09-30 16:00:00+00:00,1678.27
2023-09-30 20:00:00+00:00,1670.18
2023-10-01 00:00:00+00:00,1673.69
2023-10-01 04:00:00+00:00,1677.52
2023-10-01 08:00:00+00:00,1687.88
2023-10-01 12:00:00+00:00,1683.13
2023-10-01 16:00:00+00:00,1675.51
2023-10-01 20:00:00+00:00,1733.39
2023-10-02 00:00:00+00:00,1728.43
2023-10-02 04:00:00+00:00,1729.48
2023-10-02 08:00:00+00:00,1724.37
2023-10-02 12:00:00+00:00,1690.96
2023-10-02 16:00:00+00:00,1673.59
2023-10-02 20:00:00+00:00,1661.49
2023-10-03 00:00:00+00:00,1665.0
2023-10-03 04:00:00+00:00,1661.64
2023-10-03 08:00:00+00:00,1655.77
2023-10-03 12:00:00+00:00,1647.6
2023-10-03 16:00:00+00:00,1649.72
2023-10-03 20:00:00+00:00,1656.18
2023-10-04 00:00:00+00:00,1641.11
2023-10-04 04:00:00+00:00,1644.25
2023-10-04 08:00:00+00:00,1645.99
2023-10-04 12:00:00+00:00,1631.9
2023-10-04 16:00:00+00:00,1642.08
2023-10-04 20:00:00+00:00,1645.75
2023-10-05 00:00:00+00:00,1641.38
2023-10-05 04:00:00+00:00,1635.36
2023-10-05 08:00:00+00:00,1635.7
2023-10-05 12:00:00+00:00,1617.4
2023-10-05 16:00:00+00:00,1616.01
2023-10-05 20:00:00+00:00,1611.23
2023-10-06 00:00:00+00:00,1623.59
2023-10-06 04:00:00+00:00,1630.34
2023-10-06 08:00:00+00:00,1634.0
2023-10-06 12:00:00+00:00,1642.16
2023-10-06 16:00:00+00:00,1645.5
2023-10-06 20:00:00+00:00,1644.33
2023-10-07 00:00:00+00:00,1640.63
2023-10-07 04:00:00+00:00,1636.0
2023-10-07 08:00:00+00:00,1637.89
2023-10-07 12:00:00+00:00,1637.83
2023-10-07 16:00:00+00:00,1630.05
2023-10-07 20:00:00+00:00,1633.18
2023-10-08 00:00:00+00:00,1638.47
2023-10-08 04:00:00+00:00,1628.14
2023-10-08 08:00:00+00:00,1617.25
2023-10-08 12:00:00+00:00,1630.63
2023-10-08 16:00:00+00:00,1634.86
2023-10-08 20:00:00+00:00,1632.02
2023-10-09 00:00:00+00:00,1632.98
2023-10-09 04:00:00+00:00,1620.0
2023-10-09 08:00:00+00:00,1589.76
2023-10-09 12:00:00+00:00,1585.64
2023-10-09 16:00:00+00:00,1580.79
2023-10-09 20:00:00+00:00,1579.4
2023-10-10 00:00:00+00:00,1584.1
2023-10-10 04:00:00+00:00,1589.52
2023-10-10 08:00:00+00:00,1578.7
2023-10-10 12:00:00+00:00,1567.25
2023-10-10 16:00:00+00:00,1565.25
2023-10-10 20:00:00+00:00,1566.89
2023-10-11 00:00:00+00:00,1555.76
2023-10-11 04:00:00+00:00,1556.16
2023-10-11 08:00:00+00:00,1572.04
2023-10-11 12:00:00+00:00,1558.77
2023-10-11 16:00:00+00:00,1562.43
2023-10-11 20:00:00+00:00,1566.07
2023-10-12 00:00:00+00:00,1560.99
2023-10-12 04:00:00+00:00,1558.64
2023-10-12 08:00:00+00:00,1551.49
2023-10-12 12:00:00+00:00,1540.96
2023-10-12 16:00:00+00:00,1530.74
2023-10-12 20:00:00+00:00,1538.81
2023-10-13 00:00:00+00:00,1538.25
2023-10-13 04:00:00+00:00,1548.67
2023-10-13 08:00:00+00:00,1546.01
2023-10-13 12:00:00+00:00,1538.76
2023-10-13 16:00:00+00:00,1545.26
2023-10-13 20:00:00+00:00,1551.55
2023-10-14 00:00:00+00:00,1552.96
2023-10-14 04:00:00+00:00,1547.34
2023-10-14 08:00:00+00:00,1546.58
2023-10-14 12:00:00+00:00,1555.66
2023-10-14 16:00:00+00:00,1554.55
2023-10-14 20:00:00+00:00,1554.15
2023-10-15 00:00:00+00:00,1553.79
2023-10-15 04:00:00+00:00,1554.29
2023-10-15 08:00:00+00:00,1554.75
2023-10-15 12:00:00+00:00,1553.13
2023-10-15 16:00:00+00:00,1559.76
2023-10-15 20:00:00+00:00,1557.25
2023-10-16 00:00:00+00:00,1562.25
2023-10-16 04:00:00+00:00,1578.02
2023-10-16 08:00:00+00:00,1582.0
2023-10-16 12:00:00+00:00,1577.04
2023-10-16 16:00:00+00:00,1589.17
2023-10-16 20:00:00+00:00,1598.61
2023-10-17 00:00:00+00:00,1588.51
2023-10-17 04:00:00+00:00,1589.66
2023-10-17 08:00:00+00:00,1583.59
2023-10-17 12:00:00+00:00,1574.67
2023-10-17 16:00:00+00:00,1563.48
2023-10-17 20:00:00+00:00,1563.99
2023-10-18 00:00:00+00:00,1567.41
2023-10-18 04:00:00+00:00,1571.6
2023-10-18 08:00:00+00:00,1578.03
2023-10-18 12:00:00+00:00,1569.48
2023-10-18 16:00:00+00:00,1562.25
2023-10-18 20:00:00+00:00,1562.65
2023-10-19 00:00:00+00:00,1548.53
2023-10-19 04:00:00+00:00,1551.08
2023-10-19 08:00:00+00:00,1553.12
2023-10-19 12:00:00+00:00,1560.34
2023-10-19 16:00:00+00:00,1567.26
2023-10-19 20:00:00+00:00,1565.89
2023-10-20 00:00:00+00:00,1586.11
2023-10-20 04:00:00+00:00,1582.76
2023-10-20 08:00:00+00:00,1612.52
2023-10-20 12:00:00+00:00,1604.81
2023-10-20 16:00:00+00:00,1606.25
2023-10-20 20:00:00+00:00,1603.14
2023-10-21 00:00:00+00:00,1596.75
2023-10-21 04:00:00+00:00,1605.67
2023-10-21 08:00:00+00:00,1608.08
2023-10-21 12:00:00+00:00,1627.63
2023-10-21 16:00:00+00:00,1634.16
2023-10-21 20:00:00+00:00,1628.29
2023-10-22 00:00:00+00:00,1628.72
2023-10-22 04:00:00+00:00,1629.43
2023-10-22 08:00:00+00:00,1627.76
2023-10-22 12:00:00+00:00,1625.05
2023-10-22 16:00:00+00:00,1634.34
2023-10-22 20:00:00+00:00,1662.83
2023-10-23 00:00:00+00:00,1693.62
2023-10-23 04:00:00+00:00,1675.52
2023-10-23 08:00:00+00:00,1675.99
2023-10-23 12:00:00+00:00,1675.63
2023-10-23 16:00:00+00:00,1707.85
2023-10-23 20:00:00+00:00,1766.35
2023-10-24 00:00:00+00:00,1808.74
2023-10-24 04:00:00+00:00,1809.82
2023-10-24 08:00:00+00:00,1845.79
2023-10-24 12:00:00+00:00,1777.67
2023-10-24 16:00:00+00:00,1776.6
2023-10-24 20:00:00+00:00,1784.31
2023-10-25 00:00:00+00:00,1788.46
2023-10-25 04:00:00+00:00,1768.85
2023-10-25 08:00:00+00:00,1785.76
2023-10-25 12:00:00+00:00,1806.36
2023-10-25 16:00:00+00:00,1789.46
2023-10-25 20:00:00+00:00,1786.71
2023-10-26 00:00:00+00:00,1816.01
2023-10-26 04:00:00+00:00,1850.56
2023-10-26 08:00:00+00:00,1812.89
2023-10-26 12:00:00+00:00,1778.04
2023-10-26 16:00:00+00:00,1792.51
2023-10-26 20:00:00+00:00,1803.3
2023-10-27 00:00:00+00:00,1791.26
2023-10-27 04:00:00+00:00,1776.8
2023-10-27 08:00:00+00:00,1781.44
2023-10-27 12:00:00+00:00,1783.32
2023-10-27 16:00:00+00:00,1774.6
2023-10-27 20:00:00+00:00,1780.02
2023-10-28 00:00:00+00:00,1790.69
2023-10-28 04:00:00+00:00,1788.23
2023-10-28 08:00:00+00:00,1788.39
2023-10-28 12:00:00+00:00,1791.37
2023-10-28 16:00:00+00:00,1777.7
2023-10-28 20:00:00+00:00,1776.76
2023-10-29 00:00:00+00:00,1775.41
2023-10-29 04:00:00+00:00,1783.47
2023-10-29 08:00:00+00:00,1789.5
2023-10-29 12:00:00+00:00,1792.62
2023-10-29 16:00:00+00:00,1793.67
2023-10-29 20:00:00+00:00,1795.49
2023-10-30 00:00:00+00:00,1783.19
2023-10-30 04:00:00+00:00,1787.32
2023-10-30 08:00:00+00:00,1816.29
2023-10-30 12:00:00+00:00,1820.84
2023-10-30 16:00:00+00:00,1802.64
2023-10-30 20:00:00+00:00,1809.81
2023-10-31 00:00:00+00:00,1795.81
2023-10-31 04:00:00+00:00,1791.26
2023-10-31 08:00:00+00:00,1810.16
2023-10-31 12:00:00+00:00,1792.26
2023-10-31 16:00:00+00:00,1812.43
2023-10-31 20:00:00+00:00,1815.67
2023-11-01 00:00:00+00:00,1810.9
2023-11-01 04:00:00+00:00,1805.44
2023-11-01 08:00:00+00:00,1800.71
2023-11-01 12:00:00+00:00,1792.94
2023-11-01 16:00:00+00:00,1836.87
2023-11-01 20:00:00+00:00,1848.2
2023-11-02 00:00:00+00:00,1859.71
2023-11-02 04:00:00+00:00,1836.13
2023-11-02 08:00:00+00:00,1837.14
2023-11-02 12:00:00+00:00,1803.51
2023-11-02 16:00:00+00:00,1812.49
2023-11-02 20:00:00+00:00,1800.68
2023-11-03 00:00:00+00:00,1798.29
2023-11-03 04:00:00+00:00,1798.74
2023-11-03 08:00:00+00:00,1789.95
2023-11-03 12:00:00+00:00,1812.79
2023-11-03 16:00:00+00:00,1816.89
2023-11-03 20:00:00+00:00,1832.49
2023-11-04 00:00:00+00:00,1834.72
2023-11-04 04:00:00+00:00,1833.77
2023-11-04 08:00:00+00:00,1837.38
2023-11-04 12:00:00+00:00,1832.01
2023-11-04 16:00:00+00:00,1835.72
2023-11-04 20:00:00+00:00,1856.08
2023-11-05 00:00:00+00:00,1889.85
2023-11-05 04:00:00+00:00,1885.81
2023-11-05 08:00:00+00:00,1888.8
2023-11-05 12:00:00+00:00,1874.91
2023-11-05 16:00:00+00:00,1889.17
2023-11-05 20:00:00+00:00,1892.49
2023-11-06 00:00:00+00:00,1887.98
2023-11-06 04:00:00+00:00,1879.0
2023-11-06 08:00:00+00:00,1899.39
2023-11-06 12:00:00+00:00,1901.88
2023-11-06 16:00:00+00:00,1902.62
2023-11-06 20:00:00+00:00,1901.71
2023-11-07 00:00:00+00:00,1891.0
2023-11-07 04:00:00+00:00,1892.59
2023-11-07 08:00:00+00:00,1873.98
2023-11-07 12:00:00+00:00,1863.85
2023-11-07 16:00:00+00:00,1895.18
2023-11-07 20:00:00+00:00,1885.79
2023-11-08 00:00:00+00:00,1883.09
2023-11-08 04:00:00+00:00,1875.46
2023-11-08 08:00:00+00:00,1881.1
2023-11-08 12:00:00+00:00,1889.62
2023-11-08 16:00:00+00:00,1900.04
2023-11-08 20:00:00+00:00,1888.42
2023-11-09 00:00:00+00:00,1919.66
2023-11-09 04:00:00+00:00,1912.5
2023-11-09 08:00:00+00:00,1913.91
2023-11-09 12:00:00+00:00,2039.56
2023-11-09 16:00:00+00:00,2019.79
2023-11-09 20:00:00+00:00,2122.92
2023-11-10 00:00:00+00:00,2123.0
2023-11-10 04:00:00+00:00,2104.64
2023-11-10 08:00:00+00:00,2098.14
2023-11-10 12:00:00+00:00,2085.32
2023-11-10 16:00:00+00:00,2089.42
2023-11-10 20:00:00+00:00,2079.1
2023-11-11 00:00:00+00:00,2047.79
2023-11-11 04:00:00+00:00,2056.58
2023-11-11 08:00:00+00:00,2059.53
2023-11-11 12:00:00+00:00,2069.32
2023-11-11 16:00:00+00:00,2077.46
2023-11-11 20:00:00+00:00,2054.52
2023-11-12 00:00:00+00:00,2052.89
2023-11-12 04:00:00+00:00,2058.9
2023-11-12 08:00:00+00:00,2049.37
2023-11-12 12:00:00+00:00,2058.35
2023-11-12 16:00:00+00:00,2050.68
2023-11-12 20:00:00+00:00,2046.08
2023-11-13 00:00:00+00:00,2041.16
2023-11-13 04:00:00+00:00,2049.36
2023-11-13 08:00:00+00:00,2048.38
2023-11-13 12:00:00+00:00,2106.67
2023-11-13 16:00:00+00:00,2101.3
2023-11-13 20:00:00+00:00,2055.18
2023-11-14 00:00:00+00:00,2056.99
2023-11-14 04:00:00+00:00,2061.5
2023-11-14 08:00:00+00:00,2033.21
2023-11-14 12:00:00+00:00,2039.61
2023-11-14 16:00:00+00:00,1979.76
2023-11-14 20:00:00+00:00,1980.11
2023-11-15 00:00:00+00:00,1968.77
2023-11-15 04:00:00+00:00,1984.15
2023-11-15 08:00:00+00:00,2013.96
2023-11-15 12:00:00+00:00,2022.05
2023-11-15 16:00:00+00:00,2052.78
2023-11-15 20:00:00+00:00,2059.29
2023-11-16 00:00:00+00:00,2054.52
2023-11-16 04:00:00+00:00,2054.71
2023-11-16 08:00:00+00:00,2070.03
2023-11-16 12:00:00+00:00,1996.43
2023-11-16 16:00:00+00:00,1966.07
2023-11-16 20:00:00+00:00,1962.13
2023-11-17 00:00:00+00:00,1984.59
2023-11-17 04:00:00+00:00,1971.11
2023-11-17 08:00:00+00:00,1966.73
2023-11-17 12:00:00+00:00,1919.44
2023-11-17 16:00:00+00:00,1939.79
2023-11-17 20:00:00+00:00,1961.21
2023-11-18 00:00:00+00:00,1942.1
2023-11-18 04:00:00+00:00,1936.61
2023-11-18 08:00:00+00:00,1935.99
2023-11-18 12:00:00+00:00,1953.42
2023-11-18 16:00:00+00:00,1964.61
2023-11-18 20:00:00+00:00,1963.19
2023-11-19 00:00:00+00:00,1956.17
2023-11-19 04:00:00+00:00,1962.52
2023-11-19 08:00:00+00:00,1952.25
2023-11-19 12:00:00+00:00,1967.22
2023-11-19 16:00:00+00:00,1984.03
2023-11-19 20:00:00+00:00,2012.46
2023-11-20 00:00:00+00:00,2000.69
2023-11-20 04:00:00+00:00,2020.2
2023-11-20 08:00:00+00:00,2025.14
2023-11-20 12:00:00+00:00,2043.11
2023-11-20 16:00:00+00:00,2037.36
2023-11-20 20:00:00+00:00,2022.41
2023-11-21 00:00:00+00:00,2019.78
2023-11-21 04:00:00+00:00,2004.89
2023-11-21 08:00:00+00:00,2004.81
2023-11-21 12:00:00+00:00,1988.84
2023-11-21 16:00:00+00:00,1986.54
2023-11-21 20:00:00+00:00,1933.44
2023-11-22 00:00:00+00:00,1978.76
2023-11-22 04:00:00+00:00,1993.97
2023-11-22 08:00:00+00:00,2015.45
2023-11-22 12:00:00+00:00,2033.87
2023-11-22 16:00:00+00:00,2077.35
2023-11-22 20:00:00+00:00,2063.91
2023-11-23 00:00:00+00:00,2060.12
2023-11-23 04:00:00+00:00,2066.45
2023-11-23 08:00:00+00:00,2063.25
2023-11-23 12:00:00+00:00,2042.49
2023-11-23 16:00:00+00:00,2062.55
2023-11-23 20:00:00+00:00,2062.68
2023-11-24 00:00:00+00:00,2064.06
2023-11-24 04:00:00+00:00,2080.5
2023-11-24 08:00:00+00:00,2097.92
2023-11-24 12:00:00+00:00,2117.46
2023-11-24 16:00:00+00:00,2088.01
2023-11-24 20:00:00+00:00,2081.16
2023-11-25 00:00:00+00:00,2086.95
2023-11-25 04:00:00+00:00,2088.47
2023-11-25 08:00:00+00:00,2070.92
2023-11-25 12:00:00+00:00,2078.0
2023-11-25 16:00:00+00:00,2082.5
2023-11-25 20:00:00+00:00,2082.87
2023-11-26 00:00:00+00:00,2076.36
2023-11-26 04:00:00+00:00,2089.19
2023-11-26 08:00:00+00:00,2085.06
2023-11-26 12:00:00+00:00,2064.5
2023-11-26 16:00:00+00:00,2056.63
2023-11-26 20:00:00+00:00,2061.97
2023-11-27 00:00:00+00:00,2048.06
2023-11-27 04:00:00+00:00,2045.1
2023-11-27 08:00:00+00:00,2024.91
2023-11-27 12:00:00+00:00,2003.15
2023-11-27 16:00:00+00:00,1994.64
2023-11-27 20:00:00+00:00,2027.57
2023-11-28 00:00:00+00:00,2027.25
2023-11-28 04:00:00+00:00,2014.17
2023-11-28 08:00:00+00:00,2027.98
2023-11-28 12:00:00+00:00,2036.3
2023-11-28 16:00:00+00:00,2059.13
2023-11-28 20:00:00+00:00,2048.2
2023-11-29 00:00:00+00:00,2053.45
2023-11-29 04:00:00+00:00,2057.55
2023-11-29 08:00:00+00:00,2052.58
2023-11-29 12:00:00+00:00,2031.53
2023-11-29 16:00:00+00:00,2038.47
2023-11-29 20:00:00+00:00,2028.41
2023-11-30 00:00:00+00:00,2040.08
2023-11-30 04:00:00+00:00,2035.51
2023-11-30 08:00:00+00:00,2045.23
2023-11-30 12:00:00+00:00,2033.29
2023-11-30 16:00:00+00:00,2041.24
2023-11-30 20:00:00+00:00,2051.76
2023-12-01 00:00:00+00:00,2092.1
2023-12-01 04:00:00+00:00,2092.29
2023-12-01 08:00:00+00:00,2092.21
2023-12-01 12:00:00+00:00,2079.43
2023-12-01 16:00:00+00:00,2089.64
2023-12-01 20:00:00+00:00,2086.99
2023-12-02 00:00:00+00:00,2092.47
2023-12-02 04:00:00+00:00,2095.65
2023-12-02 08:00:00+00:00,2098.52
2023-12-02 12:00:00+00:00,2103.59
2023-12-02 16:00:00+00:00,2159.1
2023-12-02 20:00:00+00:00,2165.28
2023-12-03 00:00:00+00:00,2162.38
2023-12-03 04:00:00+00:00,2165.07
2023-12-03 08:00:00+00:00,2159.28
2023-12-03 12:00:00+00:00,2160.35
2023-12-03 16:00:00+00:00,2167.59
2023-12-03 20:00:00+00:00,2193.24
2023-12-04 00:00:00+00:00,2210.77
2023-12-04 04:00:00+00:00,2247.57
2023-12-04 08:00:00+00:00,2238.45
2023-12-04 12:00:00+00:00,2212.52
2023-12-04 16:00:00+00:00,2234.82
2023-12-04 20:00:00+00:00,2243.66
2023-12-05 00:00:00+00:00,2231.36
2023-12-05 04:00:00+00:00,2200.19
2023-12-05 08:00:00+00:00,2204.67
2023-12-05 12:00:00+00:00,2228.43
2023-12-05 16:00:00+00:00,2273.75
2023-12-05 20:00:00+00:00,2293.97
2023-12-06 00:00:00+00:00,2282.93
2023-12-06 04:00:00+00:00,2266.41
2023-12-06 08:00:00+00:00,2253.48
2023-12-06 12:00:00+00:00,2252.84
2023-12-06 16:00:00+00:00,2263.72
2023-12-06 20:00:00+00:00,2233.29
2023-12-07 00:00:00+00:00,2249.78
2023-12-07 04:00:00+00:00,2261.96
2023-12-07 08:00:00+00:00,2236.98
2023-12-07 12:00:00+00:00,2322.81
2023-12-07 16:00:00+00:00,2337.55
2023-12-07 20:00:00+00:00,2357.04
2023-12-08 00:00:00+00:00,2376.35
2023-12-08 04:00:00+00:00,2354.99
2023-12-08 08:00:00+00:00,2367.11
2023-12-08 12:00:00+00:00,2347.44
2023-12-08 16:00:00+00:00,2354.44
2023-12-08 20:00:00+00:00,2360.82
2023-12-09 00:00:00+00:00,2361.79
2023-12-09 04:00:00+00:00,2385.4
2023-12-09 08:00:00+00:00,2358.68
2023-12-09 12:00:00+00:00,2364.54
2023-12-09 16:00:00+00:00,2359.46
2023-12-09 20:00:00+00:00,2342.4
2023-12-10 00:00:00+00:00,2353.03
2023-12-10 04:00:00+00:00,2355.38
2023-12-10 08:00:00+00:00,2339.44
2023-12-10 12:00:00+00:00,2353.52
2023-12-10 16:00:00+00:00,2357.12
2023-12-10 20:00:00+00:00,2353.97
2023-12-11 00:00:00+00:00,2251.31
2023-12-11 04:00:00+00:00,2237.15
2023-12-11 08:00:00+00:00,2249.97
2023-12-11 12:00:00+00:00,2220.05
2023-12-11 16:00:00+00:00,2188.61
2023-12-11 20:00:00+00:00,2225.56
2023-12-12 00:00:00+00:00,2232.23
2023-12-12 04:00:00+00:00,2233.92
2023-12-12 08:00:00+00:00,2209.51
2023-12-12 12:00:00+00:00,2194.71
2023-12-12 16:00:00+00:00,2180.44
2023-12-12 20:00:00+00:00,2204.7
2023-12-13 00:00:00+00:00,2167.28
2023-12-13 04:00:00+00:00,2174.44
2023-12-13 08:00:00+00:00,2173.04
2023-12-13 12:00:00+00:00,2218.78
2023-12-13 16:00:00+00:00,2253.77
2023-12-13 20:00:00+00:00,2261.44
2023-12-14 00:00:00+00:00,2252.34
2023-12-14 04:00:00+00:00,2283.2
2023-12-14 08:00:00+00:00,2308.57
2023-12-14 12:00:00+00:00,2275.95
2023-12-14 16:00:00+00:00,2293.19
2023-12-14 20:00:00+00:00,2316.54
2023-12-15 00:00:00+00:00,2281.72
2023-12-15 04:00:00+00:00,2272.5
2023-12-15 08:00:00+00:00,2274.31
2023-12-15 12:00:00+00:00,2233.19
2023-12-15 16:00:00+00:00,2243.24
2023-12-15 20:00:00+00:00,2221.71
2023-12-16 00:00:00+00:00,2255.57
2023-12-16 04:00:00+00:00,2242.54
2023-12-16 08:00:00+00:00,2254.91
2023-12-16 12:00:00+00:00,2257.82
2023-12-16 16:00:00+00:00,2236.02
2023-12-16 20:00:00+00:00,2229.64
2023-12-17 00:00:00+00:00,2217.74
2023-12-17 04:00:00+00:00,2209.79
2023-12-17 08:00:00+00:00,2217.29
2023-12-17 12:00:00+00:00,2223.55
2023-12-17 16:00:00+00:00,2236.24
2023-12-17 20:00:00+00:00,2197.93
2023-12-18 00:00:00+00:00,2175.75
2023-12-18 04:00:00+00:00,2170.05
2023-12-18 08:00:00+00:00,2143.05
2023-12-18 12:00:00+00:00,2156.17
2023-12-18 16:00:00+00:00,2175.42
2023-12-18 20:00:00+00:00,2220.48
2023-12-19 00:00:00+00:00,2237.72
2023-12-19 04:00:00+00:00,2248.57
2023-12-19 08:00:00+00:00,2237.41
2023-12-19 12:00:00+00:00,2192.85
2023-12-19 16:00:00+00:00,2177.82
2023-12-19 20:00:00+00:00,2179.02
2023-12-20 00:00:00+00:00,2187.48
2023-12-20 04:00:00+00:00,2217.69
2023-12-20 08:00:00+00:00,2212.7
2023-12-20 12:00:00+00:00,2249.11
2023-12-20 16:00:00+00:00,2206.27
2023-12-20 20:00:00+00:00,2203.95
2023-12-21 00:00:00+00:00,2202.21
2023-12-21 04:00:00+00:00,2216.81
2023-12-21 08:00:00+00:00,2255.72
2023-12-21 12:00:00+00:00,2234.5
2023-12-21 16:00:00+00:00,2227.51
2023-12-21 20:00:00+00:00,2241.35
2023-12-22 00:00:00+00:00,2250.98
2023-12-22 04:00:00+00:00,2275.27
2023-12-22 08:00:00+00:00,2315.06
2023-12-22 12:00:00+00:00,2321.74
2023-12-22 16:00:00+00:00,2311.4
2023-12-22 20:00:00+00:00,2326.53
2023-12-23 00:00:00+00:00,2274.28
2023-12-23 04:00:00+00:00,2285.36
2023-12-23 08:00:00+00:00,2288.93
2023-12-23 12:00:00+00:00,2287.09
2023-12-23 16:00:00+00:00,2293.54
2023-12-23 20:00:00+00:00,2309.86
2023-12-24 00:00:00+00:00,2318.57
2023-12-24 04:00:00+00:00,2296.11
2023-12-24 08:00:00+00:00,2290.56
2023-12-24 12:00:00+00:00,2294.6
2023-12-24 16:00:00+00:00,2290.23
2023-12-24 20:00:00+00:00,2265.43
2023-12-25 00:00:00+00:00,2277.82
2023-12-25 04:00:00+00:00,2282.15
2023-12-25 08:00:00+00:00,2280.47
2023-12-25 12:00:00+00:00,2288.73
2023-12-25 16:00:00+00:00,2275.83
2023-12-25 20:00:00+00:00,2273.07
2023-12-26 00:00:00+00:00,2270.99
2023-12-26 04:00:00+00:00,2242.5
2023-12-26 08:00:00+00:00,2244.82
2023-12-26 12:00:00+00:00,2230.64
2023-12-26 16:00:00+00:00,2213.7
2023-12-26 20:00:00+00:00,2232.44
2023-12-27 00:00:00+00:00,2219.68
2023-12-27 04:00:00+00:00,2230.45
2023-12-27 08:00:00+00:00,2287.72
2023-12-27 12:00:00+00:00,2345.01
2023-12-27 16:00:00+00:00,2348.61
2023-12-27 20:00:00+00:00,2380.31
2023-12-28 00:00:00+00:00,2415.86
2023-12-28 04:00:00+00:00,2383.06
2023-12-28 08:00:00+00:00,2403.92
2023-12-28 12:00:00+00:00,2360.81
2023-12-28 16:00:00+00:00,2364.65
2023-12-28 20:00:00+00:00,2345.96
2023-12-29 00:00:00+00:00,2354.15
2023-12-29 04:00:00+00:00,2335.43
2023-12-29 08:00:00+00:00,2374.65
2023-12-29 12:00:00+00:00,2328.84
2023-12-29 16:00:00+00:00,2318.84
2023-12-29 20:00:00+00:00,2300.6
2023-12-30 00:00:00+00:00,2300.16
2023-12-30 04:00:00+00:00,2297.92
2023-12-30 08:00:00+00:00,2289.89
2023-12-30 12:00:00+00:00,2314.41
2023-12-30 16:00:00+00:00,2301.98
2023-12-30 20:00:00+00:00,2293.26
2023-12-31 00:00:00+00:00,2285.71
2023-12-31 04:00:00+00:00,2296.94
2023-12-31 08:00:00+00:00,2310.66
2023-12-31 12:00:00+00:00,2300.6
2023-12-31 16:00:00+00:00,2296.86
2023-12-31 20:00:00+00:00,2283.85
2024-01-01 00:00:00+00:00,2275.59
2024-01-01 04:00:00+00:00,2286.46
2024-01-01 08:00:00+00:00,2306.72
2024-01-01 12:00:00+00:00,2316.97
2024-01-01 16:00:00+00:00,2339.71
2024-01-01 20:00:00+00:00,2354.62
2024-01-02 00:00:00+00:00,2388.45
2024-01-02 04:00:00+00:00,2387.83
2024-01-02 08:00:00+00:00,2394.28
2024-01-02 12:00:00+00:00,2359.6
2024-01-02 16:00:00+00:00,2371.24
2024-01-02 20:00:00+00:00,2356.93
2024-01-03 00:00:00+00:00,2370.36
2024-01-03 04:00:00+00:00,2362.82
2024-01-03 08:00:00+00:00,2309.86
2024-01-03 12:00:00+00:00,2241.02
2024-01-03 16:00:00+00:00,2206.79
2024-01-03 20:00:00+00:00,2210.39
2024-01-04 00:00:00+00:00,2231.78
2024-01-04 04:00:00+00:00,2222.99
2024-01-04 08:00:00+00:00,2229.13
2024-01-04 12:00:00+00:00,2277.86
2024-01-04 16:00:00+00:00,2274.89
2024-01-04 20:00:00+00:00,2267.85
2024-01-05 00:00:00+00:00,2242.89
2024-01-05 04:00:00+00:00,2252.39
2024-01-05 08:00:00+00:00,2242.15
2024-01-05 12:00:00+00:00,2225.23
2024-01-05 16:00:00+00:00,2234.3
2024-01-05 20:00:00+00:00,2268.93
2024-01-06 00:00:00+00:00,2253.67
2024-01-06 04:00:00+00:00,2233.09
2024-01-06 08:00:00+00:00,2238.84
2024-01-06 12:00:00+00:00,2246.27
2024-01-06 16:00:00+00:00,2244.28
2024-01-06 20:00:00+00:00,2240.36
2024-01-07 00:00:00+00:00,2241.99
2024-01-07 04:00:00+00:00,2248.89
2024-01-07 08:00:00+00:00,2236.64
2024-01-07 12:00:00+00:00,2229.9
2024-01-07 16:00:00+00:00,2248.25
2024-01-07 20:00:00+00:00,2220.87
2024-01-08 00:00:00+00:00,2190.23
2024-01-08 04:00:00+00:00,2223.51
2024-01-08 08:00:00+00:00,2240.23
2024-01-08 12:00:00+00:00,2269.94
2024-01-08 16:00:00+00:00,2355.24
2024-01-08 20:00:00+00:00,2331.11
2024-01-09 00:00:00+00:00,2309.45
2024-01-09 04:00:00+00:00,2306.1
2024-01-09 08:00:00+00:00,2298.75
2024-01-09 12:00:00+00:00,2256.91
2024-01-09 16:00:00+00:00,2270.87
2024-01-09 20:00:00+00:00,2344.44
2024-01-10 00:00:00+00:00,2361.65
2024-01-10 04:00:00+00:00,2369.42
2024-01-10 08:00:00+00:00,2402.97
2024-01-10 12:00:00+00:00,2450.01
2024-01-10 16:00:00+00:00,2478.06
2024-01-10 20:00:00+00:00,2585.82
2024-01-11 00:00:00+00:00,2613.07
2024-01-11 04:00:00+00:00,2590.0
2024-01-11 08:00:00+00:00,2658.18
2024-01-11 12:00:00+00:00,2614.66
2024-01-11 16:00:00+00:00,2623.37
2024-01-11 20:00:00+00:00,2618.59
2024-01-12 00:00:00+00:00,2590.28
2024-01-12 04:00:00+00:00,2597.22
2024-01-12 08:00:00+00:00,2648.23
2024-01-12 12:00:00+00:00,2648.4
2024-01-12 16:00:00+00:00,2585.8
2024-01-12 20:00:00+00:00,2523.3
2024-01-13 00:00:00+00:00,2548.98
2024-01-13 04:00:00+00:00,2550.91
2024-01-13 08:00:00+00:00,2543.12
2024-01-13 12:00:00+00:00,2564.29
2024-01-13 16:00:00+00:00,2572.41
2024-01-13 20:00:00+00:00,2578.5
2024-01-14 00:00:00+00:00,2551.84
2024-01-14 04:00:00+00:00,2551.63
2024-01-14 08:00:00+00:00,2538.22
2024-01-14 12:00:00+00:00,2538.16
2024-01-14 16:00:00+00:00,2502.03
2024-01-14 20:00:00+00:00,2474.36
2024-01-15 00:00:00+00:00,2504.74
2024-01-15 04:00:00+00:00,2514.32
2024-01-15 08:00:00+00:00,2539.9
2024-01-15 12:00:00+00:00,2515.02
2024-01-15 16:00:00+00:00,2535.22
2024-01-15 20:00:00+00:00,2512.21
2024-01-16 00:00:00+00:00,2538.0
2024-01-16 04:00:00+00:00,2528.57
2024-01-16 08:00:00+00:00,2530.83
2024-01-16 12:00:00+00:00,2559.43
2024-01-16 16:00:00+00:00,2574.57
2024-01-16 20:00:00+00:00,2587.4
2024-01-17 00:00:00+00:00,2571.6
2024-01-17 04:00:00+00:00,2552.14
2024-01-17 08:00:00+00:00,2543.08
2024-01-17 12:00:00+00:00,2539.31
2024-01-17 16:00:00+00:00,2533.46
2024-01-17 20:00:00+00:00,2530.62
2024-01-18 00:00:00+00:00,2530.23
2024-01-18 04:00:00+00:00,2538.88
2024-01-18 08:00:00+00:00,2522.72
2024-01-18 12:00:00+00:00,2526.12
2024-01-18 16:00:00+00:00,2439.37
2024-01-18 20:00:00+00:00,2471.29
2024-01-19 00:00:00+00:00,2460.77
2024-01-19 04:00:00+00:00,2465.48
2024-01-19 08:00:00+00:00,2488.83
2024-01-19 12:00:00+00:00,2463.66
2024-01-19 16:00:00+00:00,2493.58
2024-01-19 20:00:00+00:00,2492.46
2024-01-20 00:00:00+00:00,2481.82
2024-01-20 04:00:00+00:00,2479.0
2024-01-20 08:00:00+00:00,2471.1
2024-01-20 12:00:00+00:00,2464.34
2024-01-20 16:00:00+00:00,2461.94
2024-01-20 20:00:00+00:00,2472.27
2024-01-21 00:00:00+00:00,2475.35
2024-01-21 04:00:00+00:00,2475.84
2024-01-21 08:00:00+00:00,2473.77
2024-01-21 12:00:00+00:00,2468.0
2024-01-21 16:00:00+00:00,2474.41
2024-01-21 20:00:00+00:00,2457.02
2024-01-22 00:00:00+00:00,2437.91
2024-01-22 04:00:00+00:00,2420.98
2024-01-22 08:00:00+00:00,2381.0
2024-01-22 12:00:00+00:00,2380.0
2024-01-22 16:00:00+00:00,2321.89
2024-01-22 20:00:00+00:00,2314.33
2024-01-23 00:00:00+00:00,2339.01
2024-01-23 04:00:00+00:00,2323.57
2024-01-23 08:00:00+00:00,2218.28
2024-01-23 12:00:00+00:00,2219.07
2024-01-23 16:00:00+00:00,2185.0
2024-01-23 20:00:00+00:00,2241.67
2024-01-24 00:00:00+00:00,2213.04
2024-01-24 04:00:00+00:00,2233.83
2024-01-24 08:00:00+00:00,2243.22
2024-01-24 12:00:00+00:00,2233.95
2024-01-24 16:00:00+00:00,2212.47
2024-01-24 20:00:00+00:00,2234.62
2024-01-25 00:00:00+00:00,2216.14
2024-01-25 04:00:00+00:00,2226.94
2024-01-25 08:00:00+00:00,2231.1
2024-01-25 12:00:00+00:00,2187.61
2024-01-25 16:00:00+00:00,2217.96
2024-01-25 20:00:00+00:00,2218.02
2024-01-26 00:00:00+00:00,2222.95
2024-01-26 04:00:00+00:00,2196.99
2024-01-26 08:00:00+00:00,2253.11
2024-01-26 12:00:00+00:00,2256.62
2024-01-26 16:00:00+00:00,2257.29
2024-01-26 20:00:00+00:00,2266.72
2024-01-27 00:00:00+00:00,2273.36
2024-01-27 04:00:00+00:00,2257.8
2024-01-27 08:00:00+00:00,2264.87
2024-01-27 12:00:00+00:00,2269.29
2024-01-27 16:00:00+00:00,2272.0
2024-01-27 20:00:00+00:00,2266.99
2024-01-28 00:00:00+00:00,2285.99
2024-01-28 04:00:00+00:00,2281.84
2024-01-28 08:00:00+00:00,2280.19
2024-01-28 12:00:00+00:00,2269.16
2024-01-28 16:00:00+00:00,2253.09
2024-01-28 20:00:00+00:00,2256.0
2024-01-29 00:00:00+00:00,2270.98
2024-01-29 04:00:00+00:00,2258.5
2024-01-29 08:00:00+00:00,2263.88
2024-01-29 12:00:00+00:00,2274.99
2024-01-29 16:00:00+00:00,2292.4
2024-01-29 20:00:00+00:00,2316.52
2024-01-30 00:00:00+00:00,2310.35
2024-01-30 04:00:00+00:00,2308.27
2024-01-30 08:00:00+00:00,2313.1
2024-01-30 12:00:00+00:00,2340.43
2024-01-30 16:00:00+00:00,2373.75
2024-01-30 20:00:00+00:00,2341.95
2024-01-31 00:00:00+00:00,2342.32
2024-01-31 04:00:00+00:00,2339.73
2024-01-31 08:00:00+00:00,2299.12
2024-01-31 12:00:00+00:00,2328.49
2024-01-31 16:00:00+00:00,2322.34
2024-01-31 20:00:00+00:00,2282.0
2024-02-01 00:00:00+00:00,2256.12
2024-02-01 04:00:00+00:00,2270.92
2024-02-01 08:00:00+00:00,2265.62
2024-02-01 12:00:00+00:00,2288.28
2024-02-01 16:00:00+00:00,2303.96
2024-02-01 20:00:00+00:00,2303.33
2024-02-02 00:00:00+00:00,2300.36
2024-02-02 04:00:00+00:00,2312.51
2024-02-02 08:00:00+00:00,2317.48
2024-02-02 12:00:00+00:00,2313.01
2024-02-02 16:00:00+00:00,2300.66
2024-02-02 20:00:00+00:00,2307.99
2024-02-03 00:00:00+00:00,2320.41
2024-02-03 04:00:00+00:00,2313.44
2024-02-03 08:00:00+00:00,2302.72
2024-02-03 12:00:00+00:00,2302.83
2024-02-03 16:00:00+00:00,2302.49
2024-02-03 20:00:00+00:00,2295.42
2024-02-04 00:00:00+00:00,2302.07
2024-02-04 04:00:00+00:00,2289.66
2024-02-04 08:00:00+00:00,2304.62
2024-02-04 12:00:00+00:00,2300.89
2024-02-04 16:00:00+00:00,2278.82
2024-02-04 20:00:00+00:00,2288.66
2024-02-05 00:00:00+00:00,2295.51
2024-02-05 04:00:00+00:00,2309.74
2024-02-05 08:00:00+00:00,2328.56
2024-02-05 12:00:00+00:00,2297.21
2024-02-05 16:00:00+00:00,2303.68
2024-02-05 20:00:00+00:00,2300.83
2024-02-06 00:00:00+00:00,2315.79
2024-02-06 04:00:00+00:00,2326.05
2024-02-06 08:00:00+00:00,2324.58
2024-02-06 12:00:00+00:00,2342.85
2024-02-06 16:00:00+00:00,2377.85
2024-02-06 20:00:00+00:00,2371.74
2024-02-07 00:00:00+00:00,2363.79
2024-02-07 04:00:00+00:00,2362.07
2024-02-07 08:00:00+00:00,2360.72
2024-02-07 12:00:00+00:00,2368.69
2024-02-07 16:00:00+00:00,2418.66
2024-02-07 20:00:00+00:00,2424.22
2024-02-08 00:00:00+00:00,2432.45
2024-02-08 04:00:00+00:00,2420.2
2024-02-08 08:00:00+00:00,2424.19
2024-02-08 12:00:00+00:00,2452.52
2024-02-08 16:00:00+00:00,2420.66
2024-02-08 20:00:00+00:00,2418.76
2024-02-09 00:00:00+00:00,2447.52
2024-02-09 04:00:00+00:00,2452.86
2024-02-09 08:00:00+00:00,2501.82
2024-02-09 12:00:00+00:00,2494.24
2024-02-09 16:00:00+00:00,2484.65
2024-02-09 20:00:00+00:00,2485.24
2024-02-10 00:00:00+00:00,2511.14
2024-02-10 04:00:00+00:00,2494.06
2024-02-10 08:00:00+00:00,2482.38
2024-02-10 12:00:00+00:00,2489.42
2024-02-10 16:00:00+00:00,2496.73
2024-02-10 20:00:00+00:00,2499.2
2024-02-11 00:00:00+00:00,2528.28
2024-02-11 04:00:00+00:00,2526.93
2024-02-11 08:00:00+00:00,2530.13
2024-02-11 12:00:00+00:00,2507.64
2024-02-11 16:00:00+00:00,2506.67
2024-02-11 20:00:00+00:00,2506.1
2024-02-12 00:00:00+00:00,2498.97
2024-02-12 04:00:00+00:00,2500.89
2024-02-12 08:00:00+00:00,2487.17
2024-02-12 12:00:00+00:00,2557.33
2024-02-12 16:00:00+00:00,2610.91
2024-02-12 20:00:00+00:00,2660.91
2024-02-13 00:00:00+00:00,2642.41
2024-02-13 04:00:00+00:00,2650.26
2024-02-13 08:00:00+00:00,2683.15
2024-02-13 12:00:00+00:00,2632.72
2024-02-13 16:00:00+00:00,2612.16
2024-02-13 20:00:00+00:00,2640.83
2024-02-14 00:00:00+00:00,2638.08
2024-02-14 04:00:00+00:00,2653.63
2024-02-14 08:00:00+00:00,2758.06
2024-02-14 12:00:00+00:00,2751.37
2024-02-14 16:00:00+00:00,2762.91
2024-02-14 20:00:00+00:00,2776.14
2024-02-15 00:00:00+00:00,2803.24
2024-02-15 04:00:00+00:00,2773.93
2024-02-15 08:00:00+00:00,2794.72
2024-02-15 12:00:00+00:00,2828.35
2024-02-15 16:00:00+00:00,2836.11
2024-02-15 20:00:00+00:00,2824.54
2024-02-16 00:00:00+00:00,2848.03
2024-02-16 04:00:00+00:00,2817.09
2024-02-16 08:00:00+00:00,2825.21
2024-02-16 12:00:00+00:00,2777.45
2024-02-16 16:00:00+00:00,2764.05
2024-02-16 20:00:00+00:00,2803.69
2024-02-17 00:00:00+00:00,2794.9
2024-02-17 04:00:00+00:00,2797.2
2024-02-17 08:00:00+00:00,2782.83
2024-02-17 12:00:00+00:00,2756.35
2024-02-17 16:00:00+00:00,2776.11
2024-02-17 20:00:00+00:00,2787.43
2024-02-18 00:00:00+00:00,2783.89
2024-02-18 04:00:00+00:00,2802.29
2024-02-18 08:00:00+00:00,2804.97
2024-02-18 12:00:00+00:00,2808.6
2024-02-18 16:00:00+00:00,2829.03
2024-02-18 20:00:00+00:00,2883.58
2024-02-19 00:00:00+00:00,2888.82
2024-02-19 04:00:00+00:00,2927.89
2024-02-19 08:00:00+00:00,2914.46
2024-02-19 12:00:00+00:00,2910.38
2024-02-19 16:00:00+00:00,2935.49
2024-02-19 20:00:00+00:00,2946.55
2024-02-20 00:00:00+00:00,2908.89
2024-02-20 04:00:00+00:00,2923.32
2024-02-20 08:00:00+00:00,2937.2
2024-02-20 12:00:00+00:00,2926.95
2024-02-20 16:00:00+00:00,2988.23
2024-02-20 20:00:00+00:00,3017.21
2024-02-21 00:00:00+00:00,3007.88
2024-02-21 04:00:00+00:00,2941.89
2024-02-21 08:00:00+00:00,2900.32
2024-02-21 12:00:00+00:00,2915.62
2024-02-21 16:00:00+00:00,2913.65
2024-02-21 20:00:00+00:00,2969.65
2024-02-22 00:00:00+00:00,2936.45
2024-02-22 04:00:00+00:00,2995.94
2024-02-22 08:00:00+00:00,2992.83
2024-02-22 12:00:00+00:00,2988.33
2024-02-22 16:00:00+00:00,2989.89
2024-02-22 20:00:00+00:00,2972.8
2024-02-23 00:00:00+00:00,2956.97
2024-02-23 04:00:00+00:00,2935.0
2024-02-23 08:00:00+00:00,2945.3
2024-02-23 12:00:00+00:00,2916.8
2024-02-23 16:00:00+00:00,2947.0
2024-02-23 20:00:00+00:00,2923.35
2024-02-24 00:00:00+00:00,2932.37
2024-02-24 04:00:00+00:00,2965.18
2024-02-24 08:00:00+00:00,2962.75
2024-02-24 12:00:00+00:00,2956.51
2024-02-24 16:00:00+00:00,2989.27
2024-02-24 20:00:00+00:00,2994.39
2024-02-25 00:00:00+00:00,3027.29
2024-02-25 04:00:00+00:00,3032.5
2024-02-25 08:00:00+00:00,3042.93
2024-02-25 12:00:00+00:00,3045.54
2024-02-25 16:00:00+00:00,3084.57
2024-02-25 20:00:00+00:00,3115.24
2024-02-26 00:00:00+00:00,3109.81
2024-02-26 04:00:00+00:00,3089.35
2024-02-26 08:00:00+00:00,3059.43
2024-02-26 12:00:00+00:00,3149.1
2024-02-26 16:00:00+00:00,3181.2
2024-02-26 20:00:00+00:00,3178.6
2024-02-27 00:00:00+00:00,3222.13
2024-02-27 04:00:00+00:00,3219.57
2024-02-27 08:00:00+00:00,3258.88
2024-02-27 12:00:00+00:00,3231.74
2024-02-27 16:00:00+00:00,3253.64
2024-02-27 20:00:00+00:00,3244.98
2024-02-28 00:00:00+00:00,3251.7
2024-02-28 04:00:00+00:00,3306.43
2024-02-28 08:00:00+00:00,3299.52
2024-02-28 12:00:00+00:00,3350.3
2024-02-28 16:00:00+00:00,3302.23
2024-02-28 20:00:00+00:00,3387.07
2024-02-29 00:00:00+00:00,3411.47
2024-02-29 04:00:00+00:00,3471.58
2024-02-29 08:00:00+00:00,3520.55
2024-02-29 12:00:00+00:00,3470.42
2024-02-29 16:00:00+00:00,3408.27
2024-02-29 20:00:00+00:00,3343.15
2024-03-01 00:00:00+00:00,3371.36
2024-03-01 04:00:00+00:00,3367.73
2024-03-01 08:00:00+00:00,3414.27
2024-03-01 12:00:00+00:00,3393.63
2024-03-01 16:00:00+00:00,3431.14
2024-03-01 20:00:00+00:00,3435.82
2024-03-02 00:00:00+00:00,3445.79
2024-03-02 04:00:00+00:00,3433.71
2024-03-02 08:00:00+00:00,3407.88
2024-03-02 12:00:00+00:00,3421.37
2024-03-02 16:00:00+00:00,3429.71
2024-03-02 20:00:00+00:00,3424.43
2024-03-03 00:00:00+00:00,3434.84
2024-03-03 04:00:00+00:00,3394.76
2024-03-03 08:00:00+00:00,3416.31
2024-03-03 12:00:00+00:00,3424.31
2024-03-03 16:00:00+00:00,3468.03
2024-03-03 20:00:00+00:00,3491.77
2024-03-04 00:00:00+00:00,3475.49
2024-03-04 04:00:00+00:00,3480.36
2024-03-04 08:00:00+00:00,3510.35
2024-03-04 12:00:00+00:00,3562.65
2024-03-04 16:00:00+00:00,3596.91
2024-03-04 20:00:00+00:00,3629.72
2024-03-05 00:00:00+00:00,3695.86
2024-03-05 04:00:00+00:00,3678.0
2024-03-05 08:00:00+00:00,3737.96
2024-03-05 12:00:00+00:00,3786.85
2024-03-05 16:00:00+00:00,3377.73
2024-03-05 20:00:00+00:00,3555.43
2024-03-06 00:00:00+00:00,3540.44
2024-03-06 04:00:00+00:00,3789.84
2024-03-06 08:00:00+00:00,3883.07
2024-03-06 12:00:00+00:00,3793.55
2024-03-06 16:00:00+00:00,3855.68
2024-03-06 20:00:00+00:00,3822.36
2024-03-07 00:00:00+00:00,3779.03
2024-03-07 04:00:00+00:00,3792.06
2024-03-07 08:00:00+00:00,3791.67
2024-03-07 12:00:00+00:00,3840.37
2024-03-07 16:00:00+00:00,3874.31
2024-03-07 20:00:00+00:00,3871.69
2024-03-08 00:00:00+00:00,3905.18
2024-03-08 04:00:00+00:00,3913.52
2024-03-08 08:00:00+00:00,3954.66
2024-03-08 12:00:00+00:00,3904.01
2024-03-08 16:00:00+00:00,3932.0
2024-03-08 20:00:00+00:00,3886.04
2024-03-09 00:00:00+00:00,3926.3
2024-03-09 04:00:00+00:00,3928.92
2024-03-09 08:00:00+00:00,3915.99
2024-03-09 12:00:00+00:00,3920.24
2024-03-09 16:00:00+00:00,3884.64
2024-03-09 20:00:00+00:00,3908.15
2024-03-10 00:00:00+00:00,3938.31
2024-03-10 04:00:00+00:00,3948.47
2024-03-10 08:00:00+00:00,3936.92
2024-03-10 12:00:00+00:00,3886.0
2024-03-10 16:00:00+00:00,3901.17
2024-03-10 20:00:00+00:00,3881.22
2024-03-11 00:00:00+00:00,3870.31
2024-03-11 04:00:00+00:00,4013.37
2024-03-11 08:00:00+00:00,4038.51
2024-03-11 12:00:00+00:00,4020.68
2024-03-11 16:00:00+00:00,4036.12
2024-03-11 20:00:00+00:00,4070.52
2024-03-12 00:00:00+00:00,4033.31
2024-03-12 04:00:00+00:00,4030.09
2024-03-12 08:00:00+00:00,4024.82
2024-03-12 12:00:00+00:00,3992.53
2024-03-12 16:00:00+00:00,3984.96
2024-03-12 20:00:00+00:00,3984.18
2024-03-13 00:00:00+00:00,4047.93
2024-03-13 04:00:00+00:00,4043.28
2024-03-13 08:00:00+00:00,4053.74
2024-03-13 12:00:00+00:00,3965.66
2024-03-13 16:00:00+00:00,4004.13
2024-03-13 20:00:00+00:00,4008.76
2024-03-14 00:00:00+00:00,3997.37
2024-03-14 04:00:00+00:00,3966.68
2024-03-14 08:00:00+00:00,3959.21
2024-03-14 12:00:00+00:00,3848.4
2024-03-14 16:00:00+00:00,3789.88
2024-03-14 20:00:00+00:00,3884.99
2024-03-15 00:00:00+00:00,3724.84
2024-03-15 04:00:00+00:00,3756.08
2024-03-15 08:00:00+00:00,3692.96
2024-03-15 12:00:00+00:00,3691.94
2024-03-15 16:00:00+00:00,3690.0
2024-03-15 20:00:00+00:00,3745.0
2024-03-16 00:00:00+00:00,3738.41
2024-03-16 04:00:00+00:00,3743.39
2024-03-16 08:00:00+00:00,3695.24
2024-03-16 12:00:00+00:00,3681.49
2024-03-16 16:00:00+00:00,3603.01
2024-03-16 20:00:00+00:00,3525.58
2024-03-17 00:00:00+00:00,3574.37
2024-03-17 04:00:00+00:00,3474.33
2024-03-17 08:00:00+00:00,3582.47
2024-03-17 12:00:00+00:00,3629.96
2024-03-17 16:00:00+00:00,3653.38
2024-03-17 20:00:00+00:00,3646.99
2024-03-18 00:00:00+00:00,3603.58
2024-03-18 04:00:00+00:00,3628.97
2024-03-18 08:00:00+00:00,3600.76
2024-03-18 12:00:00+00:00,3528.17
2024-03-18 16:00:00+00:00,3482.09
2024-03-18 20:00:00+00:00,3523.43
2024-03-19 00:00:00+00:00,3421.68
2024-03-19 04:00:00+00:00,3361.6
2024-03-19 08:00:00+00:00,3278.91
2024-03-19 12:00:00+00:00,3304.63
2024-03-19 16:00:00+00:00,3335.56
2024-03-19 20:00:00+00:00,3161.0
2024-03-20 00:00:00+00:00,3162.24
2024-03-20 04:00:00+00:00,3219.73
2024-03-20 08:00:00+00:00,3294.54
2024-03-20 12:00:00+00:00,3295.09
2024-03-20 16:00:00+00:00,3380.82
2024-03-20 20:00:00+00:00,3517.8
2024-03-21 00:00:00+00:00,3513.01
2024-03-21 04:00:00+00:00,3518.79
2024-03-21 08:00:00+00:00,3533.33
2024-03-21 12:00:00+00:00,3500.83
2024-03-21 16:00:00+00:00,3443.6
2024-03-21 20:00:00+00:00,3495.16
2024-03-22 00:00:00+00:00,3524.94
2024-03-22 04:00:00+00:00,3514.52
2024-03-22 08:00:00+00:00,3407.74
2024-03-22 12:00:00+00:00,3351.21
2024-03-22 16:00:00+00:00,3343.61
2024-03-22 20:00:00+00:00,3339.0
2024-03-23 00:00:00+00:00,3305.32
2024-03-23 04:00:00+00:00,3367.61
2024-03-23 08:00:00+00:00,3367.32
2024-03-23 12:00:00+00:00,3407.57
2024-03-23 16:00:00+00:00,3388.67
2024-03-23 20:00:00+00:00,3330.96
2024-03-24 00:00:00+00:00,3310.68
2024-03-24 04:00:00+00:00,3344.3
2024-03-24 08:00:00+00:00,3389.88
2024-03-24 12:00:00+00:00,3399.94
2024-03-24 16:00:00+00:00,3385.09
2024-03-24 20:00:00+00:00,3457.16
2024-03-25 00:00:00+00:00,3457.06
2024-03-25 04:00:00+00:00,3446.71
2024-03-25 08:00:00+00:00,3438.4
2024-03-25 12:00:00+00:00,3584.48
2024-03-25 16:00:00+00:00,3642.53
2024-03-25 20:00:00+00:00,3592.94
2024-03-26 00:00:00+00:00,3626.56
2024-03-26 04:00:00+00:00,3637.91
2024-03-26 08:00:00+00:00,3634.47
2024-03-26 12:00:00+00:00,3596.0
2024-03-26 16:00:00+00:00,3563.68
2024-03-26 20:00:00+00:00,3589.64
2024-03-27 00:00:00+00:00,3605.42
2024-03-27 04:00:00+00:00,3567.55
2024-03-27 08:00:00+00:00,3588.9
2024-03-27 12:00:00+00:00,3517.3
2024-03-27 16:00:00+00:00,3494.54
2024-03-27 20:00:00+00:00,3504.99
2024-03-28 00:00:00+00:00,3499.57
2024-03-28 04:00:00+00:00,3577.28
2024-03-28 08:00:00+00:00,3583.25
2024-03-28 12:00:00+00:00,3581.6
2024-03-28 16:00:00+00:00,3566.14
2024-03-28 20:00:00+00:00,3563.99
2024-03-29 00:00:00+00:00,3564.98
2024-03-29 04:00:00+00:00,3522.38
2024-03-29 08:00:00+00:00,3553.47
2024-03-29 12:00:00+00:00,3490.25
2024-03-29 16:00:00+00:00,3502.58
2024-03-29 20:00:00+00:00,3512.46
2024-03-30 00:00:00+00:00,3492.18
2024-03-30 04:00:00+00:00,3495.2
2024-03-30 08:00:00+00:00,3563.47
2024-03-30 12:00:00+00:00,3539.97
2024-03-30 16:00:00+00:00,3511.43
2024-03-30 20:00:00+00:00,3508.66
2024-03-31 00:00:00+00:00,3540.0
2024-03-31 04:00:00+00:00,3630.17
2024-03-31 08:00:00+00:00,3613.39
2024-03-31 12:00:00+00:00,3621.04
2024-03-31 16:00:00+00:00,3643.35
2024-03-31 20:00:00+00:00,3648.79
2024-04-01 00:00:00+00:00,3614.45
2024-04-01 04:00:00+00:00,3548.69
2024-04-01 08:00:00+00:00,3540.6
2024-04-01 12:00:00+00:00,3446.04
2024-04-01 16:00:00+00:00,3488.78
2024-04-01 20:00:00+00:00,3506.52
2024-04-02 00:00:00+00:00,3367.81
2024-04-02 04:00:00+00:00,3364.82
2024-04-02 08:00:00+00:00,3311.1
2024-04-02 12:00:00+00:00,3241.97
2024-04-02 16:00:00+00:00,3279.26
2024-04-02 20:00:00+00:00,3280.76
2024-04-03 00:00:00+00:00,3317.32
2024-04-03 04:00:00+00:00,3307.19
2024-04-03 08:00:00+00:00,3320.03
2024-04-03 12:00:00+00:00,3330.77
2024-04-03 16:00:00+00:00,3315.8
2024-04-03 20:00:00+00:00,3313.29
2024-04-04 00:00:00+00:00,3276.35
2024-04-04 04:00:00+00:00,3324.8
2024-04-04 08:00:00+00:00,3342.38
2024-04-04 12:00:00+00:00,3366.11
2024-04-04 16:00:00+00:00,3367.84
2024-04-04 20:00:00+00:00,3329.65
2024-04-05 00:00:00+00:00,3310.0
2024-04-05 04:00:00+00:00,3289.18
2024-04-05 08:00:00+00:00,3245.5
2024-04-05 12:00:00+00:00,3328.52
2024-04-05 16:00:00+00:00,3322.46
2024-04-05 20:00:00+00:00,3319.66
2024-04-06 00:00:00+00:00,3333.26
2024-04-06 04:00:00+00:00,3331.72
2024-04-06 08:00:00+00:00,3332.05
2024-04-06 12:00:00+00:00,3336.7
2024-04-06 16:00:00+00:00,3350.79
2024-04-06 20:00:00+00:00,3353.15
2024-04-07 00:00:00+00:00,3389.65
2024-04-07 04:00:00+00:00,3386.99
2024-04-07 08:00:00+00:00,3391.29
2024-04-07 12:00:00+00:00,3391.37
2024-04-07 16:00:00+00:00,3383.31
2024-04-07 20:00:00+00:00,3455.99
2024-04-08 00:00:00+00:00,3424.77
2024-04-08 04:00:00+00:00,3476.16
2024-04-08 08:00:00+00:00,3636.17
2024-04-08 12:00:00+00:00,3631.65
2024-04-08 16:00:00+00:00,3705.66
2024-04-08 20:00:00+00:00,3697.6
2024-04-09 00:00:00+00:00,3694.99
2024-04-09 04:00:00+00:00,3644.11
2024-04-09 08:00:00+00:00,3635.68
2024-04-09 12:00:00+00:00,3532.12
2024-04-09 16:00:00+00:00,3519.64
2024-04-09 20:00:00+00:00,3508.45
2024-04-10 00:00:00+00:00,3515.1
2024-04-10 04:00:00+00:00,3538.91
2024-04-10 08:00:00+00:00,3523.81
2024-04-10 12:00:00+00:00,3481.08
2024-04-10 16:00:00+00:00,3524.0
2024-04-10 20:00:00+00:00,3547.64
2024-04-11 00:00:00+00:00,3578.53
2024-04-11 04:00:00+00:00,3585.41
2024-04-11 08:00:00+00:00,3524.85
2024-04-11 12:00:00+00:00,3509.94
2024-04-11 16:00:00+00:00,3519.89
2024-04-11 20:00:00+00:00,3504.43
2024-04-12 00:00:00+00:00,3536.0
2024-04-12 04:00:00+00:00,3518.79
2024-04-12 08:00:00+00:00,3534.16
2024-04-12 12:00:00+00:00,3442.42
2024-04-12 16:00:00+00:00,3206.98
2024-04-12 20:00:00+00:00,3238.3
2024-04-13 00:00:00+00:00,3232.06
2024-04-13 04:00:00+00:00,3258.55
2024-04-13 08:00:00+00:00,3269.39
2024-04-13 12:00:00+00:00,3273.12
2024-04-13 16:00:00+00:00,3083.37
2024-04-13 20:00:00+00:00,3005.46
2024-04-14 00:00:00+00:00,2969.27
2024-04-14 04:00:00+00:00,3083.33
2024-04-14 08:00:00+00:00,3026.33
2024-04-14 12:00:00+00:00,3055.19
2024-04-14 16:00:00+00:00,3072.38
2024-04-14 20:00:00+00:00,3153.16
2024-04-15 00:00:00+00:00,3145.02
2024-04-15 04:00:00+00:00,3240.96
2024-04-15 08:00:00+00:00,3228.47
2024-04-15 12:00:00+00:00,3162.26
2024-04-15 16:00:00+00:00,3098.88
2024-04-15 20:00:00+00:00,3100.75
2024-04-16 00:00:00+00:00,3071.74
2024-04-16 04:00:00+00:00,3105.87
2024-04-16 08:00:00+00:00,3091.79
2024-04-16 12:00:00+00:00,3007.61
2024-04-16 16:00:00+00:00,3056.04
2024-04-16 20:00:00+00:00,3082.85
2024-04-17 00:00:00+00:00,3093.68
2024-04-17 04:00:00+00:00,3074.66
2024-04-17 08:00:00+00:00,3038.97
2024-04-17 12:00:00+00:00,2945.77
2024-04-17 16:00:00+00:00,3000.44
2024-04-17 20:00:00+00:00,2983.25
2024-04-18 00:00:00+00:00,3023.94
2024-04-18 04:00:00+00:00,2973.66
2024-04-18 08:00:00+00:00,3045.0
2024-04-18 12:00:00+00:00,3066.99
2024-04-18 16:00:00+00:00,3063.07
2024-04-18 20:00:00+00:00,3062.85
2024-04-19 00:00:00+00:00,2978.3
2024-04-19 04:00:00+00:00,3082.6
2024-04-19 08:00:00+00:00,3100.94
2024-04-19 12:00:00+00:00,3079.32
2024-04-19 16:00:00+00:00,3103.36
2024-04-19 20:00:00+00:00,3054.91
2024-04-20 00:00:00+00:00,3054.48
2024-04-20 04:00:00+00:00,3059.77
2024-04-20 08:00:00+00:00,3045.84
2024-04-20 12:00:00+00:00,3108.48
2024-04-20 16:00:00+00:00,3147.0
2024-04-20 20:00:00+00:00,3154.31
2024-04-21 00:00:00+00:00,3165.01
2024-04-21 04:00:00+00:00,3177.92
2024-04-21 08:00:00+00:00,3167.02
2024-04-21 12:00:00+00:00,3158.23
2024-04-21 16:00:00+00:00,3135.73
2024-04-21 20:00:00+00:00,3145.73
2024-04-22 00:00:00+00:00,3189.23
2024-04-22 04:00:00+00:00,3202.57
2024-04-22 08:00:00+00:00,3193.04
2024-04-22 12:00:00+00:00,3182.04
2024-04-22 16:00:00+00:00,3186.56
2024-04-22 20:00:00+00:00,3198.66
2024-04-23 00:00:00+00:00,3182.19
2024-04-23 04:00:00+00:00,3158.93
2024-04-23 08:00:00+00:00,3178.63
2024-04-23 12:00:00+00:00,3224.48
2024-04-23 16:00:00+00:00,3217.27
2024-04-23 20:00:00+00:00,3218.04
2024-04-24 00:00:00+00:00,3236.6
2024-04-24 04:00:00+00:00,3248.4
2024-04-24 08:00:00+00:00,3280.15
2024-04-24 12:00:00+00:00,3174.6
2024-04-24 16:00:00+00:00,3133.25
2024-04-24 20:00:00+00:00,3138.84
2024-04-25 00:00:00+00:00,3145.68
2024-04-25 04:00:00+00:00,3134.99
2024-04-25 08:00:00+00:00,3110.35
2024-04-25 12:00:00+00:00,3158.83
2024-04-25 16:00:00+00:00,3164.83
2024-04-25 20:00:00+00:00,3154.44
2024-04-26 00:00:00+00:00,3140.41
2024-04-26 04:00:00+00:00,3133.48
2024-04-26 08:00:00+00:00,3127.57
2024-04-26 12:00:00+00:00,3116.44
2024-04-26 16:00:00+00:00,3132.67
2024-04-26 20:00:00+00:00,3129.98
2024-04-27 00:00:00+00:00,3120.72
2024-04-27 04:00:00+00:00,3119.12
2024-04-27 08:00:00+00:00,3123.35
2024-04-27 12:00:00+00:00,3143.3
2024-04-27 16:00:00+00:00,3235.83
2024-04-27 20:00:00+00:00,3253.97
2024-04-28 00:00:00+00:00,3307.65
2024-04-28 04:00:00+00:00,3316.27
2024-04-28 08:00:00+00:00,3285.03
2024-04-28 12:00:00+00:00,3319.24
2024-04-28 16:00:00+00:00,3315.37
2024-04-28 20:00:00+00:00,3262.28
2024-04-29 00:00:00+00:00,3176.94
2024-04-29 04:00:00+00:00,3186.93
2024-04-29 08:00:00+00:00,3158.24
2024-04-29 12:00:00+00:00,3181.07
2024-04-29 16:00:00+00:00,3184.68
2024-04-29 20:00:00+00:00,3215.27
2024-04-30 00:00:00+00:00,3179.62
2024-04-30 04:00:00+00:00,3155.66
2024-04-30 08:00:00+00:00,3005.93
2024-04-30 12:00:00+00:00,2992.67
2024-04-30 16:00:00+00:00,2927.6
2024-04-30 20:00:00+00:00,3012.58
2024-05-01 00:00:00+00:00,3002.93
2024-05-01 04:00:00+00:00,2868.49
2024-05-01 08:00:00+00:00,2904.19
2024-05-01 12:00:00+00:00,2884.31
2024-05-01 16:00:00+00:00,2924.8
2024-05-01 20:00:00+00:00,2970.61
2024-05-02 00:00:00+00:00,2928.0
2024-05-02 04:00:00+00:00,2919.88
2024-05-02 08:00:00+00:00,2994.44
2024-05-02 12:00:00+00:00,2988.65
2024-05-02 16:00:00+00:00,2998.45
2024-05-02 20:00:00+00:00,2984.8
2024-05-03 00:00:00+00:00,3008.32
2024-05-03 04:00:00+00:00,2967.83
2024-05-03 08:00:00+00:00,2978.4
2024-05-03 12:00:00+00:00,3074.12
2024-05-03 16:00:00+00:00,3070.69
2024-05-03 20:00:00+00:00,3100.83
2024-05-04 00:00:00+00:00,3110.96
2024-05-04 04:00:00+00:00,3094.79
2024-05-04 08:00:00+00:00,3129.4
2024-05-04 12:00:00+00:00,3125.23
2024-05-04 16:00:00+00:00,3136.02
2024-05-04 20:00:00+00:00,3115.46
2024-05-05 00:00:00+00:00,3085.6
2024-05-05 04:00:00+00:00,3103.98
2024-05-05 08:00:00+00:00,3136.56
2024-05-05 12:00:00+00:00,3159.07
2024-05-05 16:00:00+00:00,3141.23
2024-05-05 20:00:00+00:00,3135.24
2024-05-06 00:00:00+00:00,3133.74
2024-05-06 04:00:00+00:00,3179.1
2024-05-06 08:00:00+00:00,3147.89
2024-05-06 12:00:00+00:00,3088.29
2024-05-06 16:00:00+00:00,3069.32
2024-05-06 20:00:00+00:00,3061.5
2024-05-07 00:00:00+00:00,3048.0
2024-05-07 04:00:00+00:00,3076.19
2024-05-07 08:00:00+00:00,3061.91
2024-05-07 12:00:00+00:00,3070.2
2024-05-07 16:00:00+00:00,3048.66
2024-05-07 20:00:00+00:00,3004.55
2024-05-08 00:00:00+00:00,3030.73
2024-05-08 04:00:00+00:00,2994.23
2024-05-08 08:00:00+00:00,2989.63
2024-05-08 12:00:00+00:00,3006.0
2024-05-08 16:00:00+00:00,2998.36
2024-05-08 20:00:00+00:00,2972.93
2024-05-09 00:00:00+00:00,2996.9
2024-05-09 04:00:00+00:00,2982.37
2024-05-09 08:00:00+00:00,2976.22
2024-05-09 12:00:00+00:00,3004.82
2024-05-09 16:00:00+00:00,3020.23
2024-05-09 20:00:00+00:00,3034.75
2024-05-10 00:00:00+00:00,3027.6
2024-05-10 04:00:00+00:00,3040.39
2024-05-10 08:00:00+00:00,3036.44
2024-05-10 12:00:00+00:00,2917.03
2024-05-10 16:00:00+00:00,2900.47
2024-05-10 20:00:00+00:00,2908.85
2024-05-11 00:00:00+00:00,2910.12
2024-05-11 04:00:00+00:00,2920.9
2024-05-11 08:00:00+00:00,2902.7
2024-05-11 12:00:00+00:00,2924.5
2024-05-11 16:00:00+00:00,2929.59
2024-05-11 20:00:00+00:00,2911.27
2024-05-12 00:00:00+00:00,2919.42
2024-05-12 04:00:00+00:00,2906.54
2024-05-12 08:00:00+00:00,2927.1
2024-05-12 12:00:00+00:00,2936.82
2024-05-12 16:00:00+00:00,2928.66
2024-05-12 20:00:00+00:00,2927.73
2024-05-13 00:00:00+00:00,2889.31
2024-05-13 04:00:00+00:00,2953.09
2024-05-13 08:00:00+00:00,2964.59
2024-05-13 12:00:00+00:00,2960.2
2024-05-13 16:00:00+00:00,2955.69
2024-05-13 20:00:00+00:00,2949.71
2024-05-14 00:00:00+00:00,2939.33
2024-05-14 04:00:00+00:00,2918.75
2024-05-14 08:00:00+00:00,2906.82
2024-05-14 12:00:00+00:00,2897.53
2024-05-14 16:00:00+00:00,2893.11
2024-05-14 20:00:00+00:00,2880.87
2024-05-15 00:00:00+00:00,2901.44
2024-05-15 04:00:00+00:00,2914.55
2024-05-15 08:00:00+00:00,2897.74
2024-05-15 12:00:00+00:00,2975.54
2024-05-15 16:00:00+00:00,3023.44
2024-05-15 20:00:00+00:00,3030.66
2024-05-16 00:00:00+00:00,3012.25
2024-05-16 04:00:00+00:00,3015.06
2024-05-16 08:00:00+00:00,3005.21
2024-05-16 12:00:00+00:00,2955.53
2024-05-16 16:00:00+00:00,2943.37
2024-05-16 20:00:00+00:00,2943.22
2024-05-17 00:00:00+00:00,2948.84
2024-05-17 04:00:00+00:00,3023.58
2024-05-17 08:00:00+00:00,3029.21
2024-05-17 12:00:00+00:00,3109.85
2024-05-17 16:00:00+00:00,3083.52
2024-05-17 20:00:00+00:00,3090.48
2024-05-18 00:00:00+00:00,3112.93
2024-05-18 04:00:00+00:00,3100.26
2024-05-18 08:00:00+00:00,3132.84
2024-05-18 12:00:00+00:00,3109.26
2024-05-18 16:00:00+00:00,3118.41
2024-05-18 20:00:00+00:00,3121.59
2024-05-19 00:00:00+00:00,3127.69
2024-05-19 04:00:00+00:00,3114.17
2024-05-19 08:00:00+00:00,3101.62
2024-05-19 12:00:00+00:00,3076.14
2024-05-19 16:00:00+00:00,3063.67
2024-05-19 20:00:00+00:00,3069.98
2024-05-20 00:00:00+00:00,3085.57
2024-05-20 04:00:00+00:00,3090.39
2024-05-20 08:00:00+00:00,3092.91
2024-05-20 12:00:00+00:00,3116.95
2024-05-20 16:00:00+00:00,3438.29
2024-05-20 20:00:00+00:00,3664.39
2024-05-21 00:00:00+00:00,3698.85
2024-05-21 04:00:00+00:00,3663.29
2024-05-21 08:00:00+00:00,3779.64
2024-05-21 12:00:00+00:00,3779.08
2024-05-21 16:00:00+00:00,3715.14
2024-05-21 20:00:00+00:00,3792.32
2024-05-22 00:00:00+00:00,3795.98
2024-05-22 04:00:00+00:00,3749.24
2024-05-22 08:00:00+00:00,3692.71
2024-05-22 12:00:00+00:00,3763.31
2024-05-22 16:00:00+00:00,3738.35
2024-05-22 20:00:00+00:00,3740.25
2024-05-23 00:00:00+00:00,3784.56
2024-05-23 04:00:00+00:00,3815.79
2024-05-23 08:00:00+00:00,3921.0
2024-05-23 12:00:00+00:00,3815.09
2024-05-23 16:00:00+00:00,3793.56
2024-05-23 20:00:00+00:00,3784.8
2024-05-24 00:00:00+00:00,3805.31
2024-05-24 04:00:00+00:00,3681.26
2024-05-24 08:00:00+00:00,3714.35
2024-05-24 12:00:00+00:00,3695.69
2024-05-24 16:00:00+00:00,3745.28
2024-05-24 20:00:00+00:00,3729.61
2024-05-25 00:00:00+00:00,3746.88
2024-05-25 04:00:00+00:00,3747.9
2024-05-25 08:00:00+00:00,3740.68
2024-05-25 12:00:00+00:00,3746.01
2024-05-25 16:00:00+00:00,3759.03
2024-05-25 20:00:00+00:00,3751.15
2024-05-26 00:00:00+00:00,3773.44
2024-05-26 04:00:00+00:00,3787.58
2024-05-26 08:00:00+00:00,3815.36
2024-05-26 12:00:00+00:00,3834.53
2024-05-26 16:00:00+00:00,3881.51
2024-05-26 20:00:00+00:00,3827.53
2024-05-27 00:00:00+00:00,3922.39
2024-05-27 04:00:00+00:00,3915.43
2024-05-27 08:00:00+00:00,3902.78
2024-05-27 12:00:00+00:00,3966.13
2024-05-27 16:00:00+00:00,3874.91
2024-05-27 20:00:00+00:00,3896.09
2024-05-28 00:00:00+00:00,3852.32
2024-05-28 04:00:00+00:00,3850.52
2024-05-28 08:00:00+00:00,3906.56
2024-05-28 12:00:00+00:00,3863.32
2024-05-28 16:00:00+00:00,3844.02
2024-05-28 20:00:00+00:00,3847.0
2024-05-29 00:00:00+00:00,3853.7
2024-05-29 04:00:00+00:00,3824.72
2024-05-29 08:00:00+00:00,3813.81
2024-05-29 12:00:00+00:00,3763.04
2024-05-29 16:00:00+00:00,3752.83
2024-05-29 20:00:00+00:00,3770.0
2024-05-30 00:00:00+00:00,3794.21
2024-05-30 04:00:00+00:00,3722.15
2024-05-30 08:00:00+00:00,3739.56
2024-05-30 12:00:00+00:00,3778.4
2024-05-30 16:00:00+00:00,3763.91
2024-05-30 20:00:00+00:00,3750.39
2024-05-31 00:00:00+00:00,3762.76
2024-05-31 04:00:00+00:00,3731.89
2024-05-31 08:00:00+00:00,3805.47
2024-05-31 12:00:00+00:00,3747.25
2024-05-31 16:00:00+00:00,3788.41
2024-05-31 20:00:00+00:00,3764.35
2024-06-01 00:00:00+00:00,3781.01
2024-06-01 04:00:00+00:00,3775.61
2024-06-01 08:00:00+00:00,3790.39
2024-06-01 12:00:00+00:00,3801.38
2024-06-01 16:00:00+00:00,3806.65
2024-06-01 20:00:00+00:00,3817.49
2024-06-02 00:00:00+00:00,3809.0
2024-06-02 04:00:00+00:00,3795.13
2024-06-02 08:00:00+00:00,3806.26
2024-06-02 12:00:00+00:00,3801.48
2024-06-02 16:00:00+00:00,3784.0
2024-06-02 20:00:00+00:00,3783.98
2024-06-03 00:00:00+00:00,3802.13
2024-06-03 04:00:00+00:00,3819.99
2024-06-03 08:00:00+00:00,3811.61
2024-06-03 12:00:00+00:00,3798.22
2024-06-03 16:00:00+00:00,3775.79
2024-06-03 20:00:00+00:00,3769.15
2024-06-04 00:00:00+00:00,3775.27
2024-06-04 04:00:00+00:00,3777.0
2024-06-04 08:00:00+00:00,3767.02
2024-06-04 12:00:00+00:00,3813.1
2024-06-04 16:00:00+00:00,3802.53
2024-06-04 20:00:00+00:00,3813.12
2024-06-05 00:00:00+00:00,3813.01
2024-06-05 04:00:00+00:00,3811.35
2024-06-05 08:00:00+00:00,3806.87
2024-06-05 12:00:00+00:00,3816.63
2024-06-05 16:00:00+00:00,3880.0
2024-06-05 20:00:00+00:00,3868.61
2024-06-06 00:00:00+00:00,3864.01
2024-06-06 04:00:00+00:00,3854.43
2024-06-06 08:00:00+00:00,3852.74
2024-06-06 12:00:00+00:00,3847.1
2024-06-06 16:00:00+00:00,3793.5
2024-06-06 20:00:00+00:00,3815.76
2024-06-07 00:00:00+00:00,3808.66
2024-06-07 04:00:00+00:00,3819.25
2024-06-07 08:00:00+00:00,3838.3
2024-06-07 12:00:00+00:00,3802.96
2024-06-07 16:00:00+00:00,3689.08
2024-06-07 20:00:00+00:00,3679.82
2024-06-08 00:00:00+00:00,3690.84
2024-06-08 04:00:00+00:00,3710.26
2024-06-08 08:00:00+00:00,3684.55
2024-06-08 12:00:00+00:00,3689.33
2024-06-08 16:00:00+00:00,3683.31
2024-06-08 20:00:00+00:00,3682.11
2024-06-09 00:00:00+00:00,3675.06
2024-06-09 04:00:00+00:00,3687.26
2024-06-09 08:00:00+00:00,3695.15
2024-06-09 12:00:00+00:00,3691.63
2024-06-09 16:00:00+00:00,3702.72
2024-06-09 20:00:00+00:00,3707.67
2024-06-10 00:00:00+00:00,3685.73
2024-06-10 04:00:00+00:00,3649.16
2024-06-10 08:00:00+00:00,3677.14
2024-06-10 12:00:00+00:00,3703.59
2024-06-10 16:00:00+00:00,3670.07
2024-06-10 20:00:00+00:00,3669.66
2024-06-11 00:00:00+00:00,3596.75
2024-06-11 04:00:00+00:00,3535.24
2024-06-11 08:00:00+00:00,3530.87
2024-06-11 12:00:00+00:00,3448.47
2024-06-11 16:00:00+00:00,3498.5
2024-06-11 20:00:00+00:00,3498.16
2024-06-12 00:00:00+00:00,3510.47
2024-06-12 04:00:00+00:00,3526.99
2024-06-12 08:00:00+00:00,3531.38
2024-06-12 12:00:00+00:00,3617.62
2024-06-12 16:00:00+00:00,3528.55
2024-06-12 20:00:00+00:00,3560.45
2024-06-13 00:00:00+00:00,3503.35
2024-06-13 04:00:00+00:00,3507.48
2024-06-13 08:00:00+00:00,3496.5
2024-06-13 12:00:00+00:00,3442.08
2024-06-13 16:00:00+00:00,3481.59
2024-06-13 20:00:00+00:00,3469.18
2024-06-14 00:00:00+00:00,3490.7
2024-06-14 04:00:00+00:00,3515.83
2024-06-14 08:00:00+00:00,3515.14
2024-06-14 12:00:00+00:00,3461.79
2024-06-14 16:00:00+00:00,3405.21
2024-06-14 20:00:00+00:00,3480.51
2024-06-15 00:00:00+00:00,3503.35
2024-06-15 04:00:00+00:00,3528.92
2024-06-15 08:00:00+00:00,3538.17
2024-06-15 12:00:00+00:00,3565.31
2024-06-15 16:00:00+00:00,3557.9
2024-06-15 20:00:00+00:00,3567.87
2024-06-16 00:00:00+00:00,3554.0
2024-06-16 04:00:00+00:00,3561.37
2024-06-16 08:00:00+00:00,3553.86
2024-06-16 12:00:00+00:00,3591.07
2024-06-16 16:00:00+00:00,3598.57
2024-06-16 20:00:00+00:00,3622.96
2024-06-17 00:00:00+00:00,3581.0
2024-06-17 04:00:00+00:00,3551.56
2024-06-17 08:00:00+00:00,3525.99
2024-06-17 12:00:00+00:00,3495.81
2024-06-17 16:00:00+00:00,3552.47
2024-06-17 20:00:00+00:00,3509.56
2024-06-18 00:00:00+00:00,3439.88
2024-06-18 04:00:00+00:00,3442.5
2024-06-18 08:00:00+00:00,3412.41
2024-06-18 12:00:00+00:00,3422.77
2024-06-18 16:00:00+00:00,3421.85
2024-06-18 20:00:00+00:00,3482.34
2024-06-19 00:00:00+00:00,3564.21
2024-06-19 04:00:00+00:00,3543.07
2024-06-19 08:00:00+00:00,3535.26
2024-06-19 12:00:00+00:00,3527.79
2024-06-19 16:00:00+00:00,3544.84
2024-06-19 20:00:00+00:00,3558.85
2024-06-20 00:00:00+00:00,3551.85
2024-06-20 04:00:00+00:00,3606.02
2024-06-20 08:00:00+00:00,3597.49
2024-06-20 12:00:00+00:00,3504.37
2024-06-20 16:00:00+00:00,3534.68
2024-06-20 20:00:00+00:00,3511.26
2024-06-21 00:00:00+00:00,3499.13
2024-06-21 04:00:00+00:00,3473.55
2024-06-21 08:00:00+00:00,3502.11
2024-06-21 12:00:00+00:00,3491.55
2024-06-21 16:00:00+00:00,3533.49
2024-06-21 20:00:00+00:00,3517.18
2024-06-22 00:00:00+00:00,3505.48
2024-06-22 04:00:00+00:00,3492.53
2024-06-22 08:00:00+00:00,3491.64
2024-06-22 12:00:00+00:00,3504.6
2024-06-22 16:00:00+00:00,3490.22
2024-06-22 20:00:00+00:00,3494.26
2024-06-23 00:00:00+00:00,3517.23
2024-06-23 04:00:00+00:00,3510.79
2024-06-23 08:00:00+00:00,3496.89
2024-06-23 12:00:00+00:00,3473.0
2024-06-23 16:00:00+00:00,3478.87
2024-06-23 20:00:00+00:00,3419.38
2024-06-24 00:00:00+00:00,3401.59
2024-06-24 04:00:00+00:00,3367.68
2024-06-24 08:00:00+00:00,3319.4
2024-06-24 12:00:00+00:00,3278.8
2024-06-24 16:00:00+00:00,3292.51
2024-06-24 20:00:00+00:00,3352.0
2024-06-25 00:00:00+00:00,3370.38
2024-06-25 04:00:00+00:00,3360.49
2024-06-25 08:00:00+00:00,3375.03
2024-06-25 12:00:00+00:00,3417.63
2024-06-25 16:00:00+00:00,3414.29
2024-06-25 20:00:00+00:00,3393.06
2024-06-26 00:00:00+00:00,3393.93
2024-06-26 04:00:00+00:00,3400.37
2024-06-26 08:00:00+00:00,3380.3
2024-06-26 12:00:00+00:00,3360.75
2024-06-26 16:00:00+00:00,3407.34
2024-06-26 20:00:00+00:00,3370.76
2024-06-27 00:00:00+00:00,3382.89
2024-06-27 04:00:00+00:00,3374.47
2024-06-27 08:00:00+00:00,3402.59
2024-06-27 12:00:00+00:00,3451.77
2024-06-27 16:00:00+00:00,3448.9
2024-06-27 20:00:00+00:00,3450.34
2024-06-28 00:00:00+00:00,3459.99
2024-06-28 04:00:00+00:00,3431.27
2024-06-28 08:00:00+00:00,3451.61
2024-06-28 12:00:00+00:00,3411.79
2024-06-28 16:00:00+00:00,3379.54
2024-06-28 20:00:00+00:00,3379.51
2024-06-29 00:00:00+00:00,3385.07
2024-06-29 04:00:00+00:00,3398.18
2024-06-29 08:00:00+00:00,3398.69
2024-06-29 12:00:00+00:00,3393.46
2024-06-29 16:00:00+00:00,3386.2
2024-06-29 20:00:00+00:00,3377.62
2024-06-30 00:00:00+00:00,3370.31
2024-06-30 04:00:00+00:00,3393.06
2024-06-30 08:00:00+00:00,3387.95
2024-06-30 12:00:00+00:00,3398.87
2024-06-30 16:00:00+00:00,3427.22
2024-06-30 20:00:00+00:00,3436.73
2024-07-01 00:00:00+00:00,3497.27
2024-07-01 04:00:00+00:00,3489.25
2024-07-01 08:00:00+00:00,3459.06
2024-07-01 12:00:00+00:00,3473.86
2024-07-01 16:00:00+00:00,3470.09
2024-07-01 20:00:00+00:00,3440.46
2024-07-02 00:00:00+00:00,3455.68
2024-07-02 04:00:00+00:00,3438.35
2024-07-02 08:00:00+00:00,3452.13
2024-07-02 12:00:00+00:00,3414.68
2024-07-02 16:00:00+00:00,3414.95
2024-07-02 20:00:00+00:00,3420.43
2024-07-03 00:00:00+00:00,3359.36
2024-07-03 04:00:00+00:00,3351.11
2024-07-03 08:00:00+00:00,3306.07
2024-07-03 12:00:00+00:00,3302.59
2024-07-03 16:00:00+00:00,3265.24
2024-07-03 20:00:00+00:00,3294.75
2024-07-04 00:00:00+00:00,3241.92
2024-07-04 04:00:00+00:00,3181.17
2024-07-04 08:00:00+00:00,3158.9
2024-07-04 12:00:00+00:00,3137.87
2024-07-04 16:00:00+00:00,3132.59
2024-07-04 20:00:00+00:00,3059.31
2024-07-05 00:00:00+00:00,2919.91
2024-07-05 04:00:00+00:00,2880.99
2024-07-05 08:00:00+00:00,2946.04
2024-07-05 12:00:00+00:00,2989.98
2024-07-05 16:00:00+00:00,2986.52
2024-07-05 20:00:00+00:00,2980.43
2024-07-06 00:00:00+00:00,2978.95
2024-07-06 04:00:00+00:00,3002.82
2024-07-06 08:00:00+00:00,3004.44
2024-07-06 12:00:00+00:00,3018.44
2024-07-06 16:00:00+00:00,3056.87
2024-07-06 20:00:00+00:00,3065.5
2024-07-07 00:00:00+00:00,3049.52
2024-07-07 04:00:00+00:00,3002.98
2024-07-07 08:00:00+00:00,3013.97
2024-07-07 12:00:00+00:00,2969.61
2024-07-07 16:00:00+00:00,2984.31
2024-07-07 20:00:00+00:00,2930.24
2024-07-08 00:00:00+00:00,2877.9
2024-07-08 04:00:00+00:00,2925.86
2024-07-08 08:00:00+00:00,3052.85
2024-07-08 12:00:00+00:00,2968.22
2024-07-08 16:00:00+00:00,3003.18
2024-07-08 20:00:00+00:00,3017.51
2024-07-09 00:00:00+00:00,3062.99
2024-07-09 04:00:00+00:00,3061.01
2024-07-09 08:00:00+00:00,3081.84
2024-07-09 12:00:00+00:00,3065.75
2024-07-09 16:00:00+00:00,3067.3
2024-07-09 20:00:00+00:00,3065.06
2024-07-10 00:00:00+00:00,3078.31
2024-07-10 04:00:00+00:00,3095.63
2024-07-10 08:00:00+00:00,3101.28
2024-07-10 12:00:00+00:00,3120.76
2024-07-10 16:00:00+00:00,3105.82
2024-07-10 20:00:00+00:00,3099.12
2024-07-11 00:00:00+00:00,3075.7
2024-07-11 04:00:00+00:00,3117.0
2024-07-11 08:00:00+00:00,3145.55
2024-07-11 12:00:00+00:00,3116.66
2024-07-11 16:00:00+00:00,3105.97
2024-07-11 20:00:00+00:00,3098.25
2024-07-12 00:00:00+00:00,3084.08
2024-07-12 04:00:00+00:00,3070.64
2024-07-12 08:00:00+00:00,3069.22
2024-07-12 12:00:00+00:00,3130.18
2024-07-12 16:00:00+00:00,3114.95
2024-07-12 20:00:00+00:00,3133.24
2024-07-13 00:00:00+00:00,3119.83
2024-07-13 04:00:00+00:00,3139.08
2024-07-13 08:00:00+00:00,3155.59
2024-07-13 12:00:00+00:00,3153.92
2024-07-13 16:00:00+00:00,3162.63
2024-07-13 20:00:00+00:00,3174.01
2024-07-14 00:00:00+00:00,3171.15
2024-07-14 04:00:00+00:00,3194.34
2024-07-14 08:00:00+00:00,3201.59
2024-07-14 12:00:00+00:00,3188.56
2024-07-14 16:00:00+00:00,3189.56
2024-07-14 20:00:00+00:00,3243.56
2024-07-15 00:00:00+00:00,3328.17
2024-07-15 04:00:00+00:00,3354.39
2024-07-15 08:00:00+00:00,3338.85
2024-07-15 12:00:00+00:00,3365.72
2024-07-15 16:00:00+00:00,3404.4
2024-07-15 20:00:00+00:00,3481.62
2024-07-16 00:00:00+00:00,3467.53
2024-07-16 04:00:00+00:00,3375.67
2024-07-16 08:00:00+00:00,3417.78
2024-07-16 12:00:00+00:00,3474.54
2024-07-16 16:00:00+00:00,3472.87
2024-07-16 20:00:00+00:00,3442.83
2024-07-17 00:00:00+00:00,3478.87
2024-07-17 04:00:00+00:00,3484.53
2024-07-17 08:00:00+00:00,3448.13
2024-07-17 12:00:00+00:00,3436.17
2024-07-17 16:00:00+00:00,3415.68
2024-07-17 20:00:00+00:00,3386.0
2024-07-18 00:00:00+00:00,3429.99
2024-07-18 04:00:00+00:00,3431.9
2024-07-18 08:00:00+00:00,3457.34
2024-07-18 12:00:00+00:00,3387.26
2024-07-18 16:00:00+00:00,3404.34
2024-07-18 20:00:00+00:00,3424.99
2024-07-19 00:00:00+00:00,3428.51
2024-07-19 04:00:00+00:00,3390.59
2024-07-19 08:00:00+00:00,3402.84
2024-07-19 12:00:00+00:00,3463.59
2024-07-19 16:00:00+00:00,3520.9
2024-07-19 20:00:00+00:00,3502.18
2024-07-20 00:00:00+00:00,3493.78
2024-07-20 04:00:00+00:00,3485.99
2024-07-20 08:00:00+00:00,3483.39
2024-07-20 12:00:00+00:00,3501.82
2024-07-20 16:00:00+00:00,3513.21
2024-07-20 20:00:00+00:00,3516.03
2024-07-21 00:00:00+00:00,3508.86
2024-07-21 04:00:00+00:00,3482.87
2024-07-21 08:00:00+00:00,3497.37
2024-07-21 12:00:00+00:00,3498.64
2024-07-21 16:00:00+00:00,3489.0
2024-07-21 20:00:00+00:00,3534.29
2024-07-22 00:00:00+00:00,3515.48
2024-07-22 04:00:00+00:00,3477.02
2024-07-22 08:00:00+00:00,3498.6
2024-07-22 12:00:00+00:00,3455.7
2024-07-22 16:00:00+00:00,3497.36
2024-07-22 20:00:00+00:00,3438.08
2024-07-23 00:00:00+00:00,3473.57
2024-07-23 04:00:00+00:00,3453.3
2024-07-23 08:00:00+00:00,3514.54
2024-07-23 12:00:00+00:00,3452.96
2024-07-23 16:00:00+00:00,3455.74
2024-07-23 20:00:00+00:00,3481.01
2024-07-24 00:00:00+00:00,3447.02
2024-07-24 04:00:00+00:00,3445.74
2024-07-24 08:00:00+00:00,3458.4
2024-07-24 12:00:00+00:00,3413.5
2024-07-24 16:00:00+00:00,3362.22
2024-07-24 20:00:00+00:00,3334.24
2024-07-25 00:00:00+00:00,3166.4
2024-07-25 04:00:00+00:00,3170.22
2024-07-25 08:00:00+00:00,3170.88
2024-07-25 12:00:00+00:00,3140.81
2024-07-25 16:00:00+00:00,3122.04
2024-07-25 20:00:00+00:00,3173.67
2024-07-26 00:00:00+00:00,3235.15
2024-07-26 04:00:00+00:00,3249.62
2024-07-26 08:00:00+00:00,3245.36
2024-07-26 12:00:00+00:00,3253.84
2024-07-26 16:00:00+00:00,3272.89
2024-07-26 20:00:00+00:00,3272.82
2024-07-27 00:00:00+00:00,3243.8
2024-07-27 04:00:00+00:00,3270.41
2024-07-27 08:00:00+00:00,3277.0
2024-07-27 12:00:00+00:00,3279.79
2024-07-27 16:00:00+00:00,3259.99
2024-07-27 20:00:00+00:00,3248.17
2024-07-28 00:00:00+00:00,3236.8
2024-07-28 04:00:00+00:00,3226.29
2024-07-28 08:00:00+00:00,3255.0
2024-07-28 12:00:00+00:00,3267.56
2024-07-28 16:00:00+00:00,3270.36
2024-07-28 20:00:00+00:00,3268.03
2024-07-29 00:00:00+00:00,3348.01
2024-07-29 04:00:00+00:00,3366.01
2024-07-29 08:00:00+00:00,3374.03
2024-07-29 12:00:00+00:00,3306.88
2024-07-29 16:00:00+00:00,3310.13
2024-07-29 20:00:00+00:00,3316.87
2024-07-30 00:00:00+00:00,3319.43
2024-07-30 04:00:00+00:00,3339.51
2024-07-30 08:00:00+00:00,3333.35
2024-07-30 12:00:00+00:00,3319.26
2024-07-30 16:00:00+00:00,3271.36
2024-07-30 20:00:00+00:00,3278.17
2024-07-31 00:00:00+00:00,3292.92
2024-07-31 04:00:00+00:00,3316.25
2024-07-31 08:00:00+00:00,3321.85
2024-07-31 12:00:00+00:00,3301.2
2024-07-31 16:00:00+00:00,3265.02
2024-07-31 20:00:00+00:00,3231.48
2024-08-01 00:00:00+00:00,3177.01
2024-08-01 04:00:00+00:00,3165.35
2024-08-01 08:00:00+00:00,3187.13
2024-08-01 12:00:00+00:00,3115.67
2024-08-01 16:00:00+00:00,3130.3
2024-08-01 20:00:00+00:00,3201.67
2024-08-02 00:00:00+00:00,3166.72
2024-08-02 04:00:00+00:00,3146.02
2024-08-02 08:00:00+00:00,3152.1
2024-08-02 12:00:00+00:00,3037.51
2024-08-02 16:00:00+00:00,3010.53
2024-08-02 20:00:00+00:00,2988.11
2024-08-03 00:00:00+00:00,2980.78
2024-08-03 04:00:00+00:00,2982.42
2024-08-03 08:00:00+00:00,2995.44
2024-08-03 12:00:00+00:00,2940.49
2024-08-03 16:00:00+00:00,2892.38
2024-08-03 20:00:00+00:00,2901.94
2024-08-04 00:00:00+00:00,2914.21
2024-08-04 04:00:00+00:00,2891.55
2024-08-04 08:00:00+00:00,2912.8
2024-08-04 12:00:00+00:00,2826.06
2024-08-04 16:00:00+00:00,2755.84
2024-08-04 20:00:00+00:00,2687.6
2024-08-05 00:00:00+00:00,2311.67
2024-08-05 04:00:00+00:00,2356.42
2024-08-05 08:00:00+00:00,2289.89
2024-08-05 12:00:00+00:00,2448.97
2024-08-05 16:00:00+00:00,2403.94
2024-08-05 20:00:00+00:00,2418.6
2024-08-06 00:00:00+00:00,2490.4
2024-08-06 04:00:00+00:00,2522.19
2024-08-06 08:00:00+00:00,2457.07
2024-08-06 12:00:00+00:00,2526.09
2024-08-06 16:00:00+00:00,2491.36
2024-08-06 20:00:00+00:00,2459.87
2024-08-07 00:00:00+00:00,2506.07
2024-08-07 04:00:00+00:00,2509.78
2024-08-07 08:00:00+00:00,2471.82
2024-08-07 12:00:00+00:00,2411.71
2024-08-07 16:00:00+00:00,2349.68
2024-08-07 20:00:00+00:00,2341.41
2024-08-08 00:00:00+00:00,2429.21
2024-08-08 04:00:00+00:00,2413.04
2024-08-08 08:00:00+00:00,2446.11
2024-08-08 12:00:00+00:00,2505.83
2024-08-08 16:00:00+00:00,2572.31
2024-08-08 20:00:00+00:00,2681.59
2024-08-09 00:00:00+00:00,2692.9
2024-08-09 04:00:00+00:00,2668.97
2024-08-09 08:00:00+00:00,2633.46
2024-08-09 12:00:00+00:00,2557.33
2024-08-09 16:00:00+00:00,2589.17
2024-08-09 20:00:00+00:00,2597.9
2024-08-10 00:00:00+00:00,2601.31
2024-08-10 04:00:00+00:00,2633.06
2024-08-10 08:00:00+00:00,2635.52
2024-08-10 12:00:00+00:00,2598.45
2024-08-10 16:00:00+00:00,2601.6
2024-08-10 20:00:00+00:00,2608.76
2024-08-11 00:00:00+00:00,2645.46
2024-08-11 04:00:00+00:00,2676.16
2024-08-11 08:00:00+00:00,2651.6
2024-08-11 12:00:00+00:00,2612.63
2024-08-11 16:00:00+00:00,2597.94
2024-08-11 20:00:00+00:00,2554.65
2024-08-12 00:00:00+00:00,2540.19
2024-08-12 04:00:00+00:00,2565.84
2024-08-12 08:00:00+00:00,2672.31
2024-08-12 12:00:00+00:00,2687.76
2024-08-12 16:00:00+00:00,2658.96
2024-08-12 20:00:00+00:00,2721.15
2024-08-13 00:00:00+00:00,2655.04
2024-08-13 04:00:00+00:00,2647.14
2024-08-13 08:00:00+00:00,2642.95
2024-08-13 12:00:00+00:00,2650.75
2024-08-13 16:00:00+00:00,2710.17
2024-08-13 20:00:00+00:00,2701.01
2024-08-14 00:00:00+00:00,2707.99
2024-08-14 04:00:00+00:00,2726.46
2024-08-14 08:00:00+00:00,2748.6
2024-08-14 12:00:00+00:00,2672.73
2024-08-14 16:00:00+00:00,2667.71
2024-08-14 20:00:00+00:00,2659.82
2024-08-15 00:00:00+00:00,2651.49
2024-08-15 04:00:00+00:00,2613.82
2024-08-15 08:00:00+00:00,2636.54
2024-08-15 12:00:00+00:00,2667.05
2024-08-15 16:00:00+00:00,2548.09
2024-08-15 20:00:00+00:00,2568.73
2024-08-16 00:00:00+00:00,2578.62
2024-08-16 04:00:00+00:00,2616.0
2024-08-16 08:00:00+00:00,2611.17
2024-08-16 12:00:00+00:00,2567.5
2024-08-16 16:00:00+00:00,2619.1
2024-08-16 20:00:00+00:00,2591.52
2024-08-17 00:00:00+00:00,2594.48
2024-08-17 04:00:00+00:00,2598.88
2024-08-17 08:00:00+00:00,2597.9
2024-08-17 12:00:00+00:00,2605.56
2024-08-17 16:00:00+00:00,2613.79
2024-08-17 20:00:00+00:00,2613.18
2024-08-18 00:00:00+00:00,2605.09
2024-08-18 04:00:00+00:00,2606.75
2024-08-18 08:00:00+00:00,2648.01
2024-08-18 12:00:00+00:00,2671.0
2024-08-18 16:00:00+00:00,2666.7
2024-08-18 20:00:00+00:00,2610.67
2024-08-19 00:00:00+00:00,2643.32
2024-08-19 04:00:00+00:00,2612.59
2024-08-19 08:00:00+00:00,2586.45
2024-08-19 12:00:00+00:00,2583.05
2024-08-19 16:00:00+00:00,2605.32
2024-08-19 20:00:00+00:00,2635.15
2024-08-20 00:00:00+00:00,2660.97
2024-08-20 04:00:00+00:00,2673.67
2024-08-20 08:00:00+00:00,2641.03
2024-08-20 12:00:00+00:00,2573.34
2024-08-20 16:00:00+00:00,2600.67
2024-08-20 20:00:00+00:00,2571.51
2024-08-21 00:00:00+00:00,2590.09
2024-08-21 04:00:00+00:00,2599.22
2024-08-21 08:00:00+00:00,2576.4
2024-08-21 12:00:00+00:00,2600.44
2024-08-21 16:00:00+00:00,2645.01
2024-08-21 20:00:00+00:00,2629.38
2024-08-22 00:00:00+00:00,2615.18
2024-08-22 04:00:00+00:00,2635.0
2024-08-22 08:00:00+00:00,2640.42
2024-08-22 12:00:00+00:00,2598.3
2024-08-22 16:00:00+00:00,2605.44
2024-08-22 20:00:00+00:00,2622.0
2024-08-23 00:00:00+00:00,2634.64
2024-08-23 04:00:00+00:00,2668.07
2024-08-23 08:00:00+00:00,2651.94
2024-08-23 12:00:00+00:00,2669.45
2024-08-23 16:00:00+00:00,2744.58
2024-08-23 20:00:00+00:00,2761.58
2024-08-24 00:00:00+00:00,2745.58
2024-08-24 04:00:00+00:00,2757.23
2024-08-24 08:00:00+00:00,2755.35
2024-08-24 12:00:00+00:00,2759.79
2024-08-24 16:00:00+00:00,2791.25
2024-08-24 20:00:00+00:00,2766.4
2024-08-25 00:00:00+00:00,2763.42
2024-08-25 04:00:00+00:00,2742.05
2024-08-25 08:00:00+00:00,2749.68
2024-08-25 12:00:00+00:00,2762.79
2024-08-25 16:00:00+00:00,2764.77
2024-08-25 20:00:00+00:00,2744.47
2024-08-26 00:00:00+00:00,2743.01
2024-08-26 04:00:00+00:00,2731.92
2024-08-26 08:00:00+00:00,2735.81
2024-08-26 12:00:00+00:00,2720.53
2024-08-26 16:00:00+00:00,2679.96
2024-08-26 20:00:00+00:00,2679.25
2024-08-27 00:00:00+00:00,2684.5
2024-08-27 04:00:00+00:00,2686.91
2024-08-27 08:00:00+00:00,2625.59
2024-08-27 12:00:00+00:00,2577.64
2024-08-27 16:00:00+00:00,2582.85
2024-08-27 20:00:00+00:00,2455.98
2024-08-28 00:00:00+00:00,2476.76
2024-08-28 04:00:00+00:00,2435.92
2024-08-28 08:00:00+00:00,2521.5
2024-08-28 12:00:00+00:00,2494.7
2024-08-28 16:00:00+00:00,2503.75
2024-08-28 20:00:00+00:00,2527.31
2024-08-29 00:00:00+00:00,2522.13
2024-08-29 04:00:00+00:00,2546.05
2024-08-29 08:00:00+00:00,2553.72
2024-08-29 12:00:00+00:00,2574.51
2024-08-29 16:00:00+00:00,2527.54
2024-08-29 20:00:00+00:00,2526.28
2024-08-30 00:00:00+00:00,2515.83
2024-08-30 04:00:00+00:00,2515.91
2024-08-30 08:00:00+00:00,2511.45
2024-08-30 12:00:00+00:00,2448.04
2024-08-30 16:00:00+00:00,2505.79
2024-08-30 20:00:00+00:00,2524.99
2024-08-31 00:00:00+00:00,2522.42
2024-08-31 04:00:00+00:00,2519.78
2024-08-31 08:00:00+00:00,2524.56
2024-08-31 12:00:00+00:00,2518.02
2024-08-31 16:00:00+00:00,2498.36
2024-08-31 20:00:00+00:00,2511.91
2024-09-01 00:00:00+00:00,2487.76
2024-09-01 04:00:00+00:00,2485.62
2024-09-01 08:00:00+00:00,2476.44
2024-09-01 12:00:00+00:00,2479.49
2024-09-01 16:00:00+00:00,2500.14
2024-09-01 20:00:00+00:00,2424.55
2024-09-02 00:00:00+00:00,2449.15
2024-09-02 04:00:00+00:00,2439.94
2024-09-02 08:00:00+00:00,2514.75
2024-09-02 12:00:00+00:00,2512.29
2024-09-02 16:00:00+00:00,2523.39
2024-09-02 20:00:00+00:00,2536.74
2024-09-03 00:00:00+00:00,2514.79
2024-09-03 04:00:00+00:00,2518.89
2024-09-03 08:00:00+00:00,2508.19
2024-09-03 12:00:00+00:00,2442.93
2024-09-03 16:00:00+00:00,2446.7
2024-09-03 20:00:00+00:00,2424.05
2024-09-04 00:00:00+00:00,2371.93
2024-09-04 04:00:00+00:00,2400.1
2024-09-04 08:00:00+00:00,2397.68
2024-09-04 12:00:00+00:00,2453.88
2024-09-04 16:00:00+00:00,2451.0
2024-09-04 20:00:00+00:00,2449.67
2024-09-05 00:00:00+00:00,2404.43
2024-09-05 04:00:00+00:00,2411.5
2024-09-05 08:00:00+00:00,2388.44
2024-09-05 12:00:00+00:00,2370.16
2024-09-05 16:00:00+00:00,2362.71
2024-09-05 20:00:00+00:00,2367.37
2024-09-06 00:00:00+00:00,2391.56
2024-09-06 04:00:00+00:00,2343.14
2024-09-06 08:00:00+00:00,2372.16
2024-09-06 12:00:00+00:00,2289.02
2024-09-06 16:00:00+00:00,2221.51
2024-09-06 20:00:00+00:00,2223.7
2024-09-07 00:00:00+00:00,2237.23
2024-09-07 04:00:00+00:00,2287.03
2024-09-07 08:00:00+00:00,2282.71
2024-09-07 12:00:00+00:00,2299.17
2024-09-07 16:00:00+00:00,2289.03
2024-09-07 20:00:00+00:00,2272.21
2024-09-08 00:00:00+00:00,2284.77
2024-09-08 04:00:00+00:00,2293.69
2024-09-08 08:00:00+00:00,2295.27
2024-09-08 12:00:00+00:00,2244.67
2024-09-08 16:00:00+00:00,2270.63
2024-09-08 20:00:00+00:00,2295.89
2024-09-09 00:00:00+00:00,2303.34
2024-09-09 04:00:00+00:00,2313.03
2024-09-09 08:00:00+00:00,2314.1
2024-09-09 12:00:00+00:00,2291.59
2024-09-09 16:00:00+00:00,2349.27
2024-09-09 20:00:00+00:00,2358.19
2024-09-10 00:00:00+00:00,2339.58
2024-09-10 04:00:00+00:00,2362.21
2024-09-10 08:00:00+00:00,2349.65
2024-09-10 12:00:00+00:00,2323.64
2024-09-10 16:00:00+00:00,2379.59
2024-09-10 20:00:00+00:00,2387.63
2024-09-11 00:00:00+00:00,2347.13
2024-09-11 04:00:00+00:00,2340.42
2024-09-11 08:00:00+00:00,2326.68
2024-09-11 12:00:00+00:00,2324.87
2024-09-11 16:00:00+00:00,2339.44
2024-09-11 20:00:00+00:00,2339.22
2024-09-12 00:00:00+00:00,2366.64
2024-09-12 04:00:00+00:00,2358.48
2024-09-12 08:00:00+00:00,2347.44
2024-09-12 12:00:00+00:00,2321.76
2024-09-12 16:00:00+00:00,2359.99
2024-09-12 20:00:00+00:00,2360.79
2024-09-13 00:00:00+00:00,2355.31
2024-09-13 04:00:00+00:00,2347.63
2024-09-13 08:00:00+00:00,2353.22
2024-09-13 12:00:00+00:00,2406.83
2024-09-13 16:00:00+00:00,2419.93
2024-09-13 20:00:00+00:00,2438.15
2024-09-14 00:00:00+00:00,2431.67
2024-09-14 04:00:00+00:00,2419.23
2024-09-14 08:00:00+00:00,2415.88
2024-09-14 12:00:00+00:00,2417.37
2024-09-14 16:00:00+00:00,2407.57
2024-09-14 20:00:00+00:00,2416.65
2024-09-15 00:00:00+00:00,2419.28
2024-09-15 04:00:00+00:00,2421.6
2024-09-15 08:00:00+00:00,2405.9
2024-09-15 12:00:00+00:00,2407.6
2024-09-15 16:00:00+00:00,2371.14
2024-09-15 20:00:00+00:00,2314.85
2024-09-16 00:00:00+00:00,2277.11
2024-09-16 04:00:00+00:00,2309.23
2024-09-16 08:00:00+00:00,2306.66
2024-09-16 12:00:00+00:00,2286.71
2024-09-16 16:00:00+00:00,2274.0
2024-09-16 20:00:00+00:00,2294.61
2024-09-17 00:00:00+00:00,2282.92
2024-09-17 04:00:00+00:00,2308.09
2024-09-17 08:00:00+00:00,2307.29
2024-09-17 12:00:00+00:00,2382.68
2024-09-17 16:00:00+00:00,2352.03
2024-09-17 20:00:00+00:00,2340.59
2024-09-18 00:00:00+00:00,2333.92
2024-09-18 04:00:00+00:00,2328.65
2024-09-18 08:00:00+00:00,2299.43
2024-09-18 12:00:00+00:00,2295.04
2024-09-18 16:00:00+00:00,2313.81
2024-09-18 20:00:00+00:00,2373.93
2024-09-19 00:00:00+00:00,2402.79
2024-09-19 04:00:00+00:00,2436.61
2024-09-19 08:00:00+00:00,2434.01
2024-09-19 12:00:00+00:00,2439.0
2024-09-19 16:00:00+00:00,2459.79
2024-09-19 20:00:00+00:00,2464.56
2024-09-20 00:00:00+00:00,2519.9
2024-09-20 04:00:00+00:00,2559.63
2024-09-20 08:00:00+00:00,2543.97
2024-09-20 12:00:00+00:00,2559.18
2024-09-20 16:00:00+00:00,2540.0
2024-09-20 20:00:00+00:00,2560.29
2024-09-21 00:00:00+00:00,2542.8
2024-09-21 04:00:00+00:00,2554.54
2024-09-21 08:00:00+00:00,2555.33
2024-09-21 12:00:00+00:00,2558.54
2024-09-21 16:00:00+00:00,2570.44
2024-09-21 20:00:00+00:00,2611.4
2024-09-22 00:00:00+00:00,2593.62
2024-09-22 04:00:00+00:00,2586.74
2024-09-22 08:00:00+00:00,2579.58
2024-09-22 12:00:00+00:00,2569.57
2024-09-22 16:00:00+00:00,2577.0
2024-09-22 20:00:00+00:00,2579.94
2024-09-23 00:00:00+00:00,2675.37
2024-09-23 04:00:00+00:00,2645.28
2024-09-23 08:00:00+00:00,2645.11
2024-09-23 12:00:00+00:00,2674.07
2024-09-23 16:00:00+00:00,2671.8
2024-09-23 20:00:00+00:00,2645.84
2024-09-24 00:00:00+00:00,2626.5
2024-09-24 04:00:00+00:00,2645.99
2024-09-24 08:00:00+00:00,2636.28
2024-09-24 12:00:00+00:00,2611.82
2024-09-24 16:00:00+00:00,2649.38
2024-09-24 20:00:00+00:00,2652.0
2024-09-25 00:00:00+00:00,2645.51
2024-09-25 04:00:00+00:00,2620.44
2024-09-25 08:00:00+00:00,2626.31
2024-09-25 12:00:00+00:00,2599.9
2024-09-25 16:00:00+00:00,2569.69
2024-09-25 20:00:00+00:00,2578.9
2024-09-26 00:00:00+00:00,2601.65
2024-09-26 04:00:00+00:00,2628.59
2024-09-26 08:00:00+00:00,2627.91
2024-09-26 12:00:00+00:00,2651.05
2024-09-26 16:00:00+00:00,2647.99
2024-09-26 20:00:00+00:00,2631.11
2024-09-27 00:00:00+00:00,2637.74
2024-09-27 04:00:00+00:00,2656.06
2024-09-27 08:00:00+00:00,2650.28
2024-09-27 12:00:00+00:00,2682.17
2024-09-27 16:00:00+00:00,2700.49
2024-09-27 20:00:00+00:00,2693.53
2024-09-28 00:00:00+00:00,2689.28
2024-09-28 04:00:00+00:00,2677.0
2024-09-28 08:00:00+00:00,2674.24
2024-09-28 12:00:00+00:00,2668.78
2024-09-28 16:00:00+00:00,2676.83
2024-09-28 20:00:00+00:00,2673.9
2024-09-29 00:00:00+00:00,2673.47
2024-09-29 04:00:00+00:00,2639.6
2024-09-29 08:00:00+00:00,2651.77
2024-09-29 12:00:00+00:00,2664.96
2024-09-29 16:00:00+00:00,2665.65
2024-09-29 20:00:00+00:00,2656.3
2024-09-30 00:00:00+00:00,2628.64
2024-09-30 04:00:00+00:00,2636.7
2024-09-30 08:00:00+00:00,2627.97
2024-09-30 12:00:00+00:00,2595.05
2024-09-30 16:00:00+00:00,2594.49
2024-09-30 20:00:00+00:00,2601.49
2024-10-01 00:00:00+00:00,2629.33
2024-10-01 04:00:00+00:00,2644.79
2024-10-01 08:00:00+00:00,2627.82
2024-10-01 12:00:00+00:00,2523.54
2024-10-01 16:00:00+00:00,2487.68
2024-10-01 20:00:00+00:00,2446.85
2024-10-02 00:00:00+00:00,2488.51
2024-10-02 04:00:00+00:00,2480.75
2024-10-02 08:00:00+00:00,2454.2
2024-10-02 12:00:00+00:00,2459.43
2024-10-02 16:00:00+00:00,2370.61
2024-10-02 20:00:00+00:00,2363.0
2024-10-03 00:00:00+00:00,2398.08
2024-10-03 04:00:00+00:00,2363.59
2024-10-03 08:00:00+00:00,2351.55
2024-10-03 12:00:00+00:00,2339.54
2024-10-03 16:00:00+00:00,2352.4
2024-10-03 20:00:00+00:00,2348.74
2024-10-04 00:00:00+00:00,2366.07
2024-10-04 04:00:00+00:00,2380.55
2024-10-04 08:00:00+00:00,2385.21
2024-10-04 12:00:00+00:00,2415.99
2024-10-04 16:00:00+00:00,2428.41
2024-10-04 20:00:00+00:00,2413.38
2024-10-05 00:00:00+00:00,2398.75
2024-10-05 04:00:00+00:00,2414.18
2024-10-05 08:00:00+00:00,2416.43
2024-10-05 12:00:00+00:00,2413.99
2024-10-05 16:00:00+00:00,2395.71
2024-10-05 20:00:00+00:00,2413.42
2024-10-06 00:00:00+00:00,2412.78
2024-10-06 04:00:00+00:00,2416.25
2024-10-06 08:00:00+00:00,2425.65
2024-10-06 12:00:00+00:00,2445.68
2024-10-06 16:00:00+00:00,2440.47
2024-10-06 20:00:00+00:00,2438.77
2024-10-07 00:00:00+00:00,2494.37
2024-10-07 04:00:00+00:00,2479.55
2024-10-07 08:00:00+00:00,2474.64
2024-10-07 12:00:00+00:00,2472.88
2024-10-07 16:00:00+00:00,2444.4
2024-10-07 20:00:00+00:00,2421.75
2024-10-08 00:00:00+00:00,2437.29
2024-10-08 04:00:00+00:00,2427.54
2024-10-08 08:00:00+00:00,2438.63
2024-10-08 12:00:00+00:00,2418.39
2024-10-08 16:00:00+00:00,2439.43
2024-10-08 20:00:00+00:00,2439.84
2024-10-09 00:00:00+00:00,2445.52
2024-10-09 04:00:00+00:00,2434.8
2024-10-09 08:00:00+00:00,2440.8
2024-10-09 12:00:00+00:00,2460.34
2024-10-09 16:00:00+00:00,2417.05
2024-10-09 20:00:00+00:00,2369.6
2024-10-10 00:00:00+00:00,2394.36
2024-10-10 04:00:00+00:00,2394.56
2024-10-10 08:00:00+00:00,2405.43
2024-10-10 12:00:00+00:00,2403.94
2024-10-10 16:00:00+00:00,2366.32
2024-10-10 20:00:00+00:00,2385.24
2024-10-11 00:00:00+00:00,2410.34
2024-10-11 04:00:00+00:00,2406.49
2024-10-11 08:00:00+00:00,2416.71
2024-10-11 12:00:00+00:00,2442.36
2024-10-11 16:00:00+00:00,2458.18
2024-10-11 20:00:00+00:00,2438.46
2024-10-12 00:00:00+00:00,2437.93
2024-10-12 04:00:00+00:00,2445.36
2024-10-12 08:00:00+00:00,2451.35
2024-10-12 12:00:00+00:00,2471.74
2024-10-12 16:00:00+00:00,2471.3
2024-10-12 20:00:00+00:00,2475.09
2024-10-13 00:00:00+00:00,2456.9
2024-10-13 04:00:00+00:00,2463.98
2024-10-13 08:00:00+00:00,2456.86
2024-10-13 12:00:00+00:00,2439.29
2024-10-13 16:00:00+00:00,2456.99
2024-10-13 20:00:00+00:00,2467.79
2024-10-14 00:00:00+00:00,2520.05
2024-10-14 04:00:00+00:00,2534.74
2024-10-14 08:00:00+00:00,2536.7
2024-10-14 12:00:00+00:00,2634.95
2024-10-14 16:00:00+00:00,2619.86
2024-10-14 20:00:00+00:00,2628.88
2024-10-15 00:00:00+00:00,2611.81
2024-10-15 04:00:00+00:00,2615.2
2024-10-15 08:00:00+00:00,2585.82
2024-10-15 12:00:00+00:00,2572.58
2024-10-15 16:00:00+00:00,2591.06
2024-10-15 20:00:00+00:00,2606.53
2024-10-16 00:00:00+00:00,2616.24
2024-10-16 04:00:00+00:00,2606.02
2024-10-16 08:00:00+00:00,2629.2
2024-10-16 12:00:00+00:00,2606.7
2024-10-16 16:00:00+00:00,2614.02
2024-10-16 20:00:00+00:00,2610.39
2024-10-17 00:00:00+00:00,2640.37
2024-10-17 04:00:00+00:00,2627.8
2024-10-17 08:00:00+00:00,2597.38
2024-10-17 12:00:00+00:00,2630.29
2024-10-17 16:00:00+00:00,2594.69
2024-10-17 20:00:00+00:00,2605.01
2024-10-18 00:00:00+00:00,2609.1
2024-10-18 04:00:00+00:00,2643.62
2024-10-18 08:00:00+00:00,2621.43
2024-10-18 12:00:00+00:00,2652.12
2024-10-18 16:00:00+00:00,2650.5
2024-10-18 20:00:00+00:00,2641.11
2024-10-19 00:00:00+00:00,2645.35
2024-10-19 04:00:00+00:00,2639.98
2024-10-19 08:00:00+00:00,2630.34
2024-10-19 12:00:00+00:00,2644.87
2024-10-19 16:00:00+00:00,2640.58
2024-10-19 20:00:00+00:00,2647.45
2024-10-20 00:00:00+00:00,2639.66
2024-10-20 04:00:00+00:00,2645.49
2024-10-20 08:00:00+00:00,2648.89
2024-10-20 12:00:00+00:00,2705.71
2024-10-20 16:00:00+00:00,2699.22
2024-10-20 20:00:00+00:00,2746.98
2024-10-21 00:00:00+00:00,2734.84
2024-10-21 04:00:00+00:00,2722.68
2024-10-21 08:00:00+00:00,2705.2
2024-10-21 12:00:00+00:00,2680.21
2024-10-21 16:00:00+00:00,2680.08
2024-10-21 20:00:00+00:00,2666.63
2024-10-22 00:00:00+00:00,2644.65
2024-10-22 04:00:00+00:00,2646.65
2024-10-22 08:00:00+00:00,2632.75
2024-10-22 12:00:00+00:00,2623.75
2024-10-22 16:00:00+00:00,2627.44
2024-10-22 20:00:00+00:00,2621.78
2024-10-23 00:00:00+00:00,2615.99
2024-10-23 04:00:00+00:00,2602.1
2024-10-23 08:00:00+00:00,2580.83
2024-10-23 12:00:00+00:00,2539.53
2024-10-23 16:00:00+00:00,2511.77
2024-10-23 20:00:00+00:00,2523.84
2024-10-24 00:00:00+00:00,2544.19
2024-10-24 04:00:00+00:00,2543.88
2024-10-24 08:00:00+00:00,2528.97
2024-10-24 12:00:00+00:00,2525.15
2024-10-24 16:00:00+00:00,2539.51
2024-10-24 20:00:00+00:00,2535.39
2024-10-25 00:00:00+00:00,2521.11
2024-10-25 04:00:00+00:00,2483.3
2024-10-25 08:00:00+00:00,2544.71
2024-10-25 12:00:00+00:00,2524.26
2024-10-25 16:00:00+00:00,2475.36
2024-10-25 20:00:00+00:00,2440.1
2024-10-26 00:00:00+00:00,2451.39
2024-10-26 04:00:00+00:00,2464.71
2024-10-26 08:00:00+00:00,2472.18
2024-10-26 12:00:00+00:00,2456.87
2024-10-26 16:00:00+00:00,2486.15
2024-10-26 20:00:00+00:00,2482.04
2024-10-27 00:00:00+00:00,2483.73
2024-10-27 04:00:00+00:00,2480.08
2024-10-27 08:00:00+00:00,2468.93
2024-10-27 12:00:00+00:00,2501.1
2024-10-27 16:00:00+00:00,2493.89
2024-10-27 20:00:00+00:00,2507.22
2024-10-28 00:00:00+00:00,2476.76
2024-10-28 04:00:00+00:00,2511.11
2024-10-28 08:00:00+00:00,2526.53
2024-10-28 12:00:00+00:00,2500.3
2024-10-28 16:00:00+00:00,2503.77
2024-10-28 20:00:00+00:00,2566.49
2024-10-29 00:00:00+00:00,2607.57
2024-10-29 04:00:00+00:00,2613.1
2024-10-29 08:00:00+00:00,2631.08
2024-10-29 12:00:00+00:00,2648.12
2024-10-29 16:00:00+00:00,2624.4
2024-10-29 20:00:00+00:00,2639.28
2024-10-30 00:00:00+00:00,2642.46
2024-10-30 04:00:00+00:00,2669.43
2024-10-30 08:00:00+00:00,2659.91
2024-10-30 12:00:00+00:00,2683.59
2024-10-30 16:00:00+00:00,2655.31
2024-10-30 20:00:00+00:00,2659.36
2024-10-31 00:00:00+00:00,2657.59
2024-10-31 04:00:00+00:00,2647.05
2024-10-31 08:00:00+00:00,2638.78
2024-10-31 12:00:00+00:00,2562.89
2024-10-31 16:00:00+00:00,2514.31
2024-10-31 20:00:00+00:00,2518.37
2024-11-01 00:00:00+00:00,2503.26
2024-11-01 04:00:00+00:00,2504.14
2024-11-01 08:00:00+00:00,2515.84
2024-11-01 12:00:00+00:00,2500.03
2024-11-01 16:00:00+00:00,2514.72
2024-11-01 20:00:00+00:00,2511.57
2024-11-02 00:00:00+00:00,2506.58
2024-11-02 04:00:00+00:00,2507.2
2024-11-02 08:00:00+00:00,2501.81
2024-11-02 12:00:00+00:00,2488.18
2024-11-02 16:00:00+00:00,2492.73
2024-11-02 20:00:00+00:00,2493.61
2024-11-03 00:00:00+00:00,2448.96
2024-11-03 04:00:00+00:00,2449.72
2024-11-03 08:00:00+00:00,2454.31
2024-11-03 12:00:00+00:00,2442.2
2024-11-03 16:00:00+00:00,2452.77
2024-11-03 20:00:00+00:00,2457.29
2024-11-04 00:00:00+00:00,2473.28
2024-11-04 04:00:00+00:00,2458.89
2024-11-04 08:00:00+00:00,2469.96
2024-11-04 12:00:00+00:00,2441.96
2024-11-04 16:00:00+00:00,2430.06
2024-11-04 20:00:00+00:00,2397.37
2024-11-05 00:00:00+00:00,2419.73
2024-11-05 04:00:00+00:00,2442.32
2024-11-05 08:00:00+00:00,2439.88
2024-11-05 12:00:00+00:00,2440.22
2024-11-05 16:00:00+00:00,2407.3
2024-11-05 20:00:00+00:00,2421.42
2024-11-06 00:00:00+00:00,2579.04
2024-11-06 04:00:00+00:00,2595.4
2024-11-06 08:00:00+00:00,2629.83
2024-11-06 12:00:00+00:00,2634.28
2024-11-06 16:00:00+00:00,2687.74
2024-11-06 20:00:00+00:00,2722.49
2024-11-07 00:00:00+00:00,2854.18
2024-11-07 04:00:00+00:00,2821.63
2024-11-07 08:00:00+00:00,2792.99
2024-11-07 12:00:00+00:00,2848.14
2024-11-07 16:00:00+00:00,2885.99
2024-11-07 20:00:00+00:00,2895.76
2024-11-08 00:00:00+00:00,2902.92
2024-11-08 04:00:00+00:00,2912.94
2024-11-08 08:00:00+00:00,2915.27
2024-11-08 12:00:00+00:00,2937.59
2024-11-08 16:00:00+00:00,2950.0
2024-11-08 20:00:00+00:00,2962.12
2024-11-09 00:00:00+00:00,2965.5
2024-11-09 04:00:00+00:00,3030.6
2024-11-09 08:00:00+00:00,3051.53
2024-11-09 12:00:00+00:00,3041.01
2024-11-09 16:00:00+00:00,3070.7
2024-11-09 20:00:00+00:00,3127.03
2024-11-10 00:00:00+00:00,3135.27
2024-11-10 04:00:00+00:00,3187.08
2024-11-10 08:00:00+00:00,3223.12
2024-11-10 12:00:00+00:00,3212.17
2024-11-10 16:00:00+00:00,3164.99
2024-11-10 20:00:00+00:00,3185.19
2024-11-11 00:00:00+00:00,3197.12
2024-11-11 04:00:00+00:00,3141.58
2024-11-11 08:00:00+00:00,3199.92
2024-11-11 12:00:00+00:00,3240.64
2024-11-11 16:00:00+00:00,3301.56
2024-11-11 20:00:00+00:00,3375.02
2024-11-12 00:00:00+00:00,3340.71
2024-11-12 04:00:00+00:00,3372.03
2024-11-12 08:00:00+00:00,3285.43
2024-11-12 12:00:00+00:00,3263.4
2024-11-12 16:00:00+00:00,3275.36
2024-11-12 20:00:00+00:00,3245.98
2024-11-13 00:00:00+00:00,3210.61
2024-11-13 04:00:00+00:00,3162.99
2024-11-13 08:00:00+00:00,3169.66
2024-11-13 12:00:00+00:00,3312.05
2024-11-13 16:00:00+00:00,3160.21
2024-11-13 20:00:00+00:00,3188.9
2024-11-14 00:00:00+00:00,3219.56
2024-11-14 04:00:00+00:00,3219.66
2024-11-14 08:00:00+00:00,3187.09
2024-11-14 12:00:00+00:00,3079.25
2024-11-14 16:00:00+00:00,3147.72
2024-11-14 20:00:00+00:00,3061.03
2024-11-15 00:00:00+00:00,3084.85
2024-11-15 04:00:00+00:00,3041.19
2024-11-15 08:00:00+00:00,3105.91
2024-11-15 12:00:00+00:00,3025.07
2024-11-15 16:00:00+00:00,3042.01
2024-11-15 20:00:00+00:00,3091.75
2024-11-16 00:00:00+00:00,3156.49
2024-11-16 04:00:00+00:00,3108.59
2024-11-16 08:00:00+00:00,3197.38
2024-11-16 12:00:00+00:00,3143.18
2024-11-16 16:00:00+00:00,3170.89
2024-11-16 20:00:00+00:00,3134.72
2024-11-17 00:00:00+00:00,3081.83
2024-11-17 04:00:00+00:00,3139.22
2024-11-17 08:00:00+00:00,3107.8
2024-11-17 12:00:00+00:00,3088.25
2024-11-17 16:00:00+00:00,3100.31
2024-11-17 20:00:00+00:00,3078.09
2024-11-18 00:00:00+00:00,3114.72
2024-11-18 04:00:00+00:00,3133.35
2024-11-18 08:00:00+00:00,3058.16
2024-11-18 12:00:00+00:00,3146.14
2024-11-18 16:00:00+00:00,3129.3
2024-11-18 20:00:00+00:00,3210.48
2024-11-19 00:00:00+00:00,3150.89
2024-11-19 04:00:00+00:00,3120.42
2024-11-19 08:00:00+00:00,3128.58
2024-11-19 12:00:00+00:00,3106.73
2024-11-19 16:00:00+00:00,3124.59
2024-11-19 20:00:00+00:00,3109.34
2024-11-20 00:00:00+00:00,3098.66
2024-11-20 04:00:00+00:00,3111.12
2024-11-20 08:00:00+00:00,3101.8
2024-11-20 12:00:00+00:00,3131.99
2024-11-20 16:00:00+00:00,3059.75
2024-11-20 20:00:00+00:00,3071.05
2024-11-21 00:00:00+00:00,3083.25
2024-11-21 04:00:00+00:00,3139.11
2024-11-21 08:00:00+00:00,3150.01
2024-11-21 12:00:00+00:00,3279.2
2024-11-21 16:00:00+00:00,3349.99
2024-11-21 20:00:00+00:00,3358.42
2024-11-22 00:00:00+00:00,3368.66
2024-11-22 04:00:00+00:00,3365.66
2024-11-22 08:00:00+00:00,3346.99
2024-11-22 12:00:00+00:00,3316.37
2024-11-22 16:00:00+00:00,3284.79
2024-11-22 20:00:00+00:00,3330.05
2024-11-23 00:00:00+00:00,3348.88
2024-11-23 04:00:00+00:00,3344.31
2024-11-23 08:00:00+00:00,3357.31
2024-11-23 12:00:00+00:00,3463.13
2024-11-23 16:00:00+00:00,3410.21
2024-11-23 20:00:00+00:00,3396.33
2024-11-24 00:00:00+00:00,3430.0
2024-11-24 04:00:00+00:00,3424.99
2024-11-24 08:00:00+00:00,3346.71
2024-11-24 12:00:00+00:00,3297.13
2024-11-24 16:00:00+00:00,3328.55
2024-11-24 20:00:00+00:00,3362.98
2024-11-25 00:00:00+00:00,3364.64
2024-11-25 04:00:00+00:00,3401.65
2024-11-25 08:00:00+00:00,3475.22
2024-11-25 12:00:00+00:00,3521.26
2024-11-25 16:00:00+00:00,3467.01
2024-11-25 20:00:00+00:00,3416.92
2024-11-26 00:00:00+00:00,3436.47
2024-11-26 04:00:00+00:00,3396.98
2024-11-26 08:00:00+00:00,3325.18
2024-11-26 12:00:00+00:00,3298.07
2024-11-26 16:00:00+00:00,3303.07
2024-11-26 20:00:00+00:00,3327.17
2024-11-27 00:00:00+00:00,3362.6
2024-11-27 04:00:00+00:00,3426.06
2024-11-27 08:00:00+00:00,3463.0
2024-11-27 12:00:00+00:00,3555.07
2024-11-27 16:00:00+00:00,3592.0
2024-11-27 20:00:00+00:00,3655.88
2024-11-28 00:00:00+00:00,3601.12
2024-11-28 04:00:00+00:00,3594.6
2024-11-28 08:00:00+00:00,3622.84
2024-11-28 12:00:00+00:00,3543.41
2024-11-28 16:00:00+00:00,3577.18
2024-11-28 20:00:00+00:00,3581.58
2024-11-29 00:00:00+00:00,3585.86
2024-11-29 04:00:00+00:00,3547.59
2024-11-29 08:00:00+00:00,3596.63
2024-11-29 12:00:00+00:00,3615.21
2024-11-29 16:00:00+00:00,3584.92
2024-11-29 20:00:00+00:00,3594.5
2024-11-30 00:00:00+00:00,3660.11
2024-11-30 04:00:00+00:00,3705.64
2024-11-30 08:00:00+00:00,3656.05
2024-11-30 12:00:00+00:00,3676.6
2024-11-30 16:00:00+00:00,3692.0
2024-11-30 20:00:00+00:00,3705.73
2024-12-01 00:00:00+00:00,3709.49
2024-12-01 04:00:00+00:00,3705.05
2024-12-01 08:00:00+00:00,3694.14
2024-12-01 12:00:00+00:00,3731.0
2024-12-01 16:00:00+00:00,3710.73
2024-12-01 20:00:00+00:00,3711.24
2024-12-02 00:00:00+00:00,3687.84
2024-12-02 04:00:00+00:00,3669.25
2024-12-02 08:00:00+00:00,3592.21
2024-12-02 12:00:00+00:00,3674.54
2024-12-02 16:00:00+00:00,3614.79
2024-12-02 20:00:00+00:00,3646.26
2024-12-03 00:00:00+00:00,3641.93
2024-12-03 04:00:00+00:00,3619.54
2024-12-03 08:00:00+00:00,3616.19
2024-12-03 12:00:00+00:00,3574.23
2024-12-03 16:00:00+00:00,3579.27
2024-12-03 20:00:00+00:00,3616.82
2024-12-04 00:00:00+00:00,3664.9
2024-12-04 04:00:00+00:00,3717.79
2024-12-04 08:00:00+00:00,3731.0
2024-12-04 12:00:00+00:00,3824.39
2024-12-04 16:00:00+00:00,3843.36
2024-12-04 20:00:00+00:00,3840.75
2024-12-05 00:00:00+00:00,3836.78
2024-12-05 04:00:00+00:00,3853.65
2024-12-05 08:00:00+00:00,3934.35
2024-12-05 12:00:00+00:00,3890.78
2024-12-05 16:00:00+00:00,3833.94
2024-12-05 20:00:00+00:00,3787.31
2024-12-06 00:00:00+00:00,3909.82
2024-12-06 04:00:00+00:00,3896.5
2024-12-06 08:00:00+00:00,3869.74
2024-12-06 12:00:00+00:00,3996.28
2024-12-06 16:00:00+00:00,4071.0
2024-12-06 20:00:00+00:00,4001.75
2024-12-07 00:00:00+00:00,3990.2
2024-12-07 04:00:00+00:00,3989.09
2024-12-07 08:00:00+00:00,4001.26
2024-12-07 12:00:00+00:00,4007.66
2024-12-07 16:00:00+00:00,4015.46
2024-12-07 20:00:00+00:00,3999.79
2024-12-08 00:00:00+00:00,3992.36
2024-12-08 04:00:00+00:00,3983.19
2024-12-08 08:00:00+00:00,3974.4
2024-12-08 12:00:00+00:00,3993.92
2024-12-08 16:00:00+00:00,3992.57
2024-12-08 20:00:00+00:00,4007.3
2024-12-09 00:00:00+00:00,3932.53
2024-12-09 04:00:00+00:00,3920.5
2024-12-09 08:00:00+00:00,3853.68
2024-12-09 12:00:00+00:00,3826.42
2024-12-09 16:00:00+00:00,3797.28
2024-12-09 20:00:00+00:00,3712.55
2024-12-10 00:00:00+00:00,3682.99
2024-12-10 04:00:00+00:00,3734.5
2024-12-10 08:00:00+00:00,3750.39
2024-12-10 12:00:00+00:00,3568.08
2024-12-10 16:00:00+00:00,3629.01
2024-12-10 20:00:00+00:00,3628.4
2024-12-11 00:00:00+00:00,3665.28
2024-12-11 04:00:00+00:00,3652.17
2024-12-11 08:00:00+00:00,3716.09
2024-12-11 12:00:00+00:00,3786.75
2024-12-11 16:00:00+00:00,3802.39
2024-12-11 20:00:00+00:00,3830.44
2024-12-12 00:00:00+00:00,3933.77
2024-12-12 04:00:00+00:00,3904.58
2024-12-12 08:00:00+00:00,3912.73
2024-12-12 12:00:00+00:00,3956.9
2024-12-12 16:00:00+00:00,3870.59
2024-12-12 20:00:00+00:00,3880.52
2024-12-13 00:00:00+00:00,3931.36
2024-12-13 04:00:00+00:00,3884.58
2024-12-13 08:00:00+00:00,3900.4
2024-12-13 12:00:00+00:00,3884.71
2024-12-13 16:00:00+00:00,3916.99
2024-12-13 20:00:00+00:00,3905.6
2024-12-14 00:00:00+00:00,3909.55
2024-12-14 04:00:00+00:00,3920.31
2024-12-14 08:00:00+00:00,3893.27
2024-12-14 12:00:00+00:00,3887.21
2024-12-14 16:00:00+00:00,3857.74
2024-12-14 20:00:00+00:00,3868.6
2024-12-15 00:00:00+00:00,3873.07
2024-12-15 04:00:00+00:00,3843.44
2024-12-15 08:00:00+00:00,3876.11
2024-12-15 12:00:00+00:00,3893.42
2024-12-15 16:00:00+00:00,3902.12
2024-12-15 20:00:00+00:00,3958.5
2024-12-16 00:00:00+00:00,3941.52
2024-12-16 04:00:00+00:00,3973.15
2024-12-16 08:00:00+00:00,3909.09
2024-12-16 12:00:00+00:00,3940.17
2024-12-16 16:00:00+00:00,4056.99
2024-12-16 20:00:00+00:00,3984.76
2024-12-17 00:00:00+00:00,4033.25
2024-12-17 04:00:00+00:00,3993.05
2024-12-17 08:00:00+00:00,3996.02
2024-12-17 12:00:00+00:00,3937.43
2024-12-17 16:00:00+00:00,3943.28
2024-12-17 20:00:00+00:00,3890.81
2024-12-18 00:00:00+00:00,3848.54
2024-12-18 04:00:00+00:00,3845.4
2024-12-18 08:00:00+00:00,3880.88
2024-12-18 12:00:00+00:00,3866.62
2024-12-18 16:00:00+00:00,3768.82
2024-12-18 20:00:00+00:00,3625.4
2024-12-19 00:00:00+00:00,3667.16
2024-12-19 04:00:00+00:00,3691.53
2024-12-19 08:00:00+00:00,3703.73
2024-12-19 12:00:00+00:00,3612.46
2024-12-19 16:00:00+00:00,3438.97
2024-12-19 20:00:00+00:00,3416.7
2024-12-20 00:00:00+00:00,3413.41
2024-12-20 04:00:00+00:00,3389.67
2024-12-20 08:00:00+00:00,3104.32
2024-12-20 12:00:00+00:00,3373.32
2024-12-20 16:00:00+00:00,3478.11
2024-12-20 20:00:00+00:00,3470.88
2024-12-21 00:00:00+00:00,3466.82
2024-12-21 04:00:00+00:00,3521.65
2024-12-21 08:00:00+00:00,3440.95
2024-12-21 12:00:00+00:00,3389.12
2024-12-21 16:00:00+00:00,3359.41
2024-12-21 20:00:00+00:00,3337.6
2024-12-22 00:00:00+00:00,3354.59
2024-12-22 04:00:00+00:00,3331.31
2024-12-22 08:00:00+00:00,3379.62
2024-12-22 12:00:00+00:00,3300.95
2024-12-22 16:00:00+00:00,3246.09
2024-12-22 20:00:00+00:00,3280.8
2024-12-23 00:00:00+00:00,3349.68
2024-12-23 04:00:00+00:00,3303.34
2024-12-23 08:00:00+00:00,3338.1
2024-12-23 12:00:00+00:00,3276.2
2024-12-23 16:00:00+00:00,3337.27
2024-12-23 20:00:00+00:00,3420.74
2024-12-24 00:00:00+00:00,3395.65
2024-12-24 04:00:00+00:00,3399.92
2024-12-24 08:00:00+00:00,3412.5
2024-12-24 12:00:00+00:00,3491.57
2024-12-24 16:00:00+00:00,3463.9
2024-12-24 20:00:00+00:00,3491.97
2024-12-25 00:00:00+00:00,3476.87
2024-12-25 04:00:00+00:00,3487.66
2024-12-25 08:00:00+00:00,3469.63
2024-12-25 12:00:00+00:00,3471.59
2024-12-25 16:00:00+00:00,3480.19
2024-12-25 20:00:00+00:00,3495.72
2024-12-26 00:00:00+00:00,3454.03
2024-12-26 04:00:00+00:00,3420.84
2024-12-26 08:00:00+00:00,3371.83
2024-12-26 12:00:00+00:00,3342.32
2024-12-26 16:00:00+00:00,3338.54
2024-12-26 20:00:00+00:00,3333.15
2024-12-27 00:00:00+00:00,3377.48
2024-12-27 04:00:00+00:00,3324.04
2024-12-27 08:00:00+00:00,3417.42
2024-12-27 12:00:00+00:00,3325.01
2024-12-27 16:00:00+00:00,3353.88
2024-12-27 20:00:00+00:00,3332.09
2024-12-28 00:00:00+00:00,3344.13
2024-12-28 04:00:00+00:00,3334.08
2024-12-28 08:00:00+00:00,3358.07
2024-12-28 12:00:00+00:00,3366.7
2024-12-28 16:00:00+00:00,3399.3
2024-12-28 20:00:00+00:00,3402.54
2024-12-29 00:00:00+00:00,3381.42
2024-12-29 04:00:00+00:00,3405.61
2024-12-29 08:00:00+00:00,3397.0
2024-12-29 12:00:00+00:00,3372.0
2024-12-29 16:00:00+00:00,3361.65
2024-12-29 20:00:00+00:00,3355.46
2024-12-30 00:00:00+00:00,3402.89
2024-12-30 04:00:00+00:00,3426.39
2024-12-30 08:00:00+00:00,3423.48
2024-12-30 12:00:00+00:00,3323.49
2024-12-30 16:00:00+00:00,3401.7
2024-12-30 20:00:00+00:00,3360.11
2024-12-31 00:00:00+00:00,3339.12
2024-12-31 04:00:00+00:00,3352.59
2024-12-31 08:00:00+00:00,3394.0
2024-12-31 12:00:00+00:00,3412.58
2024-12-31 16:00:00+00:00,3354.68
2024-12-31 20:00:00+00:00,3336.57
2025-01-01 00:00:00+00:00,3354.34
2025-01-01 04:00:00+00:00,3345.84
2025-01-01 08:00:00+00:00,3340.06
2025-01-01 12:00:00+00:00,3352.07
2025-01-01 16:00:00+00:00,3356.23
2025-01-01 20:00:00+00:00,3359.36
2025-01-02 00:00:00+00:00,3388.0
2025-01-02 04:00:00+00:00,3419.69
2025-01-02 08:00:00+00:00,3470.57
2025-01-02 12:00:00+00:00,3462.76
2025-01-02 16:00:00+00:00,3462.32
2025-01-02 20:00:00+00:00,3454.83
2025-01-03 00:00:00+00:00,3469.33
2025-01-03 04:00:00+00:00,3432.62
2025-01-03 08:00:00+00:00,3464.73
2025-01-03 12:00:00+00:00,3564.32
2025-01-03 16:00:00+00:00,3621.91
2025-01-03 20:00:00+00:00,3607.89
2025-01-04 00:00:00+00:00,3597.19
2025-01-04 04:00:00+00:00,3593.04
2025-01-04 08:00:00+00:00,3601.16
2025-01-04 12:00:00+00:00,3606.44
2025-01-04 16:00:00+00:00,3629.91
2025-01-04 20:00:00+00:00,3655.99
2025-01-05 00:00:00+00:00,3636.61
2025-01-05 04:00:00+00:00,3630.38
2025-01-05 08:00:00+00:00,3612.56
2025-01-05 12:00:00+00:00,3628.45
2025-01-05 16:00:00+00:00,3636.92
2025-01-05 20:00:00+00:00,3634.96
2025-01-06 00:00:00+00:00,3663.93
2025-01-06 04:00:00+00:00,3649.39
2025-01-06 08:00:00+00:00,3653.71
2025-01-06 12:00:00+00:00,3712.99
2025-01-06 16:00:00+00:00,3686.47
2025-01-06 20:00:00+00:00,3685.72
2025-01-07 00:00:00+00:00,3681.49
2025-01-07 04:00:00+00:00,3666.61
2025-01-07 08:00:00+00:00,3638.55
2025-01-07 12:00:00+00:00,3461.21
2025-01-07 16:00:00+00:00,3384.36
2025-01-07 20:00:00+00:00,3379.38
2025-01-08 00:00:00+00:00,3359.32
2025-01-08 04:00:00+00:00,3353.19
2025-01-08 08:00:00+00:00,3348.5
2025-01-08 12:00:00+00:00,3346.0
2025-01-08 16:00:00+00:00,3279.47
2025-01-08 20:00:00+00:00,3325.38
2025-01-09 00:00:00+00:00,3323.6
2025-01-09 04:00:00+00:00,3288.18
2025-01-09 08:00:00+00:00,3300.35
2025-01-09 12:00:00+00:00,3318.79
2025-01-09 16:00:00+00:00,3193.65
2025-01-09 20:00:00+00:00,3218.24
2025-01-10 00:00:00+00:00,3253.05
2025-01-10 04:00:00+00:00,3294.65
2025-01-10 08:00:00+00:00,3309.74
2025-01-10 12:00:00+00:00,3243.7
2025-01-10 16:00:00+00:00,3293.8
2025-01-10 20:00:00+00:00,3265.52
2025-01-11 00:00:00+00:00,3235.98
2025-01-11 04:00:00+00:00,3234.66
2025-01-11 08:00:00+00:00,3272.7
2025-01-11 12:00:00+00:00,3270.07
2025-01-11 16:00:00+00:00,3277.47
2025-01-11 20:00:00+00:00,3281.84
2025-01-12 00:00:00+00:00,3285.27
2025-01-12 04:00:00+00:00,3265.74
2025-01-12 08:00:00+00:00,3251.78
2025-01-12 12:00:00+00:00,3284.39
2025-01-12 16:00:00+00:00,3279.12
2025-01-12 20:00:00+00:00,3265.7
2025-01-13 00:00:00+00:00,3241.14
2025-01-13 04:00:00+00:00,3200.53
2025-01-13 08:00:00+00:00,3056.82
2025-01-13 12:00:00+00:00,3047.37
2025-01-13 16:00:00+00:00,3023.97
2025-01-13 20:00:00+00:00,3136.14
2025-01-14 00:00:00+00:00,3157.58
2025-01-14 04:00:00+00:00,3170.39
2025-01-14 08:00:00+00:00,3216.22
2025-01-14 12:00:00+00:00,3197.87
2025-01-14 16:00:00+00:00,3212.8
2025-01-14 20:00:00+00:00,3223.99
2025-01-15 00:00:00+00:00,3239.99
2025-01-15 04:00:00+00:00,3231.3
2025-01-15 08:00:00+00:00,3198.4
2025-01-15 12:00:00+00:00,3332.95
2025-01-15 16:00:00+00:00,3433.76
2025-01-15 20:00:00+00:00,3449.8
2025-01-16 00:00:00+00:00,3362.1
2025-01-16 04:00:00+00:00,3382.42
2025-01-16 08:00:00+00:00,3349.75
2025-01-16 12:00:00+00:00,3332.0
2025-01-16 16:00:00+00:00,3343.36
2025-01-16 20:00:00+00:00,3306.94
2025-01-17 00:00:00+00:00,3360.0
2025-01-17 04:00:00+00:00,3371.36
2025-01-17 08:00:00+00:00,3422.11
2025-01-17 12:00:00+00:00,3420.44
2025-01-17 16:00:00+00:00,3431.12
2025-01-17 20:00:00+00:00,3472.38
2025-01-18 00:00:00+00:00,3382.79
2025-01-18 04:00:00+00:00,3286.42
2025-01-18 08:00:00+00:00,3310.54
2025-01-18 12:00:00+00:00,3305.99
2025-01-18 16:00:00+00:00,3289.09
2025-01-18 20:00:00+00:00,3306.7
2025-01-19 00:00:00+00:00,3334.96
2025-01-19 04:00:00+00:00,3275.02
2025-01-19 08:00:00+00:00,3149.69
2025-01-19 12:00:00+00:00,3383.66
2025-01-19 16:00:00+00:00,3419.84
2025-01-19 20:00:00+00:00,3214.15
2025-01-20 00:00:00+00:00,3271.38
2025-01-20 04:00:00+00:00,3383.33
2025-01-20 08:00:00+00:00,3375.67
2025-01-20 12:00:00+00:00,3335.93
2025-01-20 16:00:00+00:00,3342.93
2025-01-20 20:00:00+00:00,3283.2
2025-01-21 00:00:00+00:00,3262.23
2025-01-21 04:00:00+00:00,3254.01
2025-01-21 08:00:00+00:00,3304.39
2025-01-21 12:00:00+00:00,3294.15
2025-01-21 16:00:00+00:00,3331.74
2025-01-21 20:00:00+00:00,3326.72
2025-01-22 00:00:00+00:00,3330.48
2025-01-22 04:00:00+00:00,3286.9
2025-01-22 08:00:00+00:00,3325.53
2025-01-22 12:00:00+00:00,3277.48
2025-01-22 16:00:00+00:00,3261.51
2025-01-22 20:00:00+00:00,3242.0
2025-01-23 00:00:00+00:00,3225.99
2025-01-23 04:00:00+00:00,3232.07
2025-01-23 08:00:00+00:00,3212.79
2025-01-23 12:00:00+00:00,3258.5
2025-01-23 16:00:00+00:00,3203.48
2025-01-23 20:00:00+00:00,3337.88
2025-01-24 00:00:00+00:00,3301.2
2025-01-24 04:00:00+00:00,3380.58
2025-01-24 08:00:00+00:00,3398.68
2025-01-24 12:00:00+00:00,3382.62
2025-01-24 16:00:00+00:00,3367.25
2025-01-24 20:00:00+00:00,3308.62
2025-01-25 00:00:00+00:00,3318.0
2025-01-25 04:00:00+00:00,3289.78
2025-01-25 08:00:00+00:00,3305.5
2025-01-25 12:00:00+00:00,3332.87
2025-01-25 16:00:00+00:00,3338.72
2025-01-25 20:00:00+00:00,3317.91
2025-01-26 00:00:00+00:00,3337.47
2025-01-26 04:00:00+00:00,3337.52
2025-01-26 08:00:00+00:00,3310.45
2025-01-26 12:00:00+00:00,3313.61
2025-01-26 16:00:00+00:00,3337.51
2025-01-26 20:00:00+00:00,3230.5
2025-01-27 00:00:00+00:00,3182.11
2025-01-27 04:00:00+00:00,3069.13
2025-01-27 08:00:00+00:00,3057.48
2025-01-27 12:00:00+00:00,3132.04
2025-01-27 16:00:00+00:00,3074.88
2025-01-27 20:00:00+00:00,3180.99
2025-01-28 00:00:00+00:00,3201.47
2025-01-28 04:00:00+00:00,3194.62
2025-01-28 08:00:00+00:00,3185.21
2025-01-28 12:00:00+00:00,3180.15
2025-01-28 16:00:00+00:00,3146.55
2025-01-28 20:00:00+00:00,3075.96
2025-01-29 00:00:00+00:00,3129.1
2025-01-29 04:00:00+00:00,3155.64
2025-01-29 08:00:00+00:00,3133.63
2025-01-29 12:00:00+00:00,3099.69
2025-01-29 16:00:00+00:00,3125.08
2025-01-29 20:00:00+00:00,3112.55
2025-01-30 00:00:00+00:00,3200.3
2025-01-30 04:00:00+00:00,3189.54
2025-01-30 08:00:00+00:00,3221.16
2025-01-30 12:00:00+00:00,3254.39
2025-01-30 16:00:00+00:00,3270.07
2025-01-30 20:00:00+00:00,3245.86
2025-01-31 00:00:00+00:00,3229.54
2025-01-31 04:00:00+00:00,3239.99
2025-01-31 08:00:00+00:00,3334.22
2025-01-31 12:00:00+00:00,3426.21
2025-01-31 16:00:00+00:00,3337.3
2025-01-31 20:00:00+00:00,3299.5
2025-02-01 00:00:00+00:00,3291.01
2025-02-01 04:00:00+00:00,3278.99
2025-02-01 08:00:00+00:00,3250.54
2025-02-01 12:00:00+00:00,3249.4
2025-02-01 16:00:00+00:00,3195.18
2025-02-01 20:00:00+00:00,3116.22
2025-02-02 00:00:00+00:00,3076.48
2025-02-02 04:00:00+00:00,3099.88
2025-02-02 08:00:00+00:00,3063.49
2025-02-02 12:00:00+00:00,3079.48
2025-02-02 16:00:00+00:00,2957.76
2025-02-02 20:00:00+00:00,2868.05
2025-02-03 00:00:00+00:00,2525.33
2025-02-03 04:00:00+00:00,2619.27
2025-02-03 08:00:00+00:00,2579.43
2025-02-03 12:00:00+00:00,2698.75
2025-02-03 16:00:00+00:00,2762.26
2025-02-03 20:00:00+00:00,2878.69
2025-02-04 00:00:00+00:00,2809.42
2025-02-04 04:00:00+00:00,2702.36
2025-02-04 08:00:00+00:00,2756.95
2025-02-04 12:00:00+00:00,2775.6
2025-02-04 16:00:00+00:00,2768.85
2025-02-04 20:00:00+00:00,2730.03
2025-02-05 00:00:00+00:00,2718.95
2025-02-05 04:00:00+00:00,2758.17
2025-02-05 08:00:00+00:00,2798.58
2025-02-05 12:00:00+00:00,2772.12
2025-02-05 16:00:00+00:00,2774.5
2025-02-05 20:00:00+00:00,2787.0
2025-02-06 00:00:00+00:00,2805.17
2025-02-06 04:00:00+00:00,2830.41
2025-02-06 08:00:00+00:00,2802.02
2025-02-06 12:00:00+00:00,2704.25
2025-02-06 16:00:00+00:00,2689.0
2025-02-06 20:00:00+00:00,2685.25
2025-02-07 00:00:00+00:00,2714.46
2025-02-07 04:00:00+00:00,2711.63
2025-02-07 08:00:00+00:00,2761.34
2025-02-07 12:00:00+00:00,2720.33
2025-02-07 16:00:00+00:00,2657.82
2025-02-07 20:00:00+00:00,2620.66
2025-02-08 00:00:00+00:00,2640.62
2025-02-08 04:00:00+00:00,2628.33
2025-02-08 08:00:00+00:00,2612.09
2025-02-08 12:00:00+00:00,2604.06
2025-02-08 16:00:00+00:00,2636.16
2025-02-08 20:00:00+00:00,2630.99
2025-02-09 00:00:00+00:00,2677.16
2025-02-09 04:00:00+00:00,2661.3
2025-02-09 08:00:00+00:00,2653.88
2025-02-09 12:00:00+00:00,2651.91
2025-02-09 16:00:00+00:00,2622.71
2025-02-09 20:00:00+00:00,2626.07
2025-02-10 00:00:00+00:00,2624.72
2025-02-10 04:00:00+00:00,2636.0
2025-02-10 08:00:00+00:00,2652.25
2025-02-10 12:00:00+00:00,2657.31
2025-02-10 16:00:00+00:00,2670.87
2025-02-10 20:00:00+00:00,2659.99
2025-02-11 00:00:00+00:00,2677.71
2025-02-11 04:00:00+00:00,2710.68
2025-02-11 08:00:00+00:00,2707.32
2025-02-11 12:00:00+00:00,2661.16
2025-02-11 16:00:00+00:00,2588.46
2025-02-11 20:00:00+00:00,2601.03
2025-02-12 00:00:00+00:00,2586.01
2025-02-12 04:00:00+00:00,2617.27
2025-02-12 08:00:00+00:00,2625.94
2025-02-12 12:00:00+00:00,2605.99
2025-02-12 16:00:00+00:00,2677.17
2025-02-12 20:00:00+00:00,2737.14
2025-02-13 00:00:00+00:00,2743.54
2025-02-13 04:00:00+00:00,2680.13
2025-02-13 08:00:00+00:00,2654.7
2025-02-13 12:00:00+00:00,2646.27
2025-02-13 16:00:00+00:00,2639.75
2025-02-13 20:00:00+00:00,2674.52
2025-02-14 00:00:00+00:00,2714.0
2025-02-14 04:00:00+00:00,2698.0
2025-02-14 08:00:00+00:00,2684.0
2025-02-14 12:00:00+00:00,2733.34
2025-02-14 16:00:00+00:00,2736.68
2025-02-14 20:00:00+00:00,2724.74
2025-02-15 00:00:00+00:00,2723.21
2025-02-15 04:00:00+00:00,2696.37
2025-02-15 08:00:00+00:00,2706.91
2025-02-15 12:00:00+00:00,2689.86
2025-02-15 16:00:00+00:00,2690.4
2025-02-15 20:00:00+00:00,2691.73
2025-02-16 00:00:00+00:00,2697.89
2025-02-16 04:00:00+00:00,2694.39
2025-02-16 08:00:00+00:00,2709.75
2025-02-16 12:00:00+00:00,2692.96
2025-02-16 16:00:00+00:00,2682.28
2025-02-16 20:00:00+00:00,2660.0
2025-02-17 00:00:00+00:00,2670.83
2025-02-17 04:00:00+00:00,2680.47
2025-02-17 08:00:00+00:00,2753.93
2025-02-17 12:00:00+00:00,2754.74
2025-02-17 16:00:00+00:00,2716.38
2025-02-17 20:00:00+00:00,2743.0
2025-02-18 00:00:00+00:00,2710.75
2025-02-18 04:00:00+00:00,2671.01
2025-02-18 08:00:00+00:00,2678.14
2025-02-18 12:00:00+00:00,2672.38
2025-02-18 16:00:00+00:00,2628.8
2025-02-18 20:00:00+00:00,2670.57
2025-02-19 00:00:00+00:00,2692.94
2025-02-19 04:00:00+00:00,2707.0
2025-02-19 08:00:00+00:00,2725.99
2025-02-19 12:00:00+00:00,2695.59
2025-02-19 16:00:00+00:00,2710.81
2025-02-19 20:00:00+00:00,2714.06
2025-02-20 00:00:00+00:00,2740.22
2025-02-20 04:00:00+00:00,2728.88
2025-02-20 08:00:00+00:00,2739.35
2025-02-20 12:00:00+00:00,2711.25
2025-02-20 16:00:00+00:00,2746.43
2025-02-20 20:00:00+00:00,2736.87
2025-02-21 00:00:00+00:00,2743.15
2025-02-21 04:00:00+00:00,2754.99
2025-02-21 08:00:00+00:00,2787.2
2025-02-21 12:00:00+00:00,2722.25
2025-02-21 16:00:00+00:00,2638.47
2025-02-21 20:00:00+00:00,2660.85
2025-02-22 00:00:00+00:00,2673.91
2025-02-22 04:00:00+00:00,2682.8
2025-02-22 08:00:00+00:00,2731.91
2025-02-22 12:00:00+00:00,2774.62
2025-02-22 16:00:00+00:00,2769.12
2025-02-22 20:00:00+00:00,2762.01
2025-02-23 00:00:00+00:00,2751.68
2025-02-23 04:00:00+00:00,2823.64
2025-02-23 08:00:00+00:00,2796.42
2025-02-23 12:00:00+00:00,2781.75
2025-02-23 16:00:00+00:00,2806.77
2025-02-23 20:00:00+00:00,2818.54
2025-02-24 00:00:00+00:00,2716.56
2025-02-24 04:00:00+00:00,2720.41
2025-02-24 08:00:00+00:00,2688.69
2025-02-24 12:00:00+00:00,2657.59
2025-02-24 16:00:00+00:00,2640.21
2025-02-24 20:00:00+00:00,2512.27
2025-02-25 00:00:00+00:00,2493.83
2025-02-25 04:00:00+00:00,2366.83
2025-02-25 08:00:00+00:00,2432.39
2025-02-25 12:00:00+00:00,2408.99
2025-02-25 16:00:00+00:00,2470.47
2025-02-25 20:00:00+00:00,2494.45
2025-02-26 00:00:00+00:00,2489.78
2025-02-26 04:00:00+00:00,2482.67
2025-02-26 08:00:00+00:00,2463.71
2025-02-26 12:00:00+00:00,2427.7
2025-02-26 16:00:00+00:00,2295.46
2025-02-26 20:00:00+00:00,2335.33
2025-02-27 00:00:00+00:00,2331.01
2025-02-27 04:00:00+00:00,2355.38
2025-02-27 08:00:00+00:00,2352.76
2025-02-27 12:00:00+00:00,2322.32
2025-02-27 16:00:00+00:00,2291.2
2025-02-27 20:00:00+00:00,2306.66
2025-02-28 00:00:00+00:00,2146.41
2025-02-28 04:00:00+00:00,2104.89
2025-02-28 08:00:00+00:00,2124.47
2025-02-28 12:00:00+00:00,2221.64
2025-02-28 16:00:00+00:00,2229.34
2025-02-28 20:00:00+00:00,2236.59
2025-03-01 00:00:00+00:00,2261.69
2025-03-01 04:00:00+00:00,2228.15
2025-03-01 08:00:00+00:00,2183.28
2025-03-01 12:00:00+00:00,2172.34
2025-03-01 16:00:00+00:00,2222.13
2025-03-01 20:00:00+00:00,2216.6
2025-03-02 00:00:00+00:00,2219.4
2025-03-02 04:00:00+00:00,2220.24
2025-03-02 08:00:00+00:00,2237.75
2025-03-02 12:00:00+00:00,2229.02
2025-03-02 16:00:00+00:00,2485.01
2025-03-02 20:00:00+00:00,2517.12
2025-03-03 00:00:00+00:00,2440.19
2025-03-03 04:00:00+00:00,2385.85
2025-03-03 08:00:00+00:00,2355.23
2025-03-03 12:00:00+00:00,2286.33
2025-03-03 16:00:00+00:00,2108.27
2025-03-03 20:00:00+00:00,2148.22
2025-03-04 00:00:00+00:00,2073.55
2025-03-04 04:00:00+00:00,2079.67
2025-03-04 08:00:00+00:00,2100.37
2025-03-04 12:00:00+00:00,2073.79
2025-03-04 16:00:00+00:00,2171.68
2025-03-04 20:00:00+00:00,2170.51
2025-03-05 00:00:00+00:00,2159.7
2025-03-05 04:00:00+00:00,2206.02
2025-03-05 08:00:00+00:00,2216.6
2025-03-05 12:00:00+00:00,2185.61
2025-03-05 16:00:00+00:00,2217.28
2025-03-05 20:00:00+00:00,2240.45
2025-03-06 00:00:00+00:00,2288.79
2025-03-06 04:00:00+00:00,2285.21
2025-03-06 08:00:00+00:00,2296.74
2025-03-06 12:00:00+00:00,2256.41
2025-03-06 16:00:00+00:00,2197.12
2025-03-06 20:00:00+00:00,2201.34
2025-03-07 00:00:00+00:00,2147.21
2025-03-07 04:00:00+00:00,2191.52
2025-03-07 08:00:00+00:00,2196.69
2025-03-07 12:00:00+00:00,2208.94
2025-03-07 16:00:00+00:00,2177.47
2025-03-07 20:00:00+00:00,2140.72
2025-03-08 00:00:00+00:00,2137.07
2025-03-08 04:00:00+00:00,2136.65
2025-03-08 08:00:00+00:00,2140.89
2025-03-08 12:00:00+00:00,2180.41
2025-03-08 16:00:00+00:00,2223.73
2025-03-08 20:00:00+00:00,2202.84
2025-03-09 00:00:00+00:00,2184.82
2025-03-09 04:00:00+00:00,2184.07
2025-03-09 08:00:00+00:00,2145.63
2025-03-09 12:00:00+00:00,2095.86
2025-03-09 16:00:00+00:00,2039.34
2025-03-09 20:00:00+00:00,2019.2
2025-03-10 00:00:00+00:00,2056.82
2025-03-10 04:00:00+00:00,2074.2
2025-03-10 08:00:00+00:00,2127.13
2025-03-10 12:00:00+00:00,2016.99
2025-03-10 16:00:00+00:00,1868.66
2025-03-10 20:00:00+00:00,1864.51
2025-03-11 00:00:00+00:00,1848.96
2025-03-11 04:00:00+00:00,1903.11
2025-03-11 08:00:00+00:00,1913.41
2025-03-11 12:00:00+00:00,1913.58
2025-03-11 16:00:00+00:00,1950.66
2025-03-11 20:00:00+00:00,1922.61
2025-03-12 00:00:00+00:00,1867.95
2025-03-12 04:00:00+00:00,1910.47
2025-03-12 08:00:00+00:00,1915.83
2025-03-12 12:00:00+00:00,1868.55
2025-03-12 16:00:00+00:00,1877.19
2025-03-12 20:00:00+00:00,1907.24
2025-03-13 00:00:00+00:00,1886.02
2025-03-13 04:00:00+00:00,1871.21
2025-03-13 08:00:00+00:00,1899.63
2025-03-13 12:00:00+00:00,1874.72
2025-03-13 16:00:00+00:00,1850.95
2025-03-13 20:00:00+00:00,1863.76
2025-03-14 00:00:00+00:00,1888.6
2025-03-14 04:00:00+00:00,1892.33
2025-03-14 08:00:00+00:00,1901.51
2025-03-14 12:00:00+00:00,1921.2
2025-03-14 16:00:00+00:00,1933.29
2025-03-14 20:00:00+00:00,1910.79
2025-03-15 00:00:00+00:00,1919.79
2025-03-15 04:00:00+00:00,1916.86
2025-03-15 08:00:00+00:00,1927.99
2025-03-15 12:00:00+00:00,1936.81
2025-03-15 16:00:00+00:00,1936.0
2025-03-15 20:00:00+00:00,1936.27
2025-03-16 00:00:00+00:00,1926.6
2025-03-16 04:00:00+00:00,1925.21
2025-03-16 08:00:00+00:00,1872.61
2025-03-16 12:00:00+00:00,1894.22
2025-03-16 16:00:00+00:00,1881.77
2025-03-16 20:00:00+00:00,1885.97
2025-03-17 00:00:00+00:00,1908.08
2025-03-17 04:00:00+00:00,1900.13
2025-03-17 08:00:00+00:00,1909.71
2025-03-17 12:00:00+00:00,1918.49
2025-03-17 16:00:00+00:00,1941.24
2025-03-17 20:00:00+00:00,1925.37
2025-03-18 00:00:00+00:00,1900.27
2025-03-18 04:00:00+00:00,1903.99
2025-03-18 08:00:00+00:00,1891.54
2025-03-18 12:00:00+00:00,1879.97
2025-03-18 16:00:00+00:00,1903.53
2025-03-18 20:00:00+00:00,1930.64
2025-03-19 00:00:00+00:00,1937.73
2025-03-19 04:00:00+00:00,1931.21
2025-03-19 08:00:00+00:00,2026.99
2025-03-19 12:00:00+00:00,2047.87
2025-03-19 16:00:00+00:00,2029.91
2025-03-19 20:00:00+00:00,2055.21
2025-03-20 00:00:00+00:00,2021.85
2025-03-20 04:00:00+00:00,2006.45
2025-03-20 08:00:00+00:00,1988.4
2025-03-20 12:00:00+00:00,1971.06
2025-03-20 16:00:00+00:00,1974.1
2025-03-20 20:00:00+00:00,1982.72
2025-03-21 00:00:00+00:00,1977.25
2025-03-21 04:00:00+00:00,1976.0
2025-03-21 08:00:00+00:00,1966.11
2025-03-21 12:00:00+00:00,1949.63
2025-03-21 16:00:00+00:00,1972.72
2025-03-21 20:00:00+00:00,1964.81
2025-03-22 00:00:00+00:00,1985.0
2025-03-22 04:00:00+00:00,1983.16
2025-03-22 08:00:00+00:00,1989.36
2025-03-22 12:00:00+00:00,1985.27
2025-03-22 16:00:00+00:00,1994.99
2025-03-22 20:00:00+00:00,1979.56
2025-03-23 00:00:00+00:00,2007.53
2025-03-23 04:00:00+00:00,2007.2
2025-03-23 08:00:00+00:00,2006.97
2025-03-23 12:00:00+00:00,2006.21
2025-03-23 16:00:00+00:00,1995.39
2025-03-23 20:00:00+00:00,2005.0
2025-03-24 00:00:00+00:00,2013.49
2025-03-24 04:00:00+00:00,2068.47
2025-03-24 08:00:00+00:00,2091.67
2025-03-24 12:00:00+00:00,2088.8
2025-03-24 16:00:00+00:00,2087.71
2025-03-24 20:00:00+00:00,2080.41
2025-03-25 00:00:00+00:00,2042.26
2025-03-25 04:00:00+00:00,2054.8
2025-03-25 08:00:00+00:00,2067.36
2025-03-25 12:00:00+00:00,2066.46
2025-03-25 16:00:00+00:00,2074.65
2025-03-25 20:00:00+00:00,2065.22
2025-03-26 00:00:00+00:00,2048.08
2025-03-26 04:00:00+00:00,2068.34
2025-03-26 08:00:00+00:00,2067.44
2025-03-26 12:00:00+00:00,2011.21
2025-03-26 16:00:00+00:00,1998.9
2025-03-26 20:00:00+00:00,2008.69
2025-03-27 00:00:00+00:00,2030.5
2025-03-27 04:00:00+00:00,2025.44
2025-03-27 08:00:00+00:00,2015.3
2025-03-27 12:00:00+00:00,2004.57
2025-03-27 16:00:00+00:00,2003.48
2025-03-27 20:00:00+00:00,2002.8
2025-03-28 00:00:00+00:00,1999.02
2025-03-28 04:00:00+00:00,1909.04
2025-03-28 08:00:00+00:00,1899.41
2025-03-28 12:00:00+00:00,1871.45
2025-03-28 16:00:00+00:00,1873.34
2025-03-28 20:00:00+00:00,1896.02
2025-03-29 00:00:00+00:00,1898.95
2025-03-29 04:00:00+00:00,1879.37
2025-03-29 08:00:00+00:00,1843.71
2025-03-29 12:00:00+00:00,1839.22
2025-03-29 16:00:00+00:00,1826.77
2025-03-29 20:00:00+00:00,1827.32
2025-03-30 00:00:00+00:00,1833.32
2025-03-30 04:00:00+00:00,1836.7
2025-03-30 08:00:00+00:00,1832.49
2025-03-30 12:00:00+00:00,1812.81
2025-03-30 16:00:00+00:00,1813.38
2025-03-30 20:00:00+00:00,1806.99
2025-03-31 00:00:00+00:00,1797.72
2025-03-31 04:00:00+00:00,1797.91
2025-03-31 08:00:00+00:00,1812.52
2025-03-31 12:00:00+00:00,1841.37
2025-03-31 16:00:00+00:00,1826.89
2025-03-31 20:00:00+00:00,1821.59
2025-04-01 00:00:00+00:00,1834.25
2025-04-01 04:00:00+00:00,1853.34
2025-04-01 08:00:00+00:00,1861.48
2025-04-01 12:00:00+00:00,1917.89
2025-04-01 16:00:00+00:00,1909.12
2025-04-01 20:00:00+00:00,1904.21
2025-04-02 00:00:00+00:00,1875.41
2025-04-02 04:00:00+00:00,1864.07
2025-04-02 08:00:00+00:00,1868.05
2025-04-02 12:00:00+00:00,1900.09
2025-04-02 16:00:00+00:00,1910.56
2025-04-02 20:00:00+00:00,1794.1
2025-04-03 00:00:00+00:00,1823.75
2025-04-03 04:00:00+00:00,1814.52
2025-04-03 08:00:00+00:00,1794.39
2025-04-03 12:00:00+00:00,1781.42
2025-04-03 16:00:00+00:00,1786.53
2025-04-03 20:00:00+00:00,1816.48
2025-04-04 00:00:00+00:00,1792.13
2025-04-04 04:00:00+00:00,1816.88
2025-04-04 08:00:00+00:00,1783.16
2025-04-04 12:00:00+00:00,1794.47
2025-04-04 16:00:00+00:00,1809.02
2025-04-04 20:00:00+00:00,1815.97
2025-04-05 00:00:00+00:00,1809.01
2025-04-05 04:00:00+00:00,1812.4
2025-04-05 08:00:00+00:00,1806.6
2025-04-05 12:00:00+00:00,1781.1
2025-04-05 16:00:00+00:00,1781.33
2025-04-05 20:00:00+00:00,1805.15
2025-04-06 00:00:00+00:00,1809.11
2025-04-06 04:00:00+00:00,1796.84
2025-04-06 08:00:00+00:00,1788.22
2025-04-06 12:00:00+00:00,1758.8
2025-04-06 16:00:00+00:00,1625.22
2025-04-06 20:00:00+00:00,1579.98
2025-04-07 00:00:00+00:00,1542.79
2025-04-07 04:00:00+00:00,1459.52
2025-04-07 08:00:00+00:00,1482.34
2025-04-07 12:00:00+00:00,1555.54
2025-04-07 16:00:00+00:00,1544.56
2025-04-07 20:00:00+00:00,1552.44
2025-04-08 00:00:00+00:00,1583.96
2025-04-08 04:00:00+00:00,1569.98
2025-04-08 08:00:00+00:00,1587.56
2025-04-08 12:00:00+00:00,1530.75
2025-04-08 16:00:00+00:00,1466.03
2025-04-08 20:00:00+00:00,1472.67
2025-04-09 00:00:00+00:00,1417.96
2025-04-09 04:00:00+00:00,1482.9
2025-04-09 08:00:00+00:00,1454.64
2025-04-09 12:00:00+00:00,1484.8
2025-04-09 16:00:00+00:00,1639.73
2025-04-09 20:00:00+00:00,1668.69
2025-04-10 00:00:00+00:00,1616.39
2025-04-10 04:00:00+00:00,1595.03
2025-04-10 08:00:00+00:00,1593.92
2025-04-10 12:00:00+00:00,1495.0
2025-04-10 16:00:00+00:00,1513.67
2025-04-10 20:00:00+00:00,1521.57
2025-04-11 00:00:00+00:00,1543.63
2025-04-11 04:00:00+00:00,1551.99
2025-04-11 08:00:00+00:00,1557.93
2025-04-11 12:00:00+00:00,1564.79
2025-04-11 16:00:00+00:00,1564.84
2025-04-11 20:00:00+00:00,1565.96
2025-04-12 00:00:00+00:00,1553.61
2025-04-12 04:00:00+00:00,1581.24
2025-04-12 08:00:00+00:00,1593.21
2025-04-12 12:00:00+00:00,1655.1
2025-04-12 16:00:00+00:00,1641.89
2025-04-12 20:00:00+00:00,1643.6
2025-04-13 00:00:00+00:00,1623.6
2025-04-13 04:00:00+00:00,1612.77
2025-04-13 08:00:00+00:00,1603.62
2025-04-13 12:00:00+00:00,1585.92
2025-04-13 16:00:00+00:00,1589.42
2025-04-13 20:00:00+00:00,1596.92
2025-04-14 00:00:00+00:00,1629.01
2025-04-14 04:00:00+00:00,1634.92
2025-04-14 08:00:00+00:00,1674.63
2025-04-14 12:00:00+00:00,1626.96
2025-04-14 16:00:00+00:00,1635.92
2025-04-14 20:00:00+00:00,1623.02
2025-04-15 00:00:00+00:00,1637.15
2025-04-15 04:00:00+00:00,1644.18
2025-04-15 08:00:00+00:00,1631.18
2025-04-15 12:00:00+00:00,1620.12
2025-04-15 16:00:00+00:00,1606.17
2025-04-15 20:00:00+00:00,1588.0
2025-04-16 00:00:00+00:00,1590.02
2025-04-16 04:00:00+00:00,1563.45
2025-04-16 08:00:00+00:00,1583.25
2025-04-16 12:00:00+00:00,1589.91
2025-04-16 16:00:00+00:00,1588.16
2025-04-16 20:00:00+00:00,1576.58
2025-04-17 00:00:00+00:00,1584.04
2025-04-17 04:00:00+00:00,1600.99
2025-04-17 08:00:00+00:00,1592.5
2025-04-17 12:00:00+00:00,1582.42
2025-04-17 16:00:00+00:00,1580.4
2025-04-17 20:00:00+00:00,1582.84
2025-04-18 00:00:00+00:00,1583.4
2025-04-18 04:00:00+00:00,1583.45
2025-04-18 08:00:00+00:00,1589.89
2025-04-18 12:00:00+00:00,1582.27
2025-04-18 16:00:00+00:00,1592.38
2025-04-18 20:00:00+00:00,1587.91
2025-04-19 00:00:00+00:00,1597.2
2025-04-19 04:00:00+00:00,1600.27
2025-04-19 08:00:00+00:00,1596.29
2025-04-19 12:00:00+00:00,1606.59
2025-04-19 16:00:00+00:00,1613.99
2025-04-19 20:00:00+00:00,1612.44
2025-04-20 00:00:00+00:00,1611.14
2025-04-20 04:00:00+00:00,1596.62
2025-04-20 08:00:00+00:00,1571.78
2025-04-20 12:00:00+00:00,1572.8
2025-04-20 16:00:00+00:00,1585.34
2025-04-20 20:00:00+00:00,1586.56
2025-04-21 00:00:00+00:00,1634.06
2025-04-21 04:00:00+00:00,1645.1
2025-04-21 08:00:00+00:00,1625.66
2025-04-21 12:00:00+00:00,1622.5
2025-04-21 16:00:00+00:00,1572.86
2025-04-21 20:00:00+00:00,1578.64
2025-04-22 00:00:00+00:00,1578.21
2025-04-22 04:00:00+00:00,1618.6
2025-04-22 08:00:00+00:00,1630.14
2025-04-22 12:00:00+00:00,1702.41
2025-04-22 16:00:00+00:00,1697.54
2025-04-22 20:00:00+00:00,1755.57
2025-04-23 00:00:00+00:00,1794.51
2025-04-23 04:00:00+00:00,1791.27
2025-04-23 08:00:00+00:00,1796.74
2025-04-23 12:00:00+00:00,1793.7
2025-04-23 16:00:00+00:00,1785.44
2025-04-23 20:00:00+00:00,1794.46
2025-04-24 00:00:00+00:00,1767.3
2025-04-24 04:00:00+00:00,1755.61
2025-04-24 08:00:00+00:00,1754.05
2025-04-24 12:00:00+00:00,1763.83
2025-04-24 16:00:00+00:00,1762.21
2025-04-24 20:00:00+00:00,1768.8
2025-04-25 00:00:00+00:00,1760.0
2025-04-25 04:00:00+00:00,1776.38
2025-04-25 08:00:00+00:00,1789.47
2025-04-25 12:00:00+00:00,1805.7
2025-04-25 16:00:00+00:00,1801.45
2025-04-25 20:00:00+00:00,1783.77
2025-04-26 00:00:00+00:00,1796.51
2025-04-26 04:00:00+00:00,1799.54
2025-04-26 08:00:00+00:00,1784.73
2025-04-26 12:00:00+00:00,1799.39
2025-04-26 16:00:00+00:00,1812.21
2025-04-26 20:00:00+00:00,1820.0
2025-04-27 00:00:00+00:00,1808.74
2025-04-27 04:00:00+00:00,1802.98
2025-04-27 08:00:00+00:00,1805.04
2025-04-27 12:00:00+00:00,1792.88
2025-04-27 16:00:00+00:00,1806.95
2025-04-27 20:00:00+00:00,1790.21
2025-04-28 00:00:00+00:00,1783.25
2025-04-28 04:00:00+00:00,1803.95
2025-04-28 08:00:00+00:00,1815.0
2025-04-28 12:00:00+00:00,1762.08
2025-04-28 16:00:00+00:00,1796.36
2025-04-28 20:00:00+00:00,1799.22
2025-04-29 00:00:00+00:00,1801.26
2025-04-29 04:00:00+00:00,1820.77
2025-04-29 08:00:00+00:00,1828.9
2025-04-29 12:00:00+00:00,1814.21
2025-04-29 16:00:00+00:00,1820.92
2025-04-29 20:00:00+00:00,1796.57
2025-04-30 00:00:00+00:00,1808.19
2025-04-30 04:00:00+00:00,1795.55
2025-04-30 08:00:00+00:00,1814.79
2025-04-30 12:00:00+00:00,1763.72
2025-04-30 16:00:00+00:00,1785.96
2025-04-30 20:00:00+00:00,1792.71
2025-05-01 00:00:00+00:00,1807.28
2025-05-01 04:00:00+00:00,1809.74
2025-05-01 08:00:00+00:00,1844.79
2025-05-01 12:00:00+00:00,1851.99
2025-05-01 16:00:00+00:00,1842.12
2025-05-01 20:00:00+00:00,1837.19
2025-05-02 00:00:00+00:00,1846.66
2025-05-02 04:00:00+00:00,1815.3
2025-05-02 08:00:00+00:00,1832.39
2025-05-02 12:00:00+00:00,1840.21
2025-05-02 16:00:00+00:00,1838.78
2025-05-02 20:00:00+00:00,1841.22
2025-05-03 00:00:00+00:00,1834.08
2025-05-03 04:00:00+00:00,1825.58
2025-05-03 08:00:00+00:00,1823.35
2025-05-03 12:00:00+00:00,1833.51
2025-05-03 16:00:00+00:00,1837.61
2025-05-03 20:00:00+00:00,1832.55
2025-05-04 00:00:00+00:00,1831.24
2025-05-04 04:00:00+00:00,1840.24
2025-05-04 08:00:00+00:00,1826.69
2025-05-04 12:00:00+00:00,1829.63
2025-05-04 16:00:00+00:00,1827.58
2025-05-04 20:00:00+00:00,1807.87
2025-05-05 00:00:00+00:00,1793.86
2025-05-05 04:00:00+00:00,1825.74
2025-05-05 08:00:00+00:00,1803.81
2025-05-05 12:00:00+00:00,1800.14
2025-05-05 16:00:00+00:00,1815.65
2025-05-05 20:00:00+00:00,1819.43
2025-05-06 00:00:00+00:00,1805.5
2025-05-06 04:00:00+00:00,1805.0
2025-05-06 08:00:00+00:00,1769.1
2025-05-06 12:00:00+00:00,1769.31
2025-05-06 16:00:00+00:00,1784.05
2025-05-06 20:00:00+00:00,1816.22
2025-05-07 00:00:00+00:00,1825.6
2025-05-07 04:00:00+00:00,1837.26
2025-05-07 08:00:00+00:00,1835.48
2025-05-07 12:00:00+00:00,1816.73
2025-05-07 16:00:00+00:00,1795.08
2025-05-07 20:00:00+00:00,1810.14
2025-05-08 00:00:00+00:00,1900.5
2025-05-08 04:00:00+00:00,1927.8
2025-05-08 08:00:00+00:00,1956.65
2025-05-08 12:00:00+00:00,2050.56
2025-05-08 16:00:00+00:00,2117.59
2025-05-08 20:00:00+00:00,2206.54
2025-05-09 00:00:00+00:00,2204.56
2025-05-09 04:00:00+00:00,2363.81
2025-05-09 08:00:00+00:00,2350.76
2025-05-09 12:00:00+00:00,2300.55
2025-05-09 16:00:00+00:00,2330.69
2025-05-09 20:00:00+00:00,2344.3
2025-05-10 00:00:00+00:00,2338.81
2025-05-10 04:00:00+00:00,2399.17
2025-05-10 08:00:00+00:00,2383.75
2025-05-10 12:00:00+00:00,2432.38
2025-05-10 16:00:00+00:00,2498.35
2025-05-10 20:00:00+00:00,2581.91
2025-05-11 00:00:00+00:00,2536.31
2025-05-11 04:00:00+00:00,2472.61
2025-05-11 08:00:00+00:00,2529.36
2025-05-11 12:00:00+00:00,2461.22
2025-05-11 16:00:00+00:00,2506.99
2025-05-11 20:00:00+00:00,2513.48
2025-05-12 00:00:00+00:00,2519.01
2025-05-12 04:00:00+00:00,2553.44
2025-05-12 08:00:00+00:00,2529.34
2025-05-12 12:00:00+00:00,2485.94
2025-05-12 16:00:00+00:00,2459.29
2025-05-12 20:00:00+00:00,2494.16
2025-05-13 00:00:00+00:00,2424.07
2025-05-13 04:00:00+00:00,2459.9
2025-05-13 08:00:00+00:00,2512.26
2025-05-13 12:00:00+00:00,2564.89
2025-05-13 16:00:00+00:00,2690.02
2025-05-13 20:00:00+00:00,2678.59
2025-05-14 00:00:00+00:00,2645.78
2025-05-14 04:00:00+00:00,2639.14
2025-05-14 08:00:00+00:00,2624.16
2025-05-14 12:00:00+00:00,2596.28
2025-05-14 16:00:00+00:00,2603.85
2025-05-14 20:00:00+00:00,2608.74
2025-05-15 00:00:00+00:00,2573.77
2025-05-15 04:00:00+00:00,2529.6
2025-05-15 08:00:00+00:00,2553.81
2025-05-15 12:00:00+00:00,2562.9
2025-05-15 16:00:00+00:00,2529.77
2025-05-15 20:00:00+00:00,2547.75
2025-05-16 00:00:00+00:00,2580.43
2025-05-16 04:00:00+00:00,2600.5
2025-05-16 08:00:00+00:00,2620.0
2025-05-16 12:00:00+00:00,2593.94
2025-05-16 16:00:00+00:00,2591.0
2025-05-16 20:00:00+00:00,2535.72
2025-05-17 00:00:00+00:00,2495.93
2025-05-17 04:00:00+00:00,2491.49
2025-05-17 08:00:00+00:00,2480.54
2025-05-17 12:00:00+00:00,2473.22
2025-05-17 16:00:00+00:00,2468.9
2025-05-17 20:00:00+00:00,2474.09
2025-05-18 00:00:00+00:00,2476.19
2025-05-18 04:00:00+00:00,2508.35
2025-05-18 08:00:00+00:00,2500.49
2025-05-18 12:00:00+00:00,2578.06
2025-05-18 16:00:00+00:00,2406.78
2025-05-18 20:00:00+00:00,2496.98
2025-05-19 00:00:00+00:00,2384.46
2025-05-19 04:00:00+00:00,2402.54
2025-05-19 08:00:00+00:00,2416.34
2025-05-19 12:00:00+00:00,2465.59
2025-05-19 16:00:00+00:00,2517.67
2025-05-19 20:00:00+00:00,2526.87
2025-05-20 00:00:00+00:00,2552.08
2025-05-20 04:00:00+00:00,2531.2
2025-05-20 08:00:00+00:00,2513.32
2025-05-20 12:00:00+00:00,2481.52
2025-05-20 16:00:00+00:00,2500.25
2025-05-20 20:00:00+00:00,2523.09
2025-05-21 00:00:00+00:00,2543.77
2025-05-21 04:00:00+00:00,2550.72
2025-05-21 08:00:00+00:00,2535.67
2025-05-21 12:00:00+00:00,2566.01
2025-05-21 16:00:00+00:00,2511.11
2025-05-21 20:00:00+00:00,2550.26
2025-05-22 00:00:00+00:00,2628.6
2025-05-22 04:00:00+00:00,2634.41
2025-05-22 08:00:00+00:00,2649.71
2025-05-22 12:00:00+00:00,2663.53
2025-05-22 16:00:00+00:00,2634.02
2025-05-22 20:00:00+00:00,2663.72
2025-05-23 00:00:00+00:00,2720.93
2025-05-23 04:00:00+00:00,2654.69
2025-05-23 08:00:00+00:00,2565.32
2025-05-23 12:00:00+00:00,2567.38
2025-05-23 16:00:00+00:00,2559.76
2025-05-23 20:00:00+00:00,2525.39
2025-05-24 00:00:00+00:00,2548.98
2025-05-24 04:00:00+00:00,2545.79
2025-05-24 08:00:00+00:00,2562.14
2025-05-24 12:00:00+00:00,2554.32
2025-05-24 16:00:00+00:00,2553.33
2025-05-24 20:00:00+00:00,2529.27
2025-05-25 00:00:00+00:00,2511.79
2025-05-25 04:00:00+00:00,2493.38
2025-05-25 08:00:00+00:00,2496.58
2025-05-25 12:00:00+00:00,2510.47
2025-05-25 16:00:00+00:00,2525.21
2025-05-25 20:00:00+00:00,2550.03
2025-05-26 00:00:00+00:00,2559.33
2025-05-26 04:00:00+00:00,2579.71
2025-05-26 08:00:00+00:00,2566.75
2025-05-26 12:00:00+00:00,2565.0
2025-05-26 16:00:00+00:00,2539.97
2025-05-26 20:00:00+00:00,2562.43
2025-05-27 00:00:00+00:00,2548.42
2025-05-27 04:00:00+00:00,2606.95
2025-05-27 08:00:00+00:00,2651.98
2025-05-27 12:00:00+00:00,2667.46
2025-05-27 16:00:00+00:00,2686.84
2025-05-27 20:00:00+00:00,2659.84
2025-05-28 00:00:00+00:00,2644.51
2025-05-28 04:00:00+00:00,2635.35
2025-05-28 08:00:00+00:00,2655.99
2025-05-28 12:00:00+00:00,2626.17
2025-05-28 16:00:00+00:00,2616.61
2025-05-28 20:00:00+00:00,2680.4
2025-05-29 00:00:00+00:00,2762.05
2025-05-29 04:00:00+00:00,2730.0
2025-05-29 08:00:00+00:00,2714.84
2025-05-29 12:00:00+00:00,2642.46
2025-05-29 16:00:00+00:00,2649.35
2025-05-29 20:00:00+00:00,2630.3
2025-05-30 00:00:00+00:00,2630.39
2025-05-30 04:00:00+00:00,2617.55
2025-05-30 08:00:00+00:00,2620.69
2025-05-30 12:00:00+00:00,2597.01
2025-05-30 16:00:00+00:00,2573.3
2025-05-30 20:00:00+00:00,2529.63
2025-05-31 00:00:00+00:00,2512.88
2025-05-31 04:00:00+00:00,2520.0
2025-05-31 08:00:00+00:00,2518.6
2025-05-31 12:00:00+00:00,2534.85
2025-05-31 16:00:00+00:00,2536.48
2025-05-31 20:00:00+00:00,2527.08
2025-06-01 00:00:00+00:00,2512.14
2025-06-01 04:00:00+00:00,2507.62
2025-06-01 08:00:00+00:00,2496.32
2025-06-01 12:00:00+00:00,2522.0
2025-06-01 16:00:00+00:00,2525.11
2025-06-01 20:00:00+00:00,2537.89
2025-06-02 00:00:00+00:00,2495.12
2025-06-02 04:00:00+00:00,2505.78
2025-06-02 08:00:00+00:00,2480.03
2025-06-02 12:00:00+00:00,2543.24
2025-06-02 16:00:00+00:00,2531.21
2025-06-02 20:00:00+00:00,2606.48
2025-06-03 00:00:00+00:00,2602.38
2025-06-03 04:00:00+00:00,2608.68
2025-06-03 08:00:00+00:00,2600.21
2025-06-03 12:00:00+00:00,2622.56
2025-06-03 16:00:00+00:00,2624.16
2025-06-03 20:00:00+00:00,2592.16
2025-06-04 00:00:00+00:00,2626.78
2025-06-04 04:00:00+00:00,2626.31
2025-06-04 08:00:00+00:00,2623.71
2025-06-04 12:00:00+00:00,2666.91
2025-06-04 16:00:00+00:00,2622.36
2025-06-04 20:00:00+00:00,2606.62
2025-06-05 00:00:00+00:00,2624.0
2025-06-05 04:00:00+00:00,2603.21
2025-06-05 08:00:00+00:00,2606.64
2025-06-05 12:00:00+00:00,2588.34
2025-06-05 16:00:00+00:00,2528.08
2025-06-05 20:00:00+00:00,2412.9
2025-06-06 00:00:00+00:00,2454.51
2025-06-06 04:00:00+00:00,2454.18
2025-06-06 08:00:00+00:00,2474.93
2025-06-06 12:00:00+00:00,2508.29
2025-06-06 16:00:00+00:00,2483.04
2025-06-06 20:00:00+00:00,2475.38
2025-06-07 00:00:00+00:00,2487.99
2025-06-07 04:00:00+00:00,2490.21
2025-06-07 08:00:00+00:00,2494.22
2025-06-07 12:00:00+00:00,2518.5
2025-06-07 16:00:00+00:00,2515.78
2025-06-07 20:00:00+00:00,2523.4
2025-06-08 00:00:00+00:00,2510.66
2025-06-08 04:00:00+00:00,2513.45
2025-06-08 08:00:00+00:00,2512.29
2025-06-08 12:00:00+00:00,2513.39
2025-06-08 16:00:00+00:00,2531.53
2025-06-08 20:00:00+00:00,2508.32
2025-06-09 00:00:00+00:00,2495.55
2025-06-09 04:00:00+00:00,2490.67
2025-06-09 08:00:00+00:00,2540.74
2025-06-09 12:00:00+00:00,2532.98
2025-06-09 16:00:00+00:00,2579.45
2025-06-09 20:00:00+00:00,2679.12
2025-06-10 00:00:00+00:00,2688.26
2025-06-10 04:00:00+00:00,2676.67
2025-06-10 08:00:00+00:00,2772.99
2025-06-10 12:00:00+00:00,2731.83
2025-06-10 16:00:00+00:00,2772.87
2025-06-10 20:00:00+00:00,2815.74
2025-06-11 00:00:00+00:00,2790.21
2025-06-11 04:00:00+00:00,2790.86
2025-06-11 08:00:00+00:00,2771.82
2025-06-11 12:00:00+00:00,2864.01
2025-06-11 16:00:00+00:00,2811.94
2025-06-11 20:00:00+00:00,2770.34
2025-06-12 00:00:00+00:00,2763.99
2025-06-12 04:00:00+00:00,2739.45
2025-06-12 08:00:00+00:00,2728.76
2025-06-12 12:00:00+00:00,2718.25
2025-06-12 16:00:00+00:00,2693.13
2025-06-12 20:00:00+00:00,2641.38
2025-06-13 00:00:00+00:00,2513.0
2025-06-13 04:00:00+00:00,2525.13
2025-06-13 08:00:00+00:00,2543.93
2025-06-13 12:00:00+00:00,2550.26
2025-06-13 16:00:00+00:00,2526.33
2025-06-13 20:00:00+00:00,2578.09
2025-06-14 00:00:00+00:00,2547.74
2025-06-14 04:00:00+00:00,2535.82
2025-06-14 08:00:00+00:00,2537.0
2025-06-14 12:00:00+00:00,2518.22
2025-06-14 16:00:00+00:00,2506.31
2025-06-14 20:00:00+00:00,2529.66
2025-06-15 00:00:00+00:00,2529.05
2025-06-15 04:00:00+00:00,2527.33
2025-06-15 08:00:00+00:00,2515.19
2025-06-15 12:00:00+00:00,2540.79
2025-06-15 16:00:00+00:00,2535.94
2025-06-15 20:00:00+00:00,2546.32
2025-06-16 00:00:00+00:00,2567.6
2025-06-16 04:00:00+00:00,2627.71
2025-06-16 08:00:00+00:00,2615.81
2025-06-16 12:00:00+00:00,2630.86
2025-06-16 16:00:00+00:00,2659.2
2025-06-16 20:00:00+00:00,2543.12
2025-06-17 00:00:00+00:00,2606.39
2025-06-17 04:00:00+00:00,2581.13
2025-06-17 08:00:00+00:00,2551.25
2025-06-17 12:00:00+00:00,2497.75
2025-06-17 16:00:00+00:00,2527.09
2025-06-17 20:00:00+00:00,2508.99
2025-06-18 00:00:00+00:00,2526.87
2025-06-18 04:00:00+00:00,2532.33
2025-06-18 08:00:00+00:00,2512.59
2025-06-18 12:00:00+00:00,2507.84
2025-06-18 16:00:00+00:00,2491.24
2025-06-18 20:00:00+00:00,2523.49
2025-06-19 00:00:00+00:00,2524.36
2025-06-19 04:00:00+00:00,2517.56
2025-06-19 08:00:00+00:00,2530.62
2025-06-19 12:00:00+00:00,2491.89
2025-06-19 16:00:00+00:00,2503.76
2025-06-19 20:00:00+00:00,2520.18
2025-06-20 00:00:00+00:00,2516.16
2025-06-20 04:00:00+00:00,2548.6
2025-06-20 08:00:00+00:00,2548.68
2025-06-20 12:00:00+00:00,2492.46
2025-06-20 16:00:00+00:00,2413.62
2025-06-20 20:00:00+00:00,2405.42
2025-06-21 00:00:00+00:00,2424.33
2025-06-21 04:00:00+00:00,2425.63
2025-06-21 08:00:00+00:00,2441.43
2025-06-21 12:00:00+00:00,2422.37
2025-06-21 16:00:00+00:00,2384.02
2025-06-21 20:00:00+00:00,2294.63
2025-06-22 00:00:00+00:00,2263.49
2025-06-22 04:00:00+00:00,2269.74
2025-06-22 08:00:00+00:00,2272.0
2025-06-22 12:00:00+00:00,2173.91
2025-06-22 16:00:00+00:00,2182.96
2025-06-22 20:00:00+00:00,2226.33
2025-06-23 00:00:00+00:00,2233.89
2025-06-23 04:00:00+00:00,2257.5
2025-06-23 08:00:00+00:00,2252.16
2025-06-23 12:00:00+00:00,2247.17
2025-06-23 16:00:00+00:00,2311.57
2025-06-23 20:00:00+00:00,2410.39
2025-06-24 00:00:00+00:00,2397.66
2025-06-24 04:00:00+00:00,2391.79
2025-06-24 08:00:00+00:00,2408.3
2025-06-24 12:00:00+00:00,2437.0
2025-06-24 16:00:00+00:00,2432.91
2025-06-24 20:00:00+00:00,2447.58
2025-06-25 00:00:00+00:00,2442.85
2025-06-25 04:00:00+00:00,2443.45
2025-06-25 08:00:00+00:00,2427.96
2025-06-25 12:00:00+00:00,2404.48
2025-06-25 16:00:00+00:00,2431.8
2025-06-25 20:00:00+00:00,2417.28
2025-06-26 00:00:00+00:00,2487.95
2025-06-26 04:00:00+00:00,2489.0
2025-06-26 08:00:00+00:00,2449.23
2025-06-26 12:00:00+00:00,2432.0
2025-06-26 16:00:00+00:00,2434.52
2025-06-26 20:00:00+00:00,2414.54
2025-06-27 00:00:00+00:00,2445.83
2025-06-27 04:00:00+00:00,2441.19
2025-06-27 08:00:00+00:00,2446.26
2025-06-27 12:00:00+00:00,2437.61
2025-06-27 16:00:00+00:00,2411.72
2025-06-27 20:00:00+00:00,2422.06
2025-06-28 00:00:00+00:00,2419.7
2025-06-28 04:00:00+00:00,2430.55
2025-06-28 08:00:00+00:00,2426.26
2025-06-28 12:00:00+00:00,2435.08
2025-06-28 16:00:00+00:00,2432.38
2025-06-28 20:00:00+00:00,2434.8
2025-06-29 00:00:00+00:00,2426.85
2025-06-29 04:00:00+00:00,2439.58
2025-06-29 08:00:00+00:00,2460.82
2025-06-29 12:00:00+00:00,2435.36
2025-06-29 16:00:00+00:00,2436.81
2025-06-29 20:00:00+00:00,2499.25
2025-06-30 00:00:00+00:00,2498.42
2025-06-30 04:00:00+00:00,2479.63
2025-06-30 08:00:00+00:00,2457.19
2025-06-30 12:00:00+00:00,2473.54
2025-06-30 16:00:00+00:00,2514.78
2025-06-30 20:00:00+00:00,2484.3
2025-07-01 00:00:00+00:00,2484.36
2025-07-01 04:00:00+00:00,2464.02
2025-07-01 08:00:00+00:00,2448.14
2025-07-01 12:00:00+00:00,2422.49
2025-07-01 16:00:00+00:00,2401.45
2025-07-01 20:00:00+00:00,2403.65
2025-07-02 00:00:00+00:00,2429.23
2025-07-02 04:00:00+00:00,2445.75
2025-07-02 08:00:00+00:00,2444.53
2025-07-02 12:00:00+00:00,2497.74
2025-07-02 16:00:00+00:00,2603.65
2025-07-02 20:00:00+00:00,2569.37
2025-07-03 00:00:00+00:00,2560.22
2025-07-03 04:00:00+00:00,2599.24
2025-07-03 08:00:00+00:00,2596.25
2025-07-03 12:00:00+00:00,2569.14
2025-07-03 16:00:00+00:00,2584.63
2025-07-03 20:00:00+00:00,2590.17
2025-07-04 00:00:00+00:00,2576.66
2025-07-04 04:00:00+00:00,2533.85
2025-07-04 08:00:00+00:00,2548.01
2025-07-04 12:00:00+00:00,2499.61
2025-07-04 16:00:00+00:00,2481.59
2025-07-04 20:00:00+00:00,2506.86
2025-07-05 00:00:00+00:00,2517.3
2025-07-05 04:00:00+00:00,2520.35
2025-07-05 08:00:00+00:00,2516.82
2025-07-05 12:00:00+00:00,2506.88
2025-07-05 16:00:00+00:00,2504.41
2025-07-05 20:00:00+00:00,2515.25
2025-07-06 00:00:00+00:00,2513.77
2025-07-06 04:00:00+00:00,2516.9
2025-07-06 08:00:00+00:00,2514.73
2025-07-06 12:00:00+00:00,2557.69
2025-07-06 16:00:00+00:00,2540.0
2025-07-06 20:00:00+00:00,2569.14
2025-07-07 00:00:00+00:00,2576.34
2025-07-07 04:00:00+00:00,2577.28
2025-07-07 08:00:00+00:00,2561.83
2025-07-07 12:00:00+00:00,2532.56
2025-07-07 16:00:00+00:00,2542.86
2025-07-07 20:00:00+00:00,2541.37
2025-07-08 00:00:00+00:00,2536.82
2025-07-08 04:00:00+00:00,2552.16
2025-07-08 08:00:00+00:00,2573.88
2025-07-08 12:00:00+00:00,2563.83
2025-07-08 16:00:00+00:00,2609.23
2025-07-08 20:00:00+00:00,2613.97
2025-07-09 00:00:00+00:00,2590.42
2025-07-09 04:00:00+00:00,2623.74
2025-07-09 08:00:00+00:00,2624.94
2025-07-09 12:00:00+00:00,2655.41
2025-07-09 16:00:00+00:00,2763.56
2025-07-09 20:00:00+00:00,2767.7
2025-07-10 00:00:00+00:00,2774.51
2025-07-10 04:00:00+00:00,2789.54
2025-07-10 08:00:00+00:00,2777.38
2025-07-10 12:00:00+00:00,2768.49
2025-07-10 16:00:00+00:00,2814.61
2025-07-10 20:00:00+00:00,2950.62
2025-07-11 00:00:00+00:00,2968.51
2025-07-11 04:00:00+00:00,2967.8
2025-07-11 08:00:00+00:00,2983.22
2025-07-11 12:00:00+00:00,2950.45
2025-07-11 16:00:00+00:00,3006.64
2025-07-11 20:00:00+00:00,2956.93
2025-07-12 00:00:00+00:00,2964.89
2025-07-12 04:00:00+00:00,2961.7
2025-07-12 08:00:00+00:00,2962.54
2025-07-12 12:00:00+00:00,2914.83
2025-07-12 16:00:00+00:00,2939.72
2025-07-12 20:00:00+00:00,2941.87
2025-07-13 00:00:00+00:00,2953.77
2025-07-13 04:00:00+00:00,2961.46
2025-07-13 08:00:00+00:00,2963.32
2025-07-13 12:00:00+00:00,2990.98
2025-07-13 16:00:00+00:00,2987.92
2025-07-13 20:00:00+00:00,2970.37
2025-07-14 00:00:00+00:00,3036.37
2025-07-14 04:00:00+00:00,3043.65
2025-07-14 08:00:00+00:00,3051.1
2025-07-14 12:00:00+00:00,3011.0
2025-07-14 16:00:00+00:00,2999.12
2025-07-14 20:00:00+00:00,3012.26
2025-07-15 00:00:00+00:00,2950.9
2025-07-15 04:00:00+00:00,2976.35
2025-07-15 08:00:00+00:00,2980.17
2025-07-15 12:00:00+00:00,3039.0
2025-07-15 16:00:00+00:00,3040.87
2025-07-15 20:00:00+00:00,3137.62
2025-07-16 00:00:00+00:00,3115.08
2025-07-16 04:00:00+00:00,3160.55
2025-07-16 08:00:00+00:00,3149.9
2025-07-16 12:00:00+00:00,3243.4
2025-07-16 16:00:00+00:00,3382.52
2025-07-16 20:00:00+00:00,3370.55
2025-07-17 00:00:00+00:00,3330.04
2025-07-17 04:00:00+00:00,3448.37
2025-07-17 08:00:00+00:00,3434.69
2025-07-17 12:00:00+00:00,3420.07
2025-07-17 16:00:00+00:00,3410.77
2025-07-17 20:00:00+00:00,3476.65
2025-07-18 00:00:00+00:00,3596.83
2025-07-18 04:00:00+00:00,3607.1
2025-07-18 08:00:00+00:00,3612.0
2025-07-18 12:00:00+00:00,3564.7
2025-07-18 16:00:00+00:00,3551.21
2025-07-18 20:00:00+00:00,3546.36
2025-07-19 00:00:00+00:00,3591.74
2025-07-19 04:00:00+00:00,3570.54
2025-07-19 08:00:00+00:00,3551.9
2025-07-19 12:00:00+00:00,3551.36
2025-07-19 16:00:00+00:00,3577.13
2025-07-19 20:00:00+00:00,3591.31
2025-07-20 00:00:00+00:00,3657.11
2025-07-20 04:00:00+00:00,3667.38
2025-07-20 08:00:00+00:00,3755.7
2025-07-20 12:00:00+00:00,3785.39
2025-07-20 16:00:00+00:00,3748.85
2025-07-20 20:00:00+00:00,3755.67
2025-07-21 00:00:00+00:00,3756.86
2025-07-21 04:00:00+00:00,3786.97
2025-07-21 08:00:00+00:00,3808.8
2025-07-21 12:00:00+00:00,3808.9
2025-07-21 16:00:00+00:00,3734.9
2025-07-21 20:00:00+00:00,3760.96
2025-07-22 00:00:00+00:00,3730.38
2025-07-22 04:00:00+00:00,3676.44
2025-07-22 08:00:00+00:00,3704.39
2025-07-22 12:00:00+00:00,3717.74
2025-07-22 16:00:00+00:00,3668.91
2025-07-22 20:00:00+00:00,3746.01
2025-07-23 00:00:00+00:00,3728.0
2025-07-23 04:00:00+00:00,3672.27
2025-07-23 08:00:00+00:00,3670.91
2025-07-23 12:00:00+00:00,3643.55
2025-07-23 16:00:00+00:00,3587.06
2025-07-23 20:00:00+00:00,3627.49
2025-07-24 00:00:00+00:00,3640.31
2025-07-24 04:00:00+00:00,3589.94
2025-07-24 08:00:00+00:00,3654.32
2025-07-24 12:00:00+00:00,3730.46
2025-07-24 16:00:00+00:00,3730.81
2025-07-24 20:00:00+00:00,3706.2
2025-07-25 00:00:00+00:00,3594.25
2025-07-25 04:00:00+00:00,3630.68
2025-07-25 08:00:00+00:00,3720.0
2025-07-25 12:00:00+00:00,3631.91
2025-07-25 16:00:00+00:00,3639.56
2025-07-25 20:00:00+00:00,3724.17
2025-07-26 00:00:00+00:00,3738.01
2025-07-26 04:00:00+00:00,3741.03
2025-07-26 08:00:00+00:00,3738.44
2025-07-26 12:00:00+00:00,3734.51
2025-07-26 16:00:00+00:00,3749.33
2025-07-26 20:00:00+00:00,3740.0
2025-07-27 00:00:00+00:00,3772.92
2025-07-27 04:00:00+00:00,3766.5
2025-07-27 08:00:00+00:00,3814.16
2025-07-27 12:00:00+00:00,3817.66
2025-07-27 16:00:00+00:00,3827.35
2025-07-27 20:00:00+00:00,3871.47
2025-07-28 00:00:00+00:00,3878.47
2025-07-28 04:00:00+00:00,3892.01
2025-07-28 08:00:00+00:00,3878.59
2025-07-28 12:00:00+00:00,3806.09
2025-07-28 16:00:00+00:00,3796.02
2025-07-28 20:00:00+00:00,3796.0
2025-07-29 00:00:00+00:00,3790.46
2025-07-29 04:00:00+00:00,3876.56
2025-07-29 08:00:00+00:00,3824.65
2025-07-29 12:00:00+00:00,3759.52
2025-07-29 16:00:00+00:00,3763.78
2025-07-29 20:00:00+00:00,3791.55
2025-07-30 00:00:00+00:00,3815.62
2025-07-30 04:00:00+00:00,3809.13
2025-07-30 08:00:00+00:00,3756.61
2025-07-30 12:00:00+00:00,3795.76
2025-07-30 16:00:00+00:00,3758.7
2025-07-30 20:00:00+00:00,3808.67
2025-07-31 00:00:00+00:00,3861.97
2025-07-31 04:00:00+00:00,3862.16
2025-07-31 08:00:00+00:00,3836.87
2025-07-31 12:00:00+00:00,3786.01
2025-07-31 16:00:00+00:00,3736.19
2025-07-31 20:00:00+00:00,3696.58
2025-08-01 00:00:00+00:00,3703.49
2025-08-01 04:00:00+00:00,3648.67
2025-08-01 08:00:00+00:00,3641.04
2025-08-01 12:00:00+00:00,3614.49
2025-08-01 16:00:00+00:00,3517.57
2025-08-01 20:00:00+00:00,3486.42
2025-08-02 00:00:00+00:00,3527.15
2025-08-02 04:00:00+00:00,3517.68
2025-08-02 08:00:00+00:00,3506.93
2025-08-02 12:00:00+00:00,3457.5
2025-08-02 16:00:00+00:00,3381.35
2025-08-02 20:00:00+00:00,3392.42
2025-08-03 00:00:00+00:00,3441.97
2025-08-03 04:00:00+00:00,3454.23
2025-08-03 08:00:00+00:00,3483.4
2025-08-03 12:00:00+00:00,3474.65
2025-08-03 16:00:00+00:00,3495.32
2025-08-03 20:00:00+00:00,3495.0
2025-08-04 00:00:00+00:00,3555.0
2025-08-04 04:00:00+00:00,3550.66
2025-08-04 08:00:00+00:00,3554.0
2025-08-04 12:00:00+00:00,3646.59
2025-08-04 16:00:00+00:00,3668.14
2025-08-04 20:00:00+00:00,3719.42
2025-08-05 00:00:00+00:00,3650.4
2025-08-05 04:00:00+00:00,3611.76
2025-08-05 08:00:00+00:00,3672.58
2025-08-05 12:00:00+00:00,3568.46
2025-08-05 16:00:00+00:00,3570.18
2025-08-05 20:00:00+00:00,3610.19
2025-08-06 00:00:00+00:00,3582.02
2025-08-06 04:00:00+00:00,3638.4
2025-08-06 08:00:00+00:00,3618.16
2025-08-06 12:00:00+00:00,3662.65
2025-08-06 16:00:00+00:00,3682.13
2025-08-06 20:00:00+00:00,3681.21
2025-08-07 00:00:00+00:00,3655.06
2025-08-07 04:00:00+00:00,3701.0
2025-08-07 08:00:00+00:00,3825.66
2025-08-07 12:00:00+00:00,3835.15
2025-08-07 16:00:00+00:00,3865.48
2025-08-07 20:00:00+00:00,3908.4
2025-08-08 00:00:00+00:00,3938.05
2025-08-08 04:00:00+00:00,3914.88
2025-08-08 08:00:00+00:00,3916.29
2025-08-08 12:00:00+00:00,3953.0
2025-08-08 16:00:00+00:00,4059.99
2025-08-08 20:00:00+00:00,4009.05
2025-08-09 00:00:00+00:00,4049.33
2025-08-09 04:00:00+00:00,4169.7
2025-08-09 08:00:00+00:00,4189.39
2025-08-09 12:00:00+00:00,4207.51
2025-08-09 16:00:00+00:00,4256.64
2025-08-09 20:00:00+00:00,4259.1
2025-08-10 00:00:00+00:00,4241.14
2025-08-10 04:00:00+00:00,4184.36
2025-08-10 08:00:00+00:00,4179.11
2025-08-10 12:00:00+00:00,4216.12
2025-08-10 16:00:00+00:00,4247.2
2025-08-10 20:00:00+00:00,4248.77
2025-08-11 00:00:00+00:00,4307.77
2025-08-11 04:00:00+00:00,4272.93
2025-08-11 08:00:00+00:00,4183.51
2025-08-11 12:00:00+00:00,4328.88
2025-08-11 16:00:00+00:00,4257.53
2025-08-11 20:00:00+00:00,4221.31
2025-08-12 00:00:00+00:00,4284.2
2025-08-12 04:00:00+00:00,4314.23
2025-08-12 08:00:00+00:00,4289.35
2025-08-12 12:00:00+00:00,4470.98
2025-08-12 16:00:00+00:00,4515.17
2025-08-12 20:00:00+00:00,4589.31
2025-08-13 00:00:00+00:00,4645.39
2025-08-13 04:00:00+00:00,4624.29
2025-08-13 08:00:00+00:00,4689.37
2025-08-13 12:00:00+00:00,4664.79
2025-08-13 16:00:00+00:00,4738.72
2025-08-13 20:00:00+00:00,4748.37
2025-08-14 00:00:00+00:00,4774.86
2025-08-14 04:00:00+00:00,4748.99
2025-08-14 08:00:00+00:00,4719.0
2025-08-14 12:00:00+00:00,4617.61
2025-08-14 16:00:00+00:00,4536.06
2025-08-14 20:00:00+00:00,4545.26
2025-08-15 00:00:00+00:00,4632.63
2025-08-15 04:00:00+00:00,4639.46
2025-08-15 08:00:00+00:00,4632.4
2025-08-15 12:00:00+00:00,4428.72
2025-08-15 16:00:00+00:00,4381.05
2025-08-15 20:00:00+00:00,4437.16
2025-08-16 00:00:00+00:00,4430.97
2025-08-16 04:00:00+00:00,4449.48
2025-08-16 08:00:00+00:00,4385.89
2025-08-16 12:00:00+00:00,4398.0
2025-08-16 16:00:00+00:00,4416.3
2025-08-16 20:00:00+00:00,4420.22
2025-08-17 00:00:00+00:00,4450.43
2025-08-17 04:00:00+00:00,4465.0
2025-08-17 08:00:00+00:00,4549.58
2025-08-17 12:00:00+00:00,4559.58
2025-08-17 16:00:00+00:00,4457.55
2025-08-17 20:00:00+00:00,4470.66
2025-08-18 00:00:00+00:00,4318.43
2025-08-18 04:00:00+00:00,4255.03
2025-08-18 08:00:00+00:00,4272.91
2025-08-18 12:00:00+00:00,4343.22
2025-08-18 16:00:00+00:00,4353.36
2025-08-18 20:00:00+00:00,4311.73
2025-08-19 00:00:00+00:00,4217.43
2025-08-19 04:00:00+00:00,4232.61
2025-08-19 08:00:00+00:00,4307.3
2025-08-19 12:00:00+00:00,4190.32
2025-08-19 16:00:00+00:00,4141.29
2025-08-19 20:00:00+00:00,4073.94
2025-08-20 00:00:00+00:00,4139.0
2025-08-20 04:00:00+00:00,4183.66
2025-08-20 08:00:00+00:00,4193.49
2025-08-20 12:00:00+00:00,4253.47
2025-08-20 16:00:00+00:00,4344.33
2025-08-20 20:00:00+00:00,4334.5
2025-08-21 00:00:00+00:00,4293.49
2025-08-21 04:00:00+00:00,4309.16
2025-08-21 08:00:00+00:00,4277.01
2025-08-21 12:00:00+00:00,4240.91
2025-08-21 16:00:00+00:00,4222.03
2025-08-21 20:00:00+00:00,4223.7
2025-08-22 00:00:00+00:00,4276.98
2025-08-22 04:00:00+00:00,4325.99
2025-08-22 08:00:00+00:00,4272.72
2025-08-22 12:00:00+00:00,4613.93
2025-08-22 16:00:00+00:00,4832.06
2025-08-22 20:00:00+00:00,4830.37
2025-08-23 00:00:00+00:00,4694.47
2025-08-23 04:00:00+00:00,4712.85
2025-08-23 08:00:00+00:00,4703.6
2025-08-23 12:00:00+00:00,4749.17
2025-08-23 16:00:00+00:00,4756.75
2025-08-23 20:00:00+00:00,4777.26
2025-08-24 00:00:00+00:00,4787.76
2025-08-24 04:00:00+00:00,4757.66
2025-08-24 08:00:00+00:00,4745.95
2025-08-24 12:00:00+00:00,4796.28
2025-08-24 16:00:00+00:00,4811.25
2025-08-24 20:00:00+00:00,4778.32
2025-08-25 00:00:00+00:00,4725.46
2025-08-25 04:00:00+00:00,4589.6
2025-08-25 08:00:00+00:00,4598.0
2025-08-25 12:00:00+00:00,4610.31
2025-08-25 16:00:00+00:00,4418.75
2025-08-25 20:00:00+00:00,4374.25
2025-08-26 00:00:00+00:00,4400.5
2025-08-26 04:00:00+00:00,4427.16
2025-08-26 08:00:00+00:00,4425.57
2025-08-26 12:00:00+00:00,4516.17
2025-08-26 16:00:00+00:00,4593.84
2025-08-26 20:00:00+00:00,4598.49
2025-08-27 00:00:00+00:00,4601.07
2025-08-27 04:00:00+00:00,4578.59
2025-08-27 08:00:00+00:00,4606.37
2025-08-27 12:00:00+00:00,4655.31
2025-08-27 16:00:00+00:00,4563.23
2025-08-27 20:00:00+00:00,4504.84
2025-08-28 00:00:00+00:00,4539.38
2025-08-28 04:00:00+00:00,4594.81
2025-08-28 08:00:00+00:00,4592.72
2025-08-28 12:00:00+00:00,4502.04
2025-08-28 16:00:00+00:00,4436.18
2025-08-28 20:00:00+00:00,4509.1
2025-08-29 00:00:00+00:00,4487.57
2025-08-29 04:00:00+00:00,4379.03
2025-08-29 08:00:00+00:00,4344.43
2025-08-29 12:00:00+00:00,4313.87
2025-08-29 16:00:00+00:00,4338.78
2025-08-29 20:00:00+00:00,4358.65
2025-08-30 00:00:00+00:00,4350.85
2025-08-30 04:00:00+00:00,4399.8
2025-08-30 08:00:00+00:00,4389.93
2025-08-30 12:00:00+00:00,4373.71
2025-08-30 16:00:00+00:00,4352.33
2025-08-30 20:00:00+00:00,4372.0
2025-08-31 00:00:00+00:00,4485.72
2025-08-31 04:00:00+00:00,4448.77
2025-08-31 08:00:00+00:00,4474.53
2025-08-31 12:00:00+00:00,4482.47
2025-08-31 16:00:00+00:00,4453.25
2025-08-31 20:00:00+00:00,4389.58
2025-09-01 00:00:00+00:00,4401.34
2025-09-01 04:00:00+00:00,4461.11
2025-09-01 08:00:00+00:00,4390.87
2025-09-01 12:00:00+00:00,4359.69
2025-09-01 16:00:00+00:00,4366.18
2025-09-01 20:00:00+00:00,4313.0
2025-09-02 00:00:00+00:00,4365.22
2025-09-02 04:00:00+00:00,4375.44
2025-09-02 08:00:00+00:00,4346.05
2025-09-02 12:00:00+00:00,4293.12
2025-09-02 16:00:00+00:00,4272.47
2025-09-02 20:00:00+00:00,4324.59
2025-09-03 00:00:00+00:00,4332.55
2025-09-03 04:00:00+00:00,4307.83
2025-09-03 08:00:00+00:00,4369.58
2025-09-03 12:00:00+00:00,4477.0
2025-09-03 16:00:00+00:00,4472.82
2025-09-03 20:00:00+00:00,4448.22
2025-09-04 00:00:00+00:00,4396.12
2025-09-04 04:00:00+00:00,4368.8
2025-09-04 08:00:00+00:00,4404.4
2025-09-04 12:00:00+00:00,4302.61
2025-09-04 16:00:00+00:00,4273.83
2025-09-04 20:00:00+00:00,4295.68
2025-09-05 00:00:00+00:00,4326.5
2025-09-05 04:00:00+00:00,4415.0
2025-09-05 08:00:00+00:00,4415.57
2025-09-05 12:00:00+00:00,4280.44
2025-09-05 16:00:00+00:00,4328.97
2025-09-05 20:00:00+00:00,4305.71
2025-09-06 00:00:00+00:00,4318.36
2025-09-06 04:00:00+00:00,4310.35
2025-09-06 08:00:00+00:00,4298.08
2025-09-06 12:00:00+00:00,4267.68
2025-09-06 16:00:00+00:00,4253.95
2025-09-06 20:00:00+00:00,4271.69
2025-09-07 00:00:00+00:00,4295.07
2025-09-07 04:00:00+00:00,4293.0
2025-09-07 08:00:00+00:00,4308.76
2025-09-07 12:00:00+00:00,4297.16
2025-09-07 16:00:00+00:00,4291.32
2025-09-07 20:00:00+00:00,4303.84
2025-09-08 00:00:00+00:00,4310.0
2025-09-08 04:00:00+00:00,4289.82
2025-09-08 08:00:00+00:00,4310.47
2025-09-08 12:00:00+00:00,4369.82
2025-09-08 16:00:00+00:00,4291.27
2025-09-08 20:00:00+00:00,4303.98
2025-09-09 00:00:00+00:00,4304.98
2025-09-09 04:00:00+00:00,4360.43
2025-09-09 08:00:00+00:00,4345.83
2025-09-09 12:00:00+00:00,4282.64
2025-09-09 16:00:00+00:00,4292.55
2025-09-09 20:00:00+00:00,4308.4
2025-09-10 00:00:00+00:00,4318.84
2025-09-10 04:00:00+00:00,4327.66
2025-09-10 08:00:00+00:00,4329.58
2025-09-10 12:00:00+00:00,4403.5
2025-09-10 16:00:00+00:00,4320.26
2025-09-10 20:00:00+00:00,4347.83
2025-09-11 00:00:00+00:00,4402.0
2025-09-11 04:00:00+00:00,4439.0
2025-09-11 08:00:00+00:00,4428.06
2025-09-11 12:00:00+00:00,4410.41
2025-09-11 16:00:00+00:00,4422.31
2025-09-11 20:00:00+00:00,4456.86
2025-09-12 00:00:00+00:00,4503.61
2025-09-12 04:00:00+00:00,4524.39
2025-09-12 08:00:00+00:00,4519.32
2025-09-12 12:00:00+00:00,4540.16
2025-09-12 16:00:00+00:00,4656.0
2025-09-12 20:00:00+00:00,4710.83
2025-09-13 00:00:00+00:00,4754.75
2025-09-13 04:00:00+00:00,4709.69
2025-09-13 08:00:00+00:00,4717.86
2025-09-13 12:00:00+00:00,4651.44
2025-09-13 16:00:00+00:00,4635.85
2025-09-13 20:00:00+00:00,4664.74
2025-09-14 00:00:00+00:00,4661.0
2025-09-14 04:00:00+00:00,4648.81
2025-09-14 08:00:00+00:00,4632.87
2025-09-14 12:00:00+00:00,4580.22
2025-09-14 16:00:00+00:00,4613.96
2025-09-14 20:00:00+00:00,4602.0
2025-09-15 00:00:00+00:00,4634.46
2025-09-15 04:00:00+00:00,4594.94
2025-09-15 08:00:00+00:00,4528.25
2025-09-15 12:00:00+00:00,4497.46
2025-09-15 16:00:00+00:00,4491.8
2025-09-15 20:00:00+00:00,4521.54
2025-09-16 00:00:00+00:00,4518.97
2025-09-16 04:00:00+00:00,4510.65
2025-09-16 08:00:00+00:00,4499.39
2025-09-16 12:00:00+00:00,4465.74
2025-09-16 16:00:00+00:00,4488.96
2025-09-16 20:00:00+00:00,4499.41
2025-09-17 00:00:00+00:00,4495.23
2025-09-17 04:00:00+00:00,4542.33
2025-09-17 08:00:00+00:00,4489.22
2025-09-17 12:00:00+00:00,4487.65
2025-09-17 16:00:00+00:00,4515.15
2025-09-17 20:00:00+00:00,4588.3
2025-09-18 00:00:00+00:00,4612.01
2025-09-18 04:00:00+00:00,4573.1
2025-09-18 08:00:00+00:00,4573.99
2025-09-18 12:00:00+00:00,4597.15
2025-09-18 16:00:00+00:00,4586.53
2025-09-18 20:00:00+00:00,4585.31
2025-09-19 00:00:00+00:00,4547.46
2025-09-19 04:00:00+00:00,4536.56
2025-09-19 08:00:00+00:00,4511.46
2025-09-19 12:00:00+00:00,4472.29
2025-09-19 16:00:00+00:00,4438.89
2025-09-19 20:00:00+00:00,4466.49
2025-09-20 00:00:00+00:00,4463.6
2025-09-20 04:00:00+00:00,4480.72
2025-09-20 08:00:00+00:00,4468.0
2025-09-20 12:00:00+00:00,4496.37
2025-09-20 16:00:00+00:00,4477.86
2025-09-20 20:00:00+00:00,4478.27
2025-09-21 00:00:00+00:00,4476.11
2025-09-21 04:00:00+00:00,4475.85
2025-09-21 08:00:00+00:00,4458.26
2025-09-21 12:00:00+00:00,4480.63
2025-09-21 16:00:00+00:00,4492.21
2025-09-21 20:00:00+00:00,4443.01
2025-09-22 00:00:00+00:00,4303.62
2025-09-22 04:00:00+00:00,4191.45
2025-09-22 08:00:00+00:00,4179.53
2025-09-22 12:00:00+00:00,4165.82
2025-09-22 16:00:00+00:00,4133.39
2025-09-22 20:00:00+00:00,4196.86
2025-09-23 00:00:00+00:00,4186.49
2025-09-23 04:00:00+00:00,4203.23
2025-09-23 08:00:00+00:00,4189.68
2025-09-23 12:00:00+00:00,4178.8
2025-09-23 16:00:00+00:00,4151.37
2025-09-23 20:00:00+00:00,4162.25
2025-09-24 00:00:00+00:00,4145.4
2025-09-24 04:00:00+00:00,4173.43
2025-09-24 08:00:00+00:00,4179.96
2025-09-24 12:00:00+00:00,4163.82
2025-09-24 16:00:00+00:00,4158.95
2025-09-24 20:00:00+00:00,4150.51
2025-09-25 00:00:00+00:00,4059.76
2025-09-25 04:00:00+00:00,4006.94
2025-09-25 08:00:00+00:00,4000.93
2025-09-25 12:00:00+00:00,4001.0
2025-09-25 16:00:00+00:00,3910.36
2025-09-25 20:00:00+00:00,3873.1
2025-09-26 00:00:00+00:00,3964.0
2025-09-26 04:00:00+00:00,3936.6
2025-09-26 08:00:00+00:00,3903.9
2025-09-26 12:00:00+00:00,3944.42
2025-09-26 16:00:00+00:00,4021.4
2025-09-26 20:00:00+00:00,4030.17
2025-09-27 00:00:00+00:00,4017.2
2025-09-27 04:00:00+00:00,4005.99
2025-09-27 08:00:00+00:00,4000.86
2025-09-27 12:00:00+00:00,4017.2
2025-09-27 16:00:00+00:00,4000.66
2025-09-27 20:00:00+00:00,4017.01
2025-09-28 00:00:00+00:00,4000.58
2025-09-28 04:00:00+00:00,4013.0
2025-09-28 08:00:00+00:00,3990.72
2025-09-28 12:00:00+00:00,4019.91
2025-09-28 16:00:00+00:00,4037.43
2025-09-28 20:00:00+00:00,4139.55
2025-09-29 00:00:00+00:00,4119.68
2025-09-29 04:00:00+00:00,4106.6
2025-09-29 08:00:00+00:00,4100.88
2025-09-29 12:00:00+00:00,4162.72
2025-09-29 16:00:00+00:00,4185.94
2025-09-29 20:00:00+00:00,4212.98
2025-09-30 00:00:00+00:00,4196.16
2025-09-30 04:00:00+00:00,4180.99
2025-09-30 08:00:00+00:00,4162.78
2025-09-30 12:00:00+00:00,4118.09
2025-09-30 16:00:00+00:00,4158.48
2025-09-30 20:00:00+00:00,4142.75
2025-10-01 00:00:00+00:00,4126.84
2025-10-01 04:00:00+00:00,4143.99
2025-10-01 08:00:00+00:00,4295.88
2025-10-01 12:00:00+00:00,4325.01
2025-10-01 16:00:00+00:00,4332.24
2025-10-01 20:00:00+00:00,4345.85
2025-10-02 00:00:00+00:00,4374.99
2025-10-02 04:00:00+00:00,4373.65
2025-10-02 08:00:00+00:00,4377.24
2025-10-02 12:00:00+00:00,4435.49
2025-10-02 16:00:00+00:00,4493.06
2025-10-02 20:00:00+00:00,4481.7
2025-10-03 00:00:00+00:00,4498.96
2025-10-03 04:00:00+00:00,4460.84
2025-10-03 08:00:00+00:00,4476.2
2025-10-03 12:00:00+00:00,4533.2
2025-10-03 16:00:00+00:00,4517.65
2025-10-03 20:00:00+00:00,4511.11
2025-10-04 00:00:00+00:00,4484.48
2025-10-04 04:00:00+00:00,4496.23
2025-10-04 08:00:00+00:00,4482.43
2025-10-04 12:00:00+00:00,4453.13
2025-10-04 16:00:00+00:00,4465.39
2025-10-04 20:00:00+00:00,4484.79
2025-10-05 00:00:00+00:00,4530.11
2025-10-05 04:00:00+00:00,4604.91
2025-10-05 08:00:00+00:00,4549.08
2025-10-05 12:00:00+00:00,4530.61
2025-10-05 16:00:00+00:00,4485.33
2025-10-05 20:00:00+00:00,4512.34
2025-10-06 00:00:00+00:00,4534.9
2025-10-06 04:00:00+00:00,4530.98
2025-10-06 08:00:00+00:00,4569.54
2025-10-06 12:00:00+00:00,4671.24
2025-10-06 16:00:00+00:00,4720.86
2025-10-06 20:00:00+00:00,4682.43
2025-10-07 00:00:00+00:00,4688.73
2025-10-07 04:00:00+00:00,4676.83
2025-10-07 08:00:00+00:00,4706.44
2025-10-07 12:00:00+00:00,4510.3
2025-10-07 16:00:00+00:00,4477.54
2025-10-07 20:00:00+00:00,4445.76
2025-10-08 00:00:00+00:00,4441.83
2025-10-08 04:00:00+00:00,4461.08
2025-10-08 08:00:00+00:00,4485.21
2025-10-08 12:00:00+00:00,4445.11
2025-10-08 16:00:00+00:00,4512.64
2025-10-08 20:00:00+00:00,4523.67
2025-10-09 00:00:00+00:00,4448.81
2025-10-09 04:00:00+00:00,4424.43
2025-10-09 08:00:00+00:00,4371.0
2025-10-09 12:00:00+00:00,4312.81
2025-10-09 16:00:00+00:00,4336.39
2025-10-09 20:00:00+00:00,4365.83
2025-10-10 00:00:00+00:00,4345.01
2025-10-10 04:00:00+00:00,4321.06
2025-10-10 08:00:00+00:00,4341.42
2025-10-10 12:00:00+00:00,4100.48
2025-10-10 16:00:00+00:00,3994.99
2025-10-10 20:00:00+00:00,3819.99
2025-10-11 00:00:00+00:00,3789.56
2025-10-11 04:00:00+00:00,3757.27
2025-10-11 08:00:00+00:00,3838.68
2025-10-11 12:00:00+00:00,3822.58
2025-10-11 16:00:00+00:00,3758.0
2025-10-11 20:00:00+00:00,3744.99
2025-10-12 00:00:00+00:00,3779.99
2025-10-12 04:00:00+00:00,3825.25
2025-10-12 08:00:00+00:00,3818.14
2025-10-12 12:00:00+00:00,4032.38
2025-10-12 16:00:00+00:00,4133.11
2025-10-12 20:00:00+00:00,4149.99
2025-10-13 00:00:00+00:00,4138.63
2025-10-13 04:00:00+00:00,4176.29
2025-10-13 08:00:00+00:00,4078.36
2025-10-13 12:00:00+00:00,4133.44
2025-10-13 16:00:00+00:00,4250.0
2025-10-13 20:00:00+00:00,4239.7
2025-10-14 00:00:00+00:00,4151.29
2025-10-14 04:00:00+00:00,3979.28
2025-10-14 08:00:00+00:00,3970.13
2025-10-14 12:00:00+00:00,4083.25
2025-10-14 16:00:00+00:00,4100.67
2025-10-14 20:00:00+00:00,4123.05
2025-10-15 00:00:00+00:00,4079.71
2025-10-15 04:00:00+00:00,4120.0
2025-10-15 08:00:00+00:00,4098.55
2025-10-15 12:00:00+00:00,3979.23
2025-10-15 16:00:00+00:00,3981.28
2025-10-15 20:00:00+00:00,3983.81
2025-10-16 00:00:00+00:00,4012.92
2025-10-16 04:00:00+00:00,4002.48
2025-10-16 08:00:00+00:00,4060.5
2025-10-16 12:00:00+00:00,3905.04
2025-10-16 16:00:00+00:00,3865.97
2025-10-16 20:00:00+00:00,3892.02
2025-10-17 00:00:00+00:00,3931.44
2025-10-17 04:00:00+00:00,3754.79
2025-10-17 08:00:00+00:00,3776.3
2025-10-17 12:00:00+00:00,3796.02
2025-10-17 16:00:00+00:00,3826.16
2025-10-17 20:00:00+00:00,3829.99
2025-10-18 00:00:00+00:00,3869.0
2025-10-18 04:00:00+00:00,3890.47
2025-10-18 08:00:00+00:00,3880.78
2025-10-18 12:00:00+00:00,3875.99
2025-10-18 16:00:00+00:00,3891.6
2025-10-18 20:00:00+00:00,3887.01
2025-10-19 00:00:00+00:00,3904.7
2025-10-19 04:00:00+00:00,3886.7
2025-10-19 08:00:00+00:00,3922.2
2025-10-19 12:00:00+00:00,3977.55
2025-10-19 16:00:00+00:00,3984.63
2025-10-19 20:00:00+00:00,3980.59
2025-10-20 00:00:00+00:00,4025.88
2025-10-20 04:00:00+00:00,4053.36
2025-10-20 08:00:00+00:00,4032.83
2025-10-20 12:00:00+00:00,4002.73
2025-10-20 16:00:00+00:00,3978.78
2025-10-20 20:00:00+00:00,3977.54
2025-10-21 00:00:00+00:00,3921.41
2025-10-21 04:00:00+00:00,3890.52
2025-10-21 08:00:00+00:00,3888.33
2025-10-21 12:00:00+00:00,4080.41
2025-10-21 16:00:00+00:00,3994.04
2025-10-21 20:00:00+00:00,3871.11
2025-10-22 00:00:00+00:00,3858.14
2025-10-22 04:00:00+00:00,3866.87
2025-10-22 08:00:00+00:00,3827.02
2025-10-22 12:00:00+00:00,3839.73
2025-10-22 16:00:00+00:00,3802.52
2025-10-22 20:00:00+00:00,3803.93
2025-10-23 00:00:00+00:00,3825.18
2025-10-23 04:00:00+00:00,3879.76
2025-10-23 08:00:00+00:00,3861.86
2025-10-23 12:00:00+00:00,3874.87
2025-10-23 16:00:00+00:00,3857.69
2025-10-23 20:00:00+00:00,3855.21
2025-10-24 00:00:00+00:00,3889.43
2025-10-24 04:00:00+00:00,3947.64
2025-10-24 08:00:00+00:00,3945.0
2025-10-24 12:00:00+00:00,3887.09
2025-10-24 16:00:00+00:00,3924.66
2025-10-24 20:00:00+00:00,3933.19
2025-10-25 00:00:00+00:00,3919.43
2025-10-25 04:00:00+00:00,3927.29
2025-10-25 08:00:00+00:00,3938.66
2025-10-25 12:00:00+00:00,3931.48
2025-10-25 16:00:00+00:00,3956.05
2025-10-25 20:00:00+00:00,3952.25
2025-10-26 00:00:00+00:00,3929.95
2025-10-26 04:00:00+00:00,3949.72
2025-10-26 08:00:00+00:00,4043.08
2025-10-26 12:00:00+00:00,4073.45
2025-10-26 16:00:00+00:00,4066.58
2025-10-26 20:00:00+00:00,4156.37
2025-10-27 00:00:00+00:00,4203.21
2025-10-27 04:00:00+00:00,4200.0
2025-10-27 08:00:00+00:00,4160.51
2025-10-27 12:00:00+00:00,4171.25
2025-10-27 16:00:00+00:00,4192.42
2025-10-27 20:00:00+00:00,4118.47
2025-10-28 00:00:00+00:00,4092.48
2025-10-28 04:00:00+00:00,4115.36
2025-10-28 08:00:00+00:00,4110.11
2025-10-28 12:00:00+00:00,4095.35
2025-10-28 16:00:00+00:00,4037.26
2025-10-28 20:00:00+00:00,3977.56
2025-10-29 00:00:00+00:00,3996.0
2025-10-29 04:00:00+00:00,4022.83
2025-10-29 08:00:00+00:00,4009.14
2025-10-29 12:00:00+00:00,3950.23
2025-10-29 16:00:00+00:00,3903.54
2025-10-29 20:00:00+00:00,3900.38
2025-10-30 00:00:00+00:00,3932.54
2025-10-30 04:00:00+00:00,3938.18
2025-10-30 08:00:00+00:00,3879.52
2025-10-30 12:00:00+00:00,3771.61
2025-10-30 16:00:00+00:00,3685.25
2025-10-30 20:00:00+00:00,3802.8
2025-10-31 00:00:00+00:00,3827.6
2025-10-31 04:00:00+00:00,3829.43
2025-10-31 08:00:00+00:00,3872.15
2025-10-31 12:00:00+00:00,3858.58
2025-10-31 16:00:00+00:00,3884.91
2025-10-31 20:00:00+00:00,3846.42
2025-11-01 00:00:00+00:00,3860.0
2025-11-01 04:00:00+00:00,3859.28
2025-11-01 08:00:00+00:00,3876.08
2025-11-01 12:00:00+00:00,3893.01
2025-11-01 16:00:00+00:00,3878.34
2025-11-01 20:00:00+00:00,3872.14
2025-11-02 00:00:00+00:00,3879.25
2025-11-02 04:00:00+00:00,3904.57
2025-11-02 08:00:00+00:00,3888.92
2025-11-02 12:00:00+00:00,3851.63
2025-11-02 16:00:00+00:00,3854.38
2025-11-02 20:00:00+00:00,3904.8
2025-11-03 00:00:00+00:00,3734.73
2025-11-03 04:00:00+00:00,3713.1
2025-11-03 08:00:00+00:00,3710.0
2025-11-03 12:00:00+00:00,3587.38
2025-11-03 16:00:00+00:00,3629.6
2025-11-03 20:00:00+00:00,3602.15
2025-11-04 00:00:00+00:00,3640.9
2025-11-04 04:00:00+00:00,3492.79
2025-11-04 08:00:00+00:00,3527.78
2025-11-04 12:00:00+00:00,3506.0
2025-11-04 16:00:00+00:00,3229.84
2025-11-04 20:00:00+00:00,3285.28
2025-11-05 00:00:00+00:00,3333.44
2025-11-05 04:00:00+00:00,3329.1
2025-11-05 08:00:00+00:00,3320.97
2025-11-05 12:00:00+00:00,3396.31
2025-11-05 16:00:00+00:00,3453.32
2025-11-05 20:00:00+00:00,3423.06
2025-11-06 00:00:00+00:00,3431.33
2025-11-06 04:00:00+00:00,3378.9
2025-11-06 08:00:00+00:00,3397.85
2025-11-06 12:00:00+00:00,3300.01
2025-11-06 16:00:00+00:00,3324.54
2025-11-06 20:00:00+00:00,3313.7
2025-11-07 00:00:00+00:00,3343.67
2025-11-07 04:00:00+00:00,3356.32
2025-11-07 08:00:00+00:00,3258.62
2025-11-07 12:00:00+00:00,3295.99
2025-11-07 16:00:00+00:00,3441.94
2025-11-07 20:00:00+00:00,3434.36
2025-11-08 00:00:00+00:00,3452.5
2025-11-08 04:00:00+00:00,3446.41
2025-11-08 08:00:00+00:00,3411.53
2025-11-08 12:00:00+00:00,3375.68
2025-11-08 16:00:00+00:00,3387.61
2025-11-08 20:00:00+00:00,3400.07
2025-11-09 00:00:00+00:00,3374.82
2025-11-09 04:00:00+00:00,3421.05
2025-11-09 08:00:00+00:00,3426.99
2025-11-09 12:00:00+00:00,3513.58
2025-11-09 16:00:00+00:00,3578.04
2025-11-09 20:00:00+00:00,3581.31
2025-11-10 00:00:00+00:00,3626.45
2025-11-10 04:00:00+00:00,3607.5
2025-11-10 08:00:00+00:00,3608.9
2025-11-10 12:00:00+00:00,3518.1
2025-11-10 16:00:00+00:00,3556.83
2025-11-10 20:00:00+00:00,3566.38
2025-11-11 00:00:00+00:00,3604.2
2025-11-11 04:00:00+00:00,3542.88
2025-11-11 08:00:00+00:00,3572.4
2025-11-11 12:00:00+00:00,3479.62
2025-11-11 16:00:00+00:00,3455.65
2025-11-11 20:00:00+00:00,3416.32
2025-11-12 00:00:00+00:00,3437.52
2025-11-12 04:00:00+00:00,3426.52
2025-11-12 08:00:00+00:00,3548.25
2025-11-12 12:00:00+00:00,3426.34
2025-11-12 16:00:00+00:00,3406.58
2025-11-12 20:00:00+00:00,3413.46
2025-11-13 00:00:00+00:00,3451.33
2025-11-13 04:00:00+00:00,3537.15
2025-11-13 08:00:00+00:00,3499.98
2025-11-13 12:00:00+00:00,3385.52
2025-11-13 16:00:00+00:00,3196.23
2025-11-13 20:00:00+00:00,3230.12
2025-11-14 00:00:00+00:00,3226.5
2025-11-14 04:00:00+00:00,3213.82
2025-11-14 08:00:00+00:00,3142.93
2025-11-14 12:00:00+00:00,3195.73
2025-11-14 16:00:00+00:00,3206.37
2025-11-14 20:00:00+00:00,3111.2
2025-11-15 00:00:00+00:00,3177.88
2025-11-15 04:00:00+00:00,3174.98
2025-11-15 08:00:00+00:00,3151.22
2025-11-15 12:00:00+00:00,3184.5
2025-11-15 16:00:00+00:00,3196.7
2025-11-15 20:00:00+00:00,3166.55
2025-11-16 00:00:00+00:00,3201.56
2025-11-16 04:00:00+00:00,3218.21
2025-11-16 08:00:00+00:00,3167.18
2025-11-16 12:00:00+00:00,3103.52
2025-11-16 16:00:00+00:00,3090.13
2025-11-16 20:00:00+00:00,3094.05
2025-11-17 00:00:00+00:00,3175.65
2025-11-17 04:00:00+00:00,3197.11
2025-11-17 08:00:00+00:00,3202.57
2025-11-17 12:00:00+00:00,3119.46
2025-11-17 16:00:00+00:00,2981.0
2025-11-17 20:00:00+00:00,3030.06
2025-11-18 00:00:00+00:00,3022.93
2025-11-18 04:00:00+00:00,3022.93
2025-11-18 08:00:00+00:00,3056.44
2025-11-18 12:00:00+00:00,3105.19
2025-11-18 16:00:00+00:00,3144.64
2025-11-18 20:00:00+00:00,3122.2
2025-11-19 00:00:00+00:00,3072.01
2025-11-19 04:00:00+00:00,3083.69
2025-11-19 08:00:00+00:00,3082.5
2025-11-19 12:00:00+00:00,2971.58
2025-11-19 16:00:00+00:00,2880.79
2025-11-19 20:00:00+00:00,3024.09
2025-11-20 00:00:00+00:00,3037.83
2025-11-20 04:00:00+00:00,3038.09
2025-11-20 08:00:00+00:00,3022.13
2025-11-20 12:00:00+00:00,2954.53
2025-11-20 16:00:00+00:00,2846.39
2025-11-20 20:00:00+00:00,2832.97
2025-11-21 00:00:00+00:00,2807.76
2025-11-21 04:00:00+00:00,2718.66
2025-11-21 08:00:00+00:00,2687.44
2025-11-21 12:00:00+00:00,2703.7
2025-11-21 16:00:00+00:00,2750.62
2025-11-21 20:00:00+00:00,2764.69
2025-11-22 00:00:00+00:00,2751.17
2025-11-22 04:00:00+00:00,2755.13
2025-11-22 08:00:00+00:00,2734.0
2025-11-22 12:00:00+00:00,2737.62
2025-11-22 16:00:00+00:00,2749.26
2025-11-22 20:00:00+00:00,2769.06
2025-11-23 00:00:00+00:00,2823.02
2025-11-23 04:00:00+00:00,2792.16
2025-11-23 08:00:00+00:00,2814.41
2025-11-23 12:00:00+00:00,2835.01
2025-11-23 16:00:00+00:00,2821.52
2025-11-23 20:00:00+00:00,2800.73
2025-11-24 00:00:00+00:00,2855.52
2025-11-24 04:00:00+00:00,2828.77
2025-11-24 08:00:00+00:00,2802.07
2025-11-24 12:00:00+00:00,2845.16
2025-11-24 16:00:00+00:00,2957.8
2025-11-24 20:00:00+00:00,2952.19
2025-11-25 00:00:00+00:00,2910.29
2025-11-25 04:00:00+00:00,2901.56
2025-11-25 08:00:00+00:00,2889.53
2025-11-25 12:00:00+00:00,2894.18
2025-11-25 16:00:00+00:00,2921.19
2025-11-25 20:00:00+00:00,2958.24
2025-11-26 00:00:00+00:00,2925.54
2025-11-26 04:00:00+00:00,2943.04
2025-11-26 08:00:00+00:00,2912.82
2025-11-26 12:00:00+00:00,2926.63
2025-11-26 16:00:00+00:00,3031.08
2025-11-26 20:00:00+00:00,3025.02
2025-11-27 00:00:00+00:00,3032.32
2025-11-27 04:00:00+00:00,3032.12
2025-11-27 08:00:00+00:00,3026.75
2025-11-27 12:00:00+00:00,3009.68
2025-11-27 16:00:00+00:00,3030.48
2025-11-27 20:00:00+00:00,3013.8
2025-11-28 00:00:00+00:00,3007.19
2025-11-28 04:00:00+00:00,3000.14
2025-11-28 08:00:00+00:00,3032.44
2025-11-28 12:00:00+00:00,3071.77
2025-11-28 16:00:00+00:00,3048.5
2025-11-28 20:00:00+00:00,3029.8
2025-11-29 00:00:00+00:00,3021.51
2025-11-29 04:00:00+00:00,3003.23
2025-11-29 08:00:00+00:00,2998.45
2025-11-29 12:00:00+00:00,3006.0
2025-11-29 16:00:00+00:00,2987.49
2025-11-29 20:00:00+00:00,2987.96
2025-11-30 00:00:00+00:00,3000.44
2025-11-30 04:00:00+00:00,3003.54
2025-11-30 08:00:00+00:00,3001.76
2025-11-30 12:00:00+00:00,3027.65
2025-11-30 16:00:00+00:00,3033.44
2025-11-30 20:00:00+00:00,2990.02
2025-12-01 00:00:00+00:00,2824.8
2025-12-01 04:00:00+00:00,2838.44
2025-12-01 08:00:00+00:00,2836.48
2025-12-01 12:00:00+00:00,2745.01
2025-12-01 16:00:00+00:00,2739.58
2025-12-01 20:00:00+00:00,2797.47
2025-12-02 00:00:00+00:00,2803.25
2025-12-02 04:00:00+00:00,2804.2
2025-12-02 08:00:00+00:00,2824.67
2025-12-02 12:00:00+00:00,3005.55
2025-12-02 16:00:00+00:00,3014.61
2025-12-02 20:00:00+00:00,2994.63
2025-12-03 00:00:00+00:00,3029.08
2025-12-03 04:00:00+00:00,3056.41
2025-12-03 08:00:00+00:00,3071.95
2025-12-03 12:00:00+00:00,3084.84
2025-12-03 16:00:00+00:00,3126.78
2025-12-03 20:00:00+00:00,3187.07
2025-12-04 00:00:00+00:00,3208.57
2025-12-04 04:00:00+00:00,3189.02
2025-12-04 08:00:00+00:00,3185.09
2025-12-04 12:00:00+00:00,3206.56
2025-12-04 16:00:00+00:00,3117.66
2025-12-04 20:00:00+00:00,3132.01
2025-12-05 00:00:00+00:00,3169.61
2025-12-05 04:00:00+00:00,3172.47
2025-12-05 08:00:00+00:00,3130.0
2025-12-05 12:00:00+00:00,3105.39
2025-12-05 16:00:00+00:00,3037.09
2025-12-05 20:00:00+00:00,3020.38
2025-12-06 00:00:00+00:00,3038.64
2025-12-06 04:00:00+00:00,3024.98
2025-12-06 08:00:00+00:00,3037.46
2025-12-06 12:00:00+00:00,3040.1
2025-12-06 16:00:00+00:00,3029.03
2025-12-06 20:00:00+00:00,3036.53
2025-12-07 00:00:00+00:00,3052.58
2025-12-07 04:00:00+00:00,3035.91
2025-12-07 08:00:00+00:00,3034.52
2025-12-07 12:00:00+00:00,3025.82
2025-12-07 16:00:00+00:00,3136.77
2025-12-07 20:00:00+00:00,3058.14
2025-12-08 00:00:00+00:00,3109.65
2025-12-08 04:00:00+00:00,3132.62
2025-12-08 08:00:00+00:00,3140.61
2025-12-08 12:00:00+00:00,3099.69
2025-12-08 16:00:00+00:00,3117.55
2025-12-08 20:00:00+00:00,3123.14
2025-12-09 00:00:00+00:00,3127.99
2025-12-09 04:00:00+00:00,3121.57
2025-12-09 08:00:00+00:00,3116.91
2025-12-09 12:00:00+00:00,3244.91
2025-12-09 16:00:00+00:00,3357.06
2025-12-09 20:00:00+00:00,3316.49
2025-12-10 00:00:00+00:00,3308.0
2025-12-10 04:00:00+00:00,3325.65
2025-12-10 08:00:00+00:00,3316.75
2025-12-10 12:00:00+00:00,3326.63
2025-12-10 16:00:00+00:00,3388.97
2025-12-10 20:00:00+00:00,3322.79
2025-12-11 00:00:00+00:00,3189.78
2025-12-11 04:00:00+00:00,3199.97
2025-12-11 08:00:00+00:00,3191.29
2025-12-11 12:00:00+00:00,3177.71
2025-12-11 16:00:00+00:00,3192.7
2025-12-11 20:00:00+00:00,3235.77
2025-12-12 00:00:00+00:00,3244.03
2025-12-12 04:00:00+00:00,3245.0
2025-12-12 08:00:00+00:00,3241.17
2025-12-12 12:00:00+00:00,3070.0
2025-12-12 16:00:00+00:00,3071.94
2025-12-12 20:00:00+00:00,3083.34
2025-12-13 00:00:00+00:00,3088.46
2025-12-13 04:00:00+00:00,3093.19
2025-12-13 08:00:00+00:00,3117.99
2025-12-13 12:00:00+00:00,3108.1
2025-12-13 16:00:00+00:00,3107.12
2025-12-13 20:00:00+00:00,3113.01
2025-12-14 00:00:00+00:00,3117.4
2025-12-14 04:00:00+00:00,3113.78
2025-12-14 08:00:00+00:00,3083.45
2025-12-14 12:00:00+00:00,3083.33
2025-12-14 16:00:00+00:00,3091.88
2025-12-14 20:00:00+00:00,3062.02
2025-12-15 00:00:00+00:00,3107.48
2025-12-15 04:00:00+00:00,3127.34
2025-12-15 08:00:00+00:00,3155.69
2025-12-15 12:00:00+00:00,3009.48
2025-12-15 16:00:00+00:00,2938.68
2025-12-15 20:00:00+00:00,2963.25
2025-12-16 00:00:00+00:00,2935.44
2025-12-16 04:00:00+00:00,2922.62
2025-12-16 08:00:00+00:00,2956.57
2025-12-16 12:00:00+00:00,2961.73
2025-12-16 16:00:00+00:00,2943.8
2025-12-16 20:00:00+00:00,2960.84
2025-12-17 00:00:00+00:00,2946.45
2025-12-17 04:00:00+00:00,2946.59
2025-12-17 08:00:00+00:00,2927.36
2025-12-17 12:00:00+00:00,2903.23
2025-12-17 16:00:00+00:00,2819.01
2025-12-17 20:00:00+00:00,2832.0
2025-12-18 00:00:00+00:00,2830.57
2025-12-18 04:00:00+00:00,2834.98
2025-12-18 08:00:00+00:00,2857.65
2025-12-18 12:00:00+00:00,2963.89
2025-12-18 16:00:00+00:00,2780.4
2025-12-18 20:00:00+00:00,2827.3
2025-12-19 00:00:00+00:00,2907.56
2025-12-19 04:00:00+00:00,2950.4
2025-12-19 08:00:00+00:00,2964.0
2025-12-19 12:00:00+00:00,2963.48
2025-12-19 16:00:00+00:00,2983.61
2025-12-19 20:00:00+00:00,2978.33
2025-12-20 00:00:00+00:00,2987.97
2025-12-20 04:00:00+00:00,2980.25
2025-12-20 08:00:00+00:00,2985.98
2025-12-20 12:00:00+00:00,2975.57
2025-12-20 16:00:00+00:00,2976.57
2025-12-20 20:00:00+00:00,2976.54
2025-12-21 00:00:00+00:00,2971.7
2025-12-21 04:00:00+00:00,2979.83
2025-12-21 08:00:00+00:00,2995.16
2025-12-21 12:00:00+00:00,2973.23
2025-12-21 16:00:00+00:00,2989.48
2025-12-21 20:00:00+00:00,3000.62
2025-12-22 00:00:00+00:00,3020.18
2025-12-22 04:00:00+00:00,3028.38
2025-12-22 08:00:00+00:00,3047.61
2025-12-22 12:00:00+00:00,3051.22
2025-12-22 16:00:00+00:00,2979.15
2025-12-22 20:00:00+00:00,3008.49
2025-12-23 00:00:00+00:00,2990.48
2025-12-23 04:00:00+00:00,2963.58
2025-12-23 08:00:00+00:00,2972.06
2025-12-23 12:00:00+00:00,2927.39
2025-12-23 16:00:00+00:00,2942.71
2025-12-23 20:00:00+00:00,2963.29
2025-12-24 00:00:00+00:00,2944.47
2025-12-24 04:00:00+00:00,2931.5
2025-12-24 08:00:00+00:00,2923.96
2025-12-24 12:00:00+00:00,2924.2
2025-12-24 16:00:00+00:00,2944.78
2025-12-24 20:00:00+00:00,2946.23
2025-12-25 00:00:00+00:00,2945.9
2025-12-25 04:00:00+00:00,2940.83
2025-12-25 08:00:00+00:00,2923.51
2025-12-25 12:00:00+00:00,2959.68
2025-12-25 16:00:00+00:00,2955.15
2025-12-25 20:00:00+00:00,2902.32
2025-12-26 00:00:00+00:00,2963.76
2025-12-26 04:00:00+00:00,2955.43
2025-12-26 08:00:00+00:00,2963.66
2025-12-26 12:00:00+00:00,2921.5
2025-12-26 16:00:00+00:00,2924.5
2025-12-26 20:00:00+00:00,2926.82
2025-12-27 00:00:00+00:00,2931.98
2025-12-27 04:00:00+00:00,2931.47
2025-12-27 08:00:00+00:00,2929.58
2025-12-27 12:00:00+00:00,2925.53
2025-12-27 16:00:00+00:00,2929.6
2025-12-27 20:00:00+00:00,2947.61
2025-12-28 00:00:00+00:00,2942.34
2025-12-28 04:00:00+00:00,2937.96
2025-12-28 08:00:00+00:00,2942.99
2025-12-28 12:00:00+00:00,2948.0
2025-12-28 16:00:00+00:00,2932.18
2025-12-28 20:00:00+00:00,2949.6
2025-12-29 00:00:00+00:00,3042.3
2025-12-29 04:00:00+00:00,3018.46
2025-12-29 08:00:00+00:00,2958.52
2025-12-29 12:00:00+00:00,2934.02
2025-12-29 16:00:00+00:00,2930.88
2025-12-29 20:00:00+00:00,2936.45
2025-12-30 00:00:00+00:00,2950.6
2025-12-30 04:00:00+00:00,2949.43
2025-12-30 08:00:00+00:00,2977.85
2025-12-30 12:00:00+00:00,2988.48
2025-12-30 16:00:00+00:00,2970.32
2025-12-30 20:00:00+00:00,2972.22
2025-12-31 00:00:00+00:00,2969.18
2025-12-31 04:00:00+00:00,2975.52
2025-12-31 08:00:00+00:00,3000.48
2025-12-31 12:00:00+00:00,2984.3
2025-12-31 16:00:00+00:00,2970.21
2025-12-31 20:00:00+00:00,2970.4
2026-01-01 00:00:00+00:00,2979.01
2026-01-01 04:00:00+00:00,2977.18
2026-01-01 08:00:00+00:00,2988.0
2026-01-01 12:00:00+00:00,2988.44
2026-01-01 16:00:00+00:00,2994.06
2026-01-01 20:00:00+00:00,3002.49
2026-01-02 00:00:00+00:00,3021.04
2026-01-02 04:00:00+00:00,3017.0
2026-01-02 08:00:00+00:00,3046.7
2026-01-02 12:00:00+00:00,3085.09
2026-01-02 16:00:00+00:00,3122.46
2026-01-02 20:00:00+00:00,3123.89
2026-01-03 00:00:00+00:00,3123.9
2026-01-03 04:00:00+00:00,3089.51
2026-01-03 08:00:00+00:00,3097.0
2026-01-03 12:00:00+00:00,3099.92
2026-01-03 16:00:00+00:00,3112.0
2026-01-03 20:00:00+00:00,3125.47
2026-01-04 00:00:00+00:00,3145.73
2026-01-04 04:00:00+00:00,3139.51
2026-01-04 08:00:00+00:00,3138.32
2026-01-04 12:00:00+00:00,3134.14
2026-01-04 16:00:00+00:00,3131.31
2026-01-04 20:00:00+00:00,3143.32
2026-01-05 00:00:00+00:00,3184.74
2026-01-05 04:00:00+00:00,3156.0
2026-01-05 08:00:00+00:00,3178.88
2026-01-05 12:00:00+00:00,3194.49
2026-01-05 16:00:00+00:00,3221.63
2026-01-05 20:00:00+00:00,3223.71
2026-01-06 00:00:00+00:00,3223.88
2026-01-06 04:00:00+00:00,3218.01
2026-01-06 08:00:00+00:00,3236.36
2026-01-06 12:00:00+00:00,3270.74
2026-01-06 16:00:00+00:00,3222.18
2026-01-06 20:00:00+00:00,3295.46
2026-01-07 00:00:00+00:00,3265.57
2026-01-07 04:00:00+00:00,3253.99
2026-01-07 08:00:00+00:00,3218.75
2026-01-07 12:00:00+00:00,3163.53
2026-01-07 16:00:00+00:00,3144.37
2026-01-07 20:00:00+00:00,3167.52
2026-01-08 00:00:00+00:00,3141.35
2026-01-08 04:00:00+00:00,3126.41
2026-01-08 08:00:00+00:00,3119.35
2026-01-08 12:00:00+00:00,3102.89
2026-01-08 16:00:00+00:00,3110.13
2026-01-08 20:00:00+00:00,3105.45
2026-01-09 00:00:00+00:00,3118.38
2026-01-09 04:00:00+00:00,3109.75
2026-01-09 08:00:00+00:00,3088.99
2026-01-09 12:00:00+00:00,3111.39
2026-01-09 16:00:00+00:00,3079.0
2026-01-09 20:00:00+00:00,3087.15
2026-01-10 00:00:00+00:00,3085.52
2026-01-10 04:00:00+00:00,3091.5
2026-01-10 08:00:00+00:00,3095.64
2026-01-10 12:00:00+00:00,3094.12
2026-01-10 16:00:00+00:00,3090.79
2026-01-10 20:00:00+00:00,3085.47
2026-01-11 00:00:00+00:00,3095.48
2026-01-11 04:00:00+00:00,3094.03
2026-01-11 08:00:00+00:00,3103.8
2026-01-11 12:00:00+00:00,3116.89
2026-01-11 16:00:00+00:00,3123.47
2026-01-11 20:00:00+00:00,3122.0
2026-01-12 00:00:00+00:00,3151.18
2026-01-12 04:00:00+00:00,3133.96
2026-01-12 08:00:00+00:00,3114.12
2026-01-12 12:00:00+00:00,3128.66
2026-01-12 16:00:00+00:00,3120.33
2026-01-12 20:00:00+00:00,3093.84
2026-01-13 00:00:00+00:00,3114.98
2026-01-13 04:00:00+00:00,3121.08
2026-01-13 08:00:00+00:00,3132.77
2026-01-13 12:00:00+00:00,3183.11
2026-01-13 16:00:00+00:00,3214.45
2026-01-13 20:00:00+00:00,3324.69
2026-01-14 00:00:00+00:00,3351.04
2026-01-14 04:00:00+00:00,3334.88
2026-01-14 08:00:00+00:00,3285.2
2026-01-14 12:00:00+00:00,3344.19
2026-01-14 16:00:00+00:00,3366.49
2026-01-14 20:00:00+00:00,3353.27
2026-01-15 00:00:00+00:00,3284.79
2026-01-15 04:00:00+00:00,3328.63
2026-01-15 08:00:00+00:00,3348.63
2026-01-15 12:00:00+00:00,3328.93
2026-01-15 16:00:00+00:00,3294.01
2026-01-15 20:00:00+00:00,3317.0
2026-01-16 00:00:00+00:00,3293.9
2026-01-16 04:00:00+00:00,3308.16
2026-01-16 08:00:00+00:00,3300.69
2026-01-16 12:00:00+00:00,3263.04
2026-01-16 16:00:00+00:00,3275.64
2026-01-16 20:00:00+00:00,3294.77
2026-01-17 00:00:00+00:00,3288.12
2026-01-17 04:00:00+00:00,3290.09
2026-01-17 08:00:00+00:00,3301.4
2026-01-17 12:00:00+00:00,3328.13
2026-01-17 16:00:00+00:00,3315.1
2026-01-17 20:00:00+00:00,3308.87
2026-01-18 00:00:00+00:00,3314.52
2026-01-18 04:00:00+00:00,3305.66
2026-01-18 08:00:00+00:00,3320.6
2026-01-18 12:00:00+00:00,3332.31
2026-01-18 16:00:00+00:00,3345.36
2026-01-18 20:00:00+00:00,3282.77
2026-01-19 00:00:00+00:00,3210.36
2026-01-19 04:00:00+00:00,3205.74
2026-01-19 08:00:00+00:00,3222.18
2026-01-19 12:00:00+00:00,3214.47
2026-01-19 16:00:00+00:00,3218.34
2026-01-19 20:00:00+00:00,3188.01
2026-01-20 00:00:00+00:00,3187.41
2026-01-20 04:00:00+00:00,3121.5
2026-01-20 08:00:00+00:00,3108.14
2026-01-20 12:00:00+00:00,3031.06
2026-01-20 16:00:00+00:00,2995.04
2026-01-20 20:00:00+00:00,2938.24
2026-01-21 00:00:00+00:00,2980.27
2026-01-21 04:00:00+00:00,2969.01
2026-01-21 08:00:00+00:00,2942.17
2026-01-21 12:00:00+00:00,3001.22
2026-01-21 16:00:00+00:00,3054.07
2026-01-21 20:00:00+00:00,2980.66
2026-01-22 00:00:00+00:00,3012.24
2026-01-22 04:00:00+00:00,2999.71
2026-01-22 08:00:00+00:00,2984.78
2026-01-22 12:00:00+00:00,2940.72
2026-01-22 16:00:00+00:00,2952.56
2026-01-22 20:00:00+00:00,2951.21
2026-01-23 00:00:00+00:00,2963.17
2026-01-23 04:00:00+00:00,2946.84
2026-01-23 08:00:00+00:00,2939.52
2026-01-23 12:00:00+00:00,2951.08
2026-01-23 16:00:00+00:00,2958.24
2026-01-23 20:00:00+00:00,2955.08
2026-01-24 00:00:00+00:00,2961.1
2026-01-24 04:00:00+00:00,2956.0
2026-01-24 08:00:00+00:00,2959.93
2026-01-24 12:00:00+00:00,2955.55
2026-01-24 16:00:00+00:00,2952.77
2026-01-24 20:00:00+00:00,2952.09
2026-01-25 00:00:00+00:00,2941.54
2026-01-25 04:00:00+00:00,2938.43
2026-01-25 08:00:00+00:00,2936.16
2026-01-25 12:00:00+00:00,2925.54
2026-01-25 16:00:00+00:00,2810.9
2026-01-25 20:00:00+00:00,2815.49
2026-01-26 00:00:00+00:00,2849.69
2026-01-26 04:00:00+00:00,2902.99
2026-01-26 08:00:00+00:00,2890.92
2026-01-26 12:00:00+00:00,2898.12
2026-01-26 16:00:00+00:00,2921.94
2026-01-26 20:00:00+00:00,2928.9
2026-01-27 00:00:00+00:00,2939.68
2026-01-27 04:00:00+00:00,2927.94
2026-01-27 08:00:00+00:00,2915.89
2026-01-27 12:00:00+00:00,2936.17
2026-01-27 16:00:00+00:00,2979.46
2026-01-27 20:00:00+00:00,3024.92
2026-01-28 00:00:00+00:00,3003.79
2026-01-28 04:00:00+00:00,3004.06
2026-01-28 08:00:00+00:00,3038.41
2026-01-28 12:00:00+00:00,3006.25
2026-01-28 16:00:00+00:00,3015.25
2026-01-28 20:00:00+00:00,3009.36
2026-01-29 00:00:00+00:00,2951.4
2026-01-29 04:00:00+00:00,2960.11
2026-01-29 08:00:00+00:00,2928.08
2026-01-29 12:00:00+00:00,2822.65
2026-01-29 16:00:00+00:00,2796.53
2026-01-29 20:00:00+00:00,2821.0
2026-01-30 00:00:00+00:00,2739.74
2026-01-30 04:00:00+00:00,2738.43
2026-01-30 08:00:00+00:00,2758.5
2026-01-30 12:00:00+00:00,2727.63
2026-01-30 16:00:00+00:00,2741.36
2026-01-30 20:00:00+00:00,2705.66
2026-01-31 00:00:00+00:00,2694.79
2026-01-31 04:00:00+00:00,2678.86
2026-01-31 08:00:00+00:00,2639.04
2026-01-31 12:00:00+00:00,2532.61
2026-01-31 16:00:00+00:00,2381.56
2026-01-31 20:00:00+00:00,2450.38
2026-02-01 00:00:00+00:00,2444.17
2026-02-01 04:00:00+00:00,2409.99
2026-02-01 08:00:00+00:00,2410.65
2026-02-01 12:00:00+00:00,2314.57
2026-02-01 16:00:00+00:00,2319.29
2026-02-01 20:00:00+00:00,2269.04
2026-02-02 00:00:00+00:00,2237.41
2026-02-02 04:00:00+00:00,2227.57
2026-02-02 08:00:00+00:00,2281.21
2026-02-02 12:00:00+00:00,2370.88
2026-02-02 16:00:00+00:00,2329.75
2026-02-02 20:00:00+00:00,2345.55
2026-02-03 00:00:00+00:00,2343.1
2026-02-03 04:00:00+00:00,2322.0
2026-02-03 08:00:00+00:00,2275.63
2026-02-03 12:00:00+00:00,2302.16
2026-02-03 16:00:00+00:00,2204.33
2026-02-03 20:00:00+00:00,2232.23
2026-02-04 00:00:00+00:00,2282.23
2026-02-04 04:00:00+00:00,2282.93
2026-02-04 08:00:00+00:00,2253.73
2026-02-04 12:00:00+00:00,2150.44
2026-02-04 16:00:00+00:00,2187.77
2026-02-04 20:00:00+00:00,2147.01
2026-02-05 00:00:00+00:00,2109.11
2026-02-05 04:00:00+00:00,2090.57
2026-02-05 08:00:00+00:00,2078.74
2026-02-05 12:00:00+00:00,1959.21
2026-02-05 16:00:00+00:00,1927.24
2026-02-05 20:00:00+00:00,1824.95
2026-02-06 00:00:00+00:00,1891.17
2026-02-06 04:00:00+00:00,1898.21
2026-02-06 08:00:00+00:00,1931.76
2026-02-06 12:00:00+00:00,1979.49
2026-02-06 16:00:00+00:00,2065.15
2026-02-06 20:00:00+00:00,2062.54
2026-02-07 00:00:00+00:00,2079.62
2026-02-07 04:00:00+00:00,2026.09
2026-02-07 08:00:00+00:00,2017.52
2026-02-07 12:00:00+00:00,2051.49
2026-02-07 16:00:00+00:00,2090.11
2026-02-07 20:00:00+00:00,2085.93
2026-02-08 00:00:00+00:00,2077.86
2026-02-08 04:00:00+00:00,2083.48
2026-02-08 08:00:00+00:00,2130.98
2026-02-08 12:00:00+00:00,2107.31
2026-02-08 16:00:00+00:00,2125.76
2026-02-08 20:00:00+00:00,2088.6
2026-02-09 00:00:00+00:00,2099.01
2026-02-09 04:00:00+00:00,2064.42
2026-02-09 08:00:00+00:00,2027.43
2026-02-09 12:00:00+00:00,2060.27
2026-02-09 16:00:00+00:00,2130.56
2026-02-09 20:00:00+00:00,2103.96
2026-02-10 00:00:00+00:00,2063.7
2026-02-10 04:00:00+00:00,2006.05
2026-02-10 08:00:00+00:00,2001.87
2026-02-10 12:00:00+00:00,2021.32
2026-02-10 16:00:00+00:00,2016.82
2026-02-10 20:00:00+00:00,2021.51
2026-02-11 00:00:00+00:00,2008.41
2026-02-11 04:00:00+00:00,1949.56
2026-02-11 08:00:00+00:00,1952.33
2026-02-11 12:00:00+00:00,1928.05
2026-02-11 16:00:00+00:00,1951.26
2026-02-11 20:00:00+00:00,1940.07
2026-02-12 00:00:00+00:00,1967.75
2026-02-12 04:00:00+00:00,1966.97
2026-02-12 08:00:00+00:00,1987.88
2026-02-12 12:00:00+00:00,1947.47
2026-02-12 16:00:00+00:00,1924.36
2026-02-12 20:00:00+00:00,1947.15
2026-02-13 00:00:00+00:00,1952.49
2026-02-13 04:00:00+00:00,1934.88
2026-02-13 08:00:00+00:00,1959.25
2026-02-13 12:00:00+00:00,2033.71
2026-02-13 16:00:00+00:00,2056.82
2026-02-13 20:00:00+00:00,2047.6
2026-02-14 00:00:00+00:00,2053.39
2026-02-14 04:00:00+00:00,2056.1
2026-02-14 08:00:00+00:00,2098.22
2026-02-14 12:00:00+00:00,2086.38
2026-02-14 16:00:00+00:00,2087.31
2026-02-14 20:00:00+00:00,2085.43
2026-02-15 00:00:00+00:00,2058.09
2026-02-15 04:00:00+00:00,2090.58
2026-02-15 08:00:00+00:00,2060.97
2026-02-15 12:00:00+00:00,2010.25
2026-02-15 16:00:00+00:00,1941.17
2026-02-15 20:00:00+00:00,1965.47
2026-02-16 00:00:00+00:00,1957.72
2026-02-16 04:00:00+00:00,1970.12
2026-02-16 08:00:00+00:00,1975.15
2026-02-16 12:00:00+00:00,1955.63
2026-02-16 16:00:00+00:00,1973.37
2026-02-16 20:00:00+00:00,1997.35
2026-02-17 00:00:00+00:00,1984.89
2026-02-17 04:00:00+00:00,1984.85
2026-02-17 08:00:00+00:00,1967.58
2026-02-17 12:00:00+00:00,1967.63
2026-02-17 16:00:00+00:00,1997.3
2026-02-17 20:00:00+00:00,1990.68
2026-02-18 00:00:00+00:00,1995.85
2026-02-18 04:00:00+00:00,2017.19
2026-02-18 08:00:00+00:00,1980.19
2026-02-18 12:00:00+00:00,1984.56
2026-02-18 16:00:00+00:00,1939.82
2026-02-18 20:00:00+00:00,1954.77
2026-02-19 00:00:00+00:00,1971.19
2026-02-19 04:00:00+00:00,1980.82
2026-02-19 08:00:00+00:00,1948.7
2026-02-19 12:00:00+00:00,1925.2
2026-02-19 16:00:00+00:00,1940.14
2026-02-19 20:00:00+00:00,1948.15
2026-02-20 00:00:00+00:00,1954.06
2026-02-20 04:00:00+00:00,1959.65
2026-02-20 08:00:00+00:00,1942.76
2026-02-20 12:00:00+00:00,1963.05
2026-02-20 16:00:00+00:00,1962.88
2026-02-20 20:00:00+00:00,1967.85
2026-02-21 00:00:00+00:00,1958.29
2026-02-21 04:00:00+00:00,1962.0
2026-02-21 08:00:00+00:00,1976.25
2026-02-21 12:00:00+00:00,1987.04
2026-02-21 16:00:00+00:00,1987.48
2026-02-21 20:00:00+00:00,1972.54
2026-02-22 00:00:00+00:00,1973.76
2026-02-22 04:00:00+00:00,1975.01
2026-02-22 08:00:00+00:00,1979.84
2026-02-22 12:00:00+00:00,1952.81
2026-02-22 16:00:00+00:00,1942.81
2026-02-22 20:00:00+00:00,1957.01
2026-02-23 00:00:00+00:00,1860.94
2026-02-23 04:00:00+00:00,1884.13
2026-02-23 08:00:00+00:00,1914.41
2026-02-23 12:00:00+00:00,1894.72
2026-02-23 16:00:00+00:00,1856.15
2026-02-23 20:00:00+00:00,1855.47
2026-02-24 00:00:00+00:00,1830.94
2026-02-24 04:00:00+00:00,1824.63
2026-02-24 08:00:00+00:00,1825.74
2026-02-24 12:00:00+00:00,1846.37
2026-02-24 16:00:00+00:00,1851.56
2026-02-24 20:00:00+00:00,1851.09
2026-02-25 00:00:00+00:00,1905.37
2026-02-25 04:00:00+00:00,1892.35
2026-02-25 08:00:00+00:00,1925.28
2026-02-25 12:00:00+00:00,2012.86
2026-02-25 16:00:00+00:00,2070.32
2026-02-25 20:00:00+00:00,2056.5
2026-02-26 00:00:00+00:00,2053.15
2026-02-26 04:00:00+00:00,2052.48
2026-02-26 08:00:00+00:00,2056.51
2026-02-26 12:00:00+00:00,2032.33
2026-02-26 16:00:00+00:00,2029.0
2026-02-26 20:00:00+00:00,2026.71
2026-02-27 00:00:00+00:00,2044.48
2026-02-27 04:00:00+00:00,2031.54
2026-02-27 08:00:00+00:00,1960.79
2026-02-27 12:00:00+00:00,1947.39
2026-02-27 16:00:00+00:00,1920.02
2026-02-27 20:00:00+00:00,1928.5
2026-02-28 00:00:00+00:00,1923.33
2026-02-28 04:00:00+00:00,1865.36
2026-02-28 08:00:00+00:00,1862.27
2026-02-28 12:00:00+00:00,1897.78
2026-02-28 16:00:00+00:00,1945.78
2026-02-28 20:00:00+00:00,1963.48
2026-03-01 00:00:00+00:00,2022.29
2026-03-01 04:00:00+00:00,2006.27
2026-03-01 08:00:00+00:00,1982.3
2026-03-01 12:00:00+00:00,1992.31
2026-03-01 16:00:00+00:00,1952.97
2026-03-01 20:00:00+00:00,1938.57
2026-03-02 00:00:00+00:00,1971.36
2026-03-02 04:00:00+00:00,1940.25
2026-03-02 08:00:00+00:00,1946.56
2026-03-02 12:00:00+00:00,2046.39
2026-03-02 16:00:00+00:00,2042.44
2026-03-02 20:00:00+00:00,2026.69
2026-03-03 00:00:00+00:00,2007.69
2026-03-03 04:00:00+00:00,1995.27
2026-03-03 08:00:00+00:00,1960.09
2026-03-03 12:00:00+00:00,1968.09
2026-03-03 16:00:00+00:00,1985.14
2026-03-03 20:00:00+00:00,1981.85
2026-03-04 00:00:00+00:00,1959.59
2026-03-04 04:00:00+00:00,2005.72
2026-03-04 08:00:00+00:00,2054.18
2026-03-04 12:00:00+00:00,2149.3
2026-03-04 16:00:00+00:00,2176.46
2026-03-04 20:00:00+00:00,2125.98
2026-03-05 00:00:00+00:00,2119.11
2026-03-05 04:00:00+00:00,2104.3
2026-03-05 08:00:00+00:00,2136.76
2026-03-05 12:00:00+00:00,2086.09
2026-03-05 16:00:00+00:00,2073.61
2026-03-05 20:00:00+00:00,2072.18
2026-03-06 00:00:00+00:00,2082.88
2026-03-06 04:00:00+00:00,2081.79
2026-03-06 08:00:00+00:00,2050.02
2026-03-06 12:00:00+00:00,1976.43
2026-03-06 16:00:00+00:00,1982.52
2026-03-06 20:00:00+00:00,1977.66
2026-03-07 00:00:00+00:00,1979.14
2026-03-07 04:00:00+00:00,1982.19
2026-03-07 08:00:00+00:00,1987.51
2026-03-07 12:00:00+00:00,1980.19
2026-03-07 16:00:00+00:00,1954.01
2026-03-07 20:00:00+00:00,1968.39
2026-03-08 00:00:00+00:00,1946.4
2026-03-08 04:00:00+00:00,1953.97
2026-03-08 08:00:00+00:00,1950.29
2026-03-08 12:00:00+00:00,1942.0
2026-03-08 16:00:00+00:00,1963.2
2026-03-08 20:00:00+00:00,1935.97
2026-03-09 00:00:00+00:00,1976.6
2026-03-09 04:00:00+00:00,1982.9
2026-03-09 08:00:00+00:00,1991.49
2026-03-09 12:00:00+00:00,2021.44
2026-03-09 16:00:00+00:00,2032.67
2026-03-09 20:00:00+00:00,1992.28
2026-03-10 00:00:00+00:00,2025.61
2026-03-10 04:00:00+00:00,2050.0
2026-03-10 08:00:00+00:00,2060.77
2026-03-10 12:00:00+00:00,2078.42
2026-03-10 16:00:00+00:00,2035.84
2026-03-10 20:00:00+00:00,2035.39
2026-03-11 00:00:00+00:00,2020.28
2026-03-11 04:00:00+00:00,2011.61
2026-03-11 08:00:00+00:00,2016.96
2026-03-11 12:00:00+00:00,2048.84
2026-03-11 16:00:00+00:00,2075.13
2026-03-11 20:00:00+00:00,2050.99
2026-03-12 00:00:00+00:00,2022.07
2026-03-12 04:00:00+00:00,2039.71
2026-03-12 08:00:00+00:00,2061.77
2026-03-12 12:00:00+00:00,2071.4
2026-03-12 16:00:00+00:00,2068.63
2026-03-12 20:00:00+00:00,2072.6
2026-03-13 00:00:00+00:00,2117.77
2026-03-13 04:00:00+00:00,2098.45
2026-03-13 08:00:00+00:00,2120.02
2026-03-13 12:00:00+00:00,2127.0
2026-03-13 16:00:00+00:00,2101.72
2026-03-13 20:00:00+00:00,2091.01
2026-03-14 00:00:00+00:00,2100.0
2026-03-14 04:00:00+00:00,2076.3
2026-03-14 08:00:00+00:00,2072.65
2026-03-14 12:00:00+00:00,2073.55
2026-03-14 16:00:00+00:00,2076.25
2026-03-14 20:00:00+00:00,2095.27
2026-03-15 00:00:00+00:00,2095.17
2026-03-15 04:00:00+00:00,2104.97
2026-03-15 08:00:00+00:00,2118.6
2026-03-15 12:00:00+00:00,2092.93
2026-03-15 16:00:00+00:00,2112.33
2026-03-15 20:00:00+00:00,2177.73
2026-03-16 00:00:00+00:00,2235.13
2026-03-16 04:00:00+00:00,2248.43
2026-03-16 08:00:00+00:00,2268.81
2026-03-16 12:00:00+00:00,2272.42
2026-03-16 16:00:00+00:00,2329.98
2026-03-16 20:00:00+00:00,2351.66
2026-03-17 00:00:00+00:00,2319.11
2026-03-17 04:00:00+00:00,2326.75
2026-03-17 08:00:00+00:00,2325.75
2026-03-17 12:00:00+00:00,2314.69
2026-03-17 16:00:00+00:00,2319.1
2026-03-17 20:00:00+00:00,2316.45
2026-03-18 00:00:00+00:00,2339.6
2026-03-18 04:00:00+00:00,2316.6
2026-03-18 08:00:00+00:00,2268.1
2026-03-18 12:00:00+00:00,2186.25
2026-03-18 16:00:00+00:00,2184.91
2026-03-18 20:00:00+00:00,2201.95
2026-03-19 00:00:00+00:00,2210.87
2026-03-19 04:00:00+00:00,2165.27
2026-03-19 08:00:00+00:00,2166.0
2026-03-19 12:00:00+00:00,2117.62
2026-03-19 16:00:00+00:00,2139.99
2026-03-19 20:00:00+00:00,2136.56
2026-03-20 00:00:00+00:00,2150.2
2026-03-20 04:00:00+00:00,2149.3
2026-03-20 08:00:00+00:00,2140.37
2026-03-20 12:00:00+00:00,2133.09
2026-03-20 16:00:00+00:00,2132.1
2026-03-20 20:00:00+00:00,2145.08
2026-03-21 00:00:00+00:00,2152.41
2026-03-21 04:00:00+00:00,2154.4
2026-03-21 08:00:00+00:00,2156.53
2026-03-21 12:00:00+00:00,2154.25
2026-03-21 16:00:00+00:00,2151.19
2026-03-21 20:00:00+00:00,2083.37
2026-03-22 00:00:00+00:00,2112.84
2026-03-22 04:00:00+00:00,2092.82
2026-03-22 08:00:00+00:00,2068.97
2026-03-22 12:00:00+00:00,2081.96
2026-03-22 16:00:00+00:00,2062.0
2026-03-22 20:00:00+00:00,2052.85
2026-03-23 00:00:00+00:00,2051.55
2026-03-23 04:00:00+00:00,2043.65
2026-03-23 08:00:00+00:00,2133.89
2026-03-23 12:00:00+00:00,2127.55
2026-03-23 16:00:00+00:00,2153.37
2026-03-23 20:00:00+00:00,2151.01
2026-03-24 00:00:00+00:00,2140.4
2026-03-24 04:00:00+00:00,2164.33
2026-03-24 08:00:00+00:00,2164.75
2026-03-24 12:00:00+00:00,2134.13
2026-03-24 16:00:00+00:00,2115.96
2026-03-24 20:00:00+00:00,2155.29
2026-03-25 00:00:00+00:00,2157.5
2026-03-25 04:00:00+00:00,2163.7
2026-03-25 08:00:00+00:00,2185.01
2026-03-25 12:00:00+00:00,2161.67
2026-03-25 16:00:00+00:00,2171.73
2026-03-25 20:00:00+00:00,2168.0
2026-03-26 00:00:00+00:00,2152.15
2026-03-26 04:00:00+00:00,2122.37
2026-03-26 08:00:00+00:00,2067.33
2026-03-26 12:00:00+00:00,2069.43
2026-03-26 16:00:00+00:00,2047.86
2026-03-26 20:00:00+00:00,2059.17
2026-03-27 00:00:00+00:00,2060.45
2026-03-27 04:00:00+00:00,2064.95
2026-03-27 08:00:00+00:00,1990.24
2026-03-27 12:00:00+00:00,1990.12
2026-03-27 16:00:00+00:00,1990.28
2026-03-27 20:00:00+00:00,1991.58
2026-03-28 00:00:00+00:00,1987.95
2026-03-28 04:00:00+00:00,2005.94
2026-03-28 08:00:00+00:00,1996.41
2026-03-28 12:00:00+00:00,2025.79
2026-03-28 16:00:00+00:00,2019.52
2026-03-28 20:00:00+00:00,1993.48
2026-03-29 00:00:00+00:00,2010.14
2026-03-29 04:00:00+00:00,2005.0
2026-03-29 08:00:00+00:00,2002.65
2026-03-29 12:00:00+00:00,1991.8
2026-03-29 16:00:00+00:00,1995.04
2026-03-29 20:00:00+00:00,1983.44
2026-03-30 00:00:00+00:00,2034.97
2026-03-30 04:00:00+00:00,2058.7
2026-03-30 08:00:00+00:00,2070.4
2026-03-30 12:00:00+00:00,2073.4
2026-03-30 16:00:00+00:00,2022.69
2026-03-30 20:00:00+00:00,2025.69
2026-03-31 00:00:00+00:00,2065.92
2026-03-31 04:00:00+00:00,2055.0
2026-03-31 08:00:00+00:00,2040.23
2026-03-31 12:00:00+00:00,2053.66
2026-03-31 16:00:00+00:00,2095.68
2026-03-31 20:00:00+00:00,2104.49
2026-04-01 00:00:00+00:00,2101.87
2026-04-01 04:00:00+00:00,2130.13
2026-04-01 08:00:00+00:00,2134.18
2026-04-01 12:00:00+00:00,2133.93
2026-04-01 16:00:00+00:00,2140.24
2026-04-01 20:00:00+00:00,2138.8
2026-04-02 00:00:00+00:00,2054.73
2026-04-02 04:00:00+00:00,2054.8
2026-04-02 08:00:00+00:00,2032.04
2026-04-02 12:00:00+00:00,2058.46
2026-04-02 16:00:00+00:00,2064.39
2026-04-02 20:00:00+00:00,2055.96
2026-04-03 00:00:00+00:00,2053.0
2026-04-03 04:00:00+00:00,2064.98
2026-04-03 08:00:00+00:00,2061.87
2026-04-03 12:00:00+00:00,2050.31
2026-04-03 16:00:00+00:00,2051.43
2026-04-03 20:00:00+00:00,2052.92
2026-04-04 00:00:00+00:00,2049.21
2026-04-04 04:00:00+00:00,2052.72
2026-04-04 08:00:00+00:00,2051.06
2026-04-04 12:00:00+00:00,2055.16
2026-04-04 16:00:00+00:00,2063.77
2026-04-04 20:00:00+00:00,2064.43
2026-04-05 00:00:00+00:00,2055.69
2026-04-05 04:00:00+00:00,2036.0
2026-04-05 08:00:00+00:00,2040.88
2026-04-05 12:00:00+00:00,2053.13
2026-04-05 16:00:00+00:00,2060.99
2026-04-05 20:00:00+00:00,2109.35
2026-04-06 00:00:00+00:00,2128.38
2026-04-06 04:00:00+00:00,2134.05
2026-04-06 08:00:00+00:00,2150.55
2026-04-06 12:00:00+00:00,2163.43
2026-04-06 16:00:00+00:00,2143.29
2026-04-06 20:00:00+00:00,2106.14
2026-04-07 00:00:00+00:00,2107.19
2026-04-07 04:00:00+00:00,2103.0
2026-04-07 08:00:00+00:00,2088.47
2026-04-07 12:00:00+00:00,2079.26
2026-04-07 16:00:00+00:00,2112.52
2026-04-07 20:00:00+00:00,2239.14
2026-04-08 00:00:00+00:00,2233.89
2026-04-08 04:00:00+00:00,2252.75
2026-04-08 08:00:00+00:00,2246.53
2026-04-08 12:00:00+00:00,2214.56
2026-04-08 16:00:00+00:00,2210.01
2026-04-08 20:00:00+00:00,2188.87
2026-04-09 00:00:00+00:00,2181.31
2026-04-09 04:00:00+00:00,2179.96
2026-04-09 08:00:00+00:00,2179.02
2026-04-09 12:00:00+00:00,2217.0
2026-04-09 16:00:00+00:00,2215.36
2026-04-09 20:00:00+00:00,2188.92
2026-04-10 00:00:00+00:00,2185.16
2026-04-10 04:00:00+00:00,2178.63
2026-04-10 08:00:00+00:00,2214.72
2026-04-10 12:00:00+00:00,2223.23
2026-04-10 16:00:00+00:00,2251.8
2026-04-10 20:00:00+00:00,2243.9
2026-04-11 00:00:00+00:00,2235.94
2026-04-11 04:00:00+00:00,2231.68
2026-04-11 08:00:00+00:00,2245.0
2026-04-11 12:00:00+00:00,2248.39
2026-04-11 16:00:00+00:00,2315.24
2026-04-11 20:00:00+00:00,2283.85
2026-04-12 00:00:00+00:00,2212.71
2026-04-12 04:00:00+00:00,2217.01
2026-04-12 08:00:00+00:00,2203.11
2026-04-12 12:00:00+00:00,2185.27
2026-04-12 16:00:00+00:00,2197.24
2026-04-12 20:00:00+00:00,2190.62
2026-04-13 00:00:00+00:00,2193.27
2026-04-13 04:00:00+00:00,2185.5
2026-04-13 08:00:00+00:00,2186.3
2026-04-13 12:00:00+00:00,2208.08
2026-04-13 16:00:00+00:00,2261.2
2026-04-13 20:00:00+00:00,2368.8
2026-04-14 00:00:00+00:00,2364.68
2026-04-14 04:00:00+00:00,2376.85
2026-04-14 08:00:00+00:00,2373.12
2026-04-14 12:00:00+00:00,2363.24
2026-04-14 16:00:00+00:00,2312.54
2026-04-14 20:00:00+00:00,2321.17
2026-04-15 00:00:00+00:00,2327.6
2026-04-15 04:00:00+00:00,2315.53
2026-04-15 08:00:00+00:00,2336.2
2026-04-15 12:00:00+00:00,2330.6
2026-04-15 16:00:00+00:00,2373.7
2026-04-15 20:00:00+00:00,2358.87
2026-04-16 00:00:00+00:00,2356.52
2026-04-16 04:00:00+00:00,2340.4
2026-04-16 08:00:00+00:00,2334.42
2026-04-16 12:00:00+00:00,2337.6
2026-04-16 16:00:00+00:00,2358.39
2026-04-16 20:00:00+00:00,2346.92
2026-04-17 00:00:00+00:00,2324.46
2026-04-17 04:00:00+00:00,2333.24
2026-04-17 08:00:00+00:00,2353.63
2026-04-17 12:00:00+00:00,2440.71
2026-04-17 16:00:00+00:00,2426.48
2026-04-17 20:00:00+00:00,2417.66
2026-04-18 00:00:00+00:00,2404.0
2026-04-18 04:00:00+00:00,2402.38
2026-04-18 08:00:00+00:00,2351.45
2026-04-18 12:00:00+00:00,2361.99
2026-04-18 16:00:00+00:00,2347.04
2026-04-18 20:00:00+00:00,2348.99
2026-04-19 00:00:00+00:00,2338.6
2026-04-19 04:00:00+00:00,2314.27
2026-04-19 08:00:00+00:00,2327.66
2026-04-19 12:00:00+00:00,2329.47
2026-04-19 16:00:00+00:00,2298.63
2026-04-19 20:00:00+00:00,2262.2
2026-04-20 00:00:00+00:00,2285.07
2026-04-20 04:00:00+00:00,2296.82
2026-04-20 08:00:00+00:00,2306.94
2026-04-20 12:00:00+00:00,2312.71
2026-04-20 16:00:00+00:00,2330.39
2026-04-20 20:00:00+00:00,2312.59
2026-04-21 00:00:00+00:00,2310.14
2026-04-21 04:00:00+00:00,2316.96
2026-04-21 08:00:00+00:00,2318.91
2026-04-21 12:00:00+00:00,2309.31
2026-04-21 16:00:00+00:00,2297.04
2026-04-21 20:00:00+00:00,2326.13
2026-04-22 00:00:00+00:00,2362.69
2026-04-22 04:00:00+00:00,2389.24
2026-04-22 08:00:00+00:00,2397.59
2026-04-22 12:00:00+00:00,2402.69
2026-04-22 16:00:00+00:00,2396.75
2026-04-22 20:00:00+00:00,2373.04
2026-04-23 00:00:00+00:00,2339.62
2026-04-23 04:00:00+00:00,2342.81
2026-04-23 08:00:00+00:00,2327.93
2026-04-23 12:00:00+00:00,2332.17
2026-04-23 16:00:00+00:00,2311.78
2026-04-23 20:00:00+00:00,2328.94
2026-04-24 00:00:00+00:00,2307.14
2026-04-24 04:00:00+00:00,2310.49
2026-04-24 08:00:00+00:00,2326.7
2026-04-24 12:00:00+00:00,2322.72
2026-04-24 16:00:00+00:00,2320.37
2026-04-24 20:00:00+00:00,2313.88
2026-04-25 00:00:00+00:00,2317.51
2026-04-25 04:00:00+00:00,2315.14
2026-04-25 08:00:00+00:00,2312.47
2026-04-25 12:00:00+00:00,2306.65
2026-04-25 16:00:00+00:00,2308.88
2026-04-25 20:00:00+00:00,2318.21
2026-04-26 00:00:00+00:00,2308.64
2026-04-26 04:00:00+00:00,2330.23
2026-04-26 08:00:00+00:00,2334.78
2026-04-26 12:00:00+00:00,2347.0
2026-04-26 16:00:00+00:00,2366.18
2026-04-26 20:00:00+00:00,2368.32
2026-04-27 00:00:00+00:00,2393.68
2026-04-27 04:00:00+00:00,2314.5
2026-04-27 08:00:00+00:00,2318.77
2026-04-27 12:00:00+00:00,2273.52
2026-04-27 16:00:00+00:00,2287.76
2026-04-27 20:00:00+00:00,2302.28
2026-04-28 00:00:00+00:00,2289.47
2026-04-28 04:00:00+00:00,2286.49
2026-04-28 08:00:00+00:00,2274.39
2026-04-28 12:00:00+00:00,2278.52
2026-04-28 16:00:00+00:00,2300.87
2026-04-28 20:00:00+00:00,2288.37
2026-04-29 00:00:00+00:00,2310.55
2026-04-29 04:00:00+00:00,2322.82
2026-04-29 08:00:00+00:00,2330.57
2026-04-29 12:00:00+00:00,2271.57
2026-04-29 16:00:00+00:00,2232.35
2026-04-29 20:00:00+00:00,2251.52
2026-04-30 00:00:00+00:00,2251.81
2026-04-30 04:00:00+00:00,2258.99
2026-04-30 08:00:00+00:00,2257.05
2026-04-30 12:00:00+00:00,2264.61
2026-04-30 16:00:00+00:00,2260.7
2026-04-30 20:00:00+00:00,2256.49
2026-05-01 00:00:00+00:00,2281.6
2026-05-01 04:00:00+00:00,2278.54
2026-05-01 08:00:00+00:00,2285.32
2026-05-01 12:00:00+00:00,2306.86
2026-05-01 16:00:00+00:00,2303.88
2026-05-01 20:00:00+00:00,2294.34
2026-05-02 00:00:00+00:00,2303.06
2026-05-02 04:00:00+00:00,2299.77
2026-05-02 08:00:00+00:00,2301.0
2026-05-02 12:00:00+00:00,2307.86
2026-05-02 16:00:00+00:00,2310.15
2026-05-02 20:00:00+00:00,2315.9
2026-05-03 00:00:00+00:00,2300.65
2026-05-03 04:00:00+00:00,2308.2
2026-05-03 08:00:00+00:00,2318.87
2026-05-03 12:00:00+00:00,2327.23
2026-05-03 16:00:00+00:00,2334.6
2026-05-03 20:00:00+00:00,2321.67
2026-05-04 00:00:00+00:00,2384.08
2026-05-04 04:00:00+00:00,2361.79
2026-05-04 08:00:00+00:00,2336.2
2026-05-04 12:00:00+00:00,2348.62
2026-05-04 16:00:00+00:00,2355.36
2026-05-04 20:00:00+00:00,2346.11
2026-05-05 00:00:00+00:00,2380.96
2026-05-05 04:00:00+00:00,2379.17
2026-05-05 08:00:00+00:00,2378.65
2026-05-05 12:00:00+00:00,2379.84
2026-05-05 16:00:00+00:00,2370.58
2026-05-05 20:00:00+00:00,2359.47
2026-05-06 00:00:00+00:00,2375.32
2026-05-06 04:00:00+00:00,2370.54
2026-05-06 08:00:00+00:00,2408.99
2026-05-06 12:00:00+00:00,2357.72
2026-05-06 16:00:00+00:00,2347.14
2026-05-06 20:00:00+00:00,2349.7
2026-05-07 00:00:00+00:00,2320.86
2026-05-07 04:00:00+00:00,2343.33
2026-05-07 08:00:00+00:00,2329.02
2026-05-07 12:00:00+00:00,2293.46
2026-05-07 16:00:00+00:00,2294.93
2026-05-07 20:00:00+00:00,2289.91
2026-05-08 00:00:00+00:00,2277.71
2026-05-08 04:00:00+00:00,2279.88
2026-05-08 08:00:00+00:00,2293.85
2026-05-08 12:00:00+00:00,2292.39
2026-05-08 16:00:00+00:00,2315.2
2026-05-08 20:00:00+00:00,2306.17
2026-05-09 00:00:00+00:00,2314.24
2026-05-09 04:00:00+00:00,2313.51
2026-05-09 08:00:00+00:00,2313.68
2026-05-09 12:00:00+00:00,2316.52
2026-05-09 16:00:00+00:00,2331.13
2026-05-09 20:00:00+00:00,2325.22
2026-05-10 00:00:00+00:00,2326.79
2026-05-10 04:00:00+00:00,2326.31
2026-05-10 08:00:00+00:00,2321.5
2026-05-10 12:00:00+00:00,2346.78
2026-05-10 16:00:00+00:00,2364.58
2026-05-10 20:00:00+00:00,2370.21
2026-05-11 00:00:00+00:00,2329.23
2026-05-11 04:00:00+00:00,2329.53
2026-05-11 08:00:00+00:00,2334.72
2026-05-11 12:00:00+00:00,2332.39
2026-05-11 16:00:00+00:00,2339.38
2026-05-11 20:00:00+00:00,2338.61
2026-05-12 00:00:00+00:00,2308.26
2026-05-12 04:00:00+00:00,2294.01
2026-05-12 08:00:00+00:00,2285.91
2026-05-12 12:00:00+00:00,2260.9
2026-05-12 16:00:00+00:00,2284.11
2026-05-12 20:00:00+00:00,2273.62
2026-05-13 00:00:00+00:00,2300.48
2026-05-13 04:00:00+00:00,2300.12
2026-05-13 08:00:00+00:00,2300.74
2026-05-13 12:00:00+00:00,2235.38
2026-05-13 16:00:00+00:00,2255.6
2026-05-13 20:00:00+00:00,2257.54
2026-05-14 00:00:00+00:00,2241.03
2026-05-14 04:00:00+00:00,2264.23
2026-05-14 08:00:00+00:00,2252.81
2026-05-14 12:00:00+00:00,2297.36
2026-05-14 16:00:00+00:00,2297.42
2026-05-14 20:00:00+00:00,2282.06
2026-05-15 00:00:00+00:00,2272.36
2026-05-15 04:00:00+00:00,2263.9
2026-05-15 08:00:00+00:00,2256.32
2026-05-15 12:00:00+00:00,2221.91
2026-05-15 16:00:00+00:00,2222.31
2026-05-15 20:00:00+00:00,2223.66
2026-05-16 00:00:00+00:00,2226.63
2026-05-16 04:00:00+00:00,2193.52
2026-05-16 08:00:00+00:00,2175.33
2026-05-16 12:00:00+00:00,2178.95
2026-05-16 16:00:00+00:00,2178.71
2026-05-16 20:00:00+00:00,2179.66
2026-05-17 00:00:00+00:00,2180.57
2026-05-17 04:00:00+00:00,2185.19
2026-05-17 08:00:00+00:00,2191.13
2026-05-17 12:00:00+00:00,2185.49
2026-05-17 16:00:00+00:00,2191.4
2026-05-17 20:00:00+00:00,2129.88
2026-05-18 00:00:00+00:00,2117.63
2026-05-18 04:00:00+00:00,2119.46
2026-05-18 08:00:00+00:00,2132.98
2026-05-18 12:00:00+00:00,2106.66
2026-05-18 16:00:00+00:00,2124.48
2026-05-18 20:00:00+00:00,2128.99
2026-05-19 00:00:00+00:00,2130.46
2026-05-19 04:00:00+00:00,2139.98
2026-05-19 08:00:00+00:00,2109.74
2026-05-19 12:00:00+00:00,2109.37
2026-05-19 16:00:00+00:00,2112.27
2026-05-19 20:00:00+00:00,2111.0
2026-05-20 00:00:00+00:00,2110.62
2026-05-20 04:00:00+00:00,2128.79
2026-05-20 08:00:00+00:00,2127.38
2026-05-20 12:00:00+00:00,2135.7
2026-05-20 16:00:00+00:00,2138.17
2026-05-20 20:00:00+00:00,2128.6
2026-05-21 00:00:00+00:00,2144.77
2026-05-21 04:00:00+00:00,2134.07
2026-05-21 08:00:00+00:00,2114.08
2026-05-21 12:00:00+00:00,2131.38
2026-05-21 16:00:00+00:00,2142.09
2026-05-21 20:00:00+00:00,2132.78
2026-05-22 00:00:00+00:00,2136.87
2026-05-22 04:00:00+00:00,2127.49
2026-05-22 08:00:00+00:00,2129.65
2026-05-22 12:00:00+00:00,2118.5
2026-05-22 16:00:00+00:00,2064.6
2026-05-22 20:00:00+00:00,2064.98
2026-05-23 00:00:00+00:00,2069.87
2026-05-23 04:00:00+00:00,2027.47
2026-05-23 08:00:00+00:00,2030.46
2026-05-23 12:00:00+00:00,2059.43
2026-05-23 16:00:00+00:00,2076.51
2026-05-23 20:00:00+00:00,2116.82
2026-05-24 00:00:00+00:00,2118.09
2026-05-24 04:00:00+00:00,2120.25
2026-05-24 08:00:00+00:00,2125.07
2026-05-24 12:00:00+00:00,2095.1
2026-05-24 16:00:00+00:00,2099.87
2026-05-24 20:00:00+00:00,2098.99
2026-05-25 00:00:00+00:00,2094.55
2026-05-25 04:00:00+00:00,2115.38
2026-05-25 08:00:00+00:00,2113.89
2026-05-25 12:00:00+00:00,2126.0
2026-05-25 16:00:00+00:00,2120.41
2026-05-25 20:00:00+00:00,2111.64
2026-05-26 00:00:00+00:00,2092.48
2026-05-26 04:00:00+00:00,2094.4
2026-05-26 08:00:00+00:00,2120.0
2026-05-26 12:00:00+00:00,2086.14
2026-05-26 16:00:00+00:00,2073.65
2026-05-26 20:00:00+00:00,2072.99
2026-05-27 00:00:00+00:00,2068.8
2026-05-27 04:00:00+00:00,2082.66
2026-05-27 08:00:00+00:00,2079.58
2026-05-27 12:00:00+00:00,2070.86
2026-05-27 16:00:00+00:00,2056.84
2026-05-27 20:00:00+00:00,2023.7
2026-05-28 00:00:00+00:00,1980.66
2026-05-28 04:00:00+00:00,1994.24
2026-05-28 08:00:00+00:00,1988.73
2026-05-28 12:00:00+00:00,1989.69
2026-05-28 16:00:00+00:00,2013.86
2026-05-28 20:00:00+00:00,2008.92
2026-05-29 00:00:00+00:00,2002.06
2026-05-29 04:00:00+00:00,2006.54
2026-05-29 08:00:00+00:00,2006.62
2026-05-29 12:00:00+00:00,2030.83
2026-05-29 16:00:00+00:00,2016.03
2026-05-29 20:00:00+00:00,2013.35
2026-05-30 00:00:00+00:00,2015.9
2026-05-30 04:00:00+00:00,2015.33
2026-05-30 08:00:00+00:00,2016.54
2026-05-30 12:00:00+00:00,2025.95
2026-05-30 16:00:00+00:00,2027.96
2026-05-30 20:00:00+00:00,2021.58
2026-05-31 00:00:00+00:00,2032.66
2026-05-31 04:00:00+00:00,2023.14
2026-05-31 08:00:00+00:00,2022.23
2026-05-31 12:00:00+00:00,2009.51
2026-05-31 16:00:00+00:00,1998.76
2026-05-31 20:00:00+00:00,2006.31
2026-06-01 00:00:00+00:00,2008.48
2026-06-01 04:00:00+00:00,1975.46
2026-06-01 08:00:00+00:00,1980.73
2026-06-01 12:00:00+00:00,1967.6
2026-06-01 16:00:00+00:00,2003.92
2026-06-01 20:00:00+00:00,2006.0
2026-06-02 00:00:00+00:00,2003.32
2026-06-02 04:00:00+00:00,1980.9
2026-06-02 08:00:00+00:00,1977.52
2026-06-02 12:00:00+00:00,1914.11
2026-06-02 16:00:00+00:00,1911.4
2026-06-02 20:00:00+00:00,1858.96
2026-06-03 00:00:00+00:00,1827.22
2026-06-03 04:00:00+00:00,1877.56
2026-06-03 08:00:00+00:00,1877.6
2026-06-03 12:00:00+00:00,1835.99
2026-06-03 16:00:00+00:00,1802.41
2026-06-03 20:00:00+00:00,1812.46
2026-06-04 00:00:00+00:00,1808.5
2026-06-04 04:00:00+00:00,1776.45
2026-06-04 08:00:00+00:00,1750.67
2026-06-04 12:00:00+00:00,1775.9
2026-06-04 16:00:00+00:00,1776.24
2026-06-04 20:00:00+00:00,1769.86
2026-06-05 00:00:00+00:00,1729.05
2026-06-05 04:00:00+00:00,1678.28
2026-06-05 08:00:00+00:00,1662.39
2026-06-05 12:00:00+00:00,1582.2
2026-06-05 16:00:00+00:00,1573.01
2026-06-05 20:00:00+00:00,1582.35
2026-06-06 00:00:00+00:00,1562.32
2026-06-06 04:00:00+00:00,1574.54
2026-06-06 08:00:00+00:00,1557.73
2026-06-06 12:00:00+00:00,1559.71
2026-06-06 16:00:00+00:00,1553.71
2026-06-06 20:00:00+00:00,1568.6
2026-06-07 00:00:00+00:00,1593.97
2026-06-07 04:00:00+00:00,1614.19
2026-06-07 08:00:00+00:00,1629.39
2026-06-07 12:00:00+00:00,1629.2
2026-06-07 16:00:00+00:00,1611.91
2026-06-07 20:00:00+00:00,1689.66
2026-06-08 00:00:00+00:00,1678.93
2026-06-08 04:00:00+00:00,1672.7
2026-06-08 08:00:00+00:00,1682.93
2026-06-08 12:00:00+00:00,1690.62
2026-06-08 16:00:00+00:00,1683.75
2026-06-08 20:00:00+00:00,1689.21
2026-06-09 00:00:00+00:00,1668.61
2026-06-09 04:00:00+00:00,1679.19
2026-06-09 08:00:00+00:00,1670.74
2026-06-09 12:00:00+00:00,1635.42
2026-06-09 16:00:00+00:00,1656.56
2026-06-09 20:00:00+00:00,1638.64
2026-06-10 00:00:00+00:00,1629.88
2026-06-10 04:00:00+00:00,1639.32
2026-06-10 08:00:00+00:00,1619.18
2026-06-10 12:00:00+00:00,1657.09
2026-06-10 16:00:00+00:00,1629.22
2026-06-10 20:00:00+00:00,1620.72
2026-06-11 00:00:00+00:00,1653.19
2026-06-11 04:00:00+00:00,1653.67
2026-06-11 08:00:00+00:00,1665.76
2026-06-11 12:00:00+00:00,1644.64
2026-06-11 16:00:00+00:00,1680.29
2026-06-11 20:00:00+00:00,1672.57
2026-06-12 00:00:00+00:00,1672.39
2026-06-12 04:00:00+00:00,1661.21
2026-06-12 08:00:00+00:00,1672.85
2026-06-12 12:00:00+00:00,1658.98
2026-06-12 16:00:00+00:00,1665.08
2026-06-12 20:00:00+00:00,1665.48
2026-06-13 00:00:00+00:00,1664.4
2026-06-13 04:00:00+00:00,1675.51
2026-06-13 08:00:00+00:00,1677.53
2026-06-13 12:00:00+00:00,1681.44
2026-06-13 16:00:00+00:00,1677.51
2026-06-13 20:00:00+00:00,1680.41
2026-06-14 00:00:00+00:00,1680.98
2026-06-14 04:00:00+00:00,1674.92
2026-06-14 08:00:00+00:00,1672.74
2026-06-14 12:00:00+00:00,1662.04
2026-06-14 16:00:00+00:00,1664.64
2026-06-14 20:00:00+00:00,1724.74
2026-06-15 00:00:00+00:00,1720.12
2026-06-15 04:00:00+00:00,1715.58
2026-06-15 08:00:00+00:00,1763.78
2026-06-15 12:00:00+00:00,1844.55
2026-06-15 16:00:00+00:00,1820.94
2026-06-15 20:00:00+00:00,1795.16
2026-06-16 00:00:00+00:00,1778.22
2026-06-16 04:00:00+00:00,1773.23
2026-06-16 08:00:00+00:00,1798.73
2026-06-16 12:00:00+00:00,1781.41
2026-06-16 16:00:00+00:00,1794.63
2026-06-16 20:00:00+00:00,1792.32
2026-06-17 00:00:00+00:00,1792.83
2026-06-17 04:00:00+00:00,1784.4
2026-06-17 08:00:00+00:00,1763.22
2026-06-17 12:00:00+00:00,1772.54
2026-06-17 16:00:00+00:00,1734.02
2026-06-17 20:00:00+00:00,1749.56
2026-06-18 00:00:00+00:00,1743.27
2026-06-18 04:00:00+00:00,1748.89
2026-06-18 08:00:00+00:00,1742.32
2026-06-18 12:00:00+00:00,1681.21
2026-06-18 16:00:00+00:00,1704.79
2026-06-18 20:00:00+00:00,1710.18
2026-06-19 00:00:00+00:00,1696.62
2026-06-19 04:00:00+00:00,1695.14
2026-06-19 08:00:00+00:00,1691.05
2026-06-19 12:00:00+00:00,1706.92
2026-06-19 16:00:00+00:00,1700.44
2026-06-19 20:00:00+00:00,1710.31
2026-06-20 00:00:00+00:00,1707.37
2026-06-20 04:00:00+00:00,1725.16
2026-06-20 08:00:00+00:00,1726.37
2026-06-20 12:00:00+00:00,1739.89
2026-06-20 16:00:00+00:00,1728.37
2026-06-20 20:00:00+00:00,1740.0
2026-06-21 00:00:00+00:00,1737.03
2026-06-21 04:00:00+00:00,1731.45
2026-06-21 08:00:00+00:00,1724.66
2026-06-21 12:00:00+00:00,1729.85
2026-06-21 16:00:00+00:00,1733.31
2026-06-21 20:00:00+00:00,1706.31
2026-06-22 00:00:00+00:00,1729.31
2026-06-22 04:00:00+00:00,1745.76
2026-06-22 08:00:00+00:00,1766.94
2026-06-22 12:00:00+00:00,1744.02
2026-06-22 16:00:00+00:00,1733.69
2026-06-22 20:00:00+00:00,1727.32
2026-06-23 00:00:00+00:00,1729.1
2026-06-23 04:00:00+00:00,1681.96
2026-06-23 08:00:00+00:00,1659.93
2026-06-23 12:00:00+00:00,1658.9
2026-06-23 16:00:00+00:00,1661.96
2026-06-23 20:00:00+00:00,1666.4
2026-06-24 00:00:00+00:00,1666.03
2026-06-24 04:00:00+00:00,1672.38
2026-06-24 08:00:00+00:00,1678.65
2026-06-24 12:00:00+00:00,1617.46
2026-06-24 16:00:00+00:00,1583.72
2026-06-24 20:00:00+00:00,1621.54
2026-06-25 00:00:00+00:00,1618.89
2026-06-25 04:00:00+00:00,1656.44
2026-06-25 08:00:00+00:00,1632.26
2026-06-25 12:00:00+00:00,1569.43
2026-06-25 16:00:00+00:00,1558.82
2026-06-25 20:00:00+00:00,1566.97
2026-06-26 00:00:00+00:00,1557.07
2026-06-26 04:00:00+00:00,1579.82
2026-06-26 08:00:00+00:00,1544.4
2026-06-26 12:00:00+00:00,1579.32
2026-06-26 16:00:00+00:00,1573.82
2026-06-26 20:00:00+00:00,1577.86
2026-06-27 00:00:00+00:00,1579.77
2026-06-27 04:00:00+00:00,1584.75
2026-06-27 08:00:00+00:00,1583.13
2026-06-27 12:00:00+00:00,1604.87
2026-06-27 16:00:00+00:00,1577.52
2026-06-27 20:00:00+00:00,1573.1
2026-06-28 00:00:00+00:00,1574.27
2026-06-28 04:00:00+00:00,1575.02
2026-06-28 08:00:00+00:00,1582.1
2026-06-28 12:00:00+00:00,1580.0
2026-06-28 16:00:00+00:00,1563.78
2026-06-28 20:00:00+00:00,1571.1
2026-06-29 00:00:00+00:00,1583.97
2026-06-29 04:00:00+00:00,1579.36
2026-06-29 08:00:00+00:00,1574.16
2026-06-29 12:00:00+00:00,1579.48
2026-06-29 16:00:00+00:00,1624.73
2026-06-29 20:00:00+00:00,1612.12
2026-06-30 00:00:00+00:00,1586.26
2026-06-30 04:00:00+00:00,1591.64
2026-06-30 08:00:00+00:00,1577.87
2026-06-30 12:00:00+00:00,1564.56
2026-06-30 16:00:00+00:00,1579.78
2026-06-30 20:00:00+00:00,1571.47
2026-07-01 00:00:00+00:00,1594.07
2026-07-01 04:00:00+00:00,1577.7
2026-07-01 08:00:00+00:00,1569.02
2026-07-01 12:00:00+00:00,1619.26
2026-07-01 16:00:00+00:00,1617.14
2026-07-01 20:00:00+00:00,1608.87
2026-07-02 00:00:00+00:00,1638.85
2026-07-02 04:00:00+00:00,1615.56
2026-07-02 08:00:00+00:00,1649.41
2026-07-02 12:00:00+00:00,1696.32
2026-07-02 16:00:00+00:00,1699.42
2026-07-02 20:00:00+00:00,1697.54
