Open time,Open,High,Low,Close,Volume,Quote asset volume,Number of trades,Taker buy base asset volume
2018-01-01 00:00:00.000000 ,733.01000000,763.55000000,716.80000000,754.99000000,53909.25885000,40049370.59492610,75314,27993.21701000
2018-01-02 00:00:00.000000 ,754.99000000,899.50000000,749.06000000,855.28000000,113257.78355000,95749946.06046560,142511,59298.38305000
2018-01-03 00:00:00.000000 ,855.13000000,950.01000000,810.00000000,934.03000000,89041.45688000,78173093.71219920,118866,46899.16696000
2018-01-04 00:00:00.000000 ,934.03000000,1009.72000000,890.01000000,940.00000000,102894.47384000,97740086.59030570,132633,56497.66029000
2018-01-05 00:00:00.000000 ,940.00000000,1045.00000000,930.00000000,959.30000000,97374.01630000,95739901.47601940,124438,46202.53716000
2018-01-06 00:00:00.000000 ,958.00000000,1017.56000000,950.00000000,1004.11000000,71954.27895000,71196052.34066790,91685,37424.43173000
2018-01-07 00:00:00.000000 ,1003.71000000,1125.00000000,999.90000000,1123.09000000,65278.81957000,70126945.17356540,89192,34849.04095000
2018-01-08 00:00:00.000000 ,1123.09000000,1239.18000000,910.00000000,1133.18000000,158831.54798000,176599793.21126880,171664,80909.60102000
2018-01-09 00:00:00.000000 ,1133.18000000,1326.50000000,1104.85000000,1291.00000000,118702.88684000,143246762.08456970,152628,63819.94883000
2018-01-10 00:00:00.000000 ,1291.00000000,1440.00000000,1201.10000000,1247.00000000,160185.01290000,210902815.46883200,191352,80897.55541000
2018-01-11 00:00:00.000000 ,1249.03000000,1332.49000000,1021.00000000,1138.93000000,194546.29387000,230792205.87537420,210914,90313.17614000
2018-01-12 00:00:00.000000 ,1136.45000000,1288.50000000,1069.01000000,1253.87000000,93763.47261000,113367281.76511590,117851,47727.57553000
2018-01-13 00:00:00.000000 ,1253.87000000,1427.01000000,1252.00000000,1388.02000000,75893.43201000,101824625.25840410,115872,40759.98465000
2018-01-14 00:00:00.000000 ,1388.10000000,1391.89000000,1220.89000000,1347.00000000,98391.19585000,128517479.71604510,124920,49243.39136000
2018-01-15 00:00:00.000000 ,1347.99000000,1383.13000000,1258.12000000,1271.00000000,69236.70476000,90732886.24105530,105410,32880.54134000
2018-01-16 00:00:00.000000 ,1268.67000000,1275.01000000,780.00000000,1000.00000000,343889.36509000,355819297.45705260,304696,158932.38241000
2018-01-17 00:00:00.000000 ,999.99000000,1075.51000000,755.00000000,1000.00000000,436333.67326000,398063123.66295320,391331,215412.88029000
2018-01-18 00:00:00.000000 ,1000.00000000,1075.20000000,924.21000000,994.00000000,294545.71207000,296964713.70633010,278162,148139.91520000
2018-01-19 00:00:00.000000 ,993.30000000,1079.00000000,941.00000000,1032.50000000,167954.11253000,171217738.31622490,171662,87251.78210000
2018-01-20 00:00:00.000000 ,1032.50000000,1165.40000000,1031.00000000,1152.75000000,123352.58362000,137333158.12837540,139129,59469.51440000
2018-01-21 00:00:00.000000 ,1150.37000000,1152.69000000,998.00000000,1049.00000000,175031.00789000,186353755.57316150,189013,84495.91903000
2018-01-22 00:00:00.000000 ,1049.00000000,1090.15000000,908.00000000,993.00000000,185212.52002000,185276703.38114570,200594,85196.91919000
2018-01-23 00:00:00.000000 ,993.00000000,1030.00000000,909.00000000,980.00000000,160159.63958000,156053774.30993190,188114,77990.78030000
2018-01-24 00:00:00.000000 ,981.20000000,1074.00000000,953.09000000,1061.00000000,134257.79470000,135793371.30359060,164024,65704.16239000
2018-01-25 00:00:00.000000 ,1060.34000000,1115.00000000,1030.26000000,1056.52000000,119415.93495000,127855243.16991910,140455,51616.93186000
2018-01-26 00:00:00.000000 ,1055.29000000,1082.00000000,986.00000000,1051.03000000,145113.63800000,150237011.30051970,168271,65457.65737000
2018-01-27 00:00:00.000000 ,1051.03000000,1127.99000000,1032.20000000,1118.99000000,96894.33839000,105043056.37682400,130125,45766.53699000
2018-01-28 00:00:00.000000 ,1118.99000000,1277.00000000,1112.00000000,1251.96000000,143510.73586000,173283524.87516750,191653,75218.37986000
2018-01-29 00:00:00.000000 ,1251.96000000,1258.89000000,1161.65000000,1177.01000000,105292.76808000,126282956.23860490,172601,48840.57937000
2018-01-30 00:00:00.000000 ,1177.01000000,1186.85000000,1051.00000000,1085.50000000,155278.55404000,173857602.76472660,257484,69602.77847000
2018-01-31 00:00:00.000000 ,1084.63000000,1135.00000000,1029.00000000,1124.81000000,100372.03783000,109226169.40308700,191394,50640.76647000
2018-02-01 00:00:00.000000 ,1125.96000000,1164.99000000,981.00000000,1041.94000000,203355.29052000,220810878.73135090,343466,103607.53527000
2018-02-02 00:00:00.000000 ,1041.89000000,1047.20000000,783.67000000,922.30000000,377375.22874000,348077470.81722150,501434,181803.82775000
2018-02-03 00:00:00.000000 ,923.67000000,998.00000000,851.00000000,971.00000000,160037.88129000,150132852.16983070,277958,81177.46937000
2018-02-04 00:00:00.000000 ,971.00000000,975.00000000,789.00000000,823.56000000,186446.03160000,163419119.01139310,291397,85023.08997000
2018-02-05 00:00:00.000000 ,821.60000000,862.47000000,634.94000000,697.92000000,365516.52899000,270801309.65419200,430516,172545.91147000
2018-02-06 00:00:00.000000 ,697.93000000,798.00000000,570.10000000,779.25000000,648944.42040000,435291131.04547760,685832,322992.49713000
2018-02-07 00:00:00.000000 ,779.99000000,849.00000000,714.18000000,754.00000000,356403.44410000,282259408.68782730,394597,175794.37713000
2018-02-08 00:00:00.000000 ,753.19000000,786.93000000,751.00000000,781.66000000,10516.26190000,8110366.54793310,8507,5608.73717000
2018-02-09 00:00:00.000000 ,781.66000000,882.20000000,781.66000000,877.00000000,95447.67289000,81316368.02043540,196544,48219.20627000
2018-02-10 00:00:00.000000 ,876.30000000,911.20000000,800.00000000,851.15000000,214818.06768000,184921264.97540710,342039,106790.73578000
2018-02-11 00:00:00.000000 ,851.15000000,857.00000000,768.28000000,808.99000000,189323.40800000,154647315.01899800,318895,93816.64268000
2018-02-12 00:00:00.000000 ,808.58000000,877.56000000,807.46000000,866.66000000,143586.93121000,122610007.85699210,300970,71318.44048000
2018-02-13 00:00:00.000000 ,866.39000000,871.00000000,820.00000000,841.57000000,110305.93537000,92966057.37655680,234604,52069.10892000
2018-02-14 00:00:00.000000 ,841.57000000,924.99000000,841.30000000,919.09000000,150342.85558000,133514830.89704840,297425,77859.33104000
2018-02-15 00:00:00.000000 ,919.09000000,946.66000000,895.59000000,924.55000000,155637.78524000,143817533.14156030,308893,75296.76352000
2018-02-16 00:00:00.000000 ,924.55000000,948.48000000,901.36000000,938.67000000,115540.16349000,107292023.64323890,247188,58076.47841000
2018-02-17 00:00:00.000000 ,938.60000000,974.00000000,933.48000000,969.99000000,110091.03618000,105637458.53230330,224139,55838.89511000
2018-02-18 00:00:00.000000 ,969.99000000,978.50000000,897.00000000,911.00000000,160129.79518000,149501060.85399620,287445,76779.45418000
2018-02-19 00:00:00.000000 ,911.00000000,956.22000000,906.04000000,938.11000000,80099.49534000,75083849.37544660,188985,39939.92617000
2018-02-20 00:00:00.000000 ,939.17000000,961.00000000,873.00000000,882.99000000,120056.67502000,111258169.98269990,225795,51589.65011000
2018-02-21 00:00:00.000000 ,882.99000000,908.88000000,812.87000000,835.89000000,176200.55151000,151739402.98468700,324214,87081.74410000
2018-02-22 00:00:00.000000 ,836.35000000,871.96000000,786.60000000,801.49000000,137561.85113000,112939926.71690960,265430,66047.98885000
2018-02-23 00:00:00.000000 ,801.47000000,885.00000000,785.99000000,851.60000000,154507.41338000,130147658.00644790,283445,78138.49259000
2018-02-24 00:00:00.000000 ,851.59000000,875.00000000,805.00000000,833.94000000,89311.57940000,75082869.27221530,180745,42475.83266000
2018-02-25 00:00:00.000000 ,833.92000000,849.50000000,813.18000000,841.19000000,59431.26474000,49520472.19407260,134040,30059.73273000
2018-02-26 00:00:00.000000 ,841.46000000,882.00000000,833.00000000,867.98000000,74911.46560000,64498089.20357200,135463,40273.49778000
2018-02-27 00:00:00.000000 ,867.98000000,897.49000000,860.69000000,870.11000000,63487.68425000,55793476.98017200,113151,31371.55804000
2018-02-28 00:00:00.000000 ,871.84000000,891.00000000,850.30000000,853.50000000,53620.45209000,46744924.41977600,102553,27052.02562000
2018-03-01 00:00:00.000000 ,853.50000000,879.96000000,848.65000000,870.63000000,43785.00503000,37976139.75173690,89476,22585.28400000
2018-03-02 00:00:00.000000 ,870.63000000,876.22000000,850.00000000,856.28000000,39436.26006000,34068626.38325950,77178,18068.41456000
2018-03-03 00:00:00.000000 ,856.27000000,870.78000000,852.30000000,856.02000000,34170.29420000,29487108.37488000,65375,15376.67570000
2018-03-04 00:00:00.000000 ,856.51000000,868.00000000,836.24000000,866.66000000,29735.01829000,25364732.86436440,64562,15317.96521000
2018-03-05 00:00:00.000000 ,866.61000000,871.75000000,847.20000000,849.84000000,30567.79813000,26391332.15467580,61568,12799.98986000
2018-03-06 00:00:00.000000 ,849.81000000,853.18000000,803.01000000,813.11000000,48658.06883000,40340972.83291270,90220,22191.73389000
2018-03-07 00:00:00.000000 ,813.31000000,826.20000000,718.40000000,749.90000000,109013.28380000,83030975.90436890,157657,48470.06648000
2018-03-08 00:00:00.000000 ,749.02000000,772.07000000,684.00000000,695.46000000,76312.77819000,55751521.78456150,124325,36044.50510000
2018-03-09 00:00:00.000000 ,695.48000000,727.92000000,640.00000000,723.71000000,116545.37303000,79262060.75400760,174238,60668.11131000
2018-03-10 00:00:00.000000 ,723.65000000,745.00000000,673.06000000,680.58000000,63012.67972000,45345997.50423290,98429,31800.29863000
2018-03-11 00:00:00.000000 ,680.58000000,735.00000000,659.15000000,720.85000000,73967.35869000,51773437.86712320,108011,38421.73903000
2018-03-12 00:00:00.000000 ,721.00000000,740.50000000,676.31000000,697.11000000,67732.85988000,48042091.34638400,107566,31034.85323000
2018-03-13 00:00:00.000000 ,696.52000000,713.76000000,680.00000000,689.94000000,55735.18315000,38651705.85401960,110481,26716.95139000
2018-03-14 00:00:00.000000 ,690.16000000,703.54000000,585.00000000,610.10000000,89904.25415000,57785217.48530550,139296,39532.62564000
2018-03-15 00:00:00.000000 ,610.10000000,621.12000000,570.00000000,608.83000000,94426.72453000,56487242.00878460,139923,46470.38535000
2018-03-16 00:00:00.000000 ,608.83000000,625.30000000,584.15000000,599.05000000,64720.20994000,39356556.47210970,84631,33403.29506000
2018-03-17 00:00:00.000000 ,599.03000000,609.26000000,544.00000000,546.95000000,68022.45920000,39167671.24789790,85603,32527.71191000
2018-03-18 00:00:00.000000 ,547.98000000,560.00000000,450.00000000,537.00000000,248817.22600000,125170992.06325350,273110,114393.25553000
2018-03-19 00:00:00.000000 ,537.39000000,560.00000000,515.80000000,556.88000000,184798.77062000,99812549.63890140,190236,91723.14578000
2018-03-20 00:00:00.000000 ,556.88000000,567.87000000,515.00000000,557.00000000,135426.91549000,73696454.55947950,141920,67726.94222000
2018-03-21 00:00:00.000000 ,557.00000000,590.52000000,545.11000000,559.17000000,117019.17321000,66572210.67095110,139151,57668.25343000
2018-03-22 00:00:00.000000 ,559.15000000,578.60000000,516.00000000,539.92000000,111106.19916000,60459505.60659080,123941,55271.47004000
2018-03-23 00:00:00.000000 ,539.78000000,544.72000000,506.71000000,543.03000000,106416.06746000,55542669.04309830,122067,53573.84272000
2018-03-24 00:00:00.000000 ,543.20000000,545.99000000,518.63000000,520.22000000,87710.78945000,46963103.45073160,104841,41522.36464000
2018-03-25 00:00:00.000000 ,521.17000000,536.00000000,512.00000000,523.74000000,71903.17130000,37482165.18208220,90242,33854.54926000
2018-03-26 00:00:00.000000 ,523.95000000,527.67000000,465.56000000,485.00000000,151084.23688000,74104022.13000240,144216,76715.81596000
2018-03-27 00:00:00.000000 ,485.00000000,491.55000000,446.00000000,448.50000000,138188.76042000,63816245.42740860,139179,61442.73325000
2018-03-28 00:00:00.000000 ,448.50000000,466.00000000,440.14000000,446.67000000,89895.47885000,40547475.95366830,90706,43268.16083000
2018-03-29 00:00:00.000000 ,446.07000000,449.43000000,380.00000000,384.00000000,225341.94316000,91719449.93042180,176576,105223.74466000
2018-03-30 00:00:00.000000 ,383.87000000,412.04000000,366.00000000,392.43000000,292254.79437000,112316125.32671660,232555,139653.28026000
2018-03-31 00:00:00.000000 ,392.40000000,419.40000000,388.52000000,393.92000000,167833.59399000,67461541.58866280,134396,85749.94972000
2018-04-01 00:00:00.000000 ,393.93000000,399.91000000,356.90000000,378.58000000,150493.99422000,56620178.35434070,119329,71969.44590000
2018-04-02 00:00:00.000000 ,378.58000000,394.87000000,375.00000000,385.05000000,113242.14191000,43596858.50247120,95810,60918.09989000
2018-04-03 00:00:00.000000 ,385.00000000,419.08000000,380.13000000,415.01000000,137897.55565000,55385110.15483810,118778,72741.86375000
2018-04-04 00:00:00.000000 ,415.00000000,416.50000000,370.00000000,378.16000000,140598.39668000,54594624.75694240,132792,69080.32064000
2018-04-05 00:00:00.000000 ,378.15000000,387.03000000,365.61000000,381.22000000,120314.05875000,45411126.89561740,103370,60702.08220000
2018-04-06 00:00:00.000000 ,381.56000000,385.91000000,362.54000000,368.89000000,74458.69141000,27645272.51650700,69396,36948.37773000
2018-04-07 00:00:00.000000 ,368.89000000,394.75000000,368.28000000,384.51000000,71463.42848000,27442723.65521810,65341,39310.34310000
2018-04-08 00:00:00.000000 ,384.51000000,404.05000000,384.00000000,400.40000000,57395.52936000,22720923.54700050,61290,31269.11717000
2018-04-09 00:00:00.000000 ,400.40000000,431.99000000,387.10000000,399.44000000,151653.50413000,61605245.86727480,122647,81164.60858000
2018-04-10 00:00:00.000000 ,399.25000000,418.68000000,391.40000000,416.07000000,81394.29605000,32805764.10197230,73634,39654.82636000
2018-04-11 00:00:00.000000 ,415.53000000,433.54000000,410.38000000,429.52000000,86706.68627000,36371404.22510470,76885,44672.00021000
2018-04-12 00:00:00.000000 ,429.90000000,499.00000000,412.88000000,495.67000000,249766.38316000,113968625.28633960,202769,121547.23979000
2018-04-13 00:00:00.000000 ,494.30000000,530.00000000,480.22000000,495.11000000,251752.08782000,127274585.04245970,206506,123872.45036000
2018-04-14 00:00:00.000000 ,494.69000000,515.00000000,485.58000000,502.68000000,121283.33380000,60727364.27405790,98631,60998.98842000
2018-04-15 00:00:00.000000 ,502.68000000,535.00000000,502.51000000,533.88000000,108739.15395000,56506254.97253160,93171,57139.99073000
2018-04-16 00:00:00.000000 ,533.88000000,538.00000000,497.31000000,511.46000000,130359.52549000,66652300.80679620,103147,60079.00406000
2018-04-17 00:00:00.000000 ,512.09000000,521.20000000,500.02000000,502.56000000,96541.96382000,49273622.85307060,91563,46910.09255000
2018-04-18 00:00:00.000000 ,502.56000000,526.99000000,501.12000000,526.09000000,73161.95251000,37673780.83688760,68912,40719.86775000
2018-04-19 00:00:00.000000 ,526.49000000,571.61000000,521.03000000,568.14000000,112235.77328000,61044208.31751140,100508,58720.48369000
2018-04-20 00:00:00.000000 ,568.14000000,622.17000000,556.50000000,617.09000000,160209.03951000,93907683.47732830,153184,74320.28896000
2018-04-21 00:00:00.000000 ,616.80000000,624.50000000,570.23000000,604.87000000,159364.95353000,95664939.94081830,159407,78153.60888000
2018-04-22 00:00:00.000000 ,604.87000000,643.49000000,589.00000000,620.92000000,120127.37280000,74788729.84931920,122258,61246.48956000
2018-04-23 00:00:00.000000 ,620.67000000,649.11000000,618.02000000,645.09000000,77475.70793000,49473079.44494780,88353,39248.30497000
2018-04-24 00:00:00.000000 ,644.58000000,712.99000000,643.76000000,701.58000000,171437.66972000,118180314.71657870,159888,91426.36964000
2018-04-25 00:00:00.000000 ,701.16000000,703.30000000,593.83000000,618.00000000,341439.50428000,218497368.19349800,309129,168602.81904000
2018-04-26 00:00:00.000000 ,617.73000000,666.19000000,600.00000000,661.51000000,155754.00815000,98084636.57769930,150017,76481.83444000
2018-04-27 00:00:00.000000 ,661.51000000,686.82000000,635.73000000,643.46000000,134803.48389000,89621495.41790060,132051,65494.83214000
2018-04-28 00:00:00.000000 ,643.41000000,694.90000000,638.76000000,682.86000000,113128.36337000,76596615.43294750,114761,58734.58851000
2018-04-29 00:00:00.000000 ,683.50000000,700.49000000,665.28000000,690.85000000,110020.23869000,75235079.30184480,121177,52218.32161000
2018-04-30 00:00:00.000000 ,690.85000000,695.30000000,662.20000000,670.78000000,112494.91720000,76654028.97975390,109155,56599.46199000
2018-05-01 00:00:00.000000 ,670.78000000,675.60000000,627.58000000,672.00000000,133123.66675000,87065924.85114830,120421,60363.54848000
2018-05-02 00:00:00.000000 ,671.99000000,691.99000000,663.00000000,688.56000000,86185.50330000,58547697.50570350,97534,47460.17330000
2018-05-03 00:00:00.000000 ,688.55000000,792.08000000,685.39000000,779.00000000,229419.20900000,169982888.33833640,210459,118584.02308000
2018-05-04 00:00:00.000000 ,779.00000000,810.00000000,756.91000000,785.99000000,179924.40215000,141283262.92413220,161690,90632.87892000
2018-05-05 00:00:00.000000 ,785.80000000,832.66000000,781.56000000,819.50000000,128631.18764000,104594301.60936390,121136,68646.32685000
2018-05-06 00:00:00.000000 ,819.50000000,839.99000000,752.49000000,794.30000000,166871.16002000,132187629.45068900,154829,83663.13801000
2018-05-07 00:00:00.000000 ,794.30000000,799.14000000,701.00000000,752.49000000,284237.06328000,210066185.28612950,232411,128638.27791000
2018-05-08 00:00:00.000000 ,753.00000000,777.00000000,720.02000000,748.99000000,135106.19621000,101156197.25733180,126971,65785.64028000
2018-05-09 00:00:00.000000 ,748.99000000,760.74000000,710.26000000,751.75000000,112353.37758000,82933836.45451400,104593,56905.42297000
2018-05-10 00:00:00.000000 ,752.40000000,769.88000000,720.00000000,722.52000000,102019.29933000,76658823.46303080,99850,51561.01377000
2018-05-11 00:00:00.000000 ,722.52000000,737.23000000,663.00000000,676.96000000,216953.54991000,150336847.82806850,192008,101003.74344000
2018-05-12 00:00:00.000000 ,676.96000000,690.20000000,633.20000000,684.11000000,166801.07487000,111101666.32392630,159177,78843.94356000
2018-05-13 00:00:00.000000 ,684.56000000,742.00000000,666.31000000,729.08000000,136022.39207000,96516164.98418590,116733,70003.23059000
2018-05-14 00:00:00.000000 ,729.08000000,743.90000000,686.00000000,727.49000000,183466.92240000,131397089.11491410,152787,89358.81076000
2018-05-15 00:00:00.000000 ,727.49000000,740.00000000,695.00000000,704.91000000,127191.21863000,91869541.84247220,115906,65194.99165000
2018-05-16 00:00:00.000000 ,704.91000000,712.84000000,673.52000000,706.29000000,118902.46895000,82315246.51320330,121956,59502.98405000
2018-05-17 00:00:00.000000 ,706.80000000,719.25000000,662.00000000,667.62000000,106723.38375000,74320001.25376880,109610,51643.55118000
2018-05-18 00:00:00.000000 ,667.62000000,694.90000000,656.00000000,692.60000000,106541.66307000,72118376.52380140,114419,54699.90084000
2018-05-19 00:00:00.000000 ,693.26000000,717.80000000,682.31000000,697.00000000,88828.85641000,62026599.80977050,99860,45052.07989000
2018-05-20 00:00:00.000000 ,697.00000000,729.88000000,688.40000000,716.16000000,86004.74090000,61227466.29248830,91685,43571.09472000
2018-05-21 00:00:00.000000 ,716.16000000,720.46000000,688.00000000,696.70000000,96085.15451000,67799023.54998430,89438,43697.48560000
2018-05-22 00:00:00.000000 ,697.10000000,699.60000000,637.32000000,640.99000000,107059.57690000,72112726.83634800,110915,50607.50277000
2018-05-23 00:00:00.000000 ,640.86000000,669.00000000,560.00000000,577.19000000,257099.77096000,155638543.76086570,203100,120864.87161000
2018-05-24 00:00:00.000000 ,577.19000000,612.10000000,550.00000000,602.18000000,195854.62497000,114324332.26096410,159755,97510.70429000
2018-05-25 00:00:00.000000 ,602.08000000,617.46000000,568.70000000,585.55000000,118076.26273000,70118224.93431350,115243,58137.51406000
2018-05-26 00:00:00.000000 ,585.56000000,607.62000000,578.32000000,586.00000000,77654.12532000,46205282.68535490,76446,39888.62561000
2018-05-27 00:00:00.000000 ,586.03000000,592.00000000,557.43000000,570.40000000,97097.26713000,55737244.51910230,90855,49860.49139000
2018-05-28 00:00:00.000000 ,570.81000000,576.20000000,506.11000000,511.50000000,153197.83278000,81950608.39014620,136137,72896.65930000
2018-05-29 00:00:00.000000 ,511.50000000,573.43000000,510.00000000,567.36000000,189082.83788000,103113233.70003000,128067,98238.03770000
2018-05-30 00:00:00.000000 ,567.09000000,585.83000000,541.20000000,557.19000000,122132.27010000,68698935.18235030,94311,62301.91063000
2018-05-31 00:00:00.000000 ,557.87000000,586.73000000,552.98000000,577.81000000,100101.52276000,57312700.87005420,88463,52802.56771000
2018-06-01 00:00:00.000000 ,577.81000000,590.26000000,564.93000000,579.00000000,83840.84162000,48334174.76458640,85475,43154.52060000
2018-06-02 00:00:00.000000 ,579.00000000,599.17000000,572.90000000,590.85000000,80258.14719000,47346968.13181880,81067,34652.44538000
2018-06-03 00:00:00.000000 ,590.85000000,628.81000000,590.10000000,619.66000000,84123.33235000,51660963.90703360,83803,40226.93765000
2018-06-04 00:00:00.000000 ,619.66000000,625.47000000,580.15000000,591.02000000,96339.44507000,57791317.72689690,86009,49160.85834000
2018-06-05 00:00:00.000000 ,591.02000000,614.00000000,570.36000000,609.05000000,89053.74351000,52918830.20922890,86957,44401.66940000
2018-06-06 00:00:00.000000 ,609.29000000,613.35000000,593.40000000,607.40000000,70152.92117000,42406036.33597880,71275,32056.28186000
2018-06-07 00:00:00.000000 ,606.68000000,618.00000000,598.24000000,605.16000000,60174.18880000,36622061.39579840,61247,26952.13447000
2018-06-08 00:00:00.000000 ,605.20000000,608.45000000,593.33000000,598.68000000,49228.00755000,29570758.38314740,49881,23316.17774000
2018-06-09 00:00:00.000000 ,599.29000000,608.97000000,591.00000000,592.87000000,38908.06530000,23425391.98000990,40208,19934.76281000
2018-06-10 00:00:00.000000 ,592.44000000,592.87000000,501.13000000,524.11000000,190350.58429000,103749727.24061780,145196,93837.46324000
2018-06-11 00:00:00.000000 ,524.64000000,535.51000000,508.66000000,531.69000000,145813.07819000,76462994.86970180,117598,77140.98055000
2018-06-12 00:00:00.000000 ,531.08000000,538.88000000,482.00000000,493.00000000,158223.14812000,81341580.82326960,121424,81506.65862000
2018-06-13 00:00:00.000000 ,493.00000000,501.97000000,449.06000000,475.47000000,181842.19417000,86416386.63089360,134718,89431.85711000
2018-06-14 00:00:00.000000 ,475.47000000,529.00000000,460.00000000,519.29000000,206093.07330000,102374389.99844290,156597,102710.51082000
2018-06-15 00:00:00.000000 ,519.30000000,521.00000000,481.62000000,487.48000000,160532.53607000,80145974.85163280,122246,84537.20797000
2018-06-16 00:00:00.000000 ,487.47000000,503.28000000,483.72000000,496.74000000,131095.45173000,64919187.05467420,96076,76269.81785000
2018-06-17 00:00:00.000000 ,496.45000000,507.60000000,492.70000000,497.14000000,117316.93221000,58745118.71440180,92111,67766.32893000
2018-06-18 00:00:00.000000 ,497.15000000,524.48000000,487.27000000,517.95000000,143826.68272000,72402471.35087380,119818,82746.72120000
2018-06-19 00:00:00.000000 ,517.77000000,548.20000000,510.01000000,537.97000000,148148.38064000,78382588.53598990,130777,81412.28126000
2018-06-20 00:00:00.000000 ,537.68000000,542.02000000,515.08000000,536.49000000,123892.04240000,65285793.65462760,99322,64181.93764000
2018-06-21 00:00:00.000000 ,536.34000000,544.98000000,521.11000000,526.18000000,79862.90544000,42586318.49971900,77470,37743.66385000
2018-06-22 00:00:00.000000 ,526.32000000,526.44000000,450.00000000,462.09000000,212659.53437000,102306774.81751460,166517,96751.89677000
2018-06-23 00:00:00.000000 ,462.40000000,481.00000000,455.00000000,473.41000000,94465.26834000,44316379.46527180,85397,46591.24954000
2018-06-24 00:00:00.000000 ,473.40000000,475.81000000,419.53000000,454.41000000,198264.10079000,88505534.65578150,152764,96864.99156000
2018-06-25 00:00:00.000000 ,454.29000000,474.47000000,444.37000000,458.70000000,122942.11650000,56436062.44757660,113720,61114.96078000
2018-06-26 00:00:00.000000 ,459.04000000,460.81000000,429.00000000,429.34000000,84003.09976000,37307967.11219800,64251,45306.56025000
2018-06-27 00:00:00.000000 ,429.81000000,445.95000000,420.19000000,441.64000000,99156.36437000,42947280.71643460,73853,51876.04316000
2018-06-28 00:00:00.000000 ,441.36000000,443.96000000,416.45000000,420.22000000,112309.56714000,48557224.76561240,120860,57541.85073000
2018-06-29 00:00:00.000000 ,420.48000000,442.00000000,404.48000000,434.77000000,159495.30942000,66573394.28228510,114615,83281.89126000
2018-06-30 00:00:00.000000 ,434.77000000,463.15000000,434.51000000,454.09000000,157169.20242000,70748384.85444280,105384,84447.23839000
2018-07-01 00:00:00.000000 ,454.20000000,457.77000000,443.73000000,452.10000000,111226.62846000,50173671.42015970,78500,58019.06401000
2018-07-02 00:00:00.000000 ,452.14000000,481.83000000,444.16000000,476.25000000,182585.11018000,84408714.71167760,135295,103107.08134000
2018-07-03 00:00:00.000000 ,476.32000000,486.98000000,457.00000000,461.82000000,186954.55478000,88130206.04725610,139942,100598.37695000
2018-07-04 00:00:00.000000 ,461.78000000,482.70000000,458.02000000,467.38000000,101886.20199000,48042056.08160800,81396,56616.48256000
2018-07-05 00:00:00.000000 ,467.19000000,480.00000000,458.80000000,467.87000000,125806.00830000,59119270.51983000,113667,68023.88405000
2018-07-06 00:00:00.000000 ,467.79000000,476.00000000,451.29000000,470.47000000,100428.64802000,46633547.16907950,94081,50022.13364000
2018-07-07 00:00:00.000000 ,470.48000000,487.99000000,461.50000000,485.57000000,83629.95382000,39311721.86036250,75732,44789.14274000
2018-07-08 00:00:00.000000 ,485.57000000,495.98000000,482.05000000,486.77000000,144703.13626000,70523945.98891190,104195,72900.66177000
2018-07-09 00:00:00.000000 ,486.55000000,488.98000000,468.20000000,471.71000000,89532.14109000,42954426.83830440,75974,42046.28842000
2018-07-10 00:00:00.000000 ,471.73000000,473.23000000,427.69000000,432.48000000,173640.97620000,77742521.13094950,121085,86136.91190000
2018-07-11 00:00:00.000000 ,432.55000000,452.69000000,424.20000000,444.99000000,159022.59726000,69570597.66509430,112252,85990.23185000
2018-07-12 00:00:00.000000 ,444.99000000,445.36000000,416.94000000,431.14000000,181877.07924000,78631113.02919770,111503,101290.82828000
2018-07-13 00:00:00.000000 ,431.14000000,442.47000000,424.62000000,432.46000000,150320.32532000,65466673.80491960,99117,81371.87673000
2018-07-14 00:00:00.000000 ,432.43000000,440.00000000,428.26000000,433.19000000,122253.69397000,53029892.40318110,79509,72906.83361000
2018-07-15 00:00:00.000000 ,433.20000000,455.00000000,430.52000000,449.78000000,140415.27048000,62248916.05994890,78257,83636.14838000
2018-07-16 00:00:00.000000 ,449.79000000,480.57000000,444.03000000,478.49000000,172440.71343000,80398354.46332060,116672,99228.45035000
2018-07-17 00:00:00.000000 ,478.49000000,512.00000000,465.29000000,498.76000000,215318.06761000,104290230.16178820,144066,118908.05146000
2018-07-18 00:00:00.000000 ,498.89000000,515.47000000,468.01000000,479.41000000,236137.80710000,116671540.51528840,173309,122445.16627000
2018-07-19 00:00:00.000000 ,479.40000000,484.15000000,462.57000000,468.57000000,171308.06705000,81153216.49101450,121771,97244.90030000
2018-07-20 00:00:00.000000 ,468.70000000,471.02000000,440.00000000,449.04000000,160873.38244000,73878492.44252780,123785,81057.29032000
2018-07-21 00:00:00.000000 ,449.04000000,468.97000000,441.18000000,460.23000000,74259.64067000,34051603.36042300,66636,37303.33186000
2018-07-22 00:00:00.000000 ,460.23000000,472.20000000,454.19000000,457.47000000,60684.89595000,28129475.21383080,53867,28621.80676000
2018-07-23 00:00:00.000000 ,457.47000000,469.82000000,447.11000000,450.05000000,106561.46081000,49054903.28138910,86295,51980.77017000
2018-07-24 00:00:00.000000 ,450.05000000,484.27000000,448.47000000,479.28000000,158286.75900000,74269738.41783400,112642,76360.60296000
2018-07-25 00:00:00.000000 ,479.24000000,485.77000000,464.00000000,472.10000000,170475.54936000,80868121.11250760,118086,94194.88985000
2018-07-26 00:00:00.000000 ,472.11000000,485.00000000,460.00000000,462.64000000,173976.21920000,82819272.57300700,107846,95773.24069000
2018-07-27 00:00:00.000000 ,462.17000000,474.00000000,455.84000000,470.09000000,198304.79211000,92234746.45676790,108861,113018.96187000
2018-07-28 00:00:00.000000 ,470.09000000,472.00000000,460.82000000,469.29000000,156862.59361000,73310723.77667840,81561,89123.41730000
2018-07-29 00:00:00.000000 ,468.44000000,472.00000000,461.60000000,466.40000000,138747.56334000,64627164.92265950,79843,84060.13513000
2018-07-30 00:00:00.000000 ,466.40000000,469.79000000,446.10000000,456.23000000,179581.79415000,82428123.80692930,103093,102539.77663000
2018-07-31 00:00:00.000000 ,456.19000000,457.30000000,427.00000000,432.22000000,214913.57229000,94399725.75134350,117935,118282.94441000
2018-08-01 00:00:00.000000 ,432.20000000,434.99000000,406.55000000,420.41000000,209570.08440000,88066594.00855250,122508,115837.44289000
2018-08-02 00:00:00.000000 ,420.37000000,425.52000000,407.43000000,410.62000000,178421.10672000,74102793.62542670,103504,105752.67959000
2018-08-03 00:00:00.000000 ,410.62000000,420.01000000,396.61000000,417.52000000,201156.61154000,82442762.71249700,122785,114911.02628000
2018-08-04 00:00:00.000000 ,417.58000000,419.53000000,401.86000000,407.21000000,179498.57515000,73796154.80386840,102597,96430.98330000
2018-08-05 00:00:00.000000 ,407.21000000,413.24000000,400.16000000,408.79000000,158913.77206000,64593904.83629980,78475,91537.60835000
2018-08-06 00:00:00.000000 ,408.77000000,413.28000000,397.08000000,405.28000000,166496.42465000,67757484.94464980,98135,97590.22740000
2018-08-07 00:00:00.000000 ,405.19000000,412.76000000,369.19000000,378.21000000,207706.11078000,83083795.04582170,123346,113801.12912000
2018-08-08 00:00:00.000000 ,378.20000000,380.42000000,347.25000000,355.48000000,275047.10788000,100391980.19489900,170291,144570.45535000
2018-08-09 00:00:00.000000 ,355.48000000,369.90000000,350.51000000,363.30000000,244268.20567000,88131409.53954460,137786,145454.80592000
2018-08-10 00:00:00.000000 ,363.21000000,365.87000000,325.95000000,331.81000000,264274.13378000,93178451.14029400,165093,153430.86397000
2018-08-11 00:00:00.000000 ,331.88000000,332.98000000,304.45000000,317.69000000,335634.67243000,106734997.23208700,167715,190429.83797000
2018-08-12 00:00:00.000000 ,317.49000000,327.13000000,313.42000000,317.89000000,135524.79994000,43466733.74595540,77747,72044.60895000
2018-08-13 00:00:00.000000 ,317.96000000,321.99000000,280.68000000,283.81000000,307713.22214000,94158006.48894560,141534,170319.23908000
2018-08-14 00:00:00.000000 ,283.81000000,283.81000000,250.00000000,278.41000000,485174.37541000,127753385.00917960,221194,256386.28026000
2018-08-15 00:00:00.000000 ,278.47000000,304.45000000,276.30000000,281.12000000,438620.64156000,126037140.72604480,198830,237497.51747000
2018-08-16 00:00:00.000000 ,281.46000000,298.60000000,277.55000000,287.17000000,235665.25510000,67837020.50663960,116200,128676.26081000
2018-08-17 00:00:00.000000 ,286.84000000,318.00000000,285.00000000,317.51000000,342556.46068000,103050444.61959690,169216,198067.38404000
2018-08-18 00:00:00.000000 ,317.51000000,321.33000000,281.79000000,294.11000000,384021.38829000,115559326.57019960,170896,220483.98287000
2018-08-19 00:00:00.000000 ,294.10000000,307.40000000,288.20000000,299.42000000,288483.44841000,85661942.28847030,118166,162261.59844000
2018-08-20 00:00:00.000000 ,299.30000000,304.04000000,269.50000000,270.51000000,219153.78936000,63253937.41948380,122863,107455.93470000
2018-08-21 00:00:00.000000 ,270.51000000,285.90000000,269.70000000,281.21000000,224701.57671000,62384768.40798150,113749,126787.10956000
2018-08-22 00:00:00.000000 ,281.09000000,298.89000000,259.50000000,270.80000000,403936.78303000,113458567.79312970,177686,218966.93214000
2018-08-23 00:00:00.000000 ,270.68000000,280.30000000,267.55000000,275.99000000,277304.60909000,75819913.19992670,127845,158898.27378000
2018-08-24 00:00:00.000000 ,276.06000000,283.10000000,270.22000000,281.19000000,271850.21373000,75029435.42828710,124399,158416.07588000
2018-08-25 00:00:00.000000 ,281.05000000,282.71000000,275.99000000,277.55000000,253375.49477000,70728357.00548380,107965,157791.24933000
2018-08-26 00:00:00.000000 ,277.54000000,277.91000000,268.69000000,274.29000000,232525.94970000,63548492.83810710,113465,133025.57261000
2018-08-27 00:00:00.000000 ,274.17000000,288.15000000,271.59000000,287.71000000,281020.64727000,77863316.00427580,134261,156547.23734000
2018-08-28 00:00:00.000000 ,287.71000000,298.00000000,282.66000000,295.44000000,318323.28971000,91895213.46380330,171500,173036.52810000
2018-08-29 00:00:00.000000 ,295.44000000,297.00000000,283.55000000,288.40000000,324275.47324000,94515756.41588040,141609,182459.57660000
2018-08-30 00:00:00.000000 ,288.35000000,291.00000000,271.88000000,283.89000000,336993.14413000,94748097.37493510,149454,191694.71097000
2018-08-31 00:00:00.000000 ,283.90000000,289.00000000,276.59000000,281.41000000,302663.37038000,84967488.71086210,124162,187469.06740000
2018-09-01 00:00:00.000000 ,281.46000000,302.00000000,281.34000000,295.71000000,294944.44010000,86146416.36807980,134032,163908.01119000
2018-09-02 00:00:00.000000 ,295.80000000,299.33000000,288.87000000,295.41000000,153300.06112000,45141040.56271570,76484,71133.02958000
2018-09-03 00:00:00.000000 ,295.51000000,296.62000000,285.99000000,289.09000000,274753.70062000,79640131.70631100,115284,152262.97792000
2018-09-04 00:00:00.000000 ,289.09000000,292.64000000,283.00000000,285.30000000,330102.19000000,94920949.99211530,128936,193173.09686000
2018-09-05 00:00:00.000000 ,285.18000000,287.62000000,227.00000000,228.53000000,528734.31960000,136620123.95912970,218243,286451.21575000
2018-09-06 00:00:00.000000 ,228.28000000,233.19000000,212.00000000,229.70000000,552996.86567000,124860778.37712370,241166,297294.35122000
2018-09-07 00:00:00.000000 ,229.73000000,234.69000000,213.50000000,215.22000000,398379.81741000,88670418.82386840,162430,220763.87778000
2018-09-08 00:00:00.000000 ,215.19000000,220.20000000,190.01000000,196.71000000,318859.84904000,65385376.78938820,111890,151369.34224000
2018-09-09 00:00:00.000000 ,196.87000000,208.60000000,185.02000000,195.81000000,429255.02592000,84861381.28329790,144803,222485.70012000
2018-09-10 00:00:00.000000 ,196.13000000,203.42000000,187.10000000,197.15000000,418489.86663000,81950595.01648790,146713,231386.57310000
2018-09-11 00:00:00.000000 ,197.22000000,200.20000000,176.16000000,185.18000000,476745.79216000,89920137.19657440,163958,251458.10305000
2018-09-12 00:00:00.000000 ,185.14000000,185.22000000,167.32000000,183.12000000,504047.79165000,88384821.01117540,150831,235314.87315000
2018-09-13 00:00:00.000000 ,183.17000000,215.00000000,183.15000000,210.68000000,739503.34051000,147281547.16689090,222128,389380.40825000
2018-09-14 00:00:00.000000 ,210.91000000,224.20000000,202.60000000,208.82000000,833945.82573000,177613712.10354910,249947,431817.33588000
2018-09-15 00:00:00.000000 ,208.55000000,227.42000000,207.64000000,221.29000000,441046.52933000,96594593.56033220,125321,227148.73590000
2018-09-16 00:00:00.000000 ,221.62000000,223.50000000,208.10000000,220.17000000,425538.57709000,92372399.95532080,130886,219213.18560000
2018-09-17 00:00:00.000000 ,220.24000000,225.00000000,192.40000000,196.16000000,825020.77445000,173019109.87349840,224178,407677.72108000
2018-09-18 00:00:00.000000 ,196.25000000,215.47000000,193.47000000,208.17000000,584366.15014000,118777847.57446470,167048,324327.01972000
2018-09-19 00:00:00.000000 ,208.42000000,214.84000000,197.58000000,209.79000000,496100.46639000,103133667.41051730,128769,245353.13395000
2018-09-20 00:00:00.000000 ,209.79000000,226.68000000,205.56000000,224.00000000,573632.24236000,121706784.81740970,172813,315415.04964000
2018-09-21 00:00:00.000000 ,224.00000000,252.11000000,220.66000000,247.73000000,841029.12948000,195225669.82388660,257566,430108.24564000
2018-09-22 00:00:00.000000 ,247.67000000,255.13000000,232.70000000,241.01000000,423740.74030000,102510891.93455690,127522,211238.15259000
2018-09-23 00:00:00.000000 ,241.01000000,249.73000000,237.00000000,244.50000000,235214.14917000,57084614.92800210,86877,108787.74422000
2018-09-24 00:00:00.000000 ,244.54000000,246.20000000,225.30000000,228.06000000,350139.15050000,82504630.51764780,122214,164879.83597000
2018-09-25 00:00:00.000000 ,228.06000000,228.10000000,203.61000000,219.62000000,710650.70970000,151991600.88208400,241874,390268.09596000
2018-09-26 00:00:00.000000 ,219.50000000,223.60000000,207.50000000,214.42000000,613754.27743000,132187818.90105360,200388,339911.10483000
2018-09-27 00:00:00.000000 ,214.38000000,234.00000000,205.01000000,229.13000000,582274.44087000,128104933.39323390,185910,317608.07827000
2018-09-28 00:00:00.000000 ,229.10000000,234.42000000,215.53000000,221.84000000,618434.62488000,139637602.09812200,196556,330847.15286000
2018-09-29 00:00:00.000000 ,221.89000000,237.77000000,214.18000000,231.62000000,604000.95586000,137238908.37637110,193800,337563.48201000
2018-09-30 00:00:00.000000 ,231.62000000,239.00000000,226.50000000,232.94000000,432195.44084000,100778882.03079220,164400,235766.76855000
2018-10-01 00:00:00.000000 ,233.04000000,235.88000000,224.46000000,231.61000000,322900.46128000,74363466.52099590,120621,176182.83061000
2018-10-02 00:00:00.000000 ,231.62000000,232.51000000,223.37000000,225.69000000,401305.32707000,91706335.33823730,148279,228211.16079000
2018-10-03 00:00:00.000000 ,225.70000000,226.43000000,216.51000000,220.77000000,275609.26221000,60784387.69608890,112473,141132.70437000
2018-10-04 00:00:00.000000 ,220.67000000,227.16000000,219.49000000,222.66000000,158137.42967000,35468959.25835700,64786,77296.74943000
2018-10-05 00:00:00.000000 ,222.66000000,231.75000000,219.35000000,228.37000000,137730.35786000,30900558.88443500,54454,74414.80402000
2018-10-06 00:00:00.000000 ,228.36000000,228.86000000,223.15000000,225.40000000,100257.56970000,22656352.81663080,35875,48633.62556000
2018-10-07 00:00:00.000000 ,225.39000000,227.75000000,221.48000000,226.14000000,74733.67253000,16774573.68800580,29693,40087.21912000
2018-10-08 00:00:00.000000 ,226.26000000,232.70000000,224.21000000,230.01000000,210989.42202000,48017160.06308450,77786,106890.41908000
2018-10-09 00:00:00.000000 ,230.01000000,231.02000000,226.56000000,228.40000000,100246.18430000,22933859.79064380,42266,52442.48288000
2018-10-10 00:00:00.000000 ,228.40000000,228.78000000,224.05000000,226.74000000,122748.21412000,27773272.15744840,54578,58207.63913000
2018-10-11 00:00:00.000000 ,226.70000000,226.91000000,189.01000000,191.58000000,497258.82871000,101069066.82726070,189200,230886.01677000
2018-10-12 00:00:00.000000 ,191.55000000,201.87000000,190.04000000,196.96000000,216448.39220000,42627353.07646740,90790,112428.96387000
2018-10-13 00:00:00.000000 ,196.96000000,202.78000000,196.27000000,201.30000000,107215.52620000,21498264.31139700,45954,57258.85173000
2018-10-14 00:00:00.000000 ,201.39000000,203.56000000,194.33000000,197.01000000,110554.19361000,22180535.06883990,37339,53844.86520000
2018-10-15 00:00:00.000000 ,196.84000000,239.00000000,194.60000000,214.39000000,973857.74770000,212166629.59507260,298845,523552.38281000
2018-10-16 00:00:00.000000 ,214.39000000,219.95000000,211.55000000,215.09000000,145980.09837000,31315676.32296060,83944,72612.23417000
2018-10-17 00:00:00.000000 ,215.20000000,216.99000000,210.00000000,212.85000000,153768.85024000,32834161.51601670,75663,78491.75799000
2018-10-18 00:00:00.000000 ,212.90000000,215.30000000,203.53000000,206.24000000,150229.60097000,31567845.71809020,85942,69532.65452000
2018-10-19 00:00:00.000000 ,206.25000000,208.00000000,204.21000000,205.00000000,254660.48637000,52458006.51466880,84457,151057.44570000
2018-10-20 00:00:00.000000 ,205.10000000,209.69000000,203.57000000,207.91000000,62376.69680000,12936322.34319640,34666,31465.35969000
2018-10-21 00:00:00.000000 ,207.91000000,211.99000000,206.74000000,207.49000000,83277.36128000,17462109.68999690,40862,41453.18493000
2018-10-22 00:00:00.000000 ,207.46000000,209.30000000,205.00000000,206.67000000,206046.89963000,42711588.92382880,72089,119499.29899000
2018-10-23 00:00:00.000000 ,206.67000000,207.80000000,202.14000000,205.85000000,112753.04140000,23146110.00400410,50937,59084.69973000
2018-10-24 00:00:00.000000 ,205.85000000,207.95000000,204.73000000,205.35000000,97128.82698000,20049428.20462690,47453,50652.00247000
2018-10-25 00:00:00.000000 ,205.35000000,205.94000000,202.88000000,203.93000000,77411.57217000,15820355.20480380,37923,38493.07311000
2018-10-26 00:00:00.000000 ,203.84000000,209.00000000,203.00000000,204.92000000,91143.83291000,18707018.78400620,49864,48380.29105000
2018-10-27 00:00:00.000000 ,204.92000000,206.15000000,203.09000000,204.45000000,50235.68329000,10280846.41454380,52419,25242.25884000
2018-10-28 00:00:00.000000 ,204.45000000,205.94000000,203.62000000,204.99000000,44394.83357000,9084565.91575480,37134,22645.86435000
2018-10-29 00:00:00.000000 ,204.99000000,205.49000000,195.28000000,196.96000000,118281.82272000,23671711.39375940,70893,59069.05972000
2018-10-30 00:00:00.000000 ,196.95000000,198.60000000,195.91000000,197.27000000,83633.81463000,16501372.86331760,56433,45584.27013000
2018-10-31 00:00:00.000000 ,197.24000000,201.45000000,193.01000000,198.73000000,114739.70424000,22632315.26025980,68261,58800.95652000
2018-11-01 00:00:00.000000 ,198.70000000,200.95000000,197.88000000,199.96000000,86097.98629000,17116621.53518450,53873,43875.99353000
2018-11-02 00:00:00.000000 ,199.93000000,203.74000000,199.34000000,202.35000000,97123.22813000,19559214.41922490,61401,51072.05675000
2018-11-03 00:00:00.000000 ,202.31000000,202.69000000,198.59000000,200.31000000,72084.92932000,14456528.37756080,46801,37513.43651000
2018-11-04 00:00:00.000000 ,200.27000000,218.76000000,199.00000000,212.11000000,182534.62160000,37959621.56827300,112393,88110.04676000
2018-11-05 00:00:00.000000 ,212.13000000,213.39000000,207.62000000,210.66000000,141432.14060000,29714567.41063420,81531,68965.02718000
2018-11-06 00:00:00.000000 ,210.64000000,221.25000000,209.11000000,220.74000000,197797.49527000,42534535.86399380,110906,102842.82059000
2018-11-07 00:00:00.000000 ,220.77000000,224.80000000,217.01000000,219.07000000,204931.03420000,45252424.08522850,105883,105369.57327000
2018-11-08 00:00:00.000000 ,219.06000000,220.78000000,212.49000000,212.79000000,189828.49450000,40931506.14842200,93113,92343.52623000
2018-11-09 00:00:00.000000 ,212.79000000,215.51000000,209.10000000,210.77000000,152215.94686000,32309082.19758870,72814,77629.77249000
2018-11-10 00:00:00.000000 ,210.78000000,215.55000000,209.02000000,213.25000000,131384.47893000,28019225.01008270,66005,66492.43466000
2018-11-11 00:00:00.000000 ,213.27000000,213.99000000,209.00000000,212.54000000,136268.81156000,28875079.88494740,66072,75709.01023000
2018-11-12 00:00:00.000000 ,212.60000000,214.22000000,210.90000000,212.89000000,99963.97203000,21271725.18458190,52826,56179.71278000
2018-11-13 00:00:00.000000 ,212.91000000,213.80000000,209.20000000,209.84000000,114466.36708000,24176049.60623050,65826,58200.67321000
2018-11-14 00:00:00.000000 ,209.84000000,210.30000000,176.16000000,187.43000000,434676.16832000,82531353.97666220,187653,201248.23817000
2018-11-15 00:00:00.000000 ,187.43000000,190.00000000,170.99000000,184.35000000,452416.10784000,81674273.88577710,212442,223248.21322000
2018-11-16 00:00:00.000000 ,184.35000000,185.00000000,173.00000000,176.89000000,241710.34763000,43450649.94837800,120635,125640.29040000
2018-11-17 00:00:00.000000 ,176.93000000,177.91000000,173.94000000,176.20000000,144804.70986000,25452515.63649880,77570,76336.23170000
2018-11-18 00:00:00.000000 ,176.20000000,182.94000000,176.10000000,178.97000000,141736.32263000,25261184.09280330,68702,70761.12569000
2018-11-19 00:00:00.000000 ,179.04000000,179.33000000,146.47000000,150.81000000,596789.83916000,94639227.03137130,224184,299681.11547000
2018-11-20 00:00:00.000000 ,150.76000000,154.70000000,126.95000000,133.82000000,996552.28721000,139191208.45509280,357568,474492.98015000
2018-11-21 00:00:00.000000 ,133.68000000,142.01000000,127.15000000,138.23000000,718957.78552000,97819681.49053970,246564,352855.41036000
2018-11-22 00:00:00.000000 ,138.36000000,140.40000000,125.64000000,126.63000000,334674.07185000,44837388.45127140,117670,163681.62460000
2018-11-23 00:00:00.000000 ,126.58000000,128.90000000,118.56000000,125.02000000,504352.24386000,62657024.04869370,166040,251961.06141000
2018-11-24 00:00:00.000000 ,125.00000000,130.81000000,112.32000000,114.89000000,471321.56764000,57264800.06658080,153585,234287.59828000
2018-11-25 00:00:00.000000 ,114.83000000,122.35000000,102.95000000,118.67000000,836233.31252000,93723314.12344660,264902,431382.20248000
2018-11-26 00:00:00.000000 ,118.65000000,121.50000000,106.41000000,110.68000000,679491.73871000,77211447.31765390,224345,347682.56537000
2018-11-27 00:00:00.000000 ,110.66000000,114.31000000,102.36000000,111.43000000,524024.40616000,56638056.00911720,179214,269149.99554000
2018-11-28 00:00:00.000000 ,111.38000000,126.80000000,111.37000000,122.90000000,578552.74124000,68485222.44341630,195923,293313.44643000
2018-11-29 00:00:00.000000 ,122.88000000,124.00000000,114.78000000,117.98000000,478777.39614000,57140533.57326480,180848,245948.78826000
2018-11-30 00:00:00.000000 ,117.99000000,120.26000000,111.09000000,113.73000000,418593.63529000,48362085.78184220,153866,211057.08821000
2018-12-01 00:00:00.000000 ,113.71000000,120.80000000,111.35000000,118.10000000,330159.06742000,38614493.62645990,122161,171713.25495000
2018-12-02 00:00:00.000000 ,118.09000000,120.73000000,116.00000000,116.57000000,273657.62150000,32184013.76013480,102151,145750.16201000
2018-12-03 00:00:00.000000 ,116.63000000,116.96000000,106.70000000,108.76000000,324446.03324000,36185196.19488890,115448,162115.32188000
2018-12-04 00:00:00.000000 ,108.76000000,113.20000000,106.00000000,109.94000000,275321.00630000,30365546.75213670,111872,137238.32415000
2018-12-05 00:00:00.000000 ,109.92000000,110.58000000,102.38000000,102.71000000,354071.53241000,37519336.07183170,111602,157870.88819000
2018-12-06 00:00:00.000000 ,102.73000000,104.68000000,90.20000000,91.00000000,586138.59043000,58114721.75106340,188007,276836.87889000
2018-12-07 00:00:00.000000 ,91.18000000,96.90000000,82.07000000,93.05000000,1030073.58467000,90499447.33784200,307599,512506.96835000
2018-12-08 00:00:00.000000 ,93.06000000,98.00000000,84.55000000,90.38000000,698217.12529000,63224518.54738930,228982,357487.07890000
2018-12-09 00:00:00.000000 ,90.39000000,98.70000000,88.63000000,93.26000000,520519.36023000,48533111.85201080,158700,269537.22219000
2018-12-10 00:00:00.000000 ,93.26000000,95.21000000,88.11000000,89.91000000,408573.02929000,37180525.45731090,119278,203916.35229000
2018-12-11 00:00:00.000000 ,89.88000000,91.65000000,85.83000000,87.76000000,339991.84246000,30055007.21960900,104079,176249.02302000
2018-12-12 00:00:00.000000 ,87.77000000,91.31000000,86.63000000,89.41000000,285436.04029000,25500398.92865360,86407,140538.70620000
2018-12-13 00:00:00.000000 ,89.39000000,90.71000000,84.71000000,86.34000000,331218.30083000,29089359.83130120,94842,165833.73289000
2018-12-14 00:00:00.000000 ,86.35000000,87.25000000,82.20000000,83.82000000,318003.73427000,27041687.80010720,102917,163056.11732000
2018-12-15 00:00:00.000000 ,83.82000000,85.00000000,81.79000000,83.76000000,217360.65775000,18169124.00023020,83696,112417.15502000
2018-12-16 00:00:00.000000 ,83.75000000,87.64000000,83.73000000,84.67000000,241366.76305000,20783723.69307070,78098,122970.75808000
2018-12-17 00:00:00.000000 ,84.68000000,97.00000000,84.40000000,94.02000000,472252.23388000,42965553.41586940,156319,253291.04756000
2018-12-18 00:00:00.000000 ,94.03000000,101.30000000,91.34000000,100.39000000,529946.79175000,50202945.79170170,173951,276927.03282000
2018-12-19 00:00:00.000000 ,100.39000000,107.55000000,97.75000000,98.74000000,827748.59096000,84862730.23336790,258340,410278.15520000
2018-12-20 00:00:00.000000 ,98.73000000,116.00000000,97.88000000,114.05000000,859612.57205000,93128082.54800730,272100,435953.37011000
2018-12-21 00:00:00.000000 ,113.71000000,118.00000000,104.76000000,107.69000000,666048.71786000,74510414.58797520,242389,329476.24747000
2018-12-22 00:00:00.000000 ,107.67000000,115.50000000,105.38000000,115.20000000,405672.83117000,44814571.60969250,159158,205365.41855000
2018-12-23 00:00:00.000000 ,115.18000000,131.94000000,114.91000000,129.03000000,936094.10490000,118250392.55509720,302293,471552.23072000
2018-12-24 00:00:00.000000 ,129.03000000,157.67000000,128.80000000,138.03000000,1319609.81650000,190137361.06587730,426763,661539.16353000
2018-12-25 00:00:00.000000 ,138.01000000,139.26000000,119.68000000,127.60000000,1076164.12809000,136600862.04267630,328349,533800.53410000
2018-12-26 00:00:00.000000 ,127.61000000,135.32000000,122.51000000,129.35000000,794834.05601000,102196717.39505570,258222,404012.07869000
2018-12-27 00:00:00.000000 ,129.35000000,131.09000000,111.22000000,113.80000000,752177.90111000,90456912.88835210,230428,395194.15934000
2018-12-28 00:00:00.000000 ,113.75000000,136.66000000,111.87000000,135.30000000,894454.19051000,111865576.49775780,248671,451231.25265000
2018-12-29 00:00:00.000000 ,135.30000000,145.42000000,128.50000000,132.89000000,1006654.49844000,136479145.94234730,291165,504750.91747000
2018-12-30 00:00:00.000000 ,133.00000000,139.00000000,127.03000000,137.77000000,704259.41614000,94804050.49336160,232606,357472.20343000
2018-12-31 00:00:00.000000 ,137.81000000,138.66000000,128.70000000,131.45000000,484604.83962000,64763118.11663830,157669,237701.09337000
2019-01-01 00:00:00.000000 ,131.45000000,140.67000000,130.00000000,139.10000000,401776.88797000,54280385.59812700,125799,204877.27101000
2019-01-02 00:00:00.000000 ,139.10000000,155.37000000,137.76000000,152.01000000,941486.31524000,138801471.11865180,253070,452778.41302000
2019-01-03 00:00:00.000000 ,152.01000000,153.64000000,143.11000000,146.30000000,708091.31714000,104953535.14851260,206600,345065.32126000
2019-01-04 00:00:00.000000 ,146.30000000,154.80000000,143.54000000,151.97000000,805248.93821000,120827141.54422790,224385,398803.89556000
2019-01-05 00:00:00.000000 ,152.08000000,159.26000000,151.20000000,152.83000000,773169.13736000,120238339.78221870,231172,383106.49462000
2019-01-06 00:00:00.000000 ,152.83000000,157.40000000,147.51000000,153.86000000,627908.47366000,95681339.46006480,204337,318359.86940000
2019-01-07 00:00:00.000000 ,153.89000000,155.48000000,147.86000000,149.34000000,424765.30258000,64310962.91903280,157568,205545.31494000
2019-01-08 00:00:00.000000 ,149.29000000,151.65000000,145.20000000,147.60000000,441661.06778000,65535529.75573930,170585,220205.81560000
2019-01-09 00:00:00.000000 ,147.62000000,151.50000000,146.77000000,148.10000000,299443.56300000,44673066.39158200,125358,154466.46066000
2019-01-10 00:00:00.000000 ,148.11000000,149.45000000,121.00000000,124.95000000,871751.75038000,114437025.28272770,290765,432162.78581000
2019-01-11 00:00:00.000000 ,124.96000000,127.36000000,120.08000000,124.65000000,545293.98369000,67782816.33759870,197047,286390.42731000
2019-01-12 00:00:00.000000 ,124.67000000,126.19000000,122.00000000,123.35000000,300262.13404000,37295866.35383430,122024,159060.66029000
2019-01-13 00:00:00.000000 ,123.35000000,124.25000000,111.87000000,114.16000000,422561.96777000,49521201.27646620,137005,228755.00345000
2019-01-14 00:00:00.000000 ,114.17000000,130.05000000,113.94000000,126.95000000,546420.40854000,66801543.30503660,181074,283172.06565000
2019-01-15 00:00:00.000000 ,126.95000000,129.40000000,116.00000000,118.95000000,649020.52970000,79985529.55877080,200989,323384.20597000
2019-01-16 00:00:00.000000 ,118.93000000,126.88000000,118.52000000,121.48000000,513486.65472000,62314225.99604320,192912,260457.57444000
2019-01-17 00:00:00.000000 ,121.49000000,122.99000000,116.80000000,121.54000000,447535.22716000,53854069.21051170,169098,231192.40300000
2019-01-18 00:00:00.000000 ,121.56000000,121.98000000,117.66000000,119.17000000,235646.68400000,28305971.66888540,112833,118574.39197000
2019-01-19 00:00:00.000000 ,119.16000000,125.29000000,119.14000000,122.60000000,323303.79296000,39715159.16496060,117187,159926.95718000
2019-01-20 00:00:00.000000 ,122.61000000,123.32000000,115.68000000,117.47000000,451792.85352000,53833668.90663490,164941,222998.00633000
2019-01-21 00:00:00.000000 ,117.56000000,118.50000000,113.61000000,115.63000000,303632.93463000,35258073.42826490,119538,151719.15903000
2019-01-22 00:00:00.000000 ,115.62000000,119.49000000,111.39000000,117.81000000,359542.63873000,41777737.47047050,134797,191477.42643000
2019-01-23 00:00:00.000000 ,117.80000000,118.95000000,114.80000000,116.44000000,230247.61578000,26975386.39245840,102993,116161.13221000
2019-01-24 00:00:00.000000 ,116.40000000,117.15000000,113.61000000,116.39000000,216242.29829000,25044265.75420410,90622,109084.23085000
2019-01-25 00:00:00.000000 ,116.40000000,117.50000000,114.30000000,115.11000000,198617.08108000,22977175.95411930,85660,98562.49082000
2019-01-26 00:00:00.000000 ,115.13000000,118.00000000,115.00000000,115.34000000,146216.82819000,16978386.19723770,68368,75224.68609000
2019-01-27 00:00:00.000000 ,115.32000000,116.15000000,111.04000000,112.05000000,247369.60555000,28158012.73047680,97152,118671.53907000
2019-01-28 00:00:00.000000 ,112.04000000,112.87000000,100.91000000,105.50000000,566205.78288000,60050129.38635790,177547,280135.35398000
2019-01-29 00:00:00.000000 ,105.49000000,106.61000000,102.22000000,104.45000000,319768.91348000,33427469.34506180,129221,161610.46234000
2019-01-30 00:00:00.000000 ,104.41000000,109.80000000,103.45000000,108.29000000,330968.19265000,35368520.13557100,118866,168310.35250000
2019-01-31 00:00:00.000000 ,108.29000000,110.61000000,105.46000000,106.44000000,290679.61935000,31234353.51539300,102532,146487.22950000
2019-02-01 00:00:00.000000 ,106.47000000,108.35000000,103.77000000,106.73000000,243149.88435000,25791535.14602380,86314,120649.43802000
2019-02-02 00:00:00.000000 ,106.71000000,111.15000000,106.07000000,110.42000000,186908.75730000,20153872.30291900,67351,100348.93660000
2019-02-03 00:00:00.000000 ,110.41000000,111.11000000,105.82000000,107.36000000,227211.54064000,24605892.28872830,78309,104902.65217000
2019-02-04 00:00:00.000000 ,107.33000000,109.30000000,106.57000000,107.68000000,160850.10293000,17312736.60015020,65698,83257.70317000
2019-02-05 00:00:00.000000 ,107.65000000,108.18000000,106.47000000,107.27000000,159730.18860000,17137008.24783950,68422,82850.20631000
2019-02-06 00:00:00.000000 ,107.28000000,107.83000000,101.21000000,104.50000000,337204.30254000,34984364.29702120,113955,165235.43945000
2019-02-07 00:00:00.000000 ,104.49000000,106.18000000,103.82000000,104.48000000,147942.07683000,15530160.64710660,68959,74195.91673000
2019-02-08 00:00:00.000000 ,104.48000000,123.00000000,103.41000000,119.25000000,589950.64925000,67027886.93986390,177364,304660.09924000
2019-02-09 00:00:00.000000 ,119.32000000,121.99000000,117.64000000,119.19000000,328067.95740000,39061582.39148260,118457,169285.11511000
2019-02-10 00:00:00.000000 ,119.19000000,126.49000000,115.81000000,125.12000000,385819.09619000,45929459.12901310,146060,202272.64362000
2019-02-11 00:00:00.000000 ,125.12000000,125.28000000,119.24000000,120.89000000,389405.30404000,47197595.84519100,129000,194142.33374000
2019-02-12 00:00:00.000000 ,120.88000000,123.89000000,118.18000000,122.41000000,343765.66987000,41603632.81169900,114396,176467.18014000
2019-02-13 00:00:00.000000 ,122.40000000,126.47000000,120.70000000,121.86000000,317827.31956000,39073077.83916560,122122,160797.73684000
2019-02-14 00:00:00.000000 ,121.86000000,124.50000000,120.10000000,120.42000000,297205.78738000,36278326.07744550,101574,144929.76588000
2019-02-15 00:00:00.000000 ,120.47000000,124.25000000,120.19000000,121.67000000,255296.08140000,31111280.20930570,100464,132203.05707000
2019-02-16 00:00:00.000000 ,121.66000000,124.99000000,121.54000000,122.67000000,215320.70134000,26462034.61253960,84959,112117.92743000
2019-02-17 00:00:00.000000 ,122.67000000,135.61000000,122.43000000,133.75000000,614788.60078000,78958054.95898050,162769,293673.43938000
2019-02-18 00:00:00.000000 ,133.77000000,148.30000000,132.42000000,145.69000000,1079830.15020000,152756654.64547750,299772,549759.99454000
2019-02-19 00:00:00.000000 ,145.69000000,150.00000000,142.36000000,143.44000000,747968.90445000,109645050.46609720,232384,402160.07677000
2019-02-20 00:00:00.000000 ,143.45000000,149.52000000,139.60000000,148.44000000,614303.61007000,89136482.37165190,191505,315381.09329000
2019-02-21 00:00:00.000000 ,148.42000000,149.61000000,142.70000000,145.69000000,447364.40873000,65199779.51243850,148898,224983.85218000
2019-02-22 00:00:00.000000 ,145.68000000,148.85000000,143.85000000,147.36000000,366251.18542000,53771600.80256650,129247,190056.54144000
2019-02-23 00:00:00.000000 ,147.40000000,159.60000000,145.78000000,157.79000000,588183.72896000,89997516.92343650,172084,319153.58988000
2019-02-24 00:00:00.000000 ,157.75000000,166.00000000,131.70000000,132.10000000,1260506.80672000,186688063.41417900,351943,631974.74429000
2019-02-25 00:00:00.000000 ,132.10000000,141.55000000,131.89000000,137.87000000,801147.09543000,110348892.97002450,243536,411499.33688000
2019-02-26 00:00:00.000000 ,137.88000000,138.41000000,133.72000000,136.22000000,432944.17033000,58979934.71600160,145787,228006.72087000
2019-02-27 00:00:00.000000 ,136.22000000,140.29000000,126.84000000,135.02000000,567202.61035000,76519497.90801480,158709,272367.46964000
2019-02-28 00:00:00.000000 ,135.03000000,139.00000000,132.10000000,135.34000000,579327.31749000,78861797.55939210,183737,299413.85729000
2019-03-01 00:00:00.000000 ,135.32000000,137.95000000,134.90000000,135.32000000,302632.02831000,41198722.57987890,103403,172468.84876000
2019-03-02 00:00:00.000000 ,135.32000000,136.12000000,130.03000000,132.56000000,297005.28093000,39467507.68572960,113241,155921.86934000
2019-03-03 00:00:00.000000 ,132.54000000,134.60000000,128.01000000,130.60000000,222453.28590000,29447917.23825880,86648,114067.58966000
2019-03-04 00:00:00.000000 ,130.60000000,131.11000000,122.60000000,125.65000000,403947.79445000,51060349.76658330,140132,203832.41182000
2019-03-05 00:00:00.000000 ,125.68000000,137.84000000,125.19000000,136.72000000,512631.23178000,67740644.33114170,155818,272171.77962000
2019-03-06 00:00:00.000000 ,136.71000000,140.29000000,133.33000000,137.40000000,428826.87415000,58701328.64943100,136000,218466.67905000
2019-03-07 00:00:00.000000 ,137.37000000,140.20000000,135.20000000,136.81000000,307336.49310000,42271691.24286170,114687,152452.19592000
2019-03-08 00:00:00.000000 ,136.82000000,139.34000000,130.62000000,133.52000000,330283.58233000,44879637.38703540,113160,164375.46413000
2019-03-09 00:00:00.000000 ,133.51000000,138.65000000,132.93000000,137.27000000,279861.12049000,38220614.00566200,111544,146108.77784000
2019-03-10 00:00:00.000000 ,137.27000000,137.50000000,134.00000000,135.37000000,203965.16815000,27650702.37933930,90905,104700.49828000
2019-03-11 00:00:00.000000 ,135.37000000,136.15000000,131.00000000,132.67000000,264587.00683000,35285847.74827020,101371,137778.22305000
2019-03-12 00:00:00.000000 ,132.67000000,135.30000000,130.77000000,133.57000000,194905.96843000,25981446.10334660,74222,99412.59836000
2019-03-13 00:00:00.000000 ,133.62000000,133.65000000,130.58000000,131.65000000,209456.09848000,27670734.43092270,87617,105332.16365000
2019-03-14 00:00:00.000000 ,131.69000000,135.11000000,128.52000000,132.20000000,258413.81868000,34099414.80558340,99000,127625.33507000
2019-03-15 00:00:00.000000 ,132.24000000,137.62000000,132.18000000,136.56000000,295832.26562000,39928522.33727780,103920,161856.61972000
2019-03-16 00:00:00.000000 ,136.60000000,144.47000000,136.51000000,140.92000000,474664.10197000,66878173.45181860,149612,241316.08941000
2019-03-17 00:00:00.000000 ,140.94000000,141.07000000,137.20000000,138.67000000,252697.08148000,35051209.93033950,88617,127490.10880000
2019-03-18 00:00:00.000000 ,138.67000000,142.01000000,136.10000000,137.59000000,281718.96195000,39017864.92245650,94109,136354.75075000
2019-03-19 00:00:00.000000 ,137.62000000,139.38000000,136.97000000,138.55000000,218577.45208000,30175322.07849890,82348,109609.32108000
2019-03-20 00:00:00.000000 ,138.56000000,139.66000000,136.01000000,139.01000000,222883.51754000,30757997.81155180,83814,111862.81746000
2019-03-21 00:00:00.000000 ,139.04000000,139.55000000,131.21000000,134.85000000,312531.39368000,42635937.48917120,113797,152957.11763000
2019-03-22 00:00:00.000000 ,134.85000000,137.20000000,134.29000000,135.98000000,186119.74745000,25309122.72644980,79782,86857.86292000
2019-03-23 00:00:00.000000 ,135.92000000,138.21000000,135.60000000,137.28000000,174710.43059000,23922572.35889340,73884,89401.14291000
2019-03-24 00:00:00.000000 ,137.28000000,137.37000000,134.75000000,136.09000000,198490.45124000,27042322.69520090,82361,104851.44764000
2019-03-25 00:00:00.000000 ,136.12000000,136.83000000,131.60000000,133.98000000,230880.28500000,31082445.59324490,98246,113167.35254000
2019-03-26 00:00:00.000000 ,133.97000000,134.74000000,132.27000000,134.18000000,183139.11426000,24490323.06073970,86841,97876.42094000
2019-03-27 00:00:00.000000 ,134.14000000,140.14000000,133.84000000,139.45000000,317167.45325000,43635238.42892650,119271,160680.98018000
2019-03-28 00:00:00.000000 ,139.46000000,139.57000000,137.30000000,137.86000000,163185.69910000,22543474.61229130,73225,84450.31652000
2019-03-29 00:00:00.000000 ,137.85000000,143.60000000,137.62000000,143.25000000,235853.04540000,33098245.95561350,94717,131841.45562000
2019-03-30 00:00:00.000000 ,143.25000000,145.89000000,140.06000000,142.46000000,254798.70067000,36382647.22689520,97751,129968.43382000
2019-03-31 00:00:00.000000 ,142.44000000,142.50000000,140.42000000,141.38000000,142469.21171000,20131931.69907240,65047,72121.13189000
2019-04-01 00:00:00.000000 ,141.41000000,143.08000000,139.57000000,141.24000000,234310.19161000,33234998.64387330,90705,113803.35890000
2019-04-02 00:00:00.000000 ,141.24000000,165.60000000,141.00000000,163.31000000,906868.85860000,138094679.30204320,289637,482112.08002000
2019-04-03 00:00:00.000000 ,163.26000000,177.81000000,149.23000000,159.96000000,1345344.53845000,225523896.20146560,423036,689694.17267000
2019-04-04 00:00:00.000000 ,159.96000000,164.00000000,152.80000000,157.36000000,686080.95248000,109082183.58773480,242989,356683.70225000
2019-04-05 00:00:00.000000 ,157.33000000,167.83000000,155.94000000,164.77000000,516070.34553000,84123101.32690400,175261,271221.49370000
2019-04-06 00:00:00.000000 ,164.84000000,172.77000000,159.20000000,165.50000000,528168.33297000,87657058.11498170,163384,246862.26683000
2019-04-07 00:00:00.000000 ,165.56000000,175.43000000,164.06000000,174.21000000,465507.52497000,78876773.29671770,161529,242883.45203000
2019-04-08 00:00:00.000000 ,174.29000000,185.87000000,170.90000000,178.72000000,873410.07285000,156417981.30211780,272413,427707.91163000
2019-04-09 00:00:00.000000 ,178.71000000,179.17000000,171.05000000,174.60000000,431986.36108000,75745619.57207870,156659,215364.15603000
2019-04-10 00:00:00.000000 ,174.58000000,183.77000000,168.00000000,177.12000000,523943.20498000,93283836.58711400,171960,259905.55155000
2019-04-11 00:00:00.000000 ,177.12000000,177.48000000,158.27000000,164.07000000,661305.30321000,110201659.94787630,224876,324992.46047000
2019-04-12 00:00:00.000000 ,164.06000000,166.50000000,158.11000000,163.19000000,316337.87823000,51556919.14613670,124732,150876.36061000
2019-04-13 00:00:00.000000 ,163.20000000,165.37000000,160.74000000,162.99000000,179237.74574000,29247030.15263730,75202,86353.32588000
2019-04-14 00:00:00.000000 ,162.99000000,168.11000000,161.20000000,167.23000000,186977.66211000,30640985.06094990,72468,94730.83063000
2019-04-15 00:00:00.000000 ,167.21000000,168.81000000,155.70000000,159.95000000,351548.90790000,57215098.11170430,113590,172067.32017000
2019-04-16 00:00:00.000000 ,159.91000000,166.73000000,159.41000000,165.37000000,240370.50441000,39245823.49459500,82937,114539.76934000
2019-04-17 00:00:00.000000 ,165.41000000,167.28000000,163.78000000,165.75000000,227841.54981000,37678036.59646730,85475,108219.24290000
2019-04-18 00:00:00.000000 ,165.75000000,175.20000000,165.04000000,173.33000000,396118.94407000,68031293.23257790,114728,187459.43239000
2019-04-19 00:00:00.000000 ,173.34000000,173.55000000,168.59000000,172.64000000,320541.72166000,54991300.10972070,104551,164821.29068000
2019-04-20 00:00:00.000000 ,172.66000000,176.97000000,169.87000000,172.88000000,253596.48407000,43939979.01605370,94403,123125.92238000
2019-04-21 00:00:00.000000 ,172.89000000,173.48000000,164.82000000,168.59000000,283450.43943000,47781349.40209580,108394,143539.87051000
2019-04-22 00:00:00.000000 ,168.59000000,172.30000000,167.00000000,170.52000000,269868.39876000,45832751.05701500,96396,138724.48160000
2019-04-23 00:00:00.000000 ,170.52000000,175.83000000,167.78000000,169.16000000,363523.34531000,62784241.17047600,126520,173307.59552000
2019-04-24 00:00:00.000000 ,169.15000000,169.87000000,159.26000000,164.78000000,426497.04153000,70076178.28450270,154469,213010.94018000
2019-04-25 00:00:00.000000 ,164.78000000,165.49000000,150.35000000,154.72000000,422657.03239000,67326464.64847040,139927,207493.18153000
2019-04-26 00:00:00.000000 ,154.70000000,162.56000000,151.40000000,157.95000000,500355.86283000,78334214.87440620,162730,265522.61201000
2019-04-27 00:00:00.000000 ,157.93000000,166.24000000,156.35000000,159.31000000,215918.63842000,34294277.99544650,89809,107892.49091000
2019-04-28 00:00:00.000000 ,159.32000000,160.24000000,156.92000000,157.85000000,152976.30181000,24304182.14108250,72048,75258.19531000
2019-04-29 00:00:00.000000 ,157.86000000,159.05000000,152.00000000,155.11000000,243591.94898000,37892463.29048750,98779,112271.92569000
2019-04-30 00:00:00.000000 ,155.14000000,162.89000000,155.11000000,161.83000000,305056.24653000,48352308.34711090,109233,151942.02827000
2019-05-01 00:00:00.000000 ,161.85000000,163.88000000,158.36000000,160.19000000,192517.62763000,30965351.69684630,88509,94853.75564000
2019-05-02 00:00:00.000000 ,160.20000000,163.48000000,158.50000000,161.81000000,289519.02025000,46716417.01278230,97201,146854.42652000
2019-05-03 00:00:00.000000 ,161.82000000,170.86000000,160.99000000,168.06000000,416357.52123000,69185162.59716770,136042,207707.51957000
2019-05-04 00:00:00.000000 ,168.10000000,171.30000000,159.76000000,163.70000000,312928.58349000,51596174.40089550,115264,154550.58103000
2019-05-05 00:00:00.000000 ,163.71000000,165.36000000,159.18000000,163.05000000,176029.10445000,28659516.78624570,79825,87458.50631000
2019-05-06 00:00:00.000000 ,163.05000000,178.05000000,157.55000000,173.00000000,506528.14278000,86112232.47586300,151543,279631.33418000
2019-05-07 00:00:00.000000 ,172.98000000,182.76000000,167.89000000,169.18000000,732496.87861000,129206700.12768380,208268,359208.70506000
2019-05-08 00:00:00.000000 ,169.07000000,173.17000000,164.80000000,170.85000000,296436.29384000,50312349.78477600,108814,143905.37197000
2019-05-09 00:00:00.000000 ,170.88000000,173.88000000,166.57000000,170.90000000,284663.99456000,48482365.54141840,111190,139490.30992000
2019-05-10 00:00:00.000000 ,170.96000000,176.70000000,168.46000000,172.91000000,425543.74021000,73717438.65395840,142024,217209.97186000
2019-05-11 00:00:00.000000 ,172.92000000,205.23000000,172.92000000,190.20000000,885292.38389000,167180496.76232970,246217,460145.37432000
2019-05-12 00:00:00.000000 ,190.20000000,204.32000000,181.00000000,188.11000000,823372.28148000,157611011.72525080,228585,414771.23650000
2019-05-13 00:00:00.000000 ,188.07000000,206.87000000,185.32000000,195.84000000,669265.46524000,131102303.13856970,190439,345029.21196000
2019-05-14 00:00:00.000000 ,195.83000000,219.81000000,194.19000000,216.40000000,864211.00603000,179717430.31072680,248577,451375.98025000
2019-05-15 00:00:00.000000 ,216.40000000,250.27000000,216.21000000,248.10000000,574697.29927000,135054369.61756970,176272,300224.48606000
2019-05-16 00:00:00.000000 ,248.06000000,279.76000000,241.76000000,264.25000000,1733360.89360000,452410350.05173800,553635,896705.83686000
2019-05-17 00:00:00.000000 ,264.35000000,268.74000000,223.43000000,244.30000000,1529892.56898000,366429299.20280290,517016,766433.52488000
2019-05-18 00:00:00.000000 ,244.31000000,248.00000000,230.62000000,233.60000000,673218.09982000,160450040.80691930,236314,350733.36784000
2019-05-19 00:00:00.000000 ,233.57000000,264.00000000,231.77000000,259.51000000,823859.06342000,207383027.82648370,285496,427121.32949000
2019-05-20 00:00:00.000000 ,259.37000000,259.49000000,238.00000000,250.37000000,666889.82241000,165783106.07703020,246484,341913.40218000
2019-05-21 00:00:00.000000 ,250.48000000,262.00000000,246.06000000,253.43000000,580249.69753000,146749988.27373740,229662,296180.05712000
2019-05-22 00:00:00.000000 ,253.35000000,260.18000000,239.63000000,243.64000000,592848.95605000,149006735.64217660,208482,291969.97415000
2019-05-23 00:00:00.000000 ,243.68000000,247.34000000,231.10000000,244.56000000,600193.89368000,144051488.87739300,198869,309885.62434000
2019-05-24 00:00:00.000000 ,244.63000000,254.35000000,241.54000000,248.87000000,447066.92596000,111294049.36671490,171482,229477.28310000
2019-05-25 00:00:00.000000 ,248.84000000,257.33000000,247.22000000,250.22000000,332544.38731000,83665127.84369460,125719,165867.00466000
2019-05-26 00:00:00.000000 ,250.17000000,269.40000000,245.11000000,264.45000000,450090.22324000,115089467.78795790,159525,228355.77865000
2019-05-27 00:00:00.000000 ,264.35000000,279.59000000,260.00000000,270.53000000,635463.50204000,170250734.89175260,246768,330156.00440000
2019-05-28 00:00:00.000000 ,270.70000000,275.95000000,264.45000000,271.03000000,409443.69364000,110617403.68924610,181468,210233.09508000
2019-05-29 00:00:00.000000 ,271.08000000,274.04000000,260.05000000,268.83000000,383412.45769000,102868997.43201860,173915,194501.87335000
2019-05-30 00:00:00.000000 ,268.92000000,288.62000000,240.14000000,254.56000000,1066279.49387000,289930479.36211910,368300,538953.47484000
2019-05-31 00:00:00.000000 ,254.59000000,268.72000000,245.21000000,267.90000000,602153.87244000,154783065.77077390,253604,313715.51397000
2019-06-01 00:00:00.000000 ,267.90000000,275.50000000,260.68000000,264.33000000,455676.98613000,121851235.75918430,182844,244439.94900000
2019-06-02 00:00:00.000000 ,264.33000000,273.20000000,263.20000000,268.88000000,301536.15062000,80960737.40546720,138349,154397.78666000
2019-06-03 00:00:00.000000 ,268.87000000,270.00000000,248.00000000,249.91000000,397360.65275000,103602836.68374210,193998,200720.66553000
2019-06-04 00:00:00.000000 ,250.02000000,251.67000000,234.39000000,241.39000000,633822.71246000,154709331.29418740,270568,339927.90333000
2019-06-05 00:00:00.000000 ,241.46000000,250.41000000,237.37000000,245.63000000,335953.37927000,81839286.61658410,173428,178579.70212000
2019-06-06 00:00:00.000000 ,245.62000000,250.66000000,235.01000000,248.76000000,297579.14734000,72417630.00412180,146839,147753.23828000
2019-06-07 00:00:00.000000 ,248.77000000,253.28000000,243.46000000,248.77000000,353378.65680000,87644279.24865560,149700,194475.01521000
2019-06-08 00:00:00.000000 ,248.78000000,250.53000000,240.37000000,243.25000000,188448.27748000,46293916.79096090,108260,93452.11427000
2019-06-09 00:00:00.000000 ,243.33000000,244.53000000,226.56000000,230.98000000,316931.85638000,74594101.41631090,147025,149751.60604000
2019-06-10 00:00:00.000000 ,231.02000000,247.45000000,227.03000000,246.51000000,314662.52637000,75090336.66264880,162704,164859.97136000
2019-06-11 00:00:00.000000 ,246.61000000,247.80000000,236.49000000,244.29000000,237508.42798000,57549753.73764920,133083,122937.01231000
2019-06-12 00:00:00.000000 ,244.36000000,261.87000000,242.20000000,261.15000000,336499.30160000,84660448.56856570,171468,191035.62205000
2019-06-13 00:00:00.000000 ,261.13000000,262.98000000,253.69000000,254.67000000,291757.21635000,75447391.03734030,159838,142504.25920000
2019-06-14 00:00:00.000000 ,254.67000000,264.26000000,251.75000000,262.47000000,327383.28236000,84045849.54257990,175229,173197.96874000
2019-06-15 00:00:00.000000 ,262.48000000,272.27000000,260.61000000,267.82000000,286594.98029000,76053046.55333580,146902,155140.46734000
2019-06-16 00:00:00.000000 ,267.78000000,277.06000000,263.31000000,267.73000000,458176.54236000,123848161.46895180,206212,238873.01948000
2019-06-17 00:00:00.000000 ,267.73000000,276.00000000,266.81000000,273.16000000,339277.66707000,91807270.71088160,185899,176231.60685000
2019-06-18 00:00:00.000000 ,273.14000000,273.58000000,261.45000000,264.66000000,319941.55156000,85335852.93152350,184954,161423.04428000
2019-06-19 00:00:00.000000 ,264.68000000,270.00000000,263.59000000,268.14000000,208375.68381000,55665919.15439590,111358,107462.88795000
2019-06-20 00:00:00.000000 ,268.16000000,273.63000000,265.71000000,271.22000000,200717.77370000,53998507.95600700,130438,101208.05863000
2019-06-21 00:00:00.000000 ,271.27000000,295.94000000,271.22000000,294.35000000,519818.06907000,148641528.53426570,240649,272679.10280000
2019-06-22 00:00:00.000000 ,294.25000000,314.39000000,289.69000000,310.79000000,726254.67061000,222036096.33526110,336414,374894.48528000
2019-06-23 00:00:00.000000 ,310.70000000,321.70000000,305.58000000,308.52000000,418812.02747000,131252843.52936410,241819,213747.97180000
2019-06-24 00:00:00.000000 ,308.42000000,314.41000000,298.00000000,311.64000000,352791.26964000,108439071.64452210,185588,182026.16675000
2019-06-25 00:00:00.000000 ,311.65000000,318.99000000,307.00000000,318.26000000,345559.65047000,108143161.22562180,183415,188753.46606000
2019-06-26 00:00:00.000000 ,318.29000000,366.80000000,315.57000000,339.39000000,1008551.28721000,341534154.53287090,477973,519610.70974000
2019-06-27 00:00:00.000000 ,339.53000000,347.00000000,280.01000000,298.35000000,1016826.44900000,315174509.70848310,449424,511748.69656000
2019-06-28 00:00:00.000000 ,298.35000000,313.58000000,295.22000000,311.05000000,529174.47722000,161838706.78723340,260039,279799.14011000
2019-06-29 00:00:00.000000 ,310.95000000,324.74000000,295.18000000,317.62000000,425555.16264000,130425514.04584840,233883,215633.39731000
2019-06-30 00:00:00.000000 ,317.64000000,323.50000000,290.12000000,292.70000000,489028.56835000,149527443.57982940,265958,236869.51519000
2019-07-01 00:00:00.000000 ,292.89000000,303.49000000,280.13000000,295.07000000,489769.27421000,142871936.75878870,247035,262574.76029000
2019-07-02 00:00:00.000000 ,295.03000000,297.57000000,272.65000000,291.48000000,493772.96579000,140020251.92775110,255019,249236.40932000
2019-07-03 00:00:00.000000 ,291.47000000,302.89000000,285.00000000,301.14000000,370521.96637000,109262202.22523740,203286,191658.42315000
2019-07-04 00:00:00.000000 ,301.11000000,302.74000000,280.53000000,282.73000000,270791.36878000,79507234.74090000,155911,135349.37410000
2019-07-05 00:00:00.000000 ,282.86000000,294.89000000,280.78000000,287.47000000,261139.28341000,75165110.69865790,151476,133187.74184000
2019-07-06 00:00:00.000000 ,287.32000000,296.71000000,285.28000000,288.29000000,196064.64705000,57137782.59847040,122419,102266.21407000
2019-07-07 00:00:00.000000 ,288.29000000,309.69000000,284.25000000,304.72000000,246111.36595000,73170809.76295140,146592,128914.23303000
2019-07-08 00:00:00.000000 ,304.72000000,313.74000000,300.78000000,311.97000000,289607.34177000,88890021.74605840,156865,155290.87882000
2019-07-09 00:00:00.000000 ,311.96000000,318.19000000,302.69000000,307.46000000,309447.34927000,96199378.54032650,183056,158621.20585000
2019-07-10 00:00:00.000000 ,307.46000000,314.18000000,281.04000000,289.23000000,457080.94063000,135779813.60865860,241966,220628.79918000
2019-07-11 00:00:00.000000 ,289.23000000,289.23000000,262.12000000,268.63000000,501592.75211000,136450969.64527130,278211,250154.92476000
2019-07-12 00:00:00.000000 ,268.67000000,278.99000000,266.21000000,274.62000000,266734.54213000,72743548.04145270,150653,133477.16896000
2019-07-13 00:00:00.000000 ,274.53000000,275.04000000,262.20000000,268.79000000,205959.26849000,55323572.09371000,132115,103948.50825000
2019-07-14 00:00:00.000000 ,268.80000000,269.74000000,222.81000000,225.85000000,540052.58421000,130785858.99985180,260313,256989.83281000
2019-07-15 00:00:00.000000 ,225.83000000,235.58000000,203.08000000,228.20000000,715991.20688000,159784811.63723730,320571,370737.93141000
2019-07-16 00:00:00.000000 ,228.20000000,234.50000000,192.25000000,198.88000000,715604.83198000,151473621.64515110,315783,350245.42111000
2019-07-17 00:00:00.000000 ,198.94000000,219.86000000,191.84000000,210.81000000,694854.10132000,143020071.96191880,306708,363231.97342000
2019-07-18 00:00:00.000000 ,210.80000000,229.65000000,205.71000000,225.73000000,609081.49094000,132637638.79015530,264573,315755.33217000
2019-07-19 00:00:00.000000 ,225.75000000,226.23000000,212.52000000,220.73000000,371622.21865000,81600507.57264800,178357,190528.38687000
2019-07-20 00:00:00.000000 ,220.84000000,235.09000000,219.78000000,228.20000000,325393.97225000,74182517.23962530,158590,169537.41035000
2019-07-21 00:00:00.000000 ,228.25000000,229.66000000,216.99000000,225.38000000,270046.15190000,60421739.04697620,149561,140104.17634000
2019-07-22 00:00:00.000000 ,225.49000000,228.34000000,212.25000000,217.51000000,271310.40446000,59602149.04196980,155651,135135.21114000
2019-07-23 00:00:00.000000 ,217.59000000,219.55000000,208.36000000,212.48000000,317876.48242000,67930201.67313210,169515,167094.99959000
2019-07-24 00:00:00.000000 ,212.55000000,218.28000000,202.00000000,216.31000000,331162.64840000,69281797.01651710,188919,171125.24668000
2019-07-25 00:00:00.000000 ,216.31000000,225.12000000,215.23000000,219.14000000,280370.29627000,62017449.35733580,167223,143500.50787000
2019-07-26 00:00:00.000000 ,219.14000000,220.00000000,212.71000000,218.81000000,197781.98653000,42839496.53553070,133271,98990.46002000
2019-07-27 00:00:00.000000 ,218.81000000,223.30000000,203.00000000,207.30000000,301209.41113000,63931823.15516260,180170,144808.27270000
2019-07-28 00:00:00.000000 ,207.30000000,213.52000000,198.24000000,211.62000000,218801.16693000,45414505.79001880,132599,112178.92834000
2019-07-29 00:00:00.000000 ,211.58000000,215.83000000,206.59000000,210.89000000,226941.28000000,47853275.12724640,133256,117589.62070000
2019-07-30 00:00:00.000000 ,210.84000000,214.36000000,204.40000000,209.58000000,222683.79393000,46627086.48410720,129043,126515.06354000
2019-07-31 00:00:00.000000 ,209.57000000,218.79000000,209.20000000,218.42000000,207213.55658000,44416634.90026880,122971,112082.92487000
2019-08-01 00:00:00.000000 ,218.42000000,219.39000000,210.54000000,216.84000000,186806.18844000,40054998.68240460,116919,91849.72101000
2019-08-02 00:00:00.000000 ,216.80000000,222.18000000,214.31000000,217.61000000,206867.03039000,45116694.85927590,123571,107794.76515000
2019-08-03 00:00:00.000000 ,217.69000000,224.51000000,216.62000000,222.14000000,181591.95296000,40285734.53192140,110659,93873.07584000
2019-08-04 00:00:00.000000 ,222.14000000,223.34000000,216.90000000,221.79000000,135622.02580000,29836777.69133280,90502,69386.02134000
2019-08-05 00:00:00.000000 ,221.79000000,236.25000000,221.79000000,233.54000000,307956.27211000,70962003.84329990,173092,163211.99796000
2019-08-06 00:00:00.000000 ,233.53000000,239.15000000,223.03000000,226.28000000,341279.08159000,78590684.02158890,172932,166236.76616000
2019-08-07 00:00:00.000000 ,226.31000000,231.25000000,220.95000000,226.10000000,279104.70370000,63135096.48557690,159413,146171.93629000
2019-08-08 00:00:00.000000 ,226.11000000,228.50000000,215.51000000,221.39000000,236886.35423000,52730777.06928490,132568,114109.47371000
2019-08-09 00:00:00.000000 ,221.38000000,221.79000000,207.30000000,210.53000000,232062.12757000,49415315.75467600,140538,115399.67299000
2019-08-10 00:00:00.000000 ,210.52000000,215.00000000,202.60000000,206.48000000,252614.02389000,52534644.57003890,142706,128386.06493000
2019-08-11 00:00:00.000000 ,206.48000000,216.94000000,206.14000000,216.42000000,188474.09048000,39875149.54802820,112904,98456.65063000
2019-08-12 00:00:00.000000 ,216.41000000,216.81000000,209.75000000,211.41000000,122760.94619000,26091487.95900400,85543,64061.87617000
2019-08-13 00:00:00.000000 ,211.58000000,214.30000000,204.00000000,209.30000000,166922.48201000,34861802.39651680,102967,77187.83946000
2019-08-14 00:00:00.000000 ,209.31000000,209.90000000,183.49000000,187.10000000,325228.98931000,63597043.18857920,171181,152334.65364000
2019-08-15 00:00:00.000000 ,187.08000000,189.95000000,181.23000000,188.03000000,237953.09426000,44183760.70610550,119008,110230.51548000
2019-08-16 00:00:00.000000 ,187.98000000,188.39000000,178.04000000,184.88000000,282177.01584000,51945182.47086070,150695,140331.02072000
2019-08-17 00:00:00.000000 ,184.83000000,187.00000000,181.83000000,185.59000000,138799.61508000,25599796.90465160,101721,71194.91465000
2019-08-18 00:00:00.000000 ,185.67000000,197.91000000,183.35000000,194.33000000,175363.50620000,33655229.09223080,102057,92430.25179000
2019-08-19 00:00:00.000000 ,194.32000000,203.59000000,192.70000000,202.28000000,239541.59780000,47675347.06282200,116606,122389.69465000
2019-08-20 00:00:00.000000 ,202.24000000,202.75000000,194.45000000,196.60000000,189297.75494000,37412398.97566200,109559,94655.34043000
2019-08-21 00:00:00.000000 ,196.55000000,197.20000000,179.53000000,187.45000000,284973.64194000,53434048.95292920,150215,143327.26923000
2019-08-22 00:00:00.000000 ,187.45000000,195.14000000,182.80000000,190.35000000,245575.98772000,46426395.04867220,160105,128088.29346000
2019-08-23 00:00:00.000000 ,190.36000000,196.19000000,188.16000000,194.02000000,192548.51552000,37022930.57045670,128090,103654.44392000
2019-08-24 00:00:00.000000 ,194.02000000,194.09000000,185.63000000,190.60000000,167806.34294000,31786227.86266330,104191,87395.56483000
2019-08-25 00:00:00.000000 ,190.60000000,192.40000000,182.80000000,186.54000000,169862.91522000,31935951.29036400,103115,85922.30698000
2019-08-26 00:00:00.000000 ,186.54000000,193.70000000,186.00000000,188.67000000,254397.79472000,48298621.31542170,130551,130191.14191000
2019-08-27 00:00:00.000000 ,188.61000000,189.49000000,184.75000000,187.24000000,157898.56300000,29513243.50055000,96138,82742.89368000
2019-08-28 00:00:00.000000 ,187.30000000,188.25000000,166.48000000,173.03000000,334480.61761000,59498959.96652150,146334,157842.22951000
2019-08-29 00:00:00.000000 ,173.03000000,173.50000000,163.61000000,169.01000000,295241.21600000,49838097.16618850,142645,148944.84350000
2019-08-30 00:00:00.000000 ,169.03000000,170.77000000,165.55000000,168.50000000,238616.68868000,40216956.59949060,114316,122176.99960000
2019-08-31 00:00:00.000000 ,168.48000000,174.98000000,165.63000000,171.57000000,194999.19583000,32983642.84325880,101425,103927.92170000
2019-09-01 00:00:00.000000 ,171.52000000,173.42000000,167.61000000,170.74000000,191140.52368000,32627380.93181310,93036,105365.55830000
2019-09-02 00:00:00.000000 ,170.73000000,181.00000000,170.02000000,178.05000000,294627.31247000,51446380.44857070,116596,158324.35888000
2019-09-03 00:00:00.000000 ,178.00000000,183.00000000,174.09000000,178.75000000,327857.85447000,58621819.35545330,147758,169339.58256000
2019-09-04 00:00:00.000000 ,178.79000000,180.14000000,173.00000000,174.72000000,286226.25171000,50629395.49188310,140298,150944.76267000
2019-09-05 00:00:00.000000 ,174.70000000,176.19000000,168.10000000,173.75000000,232753.83596000,40247496.56290390,123424,119903.03976000
2019-09-06 00:00:00.000000 ,173.74000000,177.87000000,165.00000000,169.08000000,315822.37984000,54567316.60595730,146974,159799.71519000
2019-09-07 00:00:00.000000 ,169.11000000,180.80000000,168.30000000,177.62000000,253831.23169000,44282963.30654020,134155,133267.63152000
2019-09-08 00:00:00.000000 ,177.58000000,184.18000000,176.13000000,181.19000000,290083.47501000,52424648.71846640,143793,141391.15011000
2019-09-09 00:00:00.000000 ,181.18000000,185.38000000,176.01000000,180.54000000,273729.94868000,49340881.23458970,140362,141443.31955000
2019-09-10 00:00:00.000000 ,180.52000000,184.36000000,177.00000000,179.81000000,238387.50999000,43067898.90512140,116866,120273.59160000
2019-09-11 00:00:00.000000 ,179.87000000,182.80000000,173.00000000,178.28000000,278555.46708000,49657474.97516960,130317,141851.70528000
2019-09-12 00:00:00.000000 ,178.30000000,182.38000000,176.62000000,180.72000000,203543.13663000,36419973.22973720,102872,112207.26467000
2019-09-13 00:00:00.000000 ,180.71000000,181.38000000,177.54000000,180.95000000,264422.54059000,47382425.19192170,109752,144556.81427000
2019-09-14 00:00:00.000000 ,180.96000000,188.79000000,179.75000000,188.13000000,279371.83423000,51424561.39170010,113052,163939.13161000
2019-09-15 00:00:00.000000 ,188.14000000,190.45000000,185.76000000,189.03000000,288928.60827000,54373471.38522450,106052,153265.22338000
2019-09-16 00:00:00.000000 ,189.05000000,199.44000000,188.30000000,197.22000000,551006.81686000,106449156.03002470,166031,287085.88662000
2019-09-17 00:00:00.000000 ,197.23000000,215.13000000,195.74000000,207.84000000,715863.22620000,145945114.86958180,214041,364269.05990000
2019-09-18 00:00:00.000000 ,207.85000000,217.27000000,207.66000000,210.21000000,539028.51013000,114703107.27171860,182943,266269.54880000
2019-09-19 00:00:00.000000 ,210.27000000,223.94000000,202.30000000,220.24000000,844358.82155000,179595728.81383750,230867,419271.71181000
2019-09-20 00:00:00.000000 ,220.26000000,221.54000000,212.05000000,218.03000000,437804.12669000,95069640.62415250,133129,220337.02958000
2019-09-21 00:00:00.000000 ,218.01000000,221.50000000,213.20000000,215.05000000,417891.52420000,90638548.23529240,105391,207179.70785000
2019-09-22 00:00:00.000000 ,215.04000000,215.61000000,206.10000000,211.20000000,445388.94787000,93662351.50453330,108397,223157.30567000
2019-09-23 00:00:00.000000 ,211.20000000,211.68000000,198.65000000,201.29000000,392437.07084000,80922890.46088590,121866,195784.51789000
2019-09-24 00:00:00.000000 ,201.25000000,202.98000000,150.03000000,165.81000000,1478218.82714000,263412071.53120260,383778,729145.32328000
2019-09-25 00:00:00.000000 ,165.72000000,174.85000000,161.88000000,169.96000000,879001.46213000,147619414.13589660,251456,447020.54762000
2019-09-26 00:00:00.000000 ,169.96000000,171.01000000,152.11000000,165.92000000,779942.17148000,127948136.27089050,202020,391258.95488000
2019-09-27 00:00:00.000000 ,165.92000000,176.72000000,161.03000000,173.79000000,634932.96707000,106461443.89972100,183611,329233.87612000
2019-09-28 00:00:00.000000 ,173.83000000,175.49000000,168.00000000,173.49000000,521775.46593000,90120971.16691360,159337,270120.29369000
2019-09-29 00:00:00.000000 ,173.50000000,174.50000000,164.12000000,169.24000000,410855.12176000,69327213.64744890,136438,207251.58216000
2019-09-30 00:00:00.000000 ,169.26000000,181.24000000,165.01000000,180.85000000,580295.39970000,100443187.77168620,175354,305126.83015000
2019-10-01 00:00:00.000000 ,180.89000000,185.53000000,173.19000000,175.66000000,609972.52717000,109365005.36179210,168529,297585.37703000
2019-10-02 00:00:00.000000 ,175.65000000,181.29000000,173.65000000,180.24000000,348268.11620000,61530973.80423170,96660,176207.85499000
2019-10-03 00:00:00.000000 ,180.24000000,180.72000000,169.55000000,174.69000000,354756.78478000,62001237.48178290,101114,170712.79827000
2019-10-04 00:00:00.000000 ,174.71000000,178.98000000,170.74000000,175.55000000,333897.63876000,58470302.14454340,89655,178481.72947000
2019-10-05 00:00:00.000000 ,175.55000000,176.71000000,172.02000000,176.25000000,278488.61771000,48647162.43898200,90341,148677.37760000
2019-10-06 00:00:00.000000 ,176.23000000,177.04000000,167.68000000,170.10000000,314932.39629000,54241930.12547950,114662,150053.25603000
2019-10-07 00:00:00.000000 ,170.08000000,182.32000000,168.68000000,179.85000000,496523.48038000,87617964.56758630,159802,269524.79092000
2019-10-08 00:00:00.000000 ,179.88000000,184.87000000,177.00000000,180.60000000,400832.37828000,72432729.98459290,139925,198505.85063000
2019-10-09 00:00:00.000000 ,180.61000000,195.53000000,178.96000000,192.62000000,562506.82189000,105551736.48440960,182290,296581.72445000
2019-10-10 00:00:00.000000 ,192.61000000,194.20000000,186.88000000,191.14000000,436588.58452000,83367952.39334860,150166,226305.55384000
2019-10-11 00:00:00.000000 ,191.18000000,196.65000000,179.41000000,180.72000000,621693.63125000,115872479.76612730,181427,300995.29890000
2019-10-12 00:00:00.000000 ,180.65000000,184.64000000,177.59000000,179.68000000,290415.22038000,52895345.38262570,118775,147805.76792000
2019-10-13 00:00:00.000000 ,179.65000000,184.95000000,178.52000000,180.99000000,247589.23231000,45067340.42215130,113448,124690.60376000
2019-10-14 00:00:00.000000 ,180.98000000,187.54000000,180.43000000,186.72000000,279732.84612000,51494870.27736360,123915,145915.38133000
2019-10-15 00:00:00.000000 ,186.70000000,188.37000000,175.96000000,180.49000000,405466.38109000,73998014.44721510,155734,200056.73570000
2019-10-16 00:00:00.000000 ,180.52000000,181.44000000,171.81000000,174.47000000,347764.93459000,61180262.77590320,151051,174413.51344000
2019-10-17 00:00:00.000000 ,174.52000000,178.96000000,172.61000000,177.16000000,298795.81980000,52578052.94403270,133295,157556.94002000
2019-10-18 00:00:00.000000 ,177.17000000,177.44000000,168.66000000,172.74000000,319602.48508000,55285684.61343000,139612,152605.77187000
2019-10-19 00:00:00.000000 ,172.78000000,174.98000000,169.44000000,171.79000000,296918.73026000,51269466.04253870,127763,153698.71472000
2019-10-20 00:00:00.000000 ,171.84000000,176.88000000,169.21000000,175.22000000,299141.07152000,51654250.06525480,125469,161874.58359000
2019-10-21 00:00:00.000000 ,175.18000000,177.90000000,171.59000000,173.98000000,270608.51385000,47204344.24062680,128045,140196.68285000
2019-10-22 00:00:00.000000 ,174.00000000,175.04000000,170.30000000,171.20000000,255429.41624000,44176123.20859810,123180,125146.21334000
2019-10-23 00:00:00.000000 ,171.19000000,171.49000000,153.45000000,162.35000000,746955.09806000,121126428.22859730,238790,349055.64660000
2019-10-24 00:00:00.000000 ,162.35000000,163.72000000,158.72000000,160.38000000,387310.83766000,62419095.10681710,159778,201844.94482000
2019-10-25 00:00:00.000000 ,160.39000000,187.78000000,160.25000000,181.50000000,904832.86059000,157496890.72260220,267143,477807.72341000
2019-10-26 00:00:00.000000 ,181.53000000,197.74000000,173.80000000,179.49000000,1211737.43684000,222906937.79099780,373782,616841.96023000
2019-10-27 00:00:00.000000 ,179.42000000,188.70000000,176.22000000,183.75000000,724423.40525000,132329593.39361980,262415,385013.11426000
2019-10-28 00:00:00.000000 ,183.84000000,189.48000000,180.35000000,181.72000000,582179.44545000,106933716.67061300,225343,295482.30631000
2019-10-29 00:00:00.000000 ,181.67000000,192.74000000,181.26000000,190.46000000,529964.50540000,99024969.84348440,212841,269645.51621000
2019-10-30 00:00:00.000000 ,190.45000000,191.71000000,179.28000000,183.13000000,537770.43056000,99508269.89031900,194946,264989.49925000
2019-10-31 00:00:00.000000 ,183.14000000,185.27000000,177.66000000,182.18000000,410969.86104000,74696032.73156750,167038,210699.39971000
2019-11-01 00:00:00.000000 ,182.19000000,184.50000000,177.02000000,182.85000000,331519.76963000,60092727.13917590,154534,176366.39217000
2019-11-02 00:00:00.000000 ,182.86000000,186.00000000,181.53000000,182.91000000,179864.39739000,32936676.70820530,107048,89462.03413000
2019-11-03 00:00:00.000000 ,182.90000000,184.70000000,178.95000000,181.54000000,232621.52147000,42260620.37702860,109861,117372.86999000
2019-11-04 00:00:00.000000 ,181.53000000,188.64000000,180.36000000,185.71000000,321175.29134000,59357371.31413380,147624,174839.08251000
2019-11-05 00:00:00.000000 ,185.71000000,192.51000000,182.22000000,188.68000000,389668.64720000,73036074.78097270,184562,200247.68513000
2019-11-06 00:00:00.000000 ,188.65000000,195.09000000,187.72000000,191.16000000,343219.92240000,65471595.20700740,160110,173260.42539000
2019-11-07 00:00:00.000000 ,191.16000000,192.27000000,184.59000000,186.68000000,309882.08206000,58150631.27682950,152881,155433.46587000
2019-11-08 00:00:00.000000 ,186.67000000,188.26000000,181.41000000,183.74000000,365029.75027000,67305417.40505750,167904,175732.31788000
2019-11-09 00:00:00.000000 ,183.71000000,185.79000000,182.63000000,184.89000000,192073.38044000,35441967.76569950,112521,97836.42113000
2019-11-10 00:00:00.000000 ,184.86000000,191.58000000,183.30000000,188.96000000,274940.53448000,51648623.28633990,133008,139412.49207000
2019-11-11 00:00:00.000000 ,188.96000000,190.19000000,184.06000000,184.98000000,255579.93429000,47746876.45656240,128079,125060.86932000
2019-11-12 00:00:00.000000 ,184.98000000,187.65000000,182.41000000,187.09000000,256782.63119000,47636043.35288470,124488,130189.09727000
2019-11-13 00:00:00.000000 ,187.09000000,189.66000000,185.30000000,188.11000000,197273.84001000,36936429.93594350,89631,101255.98817000
2019-11-14 00:00:00.000000 ,188.07000000,188.72000000,183.34000000,184.92000000,245505.29971000,45523714.09855510,114266,117241.99539000
2019-11-15 00:00:00.000000 ,184.93000000,186.70000000,177.67000000,180.00000000,407466.78964000,74217250.17271870,156868,196587.25275000
2019-11-16 00:00:00.000000 ,179.99000000,183.46000000,179.30000000,182.37000000,172801.52576000,31378510.01538970,89596,86531.48564000
2019-11-17 00:00:00.000000 ,182.37000000,186.09000000,180.00000000,183.82000000,198892.43720000,36509968.69910130,93753,99564.29673000
2019-11-18 00:00:00.000000 ,183.82000000,184.06000000,175.01000000,178.20000000,293551.23632000,52985734.28078390,131823,134230.72271000
2019-11-19 00:00:00.000000 ,178.20000000,178.52000000,172.65000000,175.94000000,275886.64110000,48414106.95693360,125824,138098.32741000
2019-11-20 00:00:00.000000 ,175.93000000,177.41000000,173.50000000,174.72000000,216315.93309000,38001672.19309860,106534,105958.65927000
2019-11-21 00:00:00.000000 ,174.75000000,175.85000000,157.26000000,161.01000000,473895.92992000,78641896.23038060,178521,234632.37028000
2019-11-22 00:00:00.000000 ,161.02000000,162.79000000,138.00000000,149.56000000,977977.23794000,147595324.56439290,324167,460516.29463000
2019-11-23 00:00:00.000000 ,149.55000000,154.33000000,146.11000000,151.84000000,369721.09960000,55595157.56404240,177816,188200.09056000
2019-11-24 00:00:00.000000 ,151.84000000,152.86000000,138.62000000,139.96000000,352319.21558000,51503705.17773920,158774,169721.62425000
2019-11-25 00:00:00.000000 ,139.99000000,151.50000000,131.45000000,145.69000000,749675.41303000,106186791.33716510,238649,369097.78378000
2019-11-26 00:00:00.000000 ,145.81000000,149.97000000,143.37000000,147.47000000,354023.04298000,51873405.03929090,132207,172671.00371000
2019-11-27 00:00:00.000000 ,147.47000000,155.54000000,140.84000000,152.62000000,564796.42840000,83505998.05488960,192325,290667.89068000
2019-11-28 00:00:00.000000 ,152.61000000,154.63000000,149.09000000,150.72000000,317714.56326000,48324220.62056190,124573,158837.00332000
2019-11-29 00:00:00.000000 ,150.69000000,157.60000000,150.23000000,154.57000000,328712.25558000,50649319.12094730,129774,171812.20099000
2019-11-30 00:00:00.000000 ,154.54000000,155.25000000,149.70000000,151.37000000,226863.41299000,34617912.17868860,96632,115076.90179000
2019-12-01 00:00:00.000000 ,151.43000000,152.49000000,145.79000000,150.73000000,344178.14088000,51148792.08299820,125550,172849.45417000
2019-12-02 00:00:00.000000 ,150.72000000,151.42000000,146.71000000,148.65000000,233839.09730000,34768563.47186470,107070,114158.87515000
2019-12-03 00:00:00.000000 ,148.66000000,149.93000000,145.77000000,147.17000000,196329.22503000,29061161.10177570,87660,100293.62450000
2019-12-04 00:00:00.000000 ,147.19000000,151.98000000,143.15000000,145.38000000,434490.46521000,63849308.29357220,149685,211432.92469000
2019-12-05 00:00:00.000000 ,145.45000000,149.02000000,143.64000000,148.10000000,299073.53972000,43777241.59082360,111694,159810.68936000
2019-12-06 00:00:00.000000 ,148.11000000,149.77000000,145.74000000,148.45000000,220674.68581000,32549526.39959790,90076,118938.06254000
2019-12-07 00:00:00.000000 ,148.46000000,149.49000000,146.85000000,147.14000000,140471.68588000,20799551.34569560,70677,73739.81386000
2019-12-08 00:00:00.000000 ,147.16000000,151.62000000,146.11000000,150.44000000,205301.60260000,30606289.28539150,79766,113946.96048000
2019-12-09 00:00:00.000000 ,150.44000000,151.19000000,146.56000000,147.38000000,243775.99249000,36345702.34808850,92204,113225.94088000
2019-12-10 00:00:00.000000 ,147.40000000,148.57000000,143.81000000,145.56000000,203215.84937000,29746845.43242870,85725,96914.54456000
2019-12-11 00:00:00.000000 ,145.53000000,146.34000000,142.12000000,143.39000000,157843.10484000,22772651.16812890,69834,82484.40373000
2019-12-12 00:00:00.000000 ,143.41000000,145.85000000,139.24000000,144.87000000,261615.30437000,37425277.03812350,99231,127845.69433000
2019-12-13 00:00:00.000000 ,144.87000000,146.00000000,142.80000000,144.80000000,160695.18556000,23203419.96161870,90805,82252.75063000
2019-12-14 00:00:00.000000 ,144.80000000,145.07000000,141.18000000,141.79000000,126232.59201000,18027581.35954590,76951,59729.52052000
2019-12-15 00:00:00.000000 ,141.79000000,144.12000000,139.92000000,142.46000000,151189.65877000,21495196.81888500,77131,73238.69048000
2019-12-16 00:00:00.000000 ,142.46000000,142.72000000,127.93000000,132.73000000,471018.85942000,63632055.58494070,153717,215716.73176000
2019-12-17 00:00:00.000000 ,132.72000000,132.98000000,119.11000000,121.88000000,563257.36001000,71709329.26891930,178977,272414.29784000
2019-12-18 00:00:00.000000 ,121.88000000,134.87000000,116.26000000,132.78000000,884960.91334000,110566290.56933250,252627,469544.66440000
2019-12-19 00:00:00.000000 ,132.80000000,134.00000000,125.69000000,128.10000000,420674.81720000,53766864.18518990,154222,204489.68391000
2019-12-20 00:00:00.000000 ,128.10000000,129.39000000,125.84000000,128.19000000,213897.46730000,27266605.48486420,90922,109755.28767000
2019-12-21 00:00:00.000000 ,128.19000000,128.40000000,126.50000000,126.99000000,135196.11641000,17199278.79468420,64847,64958.50230000
2019-12-22 00:00:00.000000 ,127.00000000,133.07000000,126.82000000,132.09000000,253140.72413000,32938501.02175700,91028,130908.05583000
2019-12-23 00:00:00.000000 ,132.12000000,135.10000000,126.00000000,127.80000000,421600.75655000,55501305.92012300,145867,194731.21180000
2019-12-24 00:00:00.000000 ,127.80000000,129.69000000,126.61000000,127.75000000,200637.10098000,25667665.14201030,87657,100608.48356000
2019-12-25 00:00:00.000000 ,127.70000000,127.84000000,123.07000000,125.09000000,225004.49090000,28144469.16072900,93397,98563.14610000
2019-12-26 00:00:00.000000 ,125.09000000,132.26000000,124.32000000,125.58000000,274986.52097000,34943780.90920390,103034,128410.01213000
2019-12-27 00:00:00.000000 ,125.58000000,127.10000000,121.91000000,126.29000000,240012.37451000,30020098.88913110,102142,115839.00216000
2019-12-28 00:00:00.000000 ,126.28000000,129.68000000,125.84000000,128.11000000,196893.52277000,25177121.14706410,82441,95994.94508000
2019-12-29 00:00:00.000000 ,128.11000000,138.07000000,127.52000000,134.36000000,316347.26666000,41893078.36221210,115498,154769.98070000
2019-12-30 00:00:00.000000 ,134.36000000,136.24000000,130.30000000,131.59000000,320347.21956000,42636559.38241520,101293,153829.18058000
2019-12-31 00:00:00.000000 ,131.61000000,133.68000000,128.17000000,129.16000000,264933.98418000,34678632.17959370,95085,131010.02709000
2020-01-01 00:00:00.000000 ,129.16000000,133.05000000,128.68000000,130.77000000,144770.52197000,18952318.53206430,75888,71847.93883000
2020-01-02 00:00:00.000000 ,130.72000000,130.78000000,126.38000000,127.19000000,213757.05806000,27486853.39482150,96193,105830.56192000
2020-01-03 00:00:00.000000 ,127.19000000,135.14000000,125.88000000,134.35000000,413055.18895000,54139288.21657680,162310,227899.25531000
2020-01-04 00:00:00.000000 ,134.37000000,135.85000000,132.50000000,134.20000000,184276.17102000,24641135.56895300,95488,85809.67556000
2020-01-05 00:00:00.000000 ,134.20000000,138.19000000,134.19000000,135.37000000,254120.45343000,34593687.60327480,115106,126786.52057000
2020-01-06 00:00:00.000000 ,135.37000000,144.41000000,134.86000000,144.15000000,408020.27375000,57400544.48725700,159866,199544.89847000
2020-01-07 00:00:00.000000 ,144.14000000,145.31000000,138.76000000,142.80000000,447762.17281000,63861666.40475940,188444,224063.89164000
2020-01-08 00:00:00.000000 ,142.80000000,147.77000000,137.03000000,140.72000000,570465.57764000,81184999.73195760,229912,282151.20995000
2020-01-09 00:00:00.000000 ,140.76000000,141.50000000,135.30000000,137.74000000,366076.06569000,50611452.58464480,152241,185916.38689000
2020-01-10 00:00:00.000000 ,137.73000000,145.17000000,135.32000000,144.84000000,409403.59507000,57377525.56268220,167313,212395.40493000
2020-01-11 00:00:00.000000 ,144.83000000,148.05000000,142.09000000,142.38000000,368350.57939000,53149360.56174780,156488,189781.12128000
2020-01-12 00:00:00.000000 ,142.40000000,146.60000000,141.76000000,146.54000000,229541.86137000,33112850.82223460,110842,112369.46853000
2020-01-13 00:00:00.000000 ,146.56000000,147.00000000,142.27000000,143.58000000,207996.61865000,29888095.36705080,102544,99446.20096000
2020-01-14 00:00:00.000000 ,143.58000000,171.70000000,143.51000000,165.64000000,1108476.31186000,173492006.24820750,321408,569410.84447000
2020-01-15 00:00:00.000000 ,165.60000000,171.98000000,159.20000000,166.40000000,721687.80381000,119239937.92994240,251183,350727.96393000
2020-01-16 00:00:00.000000 ,166.40000000,167.40000000,157.80000000,164.21000000,456170.86719000,74038650.82913100,179108,221669.39628000
2020-01-17 00:00:00.000000 ,164.24000000,174.81000000,162.14000000,169.85000000,767180.67853000,129909265.25615680,273867,375143.01514000
2020-01-18 00:00:00.000000 ,169.92000000,179.50000000,164.92000000,174.14000000,688783.17982000,119388338.75249420,240660,350447.01511000
2020-01-19 00:00:00.000000 ,174.10000000,178.05000000,161.66000000,166.79000000,624681.28604000,105691368.81966230,203953,307350.63954000
2020-01-20 00:00:00.000000 ,166.79000000,169.33000000,161.24000000,166.87000000,358092.88410000,59292534.71746490,130615,181828.19520000
2020-01-21 00:00:00.000000 ,166.86000000,170.32000000,164.80000000,169.49000000,308007.63530000,51615232.56698970,125609,154669.56313000
2020-01-22 00:00:00.000000 ,169.48000000,171.47000000,166.03000000,168.07000000,272240.90286000,45903134.16291320,111017,131183.80623000
2020-01-23 00:00:00.000000 ,168.07000000,168.20000000,159.21000000,162.81000000,373414.34985000,60971659.77458240,150875,179121.31926000
2020-01-24 00:00:00.000000 ,162.85000000,164.45000000,155.55000000,162.54000000,430013.19902000,68980724.06049470,145668,201937.83641000
2020-01-25 00:00:00.000000 ,162.51000000,162.79000000,157.61000000,160.35000000,219921.65197000,35196608.30633680,95448,114622.44585000
2020-01-26 00:00:00.000000 ,160.36000000,168.08000000,159.41000000,167.86000000,251582.55758000,41239031.33790620,116628,135644.62680000
2020-01-27 00:00:00.000000 ,167.91000000,172.56000000,165.22000000,170.08000000,365894.81917000,61846624.61453890,157072,183012.19780000
2020-01-28 00:00:00.000000 ,170.04000000,176.20000000,170.03000000,175.64000000,473433.89609000,81649497.49294890,178990,249252.61532000
2020-01-29 00:00:00.000000 ,175.58000000,178.45000000,173.33000000,173.72000000,317382.90161000,55988230.27435140,145062,151440.50706000
2020-01-30 00:00:00.000000 ,173.68000000,187.00000000,170.93000000,184.69000000,477721.66090000,85164074.08231600,189458,241401.15381000
2020-01-31 00:00:00.000000 ,184.71000000,185.82000000,175.22000000,179.99000000,385596.53365000,69633052.28263920,157597,182789.87905000
2020-02-01 00:00:00.000000 ,179.94000000,184.28000000,179.23000000,183.60000000,259370.12902000,47263178.06678230,124149,125544.78709000
2020-02-02 00:00:00.000000 ,183.63000000,193.43000000,179.10000000,188.44000000,552621.13619000,104105613.55878510,222425,280248.03436000
2020-02-03 00:00:00.000000 ,188.48000000,195.19000000,186.62000000,189.69000000,417175.95781000,79336312.52469230,181726,213868.71408000
2020-02-04 00:00:00.000000 ,189.74000000,191.60000000,184.69000000,188.91000000,366389.69686000,68720832.61529370,173353,174776.24193000
2020-02-05 00:00:00.000000 ,188.91000000,207.61000000,188.19000000,203.78000000,550942.11417000,108659358.53591860,241415,291264.24776000
2020-02-06 00:00:00.000000 ,203.78000000,216.33000000,201.02000000,213.19000000,608240.22330000,127874220.81468680,276196,302771.02677000
2020-02-07 00:00:00.000000 ,213.16000000,225.00000000,213.14000000,223.33000000,629361.15466000,138524804.21757590,268274,313125.90630000
2020-02-08 00:00:00.000000 ,223.36000000,227.75000000,213.22000000,223.05000000,548551.87465000,122069507.65511160,257281,277426.26209000
2020-02-09 00:00:00.000000 ,223.01000000,230.65000000,222.86000000,228.49000000,350336.24399000,79674647.00019990,183735,172523.02255000
2020-02-10 00:00:00.000000 ,228.53000000,229.40000000,216.37000000,222.89000000,510415.49949000,113385288.95030170,232617,255575.45007000
2020-02-11 00:00:00.000000 ,222.89000000,239.15000000,218.17000000,236.69000000,595576.90276000,135863928.62430580,250241,309901.30870000
2020-02-12 00:00:00.000000 ,236.69000000,275.34000000,236.69000000,265.74000000,1038073.74782000,266734296.55029730,415316,521382.12082000
2020-02-13 00:00:00.000000 ,265.74000000,277.69000000,256.08000000,268.32000000,1089679.15370000,291533156.09169540,422008,539389.59743000
2020-02-14 00:00:00.000000 ,268.34000000,287.15000000,260.28000000,285.15000000,734944.32266000,201120424.58322010,309022,380703.78554000
2020-02-15 00:00:00.000000 ,285.11000000,288.41000000,261.86000000,264.88000000,860813.14274000,236287101.09867710,348934,419793.21130000
2020-02-16 00:00:00.000000 ,264.91000000,274.00000000,237.41000000,258.85000000,1110118.46395000,286269166.28143690,416082,526993.06165000
2020-02-17 00:00:00.000000 ,258.89000000,268.77000000,242.00000000,267.85000000,1110371.39094000,280371301.75499170,417529,542125.21208000
2020-02-18 00:00:00.000000 ,267.90000000,285.88000000,258.00000000,282.61000000,1115523.43992000,304162263.30613900,431799,550241.02070000
2020-02-19 00:00:00.000000 ,282.64000000,285.00000000,251.56000000,258.45000000,705973.72988000,191887955.75834830,298048,343303.10692000
2020-02-20 00:00:00.000000 ,258.44000000,264.33000000,245.34000000,256.96000000,972969.71691000,249383114.01101130,373551,494884.31858000
2020-02-21 00:00:00.000000 ,256.97000000,268.24000000,253.61000000,265.27000000,525827.87340000,137848242.42793050,214306,269791.13743000
2020-02-22 00:00:00.000000 ,265.32000000,266.81000000,256.00000000,261.57000000,313062.52133000,81781388.31935340,136810,156822.35067000
2020-02-23 00:00:00.000000 ,261.55000000,275.68000000,261.02000000,274.48000000,444740.82883000,120024058.97196630,178464,225478.68725000
2020-02-24 00:00:00.000000 ,274.50000000,277.20000000,257.09000000,265.52000000,696591.72983000,185949182.70858070,263161,330793.92829000
2020-02-25 00:00:00.000000 ,265.47000000,266.22000000,244.44000000,246.67000000,774791.01027000,197442911.54473170,277457,381947.38852000
2020-02-26 00:00:00.000000 ,246.67000000,250.32000000,215.66000000,223.93000000,1395879.41507000,324229460.62116020,454355,656347.55839000
2020-02-27 00:00:00.000000 ,223.98000000,238.30000000,210.00000000,227.79000000,1273793.11658000,287322727.29672570,415969,627806.95842000
2020-02-28 00:00:00.000000 ,227.73000000,234.67000000,214.01000000,226.76000000,1054994.92397000,236064804.33459430,347125,510185.33752000
2020-02-29 00:00:00.000000 ,226.76000000,233.00000000,217.00000000,217.21000000,546866.68510000,123635801.01782530,211771,276266.12871000
2020-03-01 00:00:00.000000 ,217.29000000,227.89000000,212.36000000,217.81000000,715016.01941000,157064953.84227790,265577,360047.11333000
2020-03-02 00:00:00.000000 ,217.81000000,234.40000000,216.07000000,231.97000000,810051.48330000,182948651.67645310,258680,402597.52232000
2020-03-03 00:00:00.000000 ,232.10000000,232.46000000,219.57000000,223.91000000,741498.54825000,168090325.53879240,253103,370933.36958000
2020-03-04 00:00:00.000000 ,223.84000000,228.85000000,220.23000000,224.26000000,443780.33772000,99650220.54162080,167247,218963.33645000
2020-03-05 00:00:00.000000 ,224.26000000,234.09000000,224.23000000,228.38000000,601479.87587000,138081898.28666810,227242,297495.35318000
2020-03-06 00:00:00.000000 ,228.38000000,245.16000000,227.33000000,244.88000000,628147.32570000,148563741.83299240,234091,328731.56561000
2020-03-07 00:00:00.000000 ,244.93000000,251.93000000,236.00000000,237.23000000,633748.89662000,154037325.61130680,238113,311459.94084000
2020-03-08 00:00:00.000000 ,237.23000000,237.23000000,195.50000000,199.43000000,1278973.53741000,277970187.86826010,412787,591086.61596000
2020-03-09 00:00:00.000000 ,199.43000000,208.62000000,190.00000000,202.81000000,1661331.83553000,332570408.53515290,473504,822023.18618000
2020-03-10 00:00:00.000000 ,202.79000000,206.20000000,195.54000000,200.70000000,1020260.10700000,205536190.19393920,332398,501745.90774000
2020-03-11 00:00:00.000000 ,200.74000000,203.18000000,181.73000000,194.61000000,1079824.90167000,208232375.18620150,344156,539239.29222000
2020-03-12 00:00:00.000000 ,194.61000000,195.55000000,101.20000000,107.82000000,3814533.14046000,548668262.23472350,937284,1810764.23167000
2020-03-13 00:00:00.000000 ,107.67000000,139.68000000,86.00000000,134.06000000,4663239.92861000,560710331.84217540,1199923,2314458.37004000
2020-03-14 00:00:00.000000 ,134.06000000,134.68000000,120.00000000,122.54000000,1237674.88642000,159192895.55261970,398146,628481.86635000
2020-03-15 00:00:00.000000 ,122.54000000,133.50000000,120.16000000,123.78000000,1312950.90137000,163436235.26909020,346579,669525.68240000
2020-03-16 00:00:00.000000 ,123.82000000,124.33000000,101.10000000,111.02000000,2442064.14448000,270353891.80500360,663277,1191735.45431000
2020-03-17 00:00:00.000000 ,111.02000000,120.80000000,109.38000000,115.67000000,1295108.48480000,150800664.07195460,378258,654284.35784000
2020-03-18 00:00:00.000000 ,115.67000000,118.50000000,109.86000000,118.11000000,1201850.31275000,137550912.08551710,346312,604214.46019000
2020-03-19 00:00:00.000000 ,118.11000000,143.13000000,115.46000000,136.30000000,1801071.18816000,231626928.16070490,489147,904222.90527000
2020-03-20 00:00:00.000000 ,136.30000000,152.55000000,116.74000000,133.48000000,2504057.63799000,345856006.74779890,707216,1240999.35166000
2020-03-21 00:00:00.000000 ,133.49000000,137.49000000,125.69000000,132.66000000,1231842.11121000,162468451.77231490,401288,607735.22807000
2020-03-22 00:00:00.000000 ,132.63000000,137.13000000,121.10000000,122.32000000,1055699.86532000,135927941.07951970,337273,533153.20327000
2020-03-23 00:00:00.000000 ,122.31000000,137.50000000,119.50000000,135.92000000,1436796.12449000,184851609.12426900,416820,738648.10253000
2020-03-24 00:00:00.000000 ,135.89000000,143.36000000,132.20000000,138.42000000,1244377.16334000,171156363.69230240,381573,627879.32436000
2020-03-25 00:00:00.000000 ,138.42000000,142.33000000,132.54000000,136.10000000,1034248.74369000,141795323.02687100,317580,512056.56415000
2020-03-26 00:00:00.000000 ,136.11000000,139.74000000,133.26000000,138.40000000,751060.63102000,101918769.67229330,248508,380709.15691000
2020-03-27 00:00:00.000000 ,138.40000000,141.27000000,129.68000000,131.33000000,706948.54559000,96581886.87894690,224835,340830.61973000
2020-03-28 00:00:00.000000 ,131.33000000,132.97000000,124.88000000,130.98000000,896032.10594000,115166651.97007420,274768,441256.50002000
2020-03-29 00:00:00.000000 ,130.94000000,131.84000000,123.81000000,124.50000000,543997.00000000,69434202.20547170,182914,248597.98141000
2020-03-30 00:00:00.000000 ,124.47000000,135.42000000,124.06000000,132.06000000,764831.92747000,100271145.86256300,241576,392536.46962000
2020-03-31 00:00:00.000000 ,132.09000000,135.00000000,130.38000000,132.72000000,547669.27789000,72618183.48059540,172692,270347.28434000
2020-04-01 00:00:00.000000 ,132.72000000,136.99000000,128.62000000,135.69000000,680922.24747000,90063924.23039740,199637,324454.19164000
2020-04-02 00:00:00.000000 ,135.65000000,149.76000000,135.01000000,141.28000000,1138977.66114000,159989506.60494540,314519,578693.19522000
2020-04-03 00:00:00.000000 ,141.27000000,146.72000000,137.26000000,141.31000000,797546.11446000,113731706.71499980,239800,377394.13095000
2020-04-04 00:00:00.000000 ,141.30000000,146.28000000,138.88000000,144.10000000,573508.14086000,81640622.82843230,178768,292547.08055000
2020-04-05 00:00:00.000000 ,144.10000000,145.58000000,140.68000000,142.68000000,414987.45246000,59383946.12744140,134223,205853.93595000
2020-04-06 00:00:00.000000 ,142.69000000,172.00000000,142.60000000,171.32000000,1636338.73110000,257097597.78387530,432858,839620.34479000
2020-04-07 00:00:00.000000 ,171.32000000,176.22000000,162.22000000,164.63000000,1717962.82538000,292710722.58224840,446557,854069.17522000
2020-04-08 00:00:00.000000 ,164.62000000,174.48000000,163.59000000,173.11000000,1023575.92076000,173916484.78615510,287799,511443.62149000
2020-04-09 00:00:00.000000 ,173.15000000,173.38000000,165.19000000,169.52000000,719837.24423000,122531131.95595830,212541,356967.49573000
2020-04-10 00:00:00.000000 ,169.56000000,170.10000000,152.11000000,157.81000000,1314841.36200000,209535613.32367140,323430,623128.08335000
2020-04-11 00:00:00.000000 ,157.81000000,161.37000000,153.91000000,158.33000000,621599.61289000,98275533.06263670,168046,313112.58332000
2020-04-12 00:00:00.000000 ,158.33000000,164.78000000,155.00000000,158.59000000,809100.24594000,129919934.44376530,223429,396232.44593000
2020-04-13 00:00:00.000000 ,158.56000000,158.97000000,150.00000000,156.29000000,1042091.03622000,160423270.30371500,255965,519763.88357000
2020-04-14 00:00:00.000000 ,156.28000000,161.85000000,155.23000000,158.45000000,698030.65089000,110710086.10400900,178490,343955.51426000
2020-04-15 00:00:00.000000 ,158.46000000,161.29000000,152.00000000,152.73000000,729119.66505000,114640840.11551650,186226,347034.48291000
2020-04-16 00:00:00.000000 ,152.74000000,174.79000000,148.33000000,172.29000000,1647207.59991000,273639160.06938750,389854,830355.78324000
2020-04-17 00:00:00.000000 ,172.31000000,174.96000000,168.31000000,170.69000000,723537.75591000,123553456.31967860,191289,352005.34180000
2020-04-18 00:00:00.000000 ,170.61000000,189.54000000,170.48000000,187.40000000,1127296.36979000,203132211.95640910,286172,569708.87703000
2020-04-19 00:00:00.000000 ,187.40000000,188.35000000,175.75000000,180.03000000,995759.57750000,181415813.50269480,270668,478833.69271000
2020-04-20 00:00:00.000000 ,180.02000000,186.46000000,166.70000000,170.20000000,1547821.52737000,273854539.80380100,365589,745586.67414000
2020-04-21 00:00:00.000000 ,170.21000000,174.70000000,168.00000000,170.74000000,906381.65398000,155292048.43579020,228262,454400.78888000
2020-04-22 00:00:00.000000 ,170.73000000,184.00000000,169.78000000,182.70000000,988698.39076000,176079076.92749950,246896,488185.26353000
2020-04-23 00:00:00.000000 ,182.70000000,193.63000000,178.16000000,185.51000000,1457867.08713000,270862911.36856540,363772,719694.31692000
2020-04-24 00:00:00.000000 ,185.57000000,189.80000000,184.72000000,187.59000000,780904.21257000,146419748.08164820,222074,368634.10604000
2020-04-25 00:00:00.000000 ,187.60000000,198.36000000,185.76000000,194.21000000,866478.04928000,167703202.42505130,244755,438541.85997000
2020-04-26 00:00:00.000000 ,194.21000000,200.00000000,192.30000000,197.38000000,758525.81533000,148433709.77718670,228826,383155.46184000
2020-04-27 00:00:00.000000 ,197.39000000,199.05000000,189.29000000,196.34000000,896627.37271000,174775637.92727570,238341,426083.00347000
2020-04-28 00:00:00.000000 ,196.33000000,198.50000000,192.36000000,196.24000000,636829.89397000,124476041.88938340,183819,324710.24289000
2020-04-29 00:00:00.000000 ,196.24000000,218.77000000,196.22000000,215.36000000,1620422.72431000,338324593.63729170,445147,817195.35504000
2020-04-30 00:00:00.000000 ,215.40000000,227.30000000,202.00000000,206.08000000,1749691.00151000,374893029.77430840,557268,840566.78901000
2020-05-01 00:00:00.000000 ,206.07000000,217.14000000,205.91000000,212.02000000,794913.95828000,168339123.35791390,291365,389989.76909000
2020-05-02 00:00:00.000000 ,212.01000000,215.37000000,210.36000000,213.90000000,443494.67248000,94389501.51781640,185802,225155.58197000
2020-05-03 00:00:00.000000 ,213.89000000,219.30000000,203.92000000,209.86000000,748383.91311000,158874887.07834110,268841,354161.96792000
2020-05-04 00:00:00.000000 ,209.86000000,210.65000000,194.88000000,206.48000000,1114249.32658000,225451167.65536830,349701,553422.13712000
2020-05-05 00:00:00.000000 ,206.47000000,211.68000000,201.00000000,205.29000000,640644.66268000,131906204.90781300,246124,310794.78031000
2020-05-06 00:00:00.000000 ,205.30000000,210.77000000,197.71000000,198.97000000,862700.67849000,178157452.60084120,271299,411115.12204000
2020-05-07 00:00:00.000000 ,198.92000000,215.10000000,196.43000000,212.00000000,1305778.73764000,271197927.66502780,380313,660789.67892000
2020-05-08 00:00:00.000000 ,212.01000000,216.61000000,206.90000000,211.31000000,917908.19440000,194579529.42776330,262122,445600.39696000
2020-05-09 00:00:00.000000 ,211.32000000,214.60000000,208.40000000,210.07000000,587871.98073000,124626471.42703530,194059,292187.26718000
2020-05-10 00:00:00.000000 ,210.09000000,210.18000000,179.59000000,187.54000000,1473226.05475000,278394290.75973460,426358,694788.42914000
2020-05-11 00:00:00.000000 ,187.62000000,193.50000000,176.00000000,185.73000000,1093299.81927000,203391530.20617390,303669,529158.74668000
2020-05-12 00:00:00.000000 ,185.80000000,192.24000000,185.48000000,189.76000000,669755.79567000,126810812.16817080,193978,336075.30552000
2020-05-13 00:00:00.000000 ,189.77000000,201.00000000,188.35000000,199.58000000,806143.00704000,156637596.36492460,212710,410843.35618000
2020-05-14 00:00:00.000000 ,199.61000000,206.02000000,195.67000000,203.29000000,1114700.24937000,224233786.12670990,285245,557166.15035000
2020-05-15 00:00:00.000000 ,203.29000000,204.08000000,191.66000000,194.86000000,904749.63570000,179634085.62276920,230721,437768.77270000
2020-05-16 00:00:00.000000 ,194.87000000,203.50000000,193.21000000,200.45000000,669900.03754000,134060788.49418390,174447,343539.34568000
2020-05-17 00:00:00.000000 ,200.44000000,209.85000000,199.68000000,207.00000000,708711.89315000,145341278.68135490,180088,369150.31059000
2020-05-18 00:00:00.000000 ,207.02000000,217.07000000,207.00000000,214.91000000,1064139.24850000,226789027.15008040,249528,538438.67639000
2020-05-19 00:00:00.000000 ,214.92000000,215.95000000,209.45000000,214.58000000,643702.98849000,136846948.55680560,186027,319009.59630000
2020-05-20 00:00:00.000000 ,214.60000000,215.75000000,204.27000000,209.98000000,679532.61037000,143704806.17524080,195172,330890.78825000
2020-05-21 00:00:00.000000 ,209.99000000,211.64000000,191.71000000,198.74000000,1003923.43420000,203445710.96284490,258415,479372.00860000
2020-05-22 00:00:00.000000 ,198.72000000,209.19000000,196.24000000,207.36000000,787672.36081000,159972608.53416610,217659,399523.04157000
2020-05-23 00:00:00.000000 ,207.36000000,211.20000000,204.55000000,206.60000000,478559.92006000,99461068.10466470,150729,237372.30187000
2020-05-24 00:00:00.000000 ,206.60000000,210.55000000,199.50000000,199.90000000,673535.05784000,138917619.23362070,204534,324023.32350000
2020-05-25 00:00:00.000000 ,199.90000000,205.67000000,198.01000000,204.15000000,469931.62492000,95411610.79763470,171792,243595.47559000
2020-05-26 00:00:00.000000 ,204.22000000,205.00000000,196.90000000,200.89000000,477176.73530000,96116808.85809130,167702,233833.77929000
2020-05-27 00:00:00.000000 ,200.92000000,208.44000000,200.76000000,208.29000000,494816.72727000,101445351.02566320,167619,252824.22653000
2020-05-28 00:00:00.000000 ,208.29000000,220.50000000,204.67000000,220.21000000,643945.97769000,136361627.34641550,219160,352366.88360000
2020-05-29 00:00:00.000000 ,220.24000000,224.79000000,217.57000000,220.67000000,603058.07590000,133220045.49547060,217959,301826.51829000
2020-05-30 00:00:00.000000 ,220.63000000,247.00000000,218.80000000,243.66000000,1019550.75146000,238678839.80930440,341862,511425.44765000
2020-05-31 00:00:00.000000 ,243.71000000,245.39000000,229.58000000,231.57000000,821608.68884000,194867426.29418620,320066,381831.06077000
2020-06-01 00:00:00.000000 ,231.56000000,250.68000000,230.66000000,248.23000000,823816.69936000,198791911.84704420,318497,426075.31776000
2020-06-02 00:00:00.000000 ,248.23000000,253.80000000,225.00000000,237.71000000,955520.91863000,230680327.30929150,355417,462682.15945000
2020-06-03 00:00:00.000000 ,237.71000000,245.00000000,232.71000000,244.52000000,502928.13371000,120179301.17898640,213792,259904.04578000
2020-06-04 00:00:00.000000 ,244.54000000,246.60000000,236.00000000,243.21000000,669369.33920000,162460397.62767410,253226,332175.55769000
2020-06-05 00:00:00.000000 ,243.22000000,247.87000000,239.14000000,240.03000000,502547.41103000,122084004.51697550,205337,242309.99059000
2020-06-06 00:00:00.000000 ,240.04000000,244.70000000,237.83000000,241.94000000,389423.07798000,93979350.81263390,161709,198723.53956000
2020-06-07 00:00:00.000000 ,241.94000000,245.37000000,234.60000000,244.56000000,571102.55515000,137165732.64761660,226478,285159.65388000
2020-06-08 00:00:00.000000 ,244.57000000,247.70000000,240.59000000,246.40000000,383116.54719000,93355224.96830870,159981,193451.07601000
2020-06-09 00:00:00.000000 ,246.37000000,249.82000000,238.00000000,243.80000000,420327.17133000,102374504.57389720,185974,202641.07177000
2020-06-10 00:00:00.000000 ,243.79000000,250.28000000,242.00000000,247.78000000,431285.61715000,105797248.24742570,185330,221305.11120000
2020-06-11 00:00:00.000000 ,247.78000000,250.09000000,226.20000000,230.51000000,816456.89161000,195063781.27644910,312655,373492.34304000
2020-06-12 00:00:00.000000 ,230.46000000,239.38000000,228.19000000,237.55000000,446515.34124000,105069425.09010670,181977,224589.29616000
2020-06-13 00:00:00.000000 ,237.55000000,238.73000000,234.66000000,238.11000000,253797.78090000,60087772.65246530,134555,126898.09775000
2020-06-14 00:00:00.000000 ,238.13000000,238.59000000,229.83000000,231.77000000,304943.21188000,71575514.08027260,158093,150190.06138000
2020-06-15 00:00:00.000000 ,231.74000000,233.55000000,218.27000000,230.86000000,875026.92057000,197907504.77877360,308126,410989.99093000
2020-06-16 00:00:00.000000 ,230.86000000,236.00000000,228.70000000,235.30000000,499194.66758000,116456364.23126830,188136,252188.71079000
2020-06-17 00:00:00.000000 ,235.31000000,237.30000000,227.65000000,233.82000000,478187.29170000,111415059.05626230,189653,232960.69025000
2020-06-18 00:00:00.000000 ,233.82000000,234.65000000,227.93000000,231.27000000,334347.79917000,77542070.33327090,145815,157912.89857000
2020-06-19 00:00:00.000000 ,231.26000000,231.95000000,226.74000000,229.00000000,397284.59808000,91117706.15513940,160682,196717.52384000
2020-06-20 00:00:00.000000 ,229.00000000,230.85000000,225.62000000,228.89000000,303704.98826000,69343699.90954830,129778,146807.30372000
2020-06-21 00:00:00.000000 ,228.88000000,231.49000000,227.11000000,228.04000000,256305.23734000,58868166.50610440,109238,133367.32601000
2020-06-22 00:00:00.000000 ,228.03000000,246.89000000,227.51000000,243.13000000,749030.11114000,178707156.18931390,256688,381685.54634000
2020-06-23 00:00:00.000000 ,243.11000000,244.87000000,240.75000000,243.14000000,442296.31477000,107457002.52462460,172649,224811.21947000
2020-06-24 00:00:00.000000 ,243.15000000,249.24000000,231.07000000,234.58000000,921634.05340000,220763040.43374940,289888,447817.33625000
2020-06-25 00:00:00.000000 ,234.57000000,235.39000000,227.56000000,232.50000000,613748.59348000,142697463.38010440,192323,312667.90698000
2020-06-26 00:00:00.000000 ,232.49000000,233.61000000,227.75000000,229.64000000,628340.07007000,144805505.19158240,192182,313069.39625000
2020-06-27 00:00:00.000000 ,229.66000000,231.42000000,216.00000000,220.94000000,645950.61438000,145264632.26381920,207051,299265.01724000
2020-06-28 00:00:00.000000 ,220.94000000,227.96000000,218.32000000,224.93000000,444766.56881000,99423540.13931940,144728,236280.14760000
2020-06-29 00:00:00.000000 ,224.89000000,229.96000000,221.26000000,227.93000000,597915.52242000,134510531.19766730,183558,305421.87340000
2020-06-30 00:00:00.000000 ,227.98000000,228.70000000,222.91000000,225.60000000,415036.02977000,93802207.27357360,143612,202532.74647000
2020-07-01 00:00:00.000000 ,225.59000000,232.71000000,224.16000000,230.99000000,517351.58865000,118322932.85495730,176455,265707.94626000
2020-07-02 00:00:00.000000 ,230.99000000,232.01000000,222.87000000,226.46000000,592485.91115000,134976975.12319700,210294,282313.90134000
2020-07-03 00:00:00.000000 ,226.46000000,228.13000000,223.97000000,224.87000000,314578.50040000,71286978.50356750,139167,153734.92210000
2020-07-04 00:00:00.000000 ,224.86000000,230.71000000,224.43000000,229.17000000,307726.46593000,69899468.27991880,134338,156161.48084000
2020-07-05 00:00:00.000000 ,229.24000000,229.85000000,223.05000000,227.56000000,355747.12006000,80528660.61919430,152077,173480.66716000
2020-07-06 00:00:00.000000 ,227.54000000,242.00000000,226.93000000,241.60000000,864817.50700000,203334727.85013950,268187,443659.99767000
2020-07-07 00:00:00.000000 ,241.60000000,243.77000000,234.40000000,239.39000000,600424.97209000,143122828.37511880,213589,293523.48727000
2020-07-08 00:00:00.000000 ,239.39000000,248.88000000,237.78000000,246.95000000,958185.83708000,233460700.75518140,309582,472779.31973000
2020-07-09 00:00:00.000000 ,246.94000000,247.90000000,237.88000000,241.98000000,647641.58291000,157541370.00481820,243580,313999.27569000
2020-07-10 00:00:00.000000 ,241.97000000,242.16000000,235.72000000,241.26000000,455025.12385000,108806462.46509650,181124,234086.96963000
2020-07-11 00:00:00.000000 ,241.27000000,241.67000000,237.54000000,239.19000000,294476.00626000,70548557.67783910,140265,144264.75794000
2020-07-12 00:00:00.000000 ,239.19000000,244.00000000,236.52000000,242.79000000,469315.11720000,112487552.43401240,201729,238720.16445000
2020-07-13 00:00:00.000000 ,242.76000000,245.33000000,237.33000000,239.50000000,604093.04245000,146193291.91067610,240032,304677.24908000
2020-07-14 00:00:00.000000 ,239.50000000,242.09000000,237.00000000,240.44000000,426320.89188000,102105027.13193080,172704,212486.68184000
2020-07-15 00:00:00.000000 ,240.45000000,241.45000000,236.83000000,238.61000000,368350.66518000,88059682.48343640,154984,178198.01400000
2020-07-16 00:00:00.000000 ,238.59000000,239.39000000,230.02000000,233.57000000,587161.73894000,137208323.20157330,222138,284514.03969000
2020-07-17 00:00:00.000000 ,233.58000000,234.84000000,231.65000000,232.67000000,325600.21444000,75931058.42265300,149088,159858.08306000
2020-07-18 00:00:00.000000 ,232.66000000,236.80000000,232.32000000,235.67000000,341356.61820000,80046747.83223330,136494,168653.68252000
2020-07-19 00:00:00.000000 ,235.67000000,239.92000000,233.28000000,239.11000000,348803.52073000,82120072.99362800,144896,177800.65726000
2020-07-20 00:00:00.000000 ,239.12000000,239.72000000,234.05000000,236.01000000,396657.91938000,94314378.93819910,164435,193222.00995000
2020-07-21 00:00:00.000000 ,236.00000000,246.66000000,235.57000000,245.59000000,637462.08074000,154502240.94119890,240019,335588.62905000
2020-07-22 00:00:00.000000 ,245.53000000,269.61000000,241.51000000,263.74000000,718417.68296000,180692677.21395630,273546,382255.45060000
2020-07-23 00:00:00.000000 ,263.75000000,279.98000000,259.70000000,275.30000000,1068774.57879000,287217202.72012160,378573,548027.77647000
2020-07-24 00:00:00.000000 ,275.31000000,287.34000000,266.00000000,279.15000000,926033.06692000,256347245.54814900,362608,467152.58946000
2020-07-25 00:00:00.000000 ,279.15000000,308.94000000,279.09000000,305.26000000,1058927.30554000,308799629.36114330,424683,546337.36919000
2020-07-26 00:00:00.000000 ,305.31000000,318.75000000,299.00000000,311.00000000,1270368.75300000,392346895.32267080,486058,629296.22696000
2020-07-27 00:00:00.000000 ,311.02000000,333.31000000,310.78000000,321.93000000,1636122.34727000,527292799.28791380,645395,818454.59042000
2020-07-28 00:00:00.000000 ,321.95000000,326.80000000,305.86000000,316.77000000,1093231.55578000,346187853.27592900,458451,526272.91372000
2020-07-29 00:00:00.000000 ,316.77000000,325.00000000,312.38000000,317.71000000,792802.32148000,254201662.13340940,347597,403407.16614000
2020-07-30 00:00:00.000000 ,317.76000000,342.00000000,314.05000000,334.87000000,1008827.56698000,328286452.51829110,410721,548703.63674000
2020-07-31 00:00:00.000000 ,334.82000000,349.45000000,328.40000000,346.33000000,948088.44982000,323282981.01591960,461788,479449.06541000
2020-08-01 00:00:00.000000 ,346.32000000,392.67000000,343.07000000,387.00000000,1440843.34203000,527543444.86288410,598900,763925.60566000
2020-08-02 00:00:00.000000 ,387.01000000,415.85000000,325.00000000,372.42000000,2324909.09616000,878397036.29751910,960835,1147802.64923000
2020-08-03 00:00:00.000000 ,372.45000000,398.00000000,366.50000000,385.94000000,1191565.09389000,462170587.47850270,534803,594188.68302000
2020-08-04 00:00:00.000000 ,385.91000000,402.98000000,380.77000000,389.61000000,1180792.42379000,461794422.20486850,503335,580630.09812000
2020-08-05 00:00:00.000000 ,389.59000000,407.00000000,384.11000000,400.72000000,1124119.06720000,444335097.14939300,459722,569086.53448000
2020-08-06 00:00:00.000000 ,400.72000000,403.66000000,390.51000000,394.77000000,821379.08397000,325718417.71600690,388529,403029.86304000
2020-08-07 00:00:00.000000 ,394.77000000,398.26000000,362.85000000,379.34000000,1041207.35946000,398625567.06391200,466548,499790.82669000
2020-08-08 00:00:00.000000 ,379.34000000,397.05000000,375.79000000,397.03000000,623029.78053000,240999198.02428520,300577,325760.87681000
2020-08-09 00:00:00.000000 ,397.05000000,400.00000000,383.36000000,390.14000000,594900.58133000,233057462.92739680,319111,294055.13111000
2020-08-10 00:00:00.000000 ,390.14000000,399.18000000,385.13000000,395.44000000,826969.90633000,326372434.89705910,395123,409673.34569000
2020-08-11 00:00:00.000000 ,395.43000000,398.21000000,367.00000000,379.00000000,992412.60230000,381981614.62167230,459623,465088.67076000
2020-08-12 00:00:00.000000 ,378.99000000,389.23000000,365.85000000,387.18000000,751848.79830000,285872467.64409370,349082,378876.83493000
2020-08-13 00:00:00.000000 ,387.18000000,431.49000000,376.59000000,424.54000000,1511330.77320000,604810975.13185700,634978,786249.64387000
2020-08-14 00:00:00.000000 ,424.54000000,444.71000000,417.05000000,438.11000000,1109670.94324000,477180580.06183250,502635,551666.89650000
2020-08-15 00:00:00.000000 ,438.12000000,442.94000000,427.02000000,432.32000000,681698.59710000,296652970.48231940,351377,332354.72985000
2020-08-16 00:00:00.000000 ,432.30000000,436.99000000,412.47000000,433.62000000,716666.25258000,305445885.81667000,371807,345142.26171000
2020-08-17 00:00:00.000000 ,433.61000000,446.00000000,420.37000000,430.89000000,868870.64996000,375038999.50751650,443560,434882.89599000
2020-08-18 00:00:00.000000 ,430.89000000,433.81000000,415.00000000,421.95000000,743254.57018000,316635286.99292170,374074,356765.97549000
2020-08-19 00:00:00.000000 ,421.92000000,426.75000000,393.25000000,407.46000000,978339.69221000,400208683.34672710,455992,457547.57265000
2020-08-20 00:00:00.000000 ,407.46000000,418.98000000,402.07000000,415.94000000,663555.73445000,273292342.19034480,322537,336116.41655000
2020-08-21 00:00:00.000000 ,415.94000000,418.68000000,385.10000000,387.97000000,860998.72560000,347455883.45330630,414222,395087.31195000
2020-08-22 00:00:00.000000 ,387.93000000,397.04000000,379.92000000,395.24000000,643235.76543000,250069873.39723140,305450,315092.64001000
2020-08-23 00:00:00.000000 ,395.23000000,396.95000000,383.15000000,390.71000000,445317.81989000,173799978.03511140,222729,218347.50764000
2020-08-24 00:00:00.000000 ,390.72000000,410.42000000,387.44000000,407.68000000,717403.81877000,287991794.22058410,307676,374389.16218000
2020-08-25 00:00:00.000000 ,407.68000000,409.06000000,370.00000000,382.93000000,970445.38395000,375681480.18694300,411636,463076.75010000
2020-08-26 00:00:00.000000 ,382.91000000,392.91000000,377.37000000,385.81000000,738690.77940000,284504413.09361920,351141,372284.31302000
2020-08-27 00:00:00.000000 ,385.81000000,397.10000000,371.48000000,383.27000000,877763.73658000,336647752.29422450,392116,441967.74994000
2020-08-28 00:00:00.000000 ,383.31000000,398.00000000,379.75000000,395.11000000,732601.46905000,286555001.99418380,311832,376745.79555000
2020-08-29 00:00:00.000000 ,395.10000000,405.69000000,391.88000000,398.65000000,659802.63344000,263787683.02808370,300090,335970.72742000
2020-08-30 00:00:00.000000 ,398.65000000,429.89000000,398.30000000,428.94000000,894979.71788000,370467271.09903470,395838,454113.30749000
2020-08-31 00:00:00.000000 ,428.94000000,439.00000000,418.04000000,433.79000000,1040748.68881000,447866996.18511480,456201,521857.12047000
2020-09-01 00:00:00.000000 ,433.80000000,488.84000000,429.03000000,475.40000000,1751354.57719000,813662129.65048800,763508,869375.35063000
2020-09-02 00:00:00.000000 ,475.40000000,481.39000000,420.00000000,439.50000000,1880642.46853000,844475154.71608050,825133,930825.55373000
2020-09-03 00:00:00.000000 ,439.50000000,450.70000000,372.00000000,381.40000000,2408569.34151000,995567239.00840270,903066,1163309.47153000
2020-09-04 00:00:00.000000 ,381.35000000,400.21000000,357.00000000,385.26000000,1806488.22474000,696658932.11542750,744610,898001.98862000
2020-09-05 00:00:00.000000 ,385.30000000,395.00000000,308.42000000,335.01000000,2777166.51389000,967730464.90551640,1074986,1359142.30847000
2020-09-06 00:00:00.000000 ,335.04000000,360.00000000,316.10000000,352.80000000,2017811.14721000,691925087.39681090,852597,1001126.65908000
2020-09-07 00:00:00.000000 ,352.85000000,358.51000000,323.00000000,353.59000000,1740618.42462000,596754172.70084040,708066,875520.99803000
2020-09-08 00:00:00.000000 ,353.59000000,356.58000000,325.38000000,337.39000000,1400246.82962000,476444912.54463500,554846,683844.91475000
2020-09-09 00:00:00.000000 ,337.41000000,359.00000000,330.51000000,350.85000000,879760.56255000,304910633.80088960,381038,450864.78551000
2020-09-10 00:00:00.000000 ,350.85000000,377.25000000,349.91000000,367.93000000,1134287.61137000,416598205.66604800,512819,564874.99855000
2020-09-11 00:00:00.000000 ,367.93000000,375.27000000,355.49000000,373.63000000,844017.59966000,308822715.13365630,367615,423159.48329000
2020-09-12 00:00:00.000000 ,373.62000000,388.57000000,364.73000000,387.78000000,766542.31635000,287133871.24729080,318774,391980.78732000
2020-09-13 00:00:00.000000 ,387.78000000,390.43000000,350.00000000,366.42000000,989195.69047000,367969518.51348870,430236,471379.94130000
2020-09-14 00:00:00.000000 ,366.43000000,384.64000000,355.73000000,377.12000000,1042059.62265000,387238794.68097150,476828,520997.62714000
2020-09-15 00:00:00.000000 ,377.12000000,382.47000000,362.34000000,364.06000000,883856.33005000,328317009.56834610,405048,425660.93557000
2020-09-16 00:00:00.000000 ,364.05000000,373.45000000,355.00000000,365.11000000,841709.98939000,306622238.07155210,371665,401737.07122000
2020-09-17 00:00:00.000000 ,365.04000000,394.14000000,363.30000000,389.36000000,1256300.41100000,479026710.89661470,505247,649410.54624000
2020-09-18 00:00:00.000000 ,389.35000000,392.58000000,375.33000000,384.39000000,804194.47219000,308748579.81603240,323159,390631.14787000
2020-09-19 00:00:00.000000 ,384.40000000,388.72000000,377.00000000,385.25000000,570908.33553000,218785730.14017850,230924,275383.50997000
2020-09-20 00:00:00.000000 ,385.25000000,385.45000000,365.00000000,371.04000000,693164.40144000,259700927.47821030,275295,339273.53425000
2020-09-21 00:00:00.000000 ,371.04000000,376.80000000,331.00000000,340.36000000,1283946.03098000,452134893.63405810,472560,614255.13337000
2020-09-22 00:00:00.000000 ,340.31000000,346.91000000,335.34000000,344.21000000,842731.12878000,288166815.51503700,286593,406238.87933000
2020-09-23 00:00:00.000000 ,344.18000000,344.65000000,313.29000000,320.72000000,940904.49756000,313808761.09043880,323226,451952.70895000
2020-09-24 00:00:00.000000 ,320.72000000,353.10000000,316.67000000,348.97000000,1071705.09721000,360708689.40437970,371450,541195.93188000
2020-09-25 00:00:00.000000 ,348.97000000,358.00000000,337.58000000,351.92000000,860643.77924000,298266918.80064850,310536,428498.41778000
2020-09-26 00:00:00.000000 ,351.93000000,356.40000000,345.88000000,353.92000000,530879.20755000,186812160.37543690,217834,265973.62355000
2020-09-27 00:00:00.000000 ,353.95000000,362.14000000,347.24000000,357.49000000,569568.55041000,202411362.68323290,230526,278104.49527000
2020-09-28 00:00:00.000000 ,357.58000000,368.20000000,351.70000000,353.96000000,757758.43040000,273063157.78999110,261317,365322.52821000
2020-09-29 00:00:00.000000 ,353.91000000,360.63000000,350.45000000,359.79000000,585143.16892000,208028826.48711650,214988,296028.84893000
2020-09-30 00:00:00.000000 ,359.78000000,361.50000000,351.56000000,359.83000000,498943.23226000,177784824.51781920,173910,258138.87585000
2020-10-01 00:00:00.000000 ,359.83000000,370.45000000,345.51000000,352.85000000,758349.31959000,271468849.79851160,288354,361455.09687000
2020-10-02 00:00:00.000000 ,352.83000000,354.55000000,334.24000000,345.60000000,733571.84211000,251829017.51948020,286023,359044.99342000
2020-10-03 00:00:00.000000 ,345.60000000,351.00000000,343.70000000,345.95000000,303595.71901000,105401893.35734360,136755,157899.99434000
2020-10-04 00:00:00.000000 ,345.94000000,354.45000000,343.81000000,352.37000000,343932.91712000,119961274.70065720,138736,168705.23259000
2020-10-05 00:00:00.000000 ,352.34000000,356.10000000,348.54000000,353.62000000,376740.30692000,132656713.04409390,145787,185554.40142000
2020-10-06 00:00:00.000000 ,353.63000000,355.10000000,336.80000000,340.75000000,640063.26951000,221765553.58680910,240812,311147.69014000
2020-10-07 00:00:00.000000 ,340.80000000,342.85000000,332.18000000,341.58000000,541928.86376000,183873686.39043150,195112,267972.41424000
2020-10-08 00:00:00.000000 ,341.58000000,353.32000000,334.21000000,350.95000000,631794.87560000,217322066.97802380,220053,332296.23857000
2020-10-09 00:00:00.000000 ,350.94000000,368.33000000,347.32000000,365.02000000,650478.19338000,232878561.88521360,241168,347090.04670000
2020-10-10 00:00:00.000000 ,365.01000000,378.40000000,364.71000000,370.52000000,591005.32129000,220607973.01227310,253825,299965.65391000
2020-10-11 00:00:00.000000 ,370.51000000,377.60000000,368.87000000,374.16000000,373318.23779000,139329772.54031670,164475,187969.33051000
2020-10-12 00:00:00.000000 ,374.17000000,394.80000000,365.58000000,386.51000000,844422.65444000,320587055.52979570,309500,427311.17538000
2020-10-13 00:00:00.000000 ,386.51000000,387.75000000,374.51000000,381.04000000,645141.91394000,246276552.00902270,239460,315226.91813000
2020-10-14 00:00:00.000000 ,381.05000000,387.41000000,373.13000000,378.69000000,569557.82936000,216288026.95920860,214375,278390.33609000
2020-10-15 00:00:00.000000 ,378.69000000,381.79000000,369.85000000,377.64000000,634038.09453000,238396852.78392820,228454,308053.83962000
2020-10-16 00:00:00.000000 ,377.63000000,379.83000000,361.18000000,365.50000000,654029.36404000,241127894.70245080,255775,308695.25396000
2020-10-17 00:00:00.000000 ,365.50000000,370.46000000,363.36000000,368.32000000,285578.24537000,104838880.45610340,126045,139908.84552000
2020-10-18 00:00:00.000000 ,368.31000000,378.64000000,367.10000000,378.11000000,323468.47095000,120818450.62118030,133043,166936.80184000
2020-10-19 00:00:00.000000 ,378.12000000,384.32000000,372.50000000,379.30000000,577252.90265000,218372639.95702320,224887,281217.97666000
2020-10-20 00:00:00.000000 ,379.30000000,380.73000000,365.27000000,368.52000000,617309.81677000,229928443.79691000,251051,288156.13039000
2020-10-21 00:00:00.000000 ,368.53000000,401.49000000,367.74000000,390.38000000,1221663.63784000,472488832.71627450,450963,632070.29962000
2020-10-22 00:00:00.000000 ,390.31000000,420.73000000,390.21000000,413.98000000,1095897.20667000,447211002.50125880,412013,560444.09814000
2020-10-23 00:00:00.000000 ,413.94000000,419.33000000,401.30000000,409.11000000,727832.32240000,299943190.93063720,293671,353573.61208000
2020-10-24 00:00:00.000000 ,409.19000000,416.66000000,407.00000000,412.14000000,419236.87106000,172799824.64868200,182680,207090.61075000
2020-10-25 00:00:00.000000 ,412.14000000,417.40000000,402.50000000,405.86000000,415586.97610000,170054743.31874520,177854,192487.98412000
2020-10-26 00:00:00.000000 ,405.85000000,411.11000000,382.30000000,392.52000000,895142.67266000,356208480.58571190,329493,408392.37075000
2020-10-27 00:00:00.000000 ,392.52000000,410.25000000,389.90000000,403.45000000,754261.74114000,302529716.87604170,286241,373015.83846000
2020-10-28 00:00:00.000000 ,403.41000000,409.20000000,380.52000000,388.23000000,855275.46882000,335751199.30374730,348661,407244.62775000
2020-10-29 00:00:00.000000 ,388.22000000,393.72000000,380.52000000,387.13000000,573096.01416000,222669504.87531700,248649,283010.62488000
2020-10-30 00:00:00.000000 ,387.12000000,391.97000000,373.29000000,382.49000000,771750.74746000,294342545.98087450,289735,384404.74738000
2020-10-31 00:00:00.000000 ,382.59000000,394.88000000,379.90000000,386.46000000,467453.81050000,181136851.45374130,218528,238043.31120000
2020-11-01 00:00:00.000000 ,386.44000000,398.29000000,384.61000000,396.67000000,438952.95565000,171238317.70032390,181369,228285.69860000
2020-11-02 00:00:00.000000 ,396.68000000,404.50000000,377.92000000,383.02000000,779968.57957000,304223545.89203440,290370,382924.26079000
2020-11-03 00:00:00.000000 ,383.01000000,390.00000000,370.23000000,387.88000000,752954.37114000,286291773.96848450,280412,366506.41600000
2020-11-04 00:00:00.000000 ,387.88000000,408.39000000,376.47000000,402.49000000,1157064.35076000,454481208.40200980,392310,600951.59602000
2020-11-05 00:00:00.000000 ,402.50000000,420.40000000,396.14000000,416.69000000,1475139.77342000,601591250.40124900,513574,733696.12776000
2020-11-06 00:00:00.000000 ,416.73000000,458.27000000,414.76000000,455.91000000,1682440.96026000,736015135.62721030,666505,883105.68936000
2020-11-07 00:00:00.000000 ,455.91000000,468.28000000,424.14000000,435.21000000,1653416.59610000,743871175.78212340,674858,831369.37192000
2020-11-08 00:00:00.000000 ,435.20000000,460.10000000,431.99000000,454.30000000,840908.46841000,375679148.23503960,354341,424300.36519000
2020-11-09 00:00:00.000000 ,454.29000000,459.10000000,433.09000000,444.32000000,1099213.24641000,491928164.98124340,469947,523180.45111000
2020-11-10 00:00:00.000000 ,444.32000000,455.00000000,438.70000000,450.34000000,866872.41108000,388190148.20789510,384228,437244.02871000
2020-11-11 00:00:00.000000 ,450.34000000,476.25000000,449.28000000,463.09000000,1205782.84262000,559228791.89035090,560360,626267.49881000
2020-11-12 00:00:00.000000 ,463.09000000,470.00000000,451.20000000,462.39000000,990776.62912000,455971309.21685460,411840,471577.98126000
2020-11-13 00:00:00.000000 ,462.48000000,478.01000000,457.12000000,476.43000000,976665.09752000,456232937.20613030,427363,509344.22798000
2020-11-14 00:00:00.000000 ,476.42000000,477.47000000,452.00000000,460.89000000,735252.78540000,340142257.19369760,350772,347000.03929000
2020-11-15 00:00:00.000000 ,460.90000000,462.89000000,440.19000000,448.08000000,665217.56671000,301406126.45931180,311451,307609.56539000
2020-11-16 00:00:00.000000 ,448.07000000,466.00000000,445.45000000,460.55000000,812060.44638000,370889706.69923280,328762,407294.36897000
2020-11-17 00:00:00.000000 ,460.51000000,484.88000000,459.80000000,482.15000000,1151573.37456000,544239665.38175160,464336,591305.56754000
2020-11-18 00:00:00.000000 ,482.11000000,495.31000000,456.60000000,478.41000000,1477696.29116000,706704397.41086890,637641,741745.06753000
2020-11-19 00:00:00.000000 ,478.43000000,480.75000000,464.86000000,471.25000000,817418.52685000,387199111.37944740,404737,389266.26994000
2020-11-20 00:00:00.000000 ,471.26000000,514.40000000,470.65000000,510.12000000,1516361.90736000,756660192.86075660,607663,781483.37009000
2020-11-21 00:00:00.000000 ,510.12000000,553.32000000,502.82000000,552.35000000,1548851.29067000,815402228.52281210,649077,789354.14815000
2020-11-22 00:00:00.000000 ,552.42000000,580.88000000,511.28000000,560.03000000,1850317.93581000,1014064539.08814930,768900,910655.85789000
2020-11-23 00:00:00.000000 ,560.03000000,610.85000000,550.12000000,608.58000000,2076008.84846000,1218150934.31147740,896026,1056711.75846000
2020-11-24 00:00:00.000000 ,608.58000000,623.00000000,585.00000000,604.97000000,1606450.49193000,976376501.31147490,838352,801041.86277000
2020-11-25 00:00:00.000000 ,604.98000000,606.00000000,553.83000000,569.50000000,1219440.02727000,716972340.67452020,657386,576127.36549000
2020-11-26 00:00:00.000000 ,569.38000000,577.14000000,481.00000000,519.83000000,2683460.74171000,1386030255.16807190,1259051,1291907.71331000
2020-11-27 00:00:00.000000 ,519.83000000,530.62000000,493.72000000,518.68000000,1088064.28114000,558985308.90236460,578800,546528.97953000
2020-11-28 00:00:00.000000 ,518.59000000,547.94000000,506.59000000,537.52000000,900508.61431000,475169074.69038870,456028,466164.69930000
2020-11-29 00:00:00.000000 ,537.50000000,576.90000000,530.32000000,576.30000000,855276.46664000,471629262.24329860,454026,440702.88199000
2020-11-30 00:00:00.000000 ,576.32000000,616.85000000,570.07000000,616.66000000,1501989.45408000,895373784.83004420,717837,762000.09958000
2020-12-01 00:00:00.000000 ,616.65000000,635.70000000,560.00000000,585.26000000,2163875.81376000,1300668283.31968030,1018862,1053325.00335000
2020-12-02 00:00:00.000000 ,585.26000000,604.93000000,575.00000000,596.89000000,1069538.65619000,632858653.20502320,604591,532480.45583000
2020-12-03 00:00:00.000000 ,596.88000000,623.44000000,585.82000000,615.85000000,935687.91723000,568024618.94103900,513555,481922.57902000
2020-12-04 00:00:00.000000 ,615.84000000,620.00000000,565.82000000,567.24000000,1052452.78666000,624543865.90086520,556641,488225.14672000
2020-12-05 00:00:00.000000 ,567.24000000,597.11000000,560.88000000,596.80000000,701567.95564000,410382624.74253480,389600,362873.30755000
2020-12-06 00:00:00.000000 ,596.82000000,607.50000000,583.00000000,601.54000000,602496.96339000,359236400.29499330,363661,311000.01314000
2020-12-07 00:00:00.000000 ,601.59000000,603.15000000,584.22000000,591.28000000,498329.37589000,295598087.02799800,347036,236796.14093000
2020-12-08 00:00:00.000000 ,591.27000000,595.00000000,549.22000000,554.94000000,804443.00717000,461781203.16172090,422868,371889.68919000
2020-12-09 00:00:00.000000 ,554.92000000,578.08000000,530.43000000,573.09000000,997192.16738000,555142155.88265270,535975,503291.69076000
2020-12-10 00:00:00.000000 ,573.20000000,575.70000000,548.11000000,558.99000000,608414.51466000,341352126.26706100,376548,301401.59013000
2020-12-11 00:00:00.000000 ,558.99000000,560.80000000,535.50000000,544.43000000,768921.78317000,419607430.44734580,400545,369206.67071000
2020-12-12 00:00:00.000000 ,544.46000000,574.00000000,543.10000000,568.04000000,573913.95311000,320867352.46155610,321104,303037.86143000
2020-12-13 00:00:00.000000 ,568.09000000,595.00000000,563.22000000,590.70000000,657794.46158000,383072560.34673000,359525,326199.32502000
2020-12-14 00:00:00.000000 ,590.81000000,591.48000000,575.60000000,586.29000000,493012.02706000,288110223.95248790,272746,245044.70577000
2020-12-15 00:00:00.000000 ,586.29000000,597.20000000,578.58000000,588.64000000,569270.52011000,334543178.36939210,329161,290602.59003000
2020-12-16 00:00:00.000000 ,588.78000000,640.00000000,580.71000000,637.18000000,1185588.05078000,725009244.40773530,589563,615898.25662000
2020-12-17 00:00:00.000000 ,637.18000000,676.25000000,625.76000000,642.70000000,2006130.01975000,1307445033.12182490,974504,975946.21679000
2020-12-18 00:00:00.000000 ,642.71000000,664.61000000,629.40000000,653.85000000,1000012.98018000,646217791.22968610,554335,496068.24065000
2020-12-19 00:00:00.000000 ,653.76000000,669.95000000,645.42000000,658.03000000,858803.88459000,564029933.25885230,562281,421384.66554000
2020-12-20 00:00:00.000000 ,658.05000000,661.39000000,621.01000000,638.18000000,823958.22843000,533109285.65194770,505181,394908.57533000
2020-12-21 00:00:00.000000 ,638.10000000,648.00000000,595.90000000,607.58000000,843251.16565000,524208673.90862380,521589,408550.63200000
2020-12-22 00:00:00.000000 ,607.68000000,637.73000000,588.00000000,636.45000000,918851.25654000,563872004.63349170,522945,466287.90424000
2020-12-23 00:00:00.000000 ,636.41000000,638.44000000,551.28000000,585.56000000,1208807.36518000,733443630.36561180,733896,564050.80567000
2020-12-24 00:00:00.000000 ,585.48000000,615.02000000,565.43000000,612.31000000,886335.86333000,519843556.98166310,571510,452224.32838000
2020-12-25 00:00:00.000000 ,612.31000000,634.24000000,604.28000000,626.82000000,798009.62915000,494089140.85723270,468979,410025.85332000
2020-12-26 00:00:00.000000 ,626.78000000,652.91000000,615.26000000,637.44000000,958585.50647000,607664782.01089470,541191,484016.30919000
2020-12-27 00:00:00.000000 ,637.44000000,717.13000000,625.00000000,685.11000000,1859968.15029000,1247547956.82394360,1047001,934904.83600000
2020-12-28 00:00:00.000000 ,685.10000000,748.09000000,681.04000000,730.41000000,1627154.39266000,1180438285.48840650,961277,832490.11082000
2020-12-29 00:00:00.000000 ,730.40000000,740.78000000,689.20000000,732.00000000,1106876.35855000,794643540.49012380,820504,543799.46855000
2020-12-30 00:00:00.000000 ,732.00000000,758.74000000,716.62000000,752.17000000,1008574.09906000,743546676.75446260,692405,514590.35901000
2020-12-31 00:00:00.000000 ,752.17000000,755.74000000,722.00000000,736.42000000,863375.57981000,638503822.39406460,623216,431442.91885000
2021-01-01 00:00:00.000000 ,736.42000000,749.00000000,714.29000000,728.91000000,675114.09329000,496072043.77740740,483671,338988.53158000
2021-01-02 00:00:00.000000 ,728.91000000,787.69000000,714.91000000,774.56000000,1352618.57668000,1024472182.61208700,824134,686674.73342000
2021-01-03 00:00:00.000000 ,774.44000000,1011.07000000,768.71000000,978.28000000,2813603.88615000,2522411859.73160970,1636501,1439027.79886000
2021-01-04 00:00:00.000000 ,978.33000000,1162.97000000,890.00000000,1041.43000000,4245010.94004000,4303634203.21959870,2477862,2126337.67210000
2021-01-05 00:00:00.000000 ,1041.45000000,1134.60000000,974.45000000,1099.56000000,2706995.67525000,2857050280.00814230,1960503,1337641.02794000
2021-01-06 00:00:00.000000 ,1100.16000000,1213.00000000,1057.26000000,1208.42000000,2390136.59334000,2725262121.28851310,1600888,1227955.88850000
2021-01-07 00:00:00.000000 ,1208.75000000,1289.00000000,1131.00000000,1224.87000000,1972922.82059000,2406219891.36853430,1402699,974726.97516000
2021-01-08 00:00:00.000000 ,1224.86000000,1273.75000000,1065.00000000,1216.93000000,2131172.92341000,2543427452.58012550,1718817,1042889.10509000
2021-01-09 00:00:00.000000 ,1216.72000000,1304.37000000,1171.36000000,1276.00000000,1448871.11514000,1780137376.41646950,1131871,746369.69680000
2021-01-10 00:00:00.000000 ,1276.00000000,1348.33000000,1170.00000000,1254.25000000,1951179.35003000,2517791852.40776210,1437486,979792.30536000
2021-01-11 00:00:00.000000 ,1254.24000000,1260.00000000,915.00000000,1087.01000000,4099450.90046000,4323564508.69963730,2577496,1981122.01834000
2021-01-12 00:00:00.000000 ,1087.00000000,1150.02000000,1006.33000000,1050.16000000,2302645.34052000,2491067092.51012720,1516625,1149858.00491000
2021-01-13 00:00:00.000000 ,1050.36000000,1137.65000000,987.48000000,1129.89000000,1564202.39081000,1664178969.07380440,1123983,792814.80569000
2021-01-14 00:00:00.000000 ,1129.79000000,1247.55000000,1086.70000000,1231.62000000,1555737.38556000,1825860914.17379550,1255769,794405.96443000
2021-01-15 00:00:00.000000 ,1231.89000000,1256.98000000,1069.42000000,1168.53000000,1944038.83738000,2302781118.95873940,1519266,966118.73281000
2021-01-16 00:00:00.000000 ,1168.48000000,1298.00000000,1151.77000000,1227.83000000,1575384.43797000,1927453174.61179310,1252473,804431.16803000
2021-01-17 00:00:00.000000 ,1227.83000000,1269.02000000,1165.00000000,1232.45000000,1317285.00579000,1606424364.49704180,1121278,665250.50449000
2021-01-18 00:00:00.000000 ,1232.50000000,1260.75000000,1182.58000000,1258.45000000,998050.11073000,1223628040.73726070,940604,499759.24002000
2021-01-19 00:00:00.000000 ,1258.52000000,1438.30000000,1251.49000000,1365.36000000,2278852.55758000,3120980923.93030880,1840481,1158029.40293000
2021-01-20 00:00:00.000000 ,1365.36000000,1407.93000000,1235.42000000,1376.99000000,2219137.62144000,2931656296.46700050,1852253,1103381.08760000
2021-01-21 00:00:00.000000 ,1376.72000000,1390.00000000,1086.00000000,1110.96000000,2310208.57298000,2857288905.57713290,1864620,1114608.89147000
2021-01-22 00:00:00.000000 ,1111.98000000,1273.79000000,1042.31000000,1232.62000000,2020593.21673000,2360267831.31755460,1652010,1036188.85921000
2021-01-23 00:00:00.000000 ,1232.61000000,1272.44000000,1195.90000000,1233.60000000,1009545.08258000,1250575691.76273060,932871,505750.89704000
2021-01-24 00:00:00.000000 ,1233.46000000,1398.83000000,1220.00000000,1392.51000000,1510879.53817000,1996765627.54051920,1313986,790374.50924000
2021-01-25 00:00:00.000000 ,1392.19000000,1475.00000000,1293.69000000,1317.88000000,1885441.31289000,2644267236.89718770,1661512,943347.25829000
2021-01-26 00:00:00.000000 ,1317.60000000,1378.49000000,1244.56000000,1365.97000000,1682923.65799000,2216751668.39271260,1423178,856659.30135000
2021-01-27 00:00:00.000000 ,1366.54000000,1373.90000000,1207.00000000,1239.03000000,2009772.08358000,2554649901.07484460,1737296,997748.24567000
2021-01-28 00:00:00.000000 ,1238.93000000,1360.00000000,1217.23000000,1329.69000000,1365269.71962000,1790490878.19379420,1275024,702526.23919000
2021-01-29 00:00:00.000000 ,1329.44000000,1436.90000000,1285.35000000,1379.50000000,2253963.18682000,3077996801.23176560,1714076,1126572.38403000
2021-01-30 00:00:00.000000 ,1379.56000000,1406.00000000,1326.41000000,1378.05000000,1040042.23630000,1414231402.54388340,1013174,508185.46266000
2021-01-31 00:00:00.000000 ,1378.04000000,1380.74000000,1281.12000000,1312.55000000,958704.85571000,1276842259.97134880,828176,448756.56134000
2021-02-01 00:00:00.000000 ,1312.45000000,1377.99000000,1269.99000000,1374.17000000,1096397.91862000,1449463766.72379510,915584,550007.37258000
2021-02-02 00:00:00.000000 ,1374.09000000,1547.90000000,1360.28000000,1511.87000000,1944227.99878000,2821617332.39978510,1614541,986022.09176000
2021-02-03 00:00:00.000000 ,1511.93000000,1669.35000000,1508.39000000,1664.49000000,1535869.88801000,2418887041.58756150,1384979,793334.97198000
2021-02-04 00:00:00.000000 ,1664.67000000,1695.20000000,1554.44000000,1595.67000000,1646502.32962000,2693099602.27560810,1507993,825236.64834000
2021-02-05 00:00:00.000000 ,1595.53000000,1760.49000000,1591.00000000,1719.19000000,1194123.29946000,2011685911.16688670,1326415,600948.63761000
2021-02-06 00:00:00.000000 ,1718.95000000,1743.67000000,1642.94000000,1676.35000000,1149808.33101000,1940057857.94389820,1152167,565703.52545000
2021-02-07 00:00:00.000000 ,1676.35000000,1693.00000000,1490.46000000,1611.62000000,1281734.86814000,2044371589.02327640,1263737,618789.69751000
2021-02-08 00:00:00.000000 ,1611.46000000,1775.57000000,1563.89000000,1750.15000000,1339777.09536000,2255426926.01997780,1372788,677614.29512000
2021-02-09 00:00:00.000000 ,1749.68000000,1821.88000000,1708.49000000,1769.13000000,1185071.89593000,2080818891.69890500,1173421,593423.36868000
2021-02-10 00:00:00.000000 ,1769.14000000,1837.86000000,1680.00000000,1740.78000000,1219932.25474000,2149076144.40765770,1279140,605462.91818000
2021-02-11 00:00:00.000000 ,1740.76000000,1819.00000000,1703.44000000,1785.62000000,735079.82699000,1301681871.56326880,935602,367056.14118000
2021-02-12 00:00:00.000000 ,1785.83000000,1864.88000000,1739.88000000,1840.26000000,909600.20653000,1635426867.77409270,996495,460779.83709000
2021-02-13 00:00:00.000000 ,1840.24000000,1871.72000000,1765.00000000,1814.96000000,767589.07285000,1395594093.28399760,853189,372008.25141000
2021-02-14 00:00:00.000000 ,1815.25000000,1850.00000000,1784.11000000,1800.42000000,675261.77873000,1230043295.03428380,714827,334005.33344000
2021-02-15 00:00:00.000000 ,1800.03000000,1835.72000000,1655.67000000,1779.25000000,1053474.57879000,1860338371.89740780,1086589,511771.37271000
2021-02-16 00:00:00.000000 ,1779.33000000,1827.28000000,1724.00000000,1781.99000000,817493.47513000,1455884891.92438010,826125,389395.78700000
2021-02-17 00:00:00.000000 ,1781.99000000,1855.00000000,1733.01000000,1849.88000000,795711.63311000,1437546812.97183170,862461,412387.45021000
2021-02-18 00:00:00.000000 ,1849.70000000,1950.50000000,1849.69000000,1939.61000000,937227.10191000,1787383532.10237610,1053661,493607.02549000
2021-02-19 00:00:00.000000 ,1938.91000000,1972.82000000,1891.00000000,1955.00000000,793404.41150000,1533991632.12954610,988320,388954.85277000
2021-02-20 00:00:00.000000 ,1955.46000000,2042.34000000,1803.14000000,1913.00000000,1261315.81279000,2493836246.48714560,1329067,624716.42408000
2021-02-21 00:00:00.000000 ,1912.90000000,1976.31000000,1883.01000000,1933.53000000,756568.19743000,1467970937.28507250,895138,386132.26661000
2021-02-22 00:00:00.000000 ,1933.54000000,1936.29000000,1551.00000000,1777.58000000,1807244.98099000,3200483176.97958480,1799926,854014.62953000
2021-02-23 00:00:00.000000 ,1777.42000000,1782.39000000,1355.00000000,1577.89000000,2547837.82068000,3931407907.53427650,2396626,1231889.46331000
2021-02-24 00:00:00.000000 ,1577.79000000,1712.70000000,1500.20000000,1623.39000000,1384388.81727000,2261264845.46507440,1319936,705887.81504000
2021-02-25 00:00:00.000000 ,1623.16000000,1671.59000000,1459.16000000,1481.75000000,1032670.79409000,1650582276.87186390,1110019,501173.65129000
2021-02-26 00:00:00.000000 ,1482.08000000,1562.25000000,1400.00000000,1444.59000000,1355973.29378000,2004016547.11119290,1298739,662906.93964000
2021-02-27 00:00:00.000000 ,1444.56000000,1529.00000000,1425.00000000,1458.13000000,927423.04750000,1375946816.33254320,954919,452205.99129000
2021-02-28 00:00:00.000000 ,1458.27000000,1468.75000000,1293.18000000,1419.18000000,1410207.56284000,1929140046.64625870,1190546,704060.34406000
2021-03-01 00:00:00.000000 ,1418.67000000,1572.00000000,1409.91000000,1569.86000000,1094695.17839000,1642627276.31055880,989006,568597.04493000
2021-03-02 00:00:00.000000 ,1570.00000000,1602.90000000,1455.52000000,1486.78000000,1061142.38743000,1627312282.62352900,966176,508683.55658000
2021-03-03 00:00:00.000000 ,1486.79000000,1656.94000000,1475.47000000,1567.69000000,1054846.31471000,1676300215.04583230,1237215,534919.19161000
2021-03-04 00:00:00.000000 ,1567.68000000,1624.87000000,1506.36000000,1539.23000000,946365.67088000,1476463517.98648710,1125118,468540.00465000
2021-03-05 00:00:00.000000 ,1539.22000000,1548.96000000,1441.66000000,1528.31000000,910786.28976000,1355798089.27269910,1000913,451258.01245000
2021-03-06 00:00:00.000000 ,1528.08000000,1671.58000000,1513.03000000,1650.35000000,1013300.93928000,1611851701.82401670,1188531,536167.18087000
2021-03-07 00:00:00.000000 ,1650.68000000,1734.16000000,1630.35000000,1726.16000000,848470.78136000,1414988218.19354000,1166072,432388.65922000
2021-03-08 00:00:00.000000 ,1726.46000000,1843.59000000,1664.96000000,1833.18000000,1149711.39987000,1995142128.64813450,1407402,602217.91071000
2021-03-09 00:00:00.000000 ,1833.22000000,1870.77000000,1798.20000000,1870.51000000,857229.47855000,1570286249.45090050,1196670,414078.09328000
2021-03-10 00:00:00.000000 ,1870.50000000,1877.69000000,1757.00000000,1795.12000000,937230.62831000,1706230875.26766380,1098051,451348.33020000
2021-03-11 00:00:00.000000 ,1795.28000000,1846.70000000,1725.00000000,1825.78000000,909011.49610000,1627027458.08879630,1023958,443744.99114000
2021-03-12 00:00:00.000000 ,1825.78000000,1841.88000000,1719.72000000,1766.10000000,869564.63610000,1542873062.42010170,1126153,426161.77880000
2021-03-13 00:00:00.000000 ,1766.13000000,1944.30000000,1727.75000000,1922.35000000,926283.22642000,1718553131.96147330,1265904,471925.04818000
2021-03-14 00:00:00.000000 ,1922.35000000,1933.10000000,1836.00000000,1848.10000000,637963.63627000,1200354205.60335700,963564,301776.22952000
2021-03-15 00:00:00.000000 ,1848.10000000,1891.76000000,1730.00000000,1793.48000000,1025326.79658000,1842608872.76306020,1496415,511041.33812000
2021-03-16 00:00:00.000000 ,1793.99000000,1819.50000000,1711.68000000,1805.12000000,764993.40147000,1360127229.78991600,987906,388327.71998000
2021-03-17 00:00:00.000000 ,1805.01000000,1838.88000000,1741.18000000,1823.58000000,658349.44843000,1177718486.96461370,872416,337373.92544000
2021-03-18 00:00:00.000000 ,1823.58000000,1850.00000000,1759.04000000,1776.08000000,603721.61056000,1092346826.55369030,783517,284617.82364000
2021-03-19 00:00:00.000000 ,1775.92000000,1840.61000000,1733.47000000,1809.10000000,500258.42875000,901801564.20232610,703977,250974.49054000
2021-03-20 00:00:00.000000 ,1809.01000000,1868.83000000,1800.86000000,1806.10000000,451556.10639000,828404987.65277420,743672,230001.04734000
2021-03-21 00:00:00.000000 ,1806.57000000,1817.16000000,1747.00000000,1782.98000000,465953.98749000,830951276.51307660,748800,227170.16353000
2021-03-22 00:00:00.000000 ,1783.23000000,1807.51000000,1655.15000000,1680.97000000,582727.49081000,1019780398.78218940,879976,284682.99701000
2021-03-23 00:00:00.000000 ,1681.17000000,1721.17000000,1650.00000000,1668.08000000,577213.99589000,975522491.06404260,654415,286791.61839000
2021-03-24 00:00:00.000000 ,1668.20000000,1740.86000000,1536.92000000,1581.84000000,753834.52393000,1251031751.15638120,994542,360806.99166000
2021-03-25 00:00:00.000000 ,1581.88000000,1622.00000000,1549.40000000,1585.74000000,701697.00258000,1115502879.62915160,778215,357916.02537000
2021-03-26 00:00:00.000000 ,1585.83000000,1699.93000000,1585.79000000,1698.84000000,515470.92907000,844707873.91477140,650812,265021.09760000
2021-03-27 00:00:00.000000 ,1698.84000000,1732.67000000,1666.41000000,1712.63000000,443845.49957000,753555521.64465620,516929,223163.53000000
2021-03-28 00:00:00.000000 ,1712.52000000,1725.66000000,1661.40000000,1687.01000000,348895.51314000,592836644.59933920,512231,169502.24442000
2021-03-29 00:00:00.000000 ,1687.16000000,1841.00000000,1677.85000000,1816.74000000,647724.46387000,1148231088.81158730,846836,342048.84150000
2021-03-30 00:00:00.000000 ,1816.76000000,1859.13000000,1786.30000000,1840.46000000,568842.00526000,1039262033.38675560,856093,283746.67403000
2021-03-31 00:00:00.000000 ,1840.41000000,1947.29000000,1768.15000000,1919.37000000,746995.85910000,1387448329.86186770,1040362,377271.88679000
2021-04-01 00:00:00.000000 ,1919.37000000,1984.77000000,1885.02000000,1968.05000000,741585.07266000,1438751530.78722940,994836,371883.72089000
2021-04-02 00:00:00.000000 ,1968.05000000,2146.00000000,1948.48000000,2133.69000000,846197.93215000,1719752062.51672840,1218698,436010.09375000
2021-04-03 00:00:00.000000 ,2133.69000000,2138.12000000,1996.30000000,2008.52000000,770176.32192000,1601516390.59711510,1107620,363187.43008000
2021-04-04 00:00:00.000000 ,2008.59000000,2091.83000000,1975.24000000,2075.69000000,514345.76554000,1050448906.44240220,818926,263875.56295000
2021-04-05 00:00:00.000000 ,2075.70000000,2130.64000000,2002.15000000,2107.38000000,684923.61494000,1419084945.81378910,947978,343642.59997000
2021-04-06 00:00:00.000000 ,2107.43000000,2151.00000000,2044.65000000,2112.21000000,673386.05575000,1420490813.03905580,1106761,332812.25752000
2021-04-07 00:00:00.000000 ,2112.22000000,2129.01000000,1930.01000000,1963.47000000,892984.90422000,1798606574.05355710,1229155,437902.88352000
2021-04-08 00:00:00.000000 ,1963.46000000,2084.61000000,1947.35000000,2080.46000000,501355.99800000,1015796231.01188220,911403,250910.57734000
2021-04-09 00:00:00.000000 ,2080.39000000,2100.00000000,2047.57000000,2066.87000000,426387.43790000,885134116.02290660,645172,205375.78451000
2021-04-10 00:00:00.000000 ,2067.19000000,2200.00000000,2058.00000000,2133.49000000,655458.20894000,1405364881.85831330,1175161,330628.54391000
2021-04-11 00:00:00.000000 ,2133.49000000,2165.02000000,2113.40000000,2151.36000000,392265.50773000,839653140.94059150,830771,197850.92141000
2021-04-12 00:00:00.000000 ,2151.42000000,2203.46000000,2102.00000000,2137.69000000,579093.35694000,1244982956.77003100,914567,286715.00745000
2021-04-13 00:00:00.000000 ,2137.86000000,2318.00000000,2135.53000000,2299.19000000,782608.62090000,1745821661.49661390,1288668,399098.20720000
2021-04-14 00:00:00.000000 ,2299.19000000,2447.29000000,2281.33000000,2432.60000000,972931.60866000,2294753430.62740700,1554097,495400.50190000
2021-04-15 00:00:00.000000 ,2432.59000000,2543.47000000,2400.00000000,2514.04000000,681950.96645000,1680063463.60112070,1462768,355972.40197000
2021-04-16 00:00:00.000000 ,2514.04000000,2548.29000000,2300.00000000,2422.67000000,999163.75205000,2418566593.04737460,1679215,486268.80792000
2021-04-17 00:00:00.000000 ,2422.38000000,2495.00000000,2310.00000000,2317.60000000,624232.25568000,1504895144.91223430,1242299,306700.14929000
2021-04-18 00:00:00.000000 ,2317.65000000,2340.00000000,1946.80000000,2235.64000000,1475383.69204000,3190809322.51046110,2113566,722180.39492000
2021-04-19 00:00:00.000000 ,2235.65000000,2300.00000000,2080.00000000,2161.12000000,820592.26555000,1800575928.10749440,1411498,405251.54082000
2021-04-20 00:00:00.000000 ,2161.12000000,2346.62000000,2055.00000000,2330.03000000,992240.80900000,2181209665.22593570,1478664,500443.49263000
2021-04-21 00:00:00.000000 ,2330.26000000,2469.54000000,2235.16000000,2357.06000000,1177885.86170000,2771995884.03614840,1905822,587138.28906000
2021-04-22 00:00:00.000000 ,2357.06000000,2644.47000000,2303.44000000,2397.94000000,2220753.09746000,5508778905.78141780,3110597,1124195.46709000
2021-04-23 00:00:00.000000 ,2397.94000000,2442.89000000,2107.00000000,2367.39000000,2532242.44185000,5719925451.74555810,2790382,1244539.89520000
2021-04-24 00:00:00.000000 ,2367.39000000,2368.74000000,2154.80000000,2213.35000000,997688.94623000,2246912953.27178130,1275474,494456.79061000
2021-04-25 00:00:00.000000 ,2214.08000000,2356.64000000,2168.00000000,2320.49000000,857517.38218000,1948978895.46515520,1307545,431554.84567000
2021-04-26 00:00:00.000000 ,2320.44000000,2542.80000000,2303.64000000,2532.60000000,1076469.01367000,2652330344.66202370,1852607,547426.15132000
2021-04-27 00:00:00.000000 ,2532.06000000,2680.00000000,2480.29000000,2666.13000000,771728.46451000,1995139023.61483670,1255607,404885.92295000
2021-04-28 00:00:00.000000 ,2666.13000000,2760.00000000,2559.44000000,2748.24000000,999383.18520000,2673547154.20087140,1587100,497704.72280000
2021-04-29 00:00:00.000000 ,2748.23000000,2798.00000000,2668.00000000,2757.04000000,863890.01069000,2366133509.25480070,1379738,428965.61199000
2021-04-30 00:00:00.000000 ,2757.04000000,2798.30000000,2723.09000000,2772.42000000,695339.20482000,1917297701.09952250,1382521,348038.76271000
2021-05-01 00:00:00.000000 ,2772.42000000,2954.28000000,2743.41000000,2944.77000000,690260.07741000,1979833188.06520470,1437394,363427.72753000
2021-05-02 00:00:00.000000 ,2944.83000000,2985.00000000,2852.26000000,2949.56000000,571982.54450000,1672310882.24470070,1132280,294479.86893000
2021-05-03 00:00:00.000000 ,2949.33000000,3454.00000000,2949.32000000,3431.04000000,1329088.06280000,4243786480.41515130,2502746,689402.61551000
2021-05-04 00:00:00.000000 ,3431.04000000,3527.00000000,3160.00000000,3239.01000000,1826039.38558000,6103102520.70946180,3634236,913493.51765000
2021-05-05 00:00:00.000000 ,3239.01000000,3549.34000000,3200.23000000,3524.26000000,1174816.73588000,3955994776.90115780,2224441,581159.24143000
2021-05-06 00:00:00.000000 ,3524.33000000,3605.40000000,3376.47000000,3489.73000000,920592.57706000,3213427394.77726540,1703109,457348.26339000
2021-05-07 00:00:00.000000 ,3489.74000000,3587.00000000,3353.23000000,3479.53000000,760544.64781000,2641740668.46964650,1382532,373468.63998000
2021-05-08 00:00:00.000000 ,3479.79000000,3958.33000000,3449.27000000,3910.26000000,1130467.54852000,4170897763.92239390,2146967,576465.81586000
2021-05-09 00:00:00.000000 ,3910.26000000,3983.65000000,3726.08000000,3923.95000000,1000401.00820000,3885039042.66370740,2289303,501191.98456000
2021-05-10 00:00:00.000000 ,3923.95000000,4208.00000000,3650.00000000,3945.88000000,1505897.92612000,6079977785.41138740,3033133,745235.17136000
2021-05-11 00:00:00.000000 ,3946.63000000,4180.22000000,3771.64000000,4173.45000000,1095927.10403000,4350260231.58878710,2290977,546195.67057000
2021-05-12 00:00:00.000000 ,4173.46000000,4372.72000000,3701.58000000,3823.21000000,1601842.74017000,6673102683.97424080,3188941,781569.68782000
2021-05-13 00:00:00.000000 ,3810.15000000,4034.77000000,3500.00000000,3717.91000000,2068708.17427000,7846531159.41968720,3943562,1019129.41961000
2021-05-14 00:00:00.000000 ,3717.92000000,4173.28000000,3691.35000000,4075.01000000,1153390.42631000,4569415542.24788800,2227244,589306.03131000
2021-05-15 00:00:00.000000 ,4075.02000000,4134.05000000,3632.00000000,3646.68000000,1039174.88082000,4030586492.96493760,2055345,498020.66776000
2021-05-16 00:00:00.000000 ,3646.24000000,3879.00000000,3343.06000000,3582.10000000,1324065.65875000,4788918304.49799650,2532983,633005.25035000
2021-05-17 00:00:00.000000 ,3581.81000000,3587.06000000,3102.00000000,3282.51000000,1904012.43998000,6401071580.73482600,2885352,933732.36068000
2021-05-18 00:00:00.000000 ,3282.25000000,3565.71000000,3240.00000000,3375.07000000,1287110.84143000,4392873871.82242700,2143887,648040.21083000
2021-05-19 00:00:00.000000 ,3375.08000000,3441.73000000,1888.00000000,2438.92000000,4309836.31939000,11641524166.98745910,5548968,2090952.35775000
2021-05-20 00:00:00.000000 ,2438.92000000,2990.05000000,2155.00000000,2768.62000000,2942777.93010000,7750201898.66744090,4243052,1465674.26337000
2021-05-21 00:00:00.000000 ,2767.87000000,2938.54000000,2101.00000000,2430.98000000,2727031.93514000,6898701128.84112870,3676164,1340165.22786000
2021-05-22 00:00:00.000000 ,2430.98000000,2485.00000000,2145.00000000,2294.87000000,1684318.01157000,3934313840.47072720,2484734,822180.46988000
2021-05-23 00:00:00.000000 ,2295.45000000,2381.57000000,1728.74000000,2096.39000000,2914548.73125000,5907260139.54496040,3761018,1410830.44221000
2021-05-24 00:00:00.000000 ,2096.63000000,2675.00000000,2079.94000000,2648.43000000,2186632.92245000,5180244966.72123050,3299296,1103328.42714000
2021-05-25 00:00:00.000000 ,2647.92000000,2750.00000000,2378.54000000,2705.11000000,2115349.50445000,5442737549.40125950,2976859,1050034.53412000
2021-05-26 00:00:00.000000 ,2705.10000000,2910.00000000,2643.00000000,2884.94000000,1583799.59251000,4416389128.58148030,2726537,786524.11588000
2021-05-27 00:00:00.000000 ,2884.82000000,2889.74000000,2633.68000000,2742.23000000,1099029.91206000,3033719144.34021290,1732113,540641.23243000
2021-05-28 00:00:00.000000 ,2742.23000000,2762.45000000,2327.38000000,2412.10000000,1554584.61362000,3934662309.04442250,2184249,763125.86389000
2021-05-29 00:00:00.000000 ,2412.34000000,2574.27000000,2204.10000000,2278.74000000,1379427.18851000,3288804154.83187110,1887733,681047.48538000
2021-05-30 00:00:00.000000 ,2278.74000000,2476.42000000,2180.53000000,2385.98000000,1151113.19883000,2726606138.63171710,1519005,577190.77662000
2021-05-31 00:00:00.000000 ,2385.82000000,2720.00000000,2271.44000000,2706.15000000,1307958.04068000,3277131772.13407020,1849177,661801.72603000
2021-06-01 00:00:00.000000 ,2706.15000000,2740.00000000,2523.74000000,2634.57000000,1179577.10806000,3081355010.95345160,1790186,575201.66943000
2021-06-02 00:00:00.000000 ,2634.31000000,2802.99000000,2550.00000000,2706.22000000,970070.53563000,2616566301.62878750,1349232,481481.72170000
2021-06-03 00:00:00.000000 ,2706.21000000,2891.95000000,2662.40000000,2857.25000000,1024290.89423000,2874856613.49024370,1620340,500895.12021000
2021-06-04 00:00:00.000000 ,2857.25000000,2860.00000000,2552.00000000,2689.51000000,1188314.11191000,3175186750.49087600,1775946,580744.67311000
2021-06-05 00:00:00.000000 ,2689.54000000,2816.87000000,2552.23000000,2627.73000000,961824.12413000,2575726370.43085890,1670498,485392.70366000
2021-06-06 00:00:00.000000 ,2627.63000000,2745.00000000,2614.00000000,2711.92000000,673792.69369000,1814112037.53351020,1336460,330313.64976000
2021-06-07 00:00:00.000000 ,2711.92000000,2847.55000000,2570.00000000,2592.05000000,1152128.07856000,3149245176.91126330,1926275,577620.94623000
2021-06-08 00:00:00.000000 ,2592.05000000,2620.99000000,2304.91000000,2507.23000000,1693747.42759000,4201646662.88173420,2128256,825822.24736000
2021-06-09 00:00:00.000000 ,2507.43000000,2626.63000000,2405.28000000,2610.18000000,1276718.24011000,3223323188.07037870,1763686,628336.14933000
2021-06-10 00:00:00.000000 ,2610.20000000,2624.46000000,2425.11000000,2471.09000000,741237.49926000,1874571746.43544430,978237,363431.81896000
2021-06-11 00:00:00.000000 ,2471.01000000,2497.99000000,2321.37000000,2354.01000000,587364.27358000,1424975261.80772060,885172,283123.21039000
2021-06-12 00:00:00.000000 ,2354.09000000,2454.53000000,2256.22000000,2370.74000000,767439.49840000,1807036943.99862450,1127302,387478.69595000
2021-06-13 00:00:00.000000 ,2370.64000000,2548.41000000,2308.41000000,2509.33000000,715948.75986000,1724097564.33430690,1217504,362663.11262000
2021-06-14 00:00:00.000000 ,2509.33000000,2609.17000000,2461.00000000,2580.77000000,684183.55622000,1730260219.13381020,1118498,344642.00777000
2021-06-15 00:00:00.000000 ,2580.58000000,2640.00000000,2507.70000000,2543.54000000,599826.64933000,1548303436.06276510,1044834,296745.76720000
2021-06-16 00:00:00.000000 ,2543.55000000,2556.19000000,2351.18000000,2367.89000000,624741.78358000,1533734359.41300690,896073,284039.92262000
2021-06-17 00:00:00.000000 ,2368.02000000,2460.50000000,2306.00000000,2373.28000000,560667.58566000,1338389545.00148260,961448,270180.83506000
2021-06-18 00:00:00.000000 ,2373.28000000,2378.00000000,2139.00000000,2234.09000000,778905.20197000,1758827532.88334170,1067542,371196.26583000
2021-06-19 00:00:00.000000 ,2234.09000000,2278.82000000,2161.67000000,2164.67000000,496872.24997000,1104923869.41859910,763820,247263.46485000
2021-06-20 00:00:00.000000 ,2165.34000000,2280.01000000,2040.68000000,2243.47000000,743883.64741000,1599009750.52690320,1035537,372014.61158000
2021-06-21 00:00:00.000000 ,2243.49000000,2260.16000000,1865.54000000,1885.49000000,1629819.66576000,3252129521.67750420,2014010,790387.70091000
2021-06-22 00:00:00.000000 ,1885.27000000,1998.00000000,1700.48000000,1879.28000000,1695338.08052000,3158928001.13114460,1856357,836934.44825000
2021-06-23 00:00:00.000000 ,1879.29000000,2045.00000000,1821.95000000,1968.14000000,918612.30494000,1817518228.91007080,1141790,462271.19818000
2021-06-24 00:00:00.000000 ,1967.95000000,2036.61000000,1884.79000000,1989.52000000,701231.67478000,1377799766.49945500,833337,344155.41659000
2021-06-25 00:00:00.000000 ,1989.53000000,2019.99000000,1791.22000000,1808.82000000,858808.54767000,1612556879.10728130,1041338,408120.68053000
2021-06-26 00:00:00.000000 ,1808.97000000,1852.80000000,1717.32000000,1829.64000000,832315.14904000,1478550576.56464500,923226,407180.66965000
2021-06-27 00:00:00.000000 ,1829.84000000,1984.50000000,1804.26000000,1982.28000000,696055.79307000,1299521992.07179920,1091206,354611.53419000
2021-06-28 00:00:00.000000 ,1982.27000000,2145.00000000,1960.52000000,2084.41000000,1044244.68308000,2138998047.87762790,1657087,541464.02542000
2021-06-29 00:00:00.000000 ,2084.42000000,2245.00000000,2073.57000000,2165.33000000,831257.23277000,1804733069.98298930,1536044,421410.27571000
2021-06-30 00:00:00.000000 ,2165.46000000,2287.78000000,2087.99000000,2275.68000000,910583.60320000,1973676680.87312690,1464112,455834.94051000
2021-07-01 00:00:00.000000 ,2275.68000000,2275.93000000,2073.12000000,2106.41000000,787865.25137000,1688043308.12725720,1414518,384175.37542000
2021-07-02 00:00:00.000000 ,2106.41000000,2160.00000000,2018.50000000,2154.13000000,672282.37476000,1397269246.26645640,862561,337006.28168000
2021-07-03 00:00:00.000000 ,2153.95000000,2240.00000000,2112.01000000,2226.99000000,569264.80100000,1248888441.25315360,922576,295114.62138000
2021-07-04 00:00:00.000000 ,2226.99000000,2389.93000000,2189.58000000,2322.69000000,590656.25069000,1365904900.34990690,1204553,301461.36172000
2021-07-05 00:00:00.000000 ,2322.69000000,2324.64000000,2157.32000000,2196.53000000,781806.31605000,1753862827.37910470,1264204,376068.64852000
2021-07-06 00:00:00.000000 ,2196.85000000,2350.00000000,2193.00000000,2322.50000000,785330.17152000,1803108194.46840940,1326163,394638.45053000
2021-07-07 00:00:00.000000 ,2322.51000000,2409.00000000,2291.90000000,2316.57000000,666501.35572000,1570553094.63757130,1113578,341514.34243000
2021-07-08 00:00:00.000000 ,2316.25000000,2325.60000000,2084.79000000,2116.33000000,880265.04124000,1926184139.30984800,1234614,430334.02257000
2021-07-09 00:00:00.000000 ,2116.32000000,2189.40000000,2046.51000000,2146.99000000,738611.36304000,1568646237.31099510,867603,376374.92640000
2021-07-10 00:00:00.000000 ,2146.99000000,2194.82000000,2074.16000000,2110.69000000,499071.85904000,1058023794.51142400,646476,244207.37542000
2021-07-11 00:00:00.000000 ,2110.68000000,2174.00000000,2081.02000000,2140.45000000,342294.40302000,727911535.26899800,479138,175830.75143000
2021-07-12 00:00:00.000000 ,2140.54000000,2167.83000000,2006.68000000,2031.58000000,540630.10742000,1126108847.37136920,725803,259649.61299000
2021-07-13 00:00:00.000000 ,2031.57000000,2047.35000000,1918.00000000,1940.15000000,647388.24969000,1287490852.46149500,902810,316356.56219000
2021-07-14 00:00:00.000000 ,1940.44000000,2019.18000000,1865.00000000,1994.58000000,690505.60937000,1342931974.34964650,936438,340257.85670000
2021-07-15 00:00:00.000000 ,1994.41000000,2042.88000000,1881.00000000,1919.51000000,645271.32563000,1251834409.94177210,865033,327273.48478000
2021-07-16 00:00:00.000000 ,1919.54000000,1965.00000000,1850.00000000,1876.26000000,577068.89724000,1097832472.32213350,721120,281955.46534000
2021-07-17 00:00:00.000000 ,1876.47000000,1919.19000000,1844.45000000,1899.59000000,430300.51578000,810628641.25790230,576008,216291.07537000
2021-07-18 00:00:00.000000 ,1899.50000000,1993.79000000,1877.10000000,1891.64000000,534837.63654000,1038104997.52201780,768528,265665.55659000
2021-07-19 00:00:00.000000 ,1891.65000000,1919.00000000,1805.00000000,1818.73000000,547419.93771000,1011627398.92388260,641063,251885.98865000
2021-07-20 00:00:00.000000 ,1818.73000000,1841.34000000,1706.00000000,1786.03000000,786257.27200000,1386498470.34016670,943640,361612.01276000
2021-07-21 00:00:00.000000 ,1786.03000000,2035.23000000,1747.55000000,1995.50000000,1115949.82033000,2138345813.78544520,1304423,572242.67732000
2021-07-22 00:00:00.000000 ,1995.50000000,2046.00000000,1947.62000000,2024.56000000,768854.36590000,1536669128.52045190,1074800,380631.63083000
2021-07-23 00:00:00.000000 ,2024.27000000,2130.90000000,1993.22000000,2124.25000000,708160.91322000,1455496732.05165370,1035643,369453.14045000
2021-07-24 00:00:00.000000 ,2124.26000000,2199.50000000,2105.58000000,2184.75000000,633075.18592000,1360667031.98300710,1056670,325598.83875000
2021-07-25 00:00:00.000000 ,2184.90000000,2197.41000000,2105.93000000,2189.79000000,535630.27000000,1154562327.65394490,941623,264032.01071000
2021-07-26 00:00:00.000000 ,2189.82000000,2433.65000000,2171.57000000,2228.08000000,1393738.16300000,3222622416.25672450,2252910,700749.72547000
2021-07-27 00:00:00.000000 ,2227.81000000,2319.26000000,2150.50000000,2299.49000000,906359.23478000,2025582065.41379440,1502763,453060.98840000
2021-07-28 00:00:00.000000 ,2299.47000000,2345.00000000,2243.15000000,2300.90000000,718202.57727000,1649860557.29344960,1287050,354056.40824000
2021-07-29 00:00:00.000000 ,2300.90000000,2400.00000000,2266.12000000,2382.92000000,499364.83496000,1157988358.94629320,1036449,256551.90722000
2021-07-30 00:00:00.000000 ,2382.93000000,2471.70000000,2315.92000000,2461.81000000,762577.28797000,1824191451.55863100,1428312,392130.06114000
2021-07-31 00:00:00.000000 ,2461.77000000,2553.86000000,2420.68000000,2531.05000000,507601.05026000,1253810139.13837080,1007386,260698.67822000
2021-08-01 00:00:00.000000 ,2531.10000000,2697.61000000,2511.24000000,2555.69000000,853495.94078000,2217485596.77845390,1810440,424598.26467000
2021-08-02 00:00:00.000000 ,2555.50000000,2666.00000000,2507.00000000,2606.93000000,726701.84952000,1887684672.47104930,1596914,349146.53842000
2021-08-03 00:00:00.000000 ,2606.92000000,2632.44000000,2442.32000000,2509.04000000,792960.84375000,1986976146.00415050,1701919,379722.87711000
2021-08-04 00:00:00.000000 ,2508.51000000,2772.71000000,2457.68000000,2724.78000000,954590.75360000,2498364633.89465500,1839302,487804.51345000
2021-08-05 00:00:00.000000 ,2724.55000000,2843.98000000,2529.91000000,2826.99000000,1307720.20654000,3553456266.77196980,2690052,667954.44340000
2021-08-06 00:00:00.000000 ,2827.01000000,2946.75000000,2720.06000000,2891.58000000,825399.48637000,2334160884.12592920,1873337,414224.32756000
2021-08-07 00:00:00.000000 ,2891.54000000,3171.00000000,2865.50000000,3160.31000000,1205277.10095000,3673732670.31735410,2318608,626027.34275000
2021-08-08 00:00:00.000000 ,3160.48000000,3189.99000000,2949.03000000,3011.85000000,966349.70579000,2979960615.13002620,1771162,483981.14361000
2021-08-09 00:00:00.000000 ,3011.84000000,3186.00000000,2893.23000000,3160.52000000,1129584.61614000,3453771928.06033580,2114151,561464.36607000
2021-08-10 00:00:00.000000 ,3160.51000000,3233.00000000,3051.22000000,3141.66000000,880675.74443000,2763516346.66778850,1824522,446954.52251000
2021-08-11 00:00:00.000000 ,3141.14000000,3274.00000000,3120.27000000,3160.50000000,732546.60433000,2351996141.79722030,1786853,363763.55938000
2021-08-12 00:00:00.000000 ,3160.40000000,3239.00000000,2979.29000000,3045.96000000,737628.45808000,2283938414.77176200,1587719,349848.69183000
2021-08-13 00:00:00.000000 ,3046.11000000,3327.83000000,3033.80000000,3322.32000000,579333.40323000,1867199038.70777630,1311322,302432.48843000
2021-08-14 00:00:00.000000 ,3322.33000000,3330.98000000,3200.00000000,3263.16000000,486102.53787000,1587713825.68617880,1014420,237085.55544000
2021-08-15 00:00:00.000000 ,3263.16000000,3320.00000000,3111.13000000,3307.09000000,565579.67765000,1813755247.62538600,1224556,278202.49839000
2021-08-16 00:00:00.000000 ,3307.35000000,3335.00000000,3135.22000000,3146.53000000,635667.05422000,2062860388.39544930,1940766,299737.20397000
2021-08-17 00:00:00.000000 ,3147.18000000,3290.00000000,2991.89000000,3011.72000000,804996.06971000,2535149204.53759840,1644472,374586.04818000
2021-08-18 00:00:00.000000 ,3011.73000000,3125.81000000,2950.00000000,3014.55000000,625103.25568000,1902429362.96362430,1093813,312124.66699000
2021-08-19 00:00:00.000000 ,3014.18000000,3188.00000000,2958.33000000,3184.12000000,634769.92174000,1931520693.61039600,1297759,323213.07804000
2021-08-20 00:00:00.000000 ,3184.11000000,3300.00000000,3177.16000000,3284.82000000,558127.45540000,1809283029.21790640,1137843,279786.28754000
2021-08-21 00:00:00.000000 ,3284.81000000,3309.16000000,3207.00000000,3223.43000000,421156.09084000,1375973641.16316310,777622,211442.30870000
2021-08-22 00:00:00.000000 ,3223.36000000,3272.00000000,3126.42000000,3238.00000000,406479.07654000,1304347038.57135730,803263,200170.96021000
2021-08-23 00:00:00.000000 ,3238.00000000,3377.89000000,3230.02000000,3321.28000000,602103.44614000,2000534992.14834860,1520784,307844.29088000
2021-08-24 00:00:00.000000 ,3321.28000000,3357.85000000,3147.31000000,3170.62000000,540480.07853000,1758604481.59984730,984324,255974.71494000
2021-08-25 00:00:00.000000 ,3170.63000000,3248.00000000,3080.00000000,3226.87000000,483697.69444000,1534476278.25319960,1031704,237587.76403000
2021-08-26 00:00:00.000000 ,3226.88000000,3250.00000000,3053.30000000,3093.20000000,442298.47372000,1382397989.45047040,959232,210645.91040000
2021-08-27 00:00:00.000000 ,3093.06000000,3280.00000000,3060.18000000,3273.45000000,451027.80711000,1434311977.24525590,802187,231317.47040000
2021-08-28 00:00:00.000000 ,3273.89000000,3287.00000000,3210.31000000,3244.48000000,262360.34921000,850631439.05327950,539377,128912.53425000
2021-08-29 00:00:00.000000 ,3244.75000000,3285.00000000,3152.34000000,3223.47000000,335806.78270000,1078681950.90208700,661232,168361.75310000
2021-08-30 00:00:00.000000 ,3223.47000000,3347.95000000,3143.00000000,3229.64000000,625347.27541000,2027490192.49738710,1228525,317195.90286000
2021-08-31 00:00:00.000000 ,3229.14000000,3476.00000000,3188.77000000,3429.20000000,863071.13092000,2895209449.70776520,1772849,431197.75023000
2021-09-01 00:00:00.000000 ,3429.19000000,3842.00000000,3382.22000000,3826.82000000,845759.95868000,3038498667.85423990,2022132,445083.48573000
2021-09-02 00:00:00.000000 ,3826.82000000,3836.80000000,3717.04000000,3785.82000000,525165.79960000,1981758437.08575600,1402190,255406.36110000
2021-09-03 00:00:00.000000 ,3785.82000000,4027.88000000,3705.05000000,3938.11000000,655903.75739000,2557662974.33001620,1678132,334965.95109000
2021-09-04 00:00:00.000000 ,3938.11000000,3970.00000000,3832.50000000,3885.52000000,364478.11930000,1422981232.23371200,996623,176186.70340000
2021-09-05 00:00:00.000000 ,3885.61000000,3980.00000000,3830.00000000,3950.29000000,365759.85970000,1432553302.47684100,1083584,187163.42260000
2021-09-06 00:00:00.000000 ,3950.28000000,3970.00000000,3864.30000000,3926.77000000,397768.57830000,1562560096.37577000,865160,199177.05470000
2021-09-07 00:00:00.000000 ,3926.67000000,3947.15000000,3005.00000000,3434.57000000,1203536.00209000,4298119218.28275360,2359100,567117.08258000
2021-09-08 00:00:00.000000 ,3434.84000000,3560.00000000,3215.16000000,3499.00000000,780611.76570000,2665272033.98010800,1783652,385803.02140000
2021-09-09 00:00:00.000000 ,3499.01000000,3567.06000000,3390.40000000,3424.93000000,628553.88310000,2194182935.33863800,1147283,313804.09190000
2021-09-10 00:00:00.000000 ,3424.94000000,3514.11000000,3150.00000000,3208.86000000,633026.26590000,2107283581.30531000,1128069,312620.07730000
2021-09-11 00:00:00.000000 ,3208.85000000,3348.37000000,3200.00000000,3267.21000000,413524.17610000,1355587141.45379300,833958,207506.73780000
2021-09-12 00:00:00.000000 ,3267.10000000,3474.16000000,3231.10000000,3404.21000000,408858.95950000,1379322044.69763100,1089138,203397.62820000
2021-09-13 00:00:00.000000 ,3404.30000000,3430.30000000,3108.49000000,3285.35000000,647855.71990000,2103663103.06774800,1363198,311994.07200000
2021-09-14 00:00:00.000000 ,3285.09000000,3437.05000000,3269.95000000,3434.37000000,373634.90260000,1249733657.13210300,894664,187175.39870000
2021-09-15 00:00:00.000000 ,3434.37000000,3616.16000000,3357.78000000,3613.55000000,428507.52780000,1486156273.79187500,977023,216020.26160000
2021-09-16 00:00:00.000000 ,3613.55000000,3676.28000000,3481.14000000,3567.98000000,467985.49190000,1680487713.22446500,1081868,231345.77300000
2021-09-17 00:00:00.000000 ,3567.97000000,3594.17000000,3350.07000000,3399.81000000,398888.37050000,1383268101.51788600,867583,195646.99930000
2021-09-18 00:00:00.000000 ,3399.89000000,3541.96000000,3368.88000000,3435.64000000,315162.76270000,1090387917.42968900,692204,154824.56140000
2021-09-19 00:00:00.000000 ,3435.64000000,3456.53000000,3277.74000000,3328.62000000,312948.00130000,1052980779.84908000,687285,151230.70960000
2021-09-20 00:00:00.000000 ,3328.57000000,3347.82000000,2913.39000000,2977.28000000,917939.57849000,2834781758.89261510,1708278,438137.50219000
2021-09-21 00:00:00.000000 ,2977.32000000,3105.83000000,2652.00000000,2765.90000000,971519.88941000,2827179157.43496560,1754962,468088.16275000
2021-09-22 00:00:00.000000 ,2766.72000000,3088.88000000,2737.54000000,3076.92000000,677457.64825000,1993084668.61438400,1200519,356419.52515000
2021-09-23 00:00:00.000000 ,3076.92000000,3174.50000000,3033.85000000,3152.50000000,459293.88580000,1428616217.71812100,885568,230448.39950000
2021-09-24 00:00:00.000000 ,3152.41000000,3158.52000000,2733.00000000,2928.53000000,932090.88560000,2715718192.37097600,1607374,447178.16070000
2021-09-25 00:00:00.000000 ,2928.22000000,2967.52000000,2801.57000000,2921.73000000,491974.02260000,1428143403.47811100,934301,245314.60920000
2021-09-26 00:00:00.000000 ,2921.84000000,3115.51000000,2738.17000000,3059.37000000,703594.47800000,2062409598.89487600,1347301,346152.90530000
2021-09-27 00:00:00.000000 ,3059.36000000,3164.94000000,2922.71000000,2925.59000000,510130.73190000,1564096695.37296700,1043885,249913.29030000
2021-09-28 00:00:00.000000 ,2924.76000000,2970.82000000,2789.00000000,2804.91000000,511325.46430000,1477983245.66970200,928494,250476.15270000
2021-09-29 00:00:00.000000 ,2805.15000000,2950.00000000,2782.00000000,2850.45000000,411305.08930000,1180681056.16231400,748804,207837.60360000
2021-09-30 00:00:00.000000 ,2850.45000000,3048.42000000,2837.19000000,3000.61000000,506896.76120000,1514341937.30711600,992243,255146.89260000
2021-10-01 00:00:00.000000 ,3000.62000000,3330.00000000,2969.07000000,3309.91000000,648714.61510000,2063112280.66779100,1446386,336578.17690000
2021-10-02 00:00:00.000000 ,3309.91000000,3469.00000000,3257.00000000,3387.76000000,422551.18110000,1417055615.81663700,1046194,215469.09750000
2021-10-03 00:00:00.000000 ,3387.77000000,3488.00000000,3342.51000000,3417.73000000,360586.89050000,1231536168.31536300,816339,183173.92820000
2021-10-04 00:00:00.000000 ,3417.73000000,3437.19000000,3270.00000000,3386.31000000,485204.64200000,1631562261.55497600,1090407,234726.45740000
2021-10-05 00:00:00.000000 ,3386.31000000,3545.00000000,3363.78000000,3515.27000000,393900.88180000,1355905889.61094700,1025512,198949.77870000
2021-10-06 00:00:00.000000 ,3515.48000000,3632.11000000,3342.00000000,3574.89000000,618265.54020000,2172519696.56298500,1444856,309931.14560000
2021-10-07 00:00:00.000000 ,3574.88000000,3653.98000000,3470.80000000,3587.47000000,486102.35910000,1736906584.27609000,1252503,243095.03090000
2021-10-08 00:00:00.000000 ,3587.47000000,3695.00000000,3532.00000000,3563.13000000,403597.14370000,1455713871.28828300,1084792,199496.51730000
2021-10-09 00:00:00.000000 ,3563.13000000,3635.00000000,3538.07000000,3574.82000000,361906.75140000,1299757023.49916300,1175683,181998.68950000
2021-10-10 00:00:00.000000 ,3574.83000000,3604.00000000,3405.00000000,3414.22000000,580223.63020000,2049128230.34425900,1765439,283364.09360000
2021-10-11 00:00:00.000000 ,3414.22000000,3623.80000000,3371.00000000,3542.12000000,493521.88200000,1743391083.65880800,1110340,241854.81720000
2021-10-12 00:00:00.000000 ,3542.12000000,3547.11000000,3403.21000000,3491.46000000,409377.19180000,1425455761.40661800,925699,201641.41480000
2021-10-13 00:00:00.000000 ,3491.43000000,3613.00000000,3412.70000000,3607.42000000,393463.12220000,1376610269.51640800,902525,201681.71820000
2021-10-14 00:00:00.000000 ,3607.41000000,3824.00000000,3586.04000000,3790.82000000,481894.14730000,1792792932.94418900,1430307,251733.91050000
2021-10-15 00:00:00.000000 ,3790.82000000,3907.77000000,3734.10000000,3868.99000000,504321.73200000,1924965953.85849900,1399937,254168.49350000
2021-10-16 00:00:00.000000 ,3868.38000000,3971.00000000,3803.56000000,3829.96000000,373727.85490000,1452752901.39764800,1037769,187096.11220000
2021-10-17 00:00:00.000000 ,3829.96000000,3919.19000000,3640.00000000,3846.85000000,368898.98310000,1406207658.84076800,1025324,178427.94210000
2021-10-18 00:00:00.000000 ,3847.00000000,3893.14000000,3676.00000000,3744.96000000,401819.97340000,1520728621.31032800,994548,195898.47270000
2021-10-19 00:00:00.000000 ,3744.96000000,3886.89000000,3732.00000000,3877.03000000,341268.37230000,1300066269.93314200,925015,174324.56080000
2021-10-20 00:00:00.000000 ,3876.98000000,4169.00000000,3828.05000000,4161.15000000,537383.09732000,2149449047.36731050,1766454,279381.99444000
2021-10-21 00:00:00.000000 ,4161.37000000,4375.00000000,4013.13000000,4052.99000000,798566.55805000,3335123440.99821210,2380751,404846.97680000
2021-10-22 00:00:00.000000 ,4053.00000000,4167.41000000,3888.00000000,3972.20000000,463222.54280000,1872218697.85109700,1133846,222124.19170000
2021-10-23 00:00:00.000000 ,3972.19000000,4172.00000000,3937.51000000,4167.12000000,326576.96010000,1323345505.75751700,940891,168280.07490000
2021-10-24 00:00:00.000000 ,4167.13000000,4186.57000000,3961.50000000,4082.33000000,350115.83860000,1421627004.33480300,917969,173779.21200000
2021-10-25 00:00:00.000000 ,4082.33000000,4236.00000000,4067.71000000,4220.37000000,347438.65340000,1445430078.54488000,939963,173328.53060000
2021-10-26 00:00:00.000000 ,4220.36000000,4297.00000000,4090.21000000,4131.52000000,414498.15990000,1739912498.46991500,1285913,205853.06890000
2021-10-27 00:00:00.000000 ,4131.52000000,4307.00000000,3909.00000000,3922.00000000,704604.25000000,2874313313.39805800,1872190,342946.25220000
2021-10-28 00:00:00.000000 ,3921.99000000,4295.00000000,3890.17000000,4286.02000000,626378.50550000,2587268364.26143900,1711575,331721.67970000
2021-10-29 00:00:00.000000 ,4286.01000000,4460.47000000,4265.97000000,4418.89000000,559231.07691000,2440933126.04865530,1799386,299827.57771000
2021-10-30 00:00:00.000000 ,4418.89000000,4434.06000000,4232.20000000,4322.68000000,340223.06900000,1469664811.93683500,1035476,164985.54250000
2021-10-31 00:00:00.000000 ,4322.68000000,4399.14000000,4164.35000000,4287.21000000,412856.28930000,1764886607.68762400,1303438,207029.19300000
2021-11-01 00:00:00.000000 ,4287.48000000,4386.58000000,4146.30000000,4319.43000000,417620.70730000,1794319887.30236000,1134036,208433.93650000
2021-11-02 00:00:00.000000 ,4319.43000000,4599.60000000,4284.43000000,4589.89000000,468184.79301000,2083371519.80682720,1657233,245450.71120000
2021-11-03 00:00:00.000000 ,4589.68000000,4665.87000000,4455.00000000,4603.35000000,448658.35125000,2051737308.01262490,1580640,221693.79026000
2021-11-04 00:00:00.000000 ,4603.35000000,4606.65000000,4420.08000000,4532.32000000,368218.25695000,1663942873.79303600,1019675,180789.48190000
2021-11-05 00:00:00.000000 ,4532.31000000,4570.05000000,4438.80000000,4474.24000000,305651.72440000,1375503505.22794700,893068,152155.85650000
2021-11-06 00:00:00.000000 ,4474.24000000,4530.00000000,4326.17000000,4518.00000000,322154.09730000,1429791261.31952400,868676,162175.62780000
2021-11-07 00:00:00.000000 ,4518.00000000,4637.98000000,4502.37000000,4612.59000000,243596.59520000,1115635571.36518000,834745,124167.19250000
2021-11-08 00:00:00.000000 ,4612.59000000,4822.97000000,4612.00000000,4807.98000000,391102.31806000,1850800839.69285740,1344244,202324.49531000
2021-11-09 00:00:00.000000 ,4807.98000000,4838.28000000,4713.89000000,4732.33000000,311267.57998000,1489567265.66969130,995668,147968.47588000
2021-11-10 00:00:00.000000 ,4732.33000000,4868.00000000,4461.93000000,4628.78000000,553596.99163000,2600175501.16048870,1492374,270065.18221000
2021-11-11 00:00:00.000000 ,4628.68000000,4779.00000000,4576.47000000,4719.00000000,303688.97650000,1425610198.74241700,909164,157894.35770000
2021-11-12 00:00:00.000000 ,4719.00000000,4809.71000000,4507.85000000,4665.46000000,461580.04150000,2146130116.87176700,1206412,233963.11590000
2021-11-13 00:00:00.000000 ,4665.47000000,4707.60000000,4584.08000000,4644.28000000,220720.66110000,1026142451.54625200,731125,118424.28400000
2021-11-14 00:00:00.000000 ,4644.27000000,4696.05000000,4514.12000000,4626.50000000,245309.06740000,1126786539.40577800,623491,122672.40610000
2021-11-15 00:00:00.000000 ,4626.50000000,4772.01000000,4540.00000000,4563.78000000,375421.66010000,1752738875.79192100,1061676,193844.86310000
2021-11-16 00:00:00.000000 ,4563.77000000,4563.77000000,4103.00000000,4209.76000000,735857.06300000,3163788841.06602100,1741259,354749.49630000
2021-11-17 00:00:00.000000 ,4209.59000000,4299.91000000,4063.48000000,4287.80000000,472852.18420000,1980248927.71123100,1146593,230168.38630000
2021-11-18 00:00:00.000000 ,4288.07000000,4344.81000000,3956.44000000,3996.90000000,576945.18370000,2387588164.85010800,1319866,271503.55730000
2021-11-19 00:00:00.000000 ,3996.90000000,4308.97000000,3973.01000000,4294.76000000,420045.08970000,1740904041.28399800,984517,220791.40060000
2021-11-20 00:00:00.000000 ,4294.75000000,4435.88000000,4199.86000000,4412.17000000,365584.57800000,1577172914.21607600,888090,184875.76260000
2021-11-21 00:00:00.000000 ,4412.17000000,4451.00000000,4242.41000000,4258.31000000,340206.32030000,1479842945.95039700,836925,163875.62460000
2021-11-22 00:00:00.000000 ,4259.70000000,4320.00000000,4022.74000000,4085.97000000,518501.33380000,2167112891.86573300,1162581,252693.22060000
2021-11-23 00:00:00.000000 ,4086.28000000,4385.59000000,4059.62000000,4339.44000000,502811.79020000,2125825553.22232300,1098270,257182.25770000
2021-11-24 00:00:00.000000 ,4339.45000000,4373.94000000,4167.65000000,4269.36000000,448727.03060000,1913428104.73721400,990018,224088.23620000
2021-11-25 00:00:00.000000 ,4270.10000000,4550.00000000,4248.27000000,4524.85000000,445868.24340000,1962939107.44774500,1123629,231824.31930000
2021-11-26 00:00:00.000000 ,4524.48000000,4551.00000000,3913.00000000,4041.20000000,720245.16120000,2994490664.02184400,1654553,348872.86610000
2021-11-27 00:00:00.000000 ,4041.20000000,4183.66000000,4028.34000000,4095.29000000,275326.52020000,1133169071.35039000,723831,136157.34820000
2021-11-28 00:00:00.000000 ,4095.29000000,4298.51000000,3964.00000000,4294.78000000,346471.35510000,1421535999.75207900,842343,174386.81870000
2021-11-29 00:00:00.000000 ,4294.77000000,4458.92000000,4276.89000000,4444.53000000,406881.22840000,1772611136.39245400,947503,197615.36690000
2021-11-30 00:00:00.000000 ,4444.54000000,4753.00000000,4346.36000000,4630.26000000,743024.46620000,3391424543.47238300,1808789,382798.46480000
2021-12-01 00:00:00.000000 ,4630.25000000,4778.75000000,4523.99000000,4582.95000000,508198.31050000,2382156066.73727200,1367302,246310.78780000
2021-12-02 00:00:00.000000 ,4582.95000000,4634.83000000,4433.00000000,4511.21000000,451861.95450000,2047468326.80265700,1062149,226209.18630000
2021-12-03 00:00:00.000000 ,4511.35000000,4654.88000000,4032.50000000,4215.73000000,677974.86590000,2972156867.63741200,1516700,333149.37960000
2021-12-04 00:00:00.000000 ,4215.01000000,4238.59000000,3503.68000000,4117.25000000,1111773.14510000,4370074804.51323100,2264288,530635.04640000
2021-12-05 00:00:00.000000 ,4117.25000000,4248.19000000,4031.39000000,4196.44000000,536325.44130000,2224220852.27919700,1088546,267574.18670000
2021-12-06 00:00:00.000000 ,4196.44000000,4376.15000000,3921.00000000,4347.59000000,726742.96380000,2991267298.82173000,1447061,359456.36730000
2021-12-07 00:00:00.000000 ,4347.57000000,4425.00000000,4255.92000000,4306.40000000,420749.75100000,1830621575.42694400,986492,209138.13490000
2021-12-08 00:00:00.000000 ,4306.40000000,4450.49000000,4222.95000000,4436.91000000,429403.93510000,1868281437.56538800,991178,218029.74870000
2021-12-09 00:00:00.000000 ,4436.91000000,4488.00000000,4076.16000000,4105.64000000,462173.71100000,1970732612.69448700,1038790,220095.15640000
2021-12-10 00:00:00.000000 ,4105.64000000,4231.08000000,3887.37000000,3897.94000000,563236.56710000,2287155262.15631300,1098758,275875.29480000
2021-12-11 00:00:00.000000 ,3898.31000000,4097.08000000,3828.22000000,4089.37000000,427853.43430000,1711893271.97486100,831899,219400.09650000
2021-12-12 00:00:00.000000 ,4089.68000000,4173.63000000,3986.25000000,4130.00000000,260535.51570000,1061361793.04127200,591319,132750.98300000
2021-12-13 00:00:00.000000 ,4130.00000000,4142.75000000,3671.45000000,3781.93000000,533467.23070000,2068534029.55110500,1144882,254674.95840000
2021-12-14 00:00:00.000000 ,3781.92000000,3882.74000000,3685.00000000,3858.99000000,395145.74620000,1499985094.81369200,915721,201941.92710000
2021-12-15 00:00:00.000000 ,3858.99000000,4092.22000000,3643.73000000,4019.08000000,542068.05730000,2102151850.11458500,1238234,279106.54900000
2021-12-16 00:00:00.000000 ,4019.54000000,4113.43000000,3942.11000000,3958.11000000,368780.03100000,1489983161.88879600,848885,183514.68270000
2021-12-17 00:00:00.000000 ,3959.11000000,3994.10000000,3700.00000000,3875.42000000,463370.92250000,1789265513.24297500,1052871,229084.73180000
2021-12-18 00:00:00.000000 ,3875.43000000,3996.93000000,3767.01000000,3959.93000000,339593.25430000,1326617546.27658800,740899,169241.78770000
2021-12-19 00:00:00.000000 ,3959.93000000,4032.43000000,3884.00000000,3924.14000000,306006.32300000,1208752533.59506500,688078,155815.06050000
2021-12-20 00:00:00.000000 ,3924.14000000,3983.37000000,3753.00000000,3944.73000000,366916.47710000,1416566980.69100100,844070,174604.91080000
2021-12-21 00:00:00.000000 ,3944.72000000,4063.00000000,3913.21000000,4014.15000000,340826.35530000,1364232642.48810800,799127,166855.95990000
2021-12-22 00:00:00.000000 ,4014.41000000,4074.87000000,3933.40000000,3979.51000000,303191.80760000,1215914916.52593700,675826,145269.31360000
2021-12-23 00:00:00.000000 ,3979.51000000,4150.00000000,3893.23000000,4111.41000000,380207.81660000,1525274496.50604700,911905,194409.23590000
2021-12-24 00:00:00.000000 ,4111.41000000,4134.84000000,4017.17000000,4046.36000000,230833.16610000,943702137.85492300,593513,108806.89750000
2021-12-25 00:00:00.000000 ,4046.35000000,4137.91000000,4018.62000000,4094.83000000,208126.88050000,846912042.12908200,515115,100652.69260000
2021-12-26 00:00:00.000000 ,4094.36000000,4105.00000000,4000.00000000,4063.56000000,189309.25500000,767315615.26886600,496076,88120.23950000
2021-12-27 00:00:00.000000 ,4063.57000000,4127.46000000,4031.00000000,4037.23000000,222225.37610000,905682624.77677600,557367,105491.26560000
2021-12-28 00:00:00.000000 ,4037.22000000,4037.23000000,3759.36000000,3792.75000000,358064.71630000,1393962041.50167800,846780,163464.61810000
2021-12-29 00:00:00.000000 ,3792.75000000,3827.78000000,3604.20000000,3630.19000000,302753.63750000,1136202240.43121300,719559,138893.58860000
2021-12-30 00:00:00.000000 ,3630.18000000,3769.10000000,3585.00000000,3709.27000000,249263.73050000,921537785.38688100,583361,125440.99110000
2021-12-31 00:00:00.000000 ,3709.27000000,3815.00000000,3622.29000000,3676.23000000,268014.29420000,1001765030.13814100,617370,131438.17710000
2022-01-01 00:00:00.000000 ,3676.22000000,3776.45000000,3673.46000000,3765.54000000,154143.89680000,574718328.45274400,408666,76937.97980000
2022-01-02 00:00:00.000000 ,3765.54000000,3857.44000000,3717.30000000,3828.27000000,154791.42630000,585374957.73046000,450610,81170.50530000
2022-01-03 00:00:00.000000 ,3828.11000000,3853.09000000,3680.00000000,3765.89000000,236245.85860000,892944105.55299400,594541,114525.62990000
2022-01-04 00:00:00.000000 ,3765.89000000,3900.73000000,3713.11000000,3785.11000000,288258.55490000,1098182607.92572600,676651,147451.42850000
2022-01-05 00:00:00.000000 ,3785.10000000,3848.00000000,3415.00000000,3540.63000000,397942.03630000,1464819255.09351100,962670,183641.11340000
2022-01-06 00:00:00.000000 ,3539.82000000,3550.43000000,3300.00000000,3406.81000000,496745.74130000,1698727637.36502600,1006279,250536.48280000
2022-01-07 00:00:00.000000 ,3406.81000000,3416.76000000,3064.42000000,3199.24000000,669631.72620000,2149562773.32925700,1307591,329420.13210000
2022-01-08 00:00:00.000000 ,3198.68000000,3250.00000000,3000.00000000,3080.95000000,400692.10610000,1252795163.48626900,814600,192818.05440000
2022-01-09 00:00:00.000000 ,3080.98000000,3211.72000000,3057.35000000,3151.97000000,275874.16430000,864505480.88173800,591523,140931.03840000
2022-01-10 00:00:00.000000 ,3151.97000000,3185.00000000,2928.83000000,3082.68000000,529818.38660000,1616550523.09720100,935157,259668.24160000
2022-01-11 00:00:00.000000 ,3082.87000000,3263.54000000,3051.80000000,3239.72000000,362446.70870000,1145852583.62298000,668961,184190.57790000
2022-01-12 00:00:00.000000 ,3239.73000000,3411.43000000,3206.20000000,3371.26000000,370465.80150000,1226038697.47290200,737196,193929.25700000
2022-01-13 00:00:00.000000 ,3371.60000000,3410.00000000,3233.43000000,3240.61000000,336234.87990000,1116293607.68792400,666486,160295.73880000
2022-01-14 00:00:00.000000 ,3240.61000000,3342.79000000,3188.00000000,3307.42000000,285326.35050000,931347172.76288100,572125,138986.64420000
2022-01-15 00:00:00.000000 ,3307.42000000,3371.64000000,3261.00000000,3326.04000000,203100.37780000,675484534.65694900,444485,97533.11760000
2022-01-16 00:00:00.000000 ,3326.51000000,3393.60000000,3269.62000000,3346.88000000,210782.22770000,701885138.83374000,495317,105304.53980000
2022-01-17 00:00:00.000000 ,3346.89000000,3357.57000000,3141.10000000,3209.67000000,284063.65480000,922568646.92376300,646419,138706.97600000
2022-01-18 00:00:00.000000 ,3209.68000000,3243.87000000,3082.00000000,3159.85000000,299134.27280000,943140782.38992400,579484,147919.80850000
2022-01-19 00:00:00.000000 ,3159.85000000,3174.87000000,3000.00000000,3084.02000000,332996.57030000,1035249881.47359300,647383,166361.98900000
2022-01-20 00:00:00.000000 ,3084.02000000,3273.37000000,2987.15000000,3001.48000000,357596.70620000,1124982397.81013400,718946,178166.99190000
2022-01-21 00:00:00.000000 ,3001.48000000,3034.12000000,2403.00000000,2568.15000000,1022021.70024000,2828122722.88316470,1723216,492708.32186000
2022-01-22 00:00:00.000000 ,2567.47000000,2626.00000000,2300.00000000,2412.18000000,1081357.54893000,2652383041.99918560,1994513,527287.46361000
2022-01-23 00:00:00.000000 ,2412.18000000,2556.78000000,2370.80000000,2539.01000000,580497.76130000,1431696375.61506600,1053655,300885.43100000
2022-01-24 00:00:00.000000 ,2539.00000000,2539.75000000,2159.00000000,2439.29000000,1123134.70389000,2592832133.20020060,1848889,556098.73488000
2022-01-25 00:00:00.000000 ,2439.56000000,2506.55000000,2348.96000000,2458.83000000,510152.95400000,1237051148.43090000,946366,261026.42880000
2022-01-26 00:00:00.000000 ,2459.04000000,2722.00000000,2402.03000000,2462.99000000,806441.62289000,2058599145.34197230,1384921,405477.92029000
2022-01-27 00:00:00.000000 ,2463.00000000,2521.00000000,2316.43000000,2424.25000000,599481.71590000,1448742950.45855600,1029204,308517.35700000
2022-01-28 00:00:00.000000 ,2424.02000000,2558.98000000,2357.88000000,2544.99000000,485149.80650000,1183543182.40824400,884305,243890.02150000
2022-01-29 00:00:00.000000 ,2544.99000000,2636.66000000,2520.01000000,2601.43000000,376666.82460000,966725225.78299500,656017,196742.39660000
2022-01-30 00:00:00.000000 ,2601.43000000,2640.00000000,2542.50000000,2601.68000000,290770.08590000,755039834.56512100,564478,147074.18890000
2022-01-31 00:00:00.000000 ,2601.67000000,2706.77000000,2476.07000000,2686.94000000,444584.85100000,1154488527.57942900,814997,226655.55320000
2022-02-01 00:00:00.000000 ,2686.94000000,2813.00000000,2673.52000000,2787.23000000,390034.27362000,1075341490.80335900,790343,199367.04362000
2022-02-02 00:00:00.000000 ,2787.48000000,2810.88000000,2612.72000000,2680.67000000,447852.12280000,1215958780.12261400,819863,225815.12340000
2022-02-03 00:00:00.000000 ,2680.25000000,2726.64000000,2576.05000000,2695.46000000,405043.39310000,1068724165.62182300,726013,207767.13680000
2022-02-04 00:00:00.000000 ,2695.21000000,2995.00000000,2671.40000000,2994.99000000,664002.93280000,1889746043.71504900,1235215,338287.35350000
2022-02-05 00:00:00.000000 ,2994.99000000,3060.47000000,2958.01000000,3012.65000000,356803.30710000,1073972573.34867300,730502,184328.56850000
2022-02-06 00:00:00.000000 ,3012.64000000,3074.56000000,2950.21000000,3054.99000000,249394.59660000,749957614.96860900,522276,125512.02740000
2022-02-07 00:00:00.000000 ,3055.00000000,3186.00000000,2991.80000000,3139.77000000,455070.25290000,1410603197.75688200,898923,236657.10490000
2022-02-08 00:00:00.000000 ,3139.77000000,3232.87000000,3025.21000000,3116.69000000,514773.58370000,1602652876.88149500,910882,258325.72810000
2022-02-09 00:00:00.000000 ,3116.69000000,3269.70000000,3055.00000000,3243.94000000,370267.89130000,1171445663.96422200,738015,200069.27190000
2022-02-10 00:00:00.000000 ,3243.60000000,3283.66000000,3056.74000000,3072.49000000,578212.83830000,1839815885.63563900,1039160,294389.95080000
2022-02-11 00:00:00.000000 ,3072.36000000,3138.62000000,2879.00000000,2927.54000000,462025.87510000,1404238408.51784200,912879,225347.51910000
2022-02-12 00:00:00.000000 ,2927.54000000,2985.98000000,2858.30000000,2918.88000000,336250.31310000,981432045.70335400,608416,165039.91860000
2022-02-13 00:00:00.000000 ,2918.58000000,2954.40000000,2836.70000000,2871.13000000,242751.35470000,705260941.48303700,444540,120559.55780000
2022-02-14 00:00:00.000000 ,2871.14000000,2964.97000000,2829.01000000,2929.75000000,381778.23800000,1107566192.88965800,607853,194221.87810000
2022-02-15 00:00:00.000000 ,2929.75000000,3196.19000000,2912.06000000,3183.52000000,448971.75400000,1381094746.21081100,795924,237944.87240000
2022-02-16 00:00:00.000000 ,3183.53000000,3186.77000000,3044.03000000,3122.30000000,319997.62440000,999219896.16878700,633447,155323.14930000
2022-02-17 00:00:00.000000 ,3122.31000000,3160.00000000,2851.55000000,2891.87000000,488693.26240000,1467352492.88789700,840552,233828.04280000
2022-02-18 00:00:00.000000 ,2891.88000000,2943.97000000,2750.00000000,2779.48000000,502977.40690000,1428246802.95318600,742459,249635.46510000
2022-02-19 00:00:00.000000 ,2779.30000000,2830.96000000,2694.45000000,2763.63000000,293838.00250000,812399991.55453000,474447,141892.30220000
2022-02-20 00:00:00.000000 ,2763.63000000,2764.64000000,2576.00000000,2621.99000000,386384.90400000,1023095361.85772400,615990,179982.38540000
2022-02-21 00:00:00.000000 ,2621.99000000,2759.51000000,2558.00000000,2568.02000000,761838.98580000,2030019705.14723700,1116485,375450.93580000
2022-02-22 00:00:00.000000 ,2568.03000000,2665.74000000,2500.00000000,2636.29000000,692639.49420000,1787436157.60826700,1047915,350929.30360000
2022-02-23 00:00:00.000000 ,2636.28000000,2753.55000000,2575.83000000,2579.71000000,504470.14120000,1347740672.08534400,839481,248657.17450000
2022-02-24 00:00:00.000000 ,2579.70000000,2740.00000000,2300.00000000,2596.20000000,1395732.77530000,3417715584.18702500,1774038,707050.41890000
2022-02-25 00:00:00.000000 ,2596.26000000,2834.97000000,2571.72000000,2768.49000000,679394.17620000,1818778014.60361100,1102014,360732.96760000
2022-02-26 00:00:00.000000 ,2768.05000000,2878.00000000,2727.50000000,2779.47000000,418485.25290000,1169315477.80950000,781683,216251.69420000
2022-02-27 00:00:00.000000 ,2779.47000000,2836.33000000,2557.98000000,2616.79000000,650198.77850000,1757950720.80378100,1149184,318022.38750000
2022-02-28 00:00:00.000000 ,2616.79000000,2951.60000000,2568.62000000,2920.95000000,733794.44880000,2004492152.83827400,1203874,382192.18650000
2022-03-01 00:00:00.000000 ,2920.83000000,3037.94000000,2854.09000000,2976.33000000,673901.69760000,1983738648.09162700,1237486,336703.76360000
2022-03-02 00:00:00.000000 ,2976.33000000,3043.91000000,2914.21000000,2947.30000000,614623.74610000,1828572588.46125600,1050193,307323.43190000
2022-03-03 00:00:00.000000 ,2947.31000000,2970.97000000,2785.00000000,2833.99000000,446192.23530000,1282099960.45834900,770738,215583.30990000
2022-03-04 00:00:00.000000 ,2834.00000000,2836.17000000,2573.00000000,2622.10000000,556178.75880000,1499282207.48279400,934846,272794.99110000
2022-03-05 00:00:00.000000 ,2622.11000000,2685.12000000,2589.38000000,2665.15000000,268730.30360000,709708518.86246400,531829,132344.54470000
2022-03-06 00:00:00.000000 ,2665.16000000,2676.29000000,2535.00000000,2551.29000000,336487.90990000,881200532.28550900,528787,158089.67630000
2022-03-07 00:00:00.000000 ,2551.30000000,2649.00000000,2445.00000000,2491.12000000,620171.67870000,1575658962.13564200,870430,311464.49960000
2022-03-08 00:00:00.000000 ,2491.12000000,2624.00000000,2480.15000000,2575.97000000,561659.74210000,1438848034.00870400,812094,282902.63710000
2022-03-09 00:00:00.000000 ,2575.98000000,2775.85000000,2567.70000000,2726.98000000,562771.74030000,1524779168.02215300,840331,296746.75950000
2022-03-10 00:00:00.000000 ,2726.98000000,2733.25000000,2550.27000000,2606.70000000,559029.93770000,1460470256.47573600,740676,264792.32850000
2022-03-11 00:00:00.000000 ,2606.69000000,2676.78000000,2522.57000000,2556.86000000,494583.65680000,1281060913.83551800,684407,248108.10420000
2022-03-12 00:00:00.000000 ,2556.86000000,2616.79000000,2553.39000000,2568.80000000,219236.57110000,567134036.89667600,327122,114440.83840000
2022-03-13 00:00:00.000000 ,2568.80000000,2603.32000000,2493.00000000,2515.65000000,316942.16010000,811775081.55799400,444352,148692.89640000
2022-03-14 00:00:00.000000 ,2515.66000000,2609.60000000,2498.67000000,2589.41000000,386630.19120000,991479973.09149400,609122,201825.46630000
2022-03-15 00:00:00.000000 ,2589.42000000,2669.00000000,2507.00000000,2617.73000000,461202.30140000,1189436494.53553700,686797,235635.14250000
2022-03-16 00:00:00.000000 ,2617.74000000,2788.00000000,2603.38000000,2773.81000000,666224.72170000,1792497068.36131000,1055171,338488.83880000
2022-03-17 00:00:00.000000 ,2773.80000000,2836.00000000,2746.42000000,2811.92000000,379312.54100000,1058301299.03375700,597885,192019.32120000
2022-03-18 00:00:00.000000 ,2811.91000000,2984.00000000,2765.59000000,2938.92000000,556535.79660000,1590887965.76135000,794774,295262.32630000
2022-03-19 00:00:00.000000 ,2938.84000000,2987.70000000,2890.86000000,2950.84000000,325971.53980000,961244629.51111800,556406,167607.07650000
2022-03-20 00:00:00.000000 ,2950.85000000,2964.17000000,2817.21000000,2861.38000000,377608.82140000,1089196046.05268500,651827,187345.61270000
2022-03-21 00:00:00.000000 ,2861.39000000,2960.57000000,2829.81000000,2890.03000000,450223.90730000,1305282353.58549500,690648,231550.14530000
2022-03-22 00:00:00.000000 ,2890.03000000,3052.85000000,2886.43000000,2969.64000000,564868.98390000,1692559175.06605500,920670,295987.28680000
2022-03-23 00:00:00.000000 ,2969.64000000,3045.20000000,2920.65000000,3036.00000000,453962.72980000,1350911495.41666200,813052,226895.04740000
2022-03-24 00:00:00.000000 ,3035.99000000,3129.11000000,2999.11000000,3110.76000000,577171.52390000,1768485489.44613600,853822,298092.17100000
2022-03-25 00:00:00.000000 ,3110.75000000,3193.28000000,3076.00000000,3102.14000000,489099.55720000,1532535177.91705200,745999,245720.49730000
2022-03-26 00:00:00.000000 ,3102.13000000,3153.20000000,3084.90000000,3145.00000000,207134.84700000,646551585.68224700,403089,103598.49350000
2022-03-27 00:00:00.000000 ,3145.01000000,3299.37000000,3126.02000000,3295.65000000,335467.41450000,1072163952.32208400,645675,181361.85620000
2022-03-28 00:00:00.000000 ,3295.65000000,3431.15000000,3275.01000000,3332.92000000,527237.11330000,1766636914.05138400,964079,270854.19570000
2022-03-29 00:00:00.000000 ,3332.91000000,3481.87000000,3329.68000000,3400.51000000,465899.82260000,1590016971.38855800,884317,231156.95700000
2022-03-30 00:00:00.000000 ,3400.51000000,3446.90000000,3331.84000000,3385.79000000,356082.52310000,1206555998.56790400,675015,181916.41480000
2022-03-31 00:00:00.000000 ,3385.80000000,3444.83000000,3261.35000000,3281.51000000,455091.23950000,1526047563.60251500,770564,216602.75050000
2022-04-01 00:00:00.000000 ,3281.51000000,3481.29000000,3210.68000000,3455.21000000,532169.23920000,1780259682.53293600,883079,268660.50140000
2022-04-02 00:00:00.000000 ,3455.20000000,3532.20000000,3433.14000000,3443.77000000,499893.29000000,1740311567.80643700,763785,245277.94430000
2022-04-03 00:00:00.000000 ,3443.77000000,3580.34000000,3412.11000000,3521.91000000,381581.76830000,1334671716.89223800,619758,194051.93780000
2022-04-04 00:00:00.000000 ,3521.90000000,3547.00000000,3405.97000000,3519.50000000,449984.15860000,1564866359.68671600,810677,227537.10610000
2022-04-05 00:00:00.000000 ,3519.50000000,3555.00000000,3400.00000000,3406.99000000,397782.74370000,1383264215.87424500,674184,191093.89070000
2022-04-06 00:00:00.000000 ,3407.00000000,3407.50000000,3162.39000000,3168.51000000,736273.10470000,2411228209.98698500,1098773,348042.46290000
2022-04-07 00:00:00.000000 ,3168.52000000,3268.98000000,3143.15000000,3227.19000000,458179.32720000,1470465124.58207000,706382,233162.87130000
2022-04-08 00:00:00.000000 ,3227.20000000,3314.02000000,3173.52000000,3192.39000000,502422.50480000,1634901495.64532200,810752,250684.54440000
2022-04-09 00:00:00.000000 ,3192.39000000,3268.40000000,3181.28000000,3258.57000000,212444.25660000,683630508.15903500,386154,112210.74280000
2022-04-10 00:00:00.000000 ,3258.57000000,3307.22000000,3193.00000000,3203.04000000,232303.23260000,756032282.61413500,439811,110649.57410000
2022-04-11 00:00:00.000000 ,3203.04000000,3213.63000000,2950.00000000,2979.74000000,693394.29120000,2127486125.62208000,969832,330445.60210000
2022-04-12 00:00:00.000000 ,2979.75000000,3085.00000000,2950.00000000,3027.66000000,579522.95050000,1750871209.72000500,742214,295005.65580000
2022-04-13 00:00:00.000000 ,3027.65000000,3128.97000000,2996.86000000,3118.28000000,419101.49400000,1285303924.97881300,623328,215591.54890000
2022-04-14 00:00:00.000000 ,3118.28000000,3145.00000000,2976.30000000,3021.98000000,408382.55720000,1249759777.27142600,540399,195917.48960000
2022-04-15 00:00:00.000000 ,3021.98000000,3060.92000000,2993.13000000,3040.56000000,249626.29810000,755644733.73426600,388136,127112.38080000
2022-04-16 00:00:00.000000 ,3040.57000000,3086.10000000,3010.03000000,3059.30000000,176352.41650000,536234354.29734400,298000,91002.45950000
2022-04-17 00:00:00.000000 ,3059.30000000,3083.00000000,2981.70000000,2988.06000000,243772.07400000,742151590.62193300,389959,117250.93100000
2022-04-18 00:00:00.000000 ,2988.07000000,3069.60000000,2883.22000000,3055.56000000,510251.65360000,1508168472.86729800,703622,251979.41190000
2022-04-19 00:00:00.000000 ,3055.56000000,3131.00000000,3030.34000000,3101.77000000,359375.00380000,1106468538.11709800,521060,187636.84950000
2022-04-20 00:00:00.000000 ,3101.74000000,3166.50000000,3036.45000000,3076.04000000,415000.06850000,1285353922.30361200,571292,206446.81300000
2022-04-21 00:00:00.000000 ,3076.03000000,3180.00000000,2942.31000000,2983.58000000,562699.69700000,1736496193.47397300,719659,281522.19400000
2022-04-22 00:00:00.000000 ,2983.57000000,3034.32000000,2930.35000000,2962.39000000,452433.08200000,1350044345.25031500,604084,216294.73130000
2022-04-23 00:00:00.000000 ,2962.39000000,2978.03000000,2913.89000000,2933.03000000,187576.73240000,554261385.85153000,348435,89693.74550000
2022-04-24 00:00:00.000000 ,2933.04000000,2967.06000000,2912.09000000,2921.00000000,218957.02220000,643702920.89106000,354013,106460.84050000
2022-04-25 00:00:00.000000 ,2920.99000000,3025.65000000,2797.01000000,3006.62000000,619198.36160000,1789151245.67650500,804935,304457.35790000
2022-04-26 00:00:00.000000 ,3006.63000000,3039.54000000,2767.00000000,2809.67000000,531184.35040000,1544470478.04639000,775652,259112.99560000
2022-04-27 00:00:00.000000 ,2809.68000000,2919.87000000,2794.46000000,2888.96000000,488951.24160000,1401317315.55232400,669916,246670.35190000
2022-04-28 00:00:00.000000 ,2888.95000000,2980.00000000,2853.83000000,2936.93000000,537392.99780000,1567476627.90868300,736818,273351.80610000
2022-04-29 00:00:00.000000 ,2936.92000000,2946.46000000,2776.63000000,2817.13000000,525978.14700000,1503869186.33302400,678273,255390.64620000
2022-04-30 00:00:00.000000 ,2817.13000000,2841.63000000,2709.26000000,2726.66000000,367757.24690000,1028113961.63270600,577285,171690.83770000
2022-05-01 00:00:00.000000 ,2726.67000000,2849.90000000,2716.13000000,2824.81000000,442544.87920000,1230927404.40615100,539462,228341.69930000
2022-05-02 00:00:00.000000 ,2824.81000000,2894.22000000,2778.78000000,2856.54000000,521706.85670000,1476062750.21617700,625431,269834.12990000
2022-05-03 00:00:00.000000 ,2856.54000000,2861.47000000,2755.19000000,2781.70000000,371331.17960000,1046307600.93890600,490176,184363.89920000
2022-05-04 00:00:00.000000 ,2781.70000000,2965.85000000,2771.74000000,2940.64000000,548738.06680000,1572901182.25039100,742950,288893.94020000
2022-05-05 00:00:00.000000 ,2940.65000000,2954.65000000,2683.00000000,2747.97000000,734845.31940000,2055752498.21656700,935371,350520.42610000
2022-05-06 00:00:00.000000 ,2747.96000000,2758.18000000,2632.95000000,2692.85000000,711449.32340000,1918267933.16530200,813458,349985.06580000
2022-05-07 00:00:00.000000 ,2692.86000000,2704.36000000,2584.75000000,2635.34000000,371271.45320000,987464053.43056400,505005,178447.74790000
2022-05-08 00:00:00.000000 ,2635.35000000,2642.00000000,2484.00000000,2519.71000000,757615.34150000,1930282594.65906900,867730,369624.70960000
2022-05-09 00:00:00.000000 ,2519.71000000,2530.78000000,2225.00000000,2228.55000000,1574924.97930000,3725676633.13629700,1758980,785287.22220000
2022-05-10 00:00:00.000000 ,2229.00000000,2457.34000000,2200.00000000,2342.05000000,1550626.13870000,3650912006.06274800,1851225,770089.06950000
2022-05-11 00:00:00.000000 ,2342.04000000,2451.37000000,2005.00000000,2084.99000000,2022864.83806000,4605757119.99809900,2825340,1003328.68581000
2022-05-12 00:00:00.000000 ,2084.99000000,2195.00000000,1800.00000000,1960.22000000,2305192.90836000,4485518775.57388500,2958830,1149413.56735000
2022-05-13 00:00:00.000000 ,1960.22000000,2147.54000000,1940.23000000,2009.69000000,1134042.33870000,2355144482.31406800,1380079,571173.28610000
2022-05-14 00:00:00.000000 ,2009.69000000,2070.06000000,1951.21000000,2056.48000000,563788.30780000,1136170835.74581700,794510,281099.51590000
2022-05-15 00:00:00.000000 ,2056.47000000,2167.00000000,2000.68000000,2145.29000000,514398.25870000,1067795595.55243200,677163,262025.17550000
2022-05-16 00:00:00.000000 ,2145.29000000,2145.29000000,1979.12000000,2023.66000000,822070.85310000,1672324751.61264400,1046115,408849.65760000
2022-05-17 00:00:00.000000 ,2023.66000000,2122.42000000,2008.00000000,2090.72000000,568249.04480000,1175068276.03826100,820184,285532.64930000
2022-05-18 00:00:00.000000 ,2090.72000000,2110.72000000,1908.00000000,1915.11000000,631577.23410000,1262292139.41420300,803676,312760.98210000
2022-05-19 00:00:00.000000 ,1915.11000000,2040.39000000,1903.18000000,2019.55000000,741476.97940000,1461787984.39102600,946509,379142.02800000
2022-05-20 00:00:00.000000 ,2019.55000000,2064.00000000,1923.00000000,1959.08000000,576981.53710000,1151839844.60796700,840589,288229.01470000
2022-05-21 00:00:00.000000 ,1959.08000000,1990.86000000,1937.36000000,1975.07000000,238869.76320000,470714672.58474200,417873,118346.04770000
2022-05-22 00:00:00.000000 ,1975.06000000,2056.41000000,1966.33000000,2043.19000000,355735.19270000,715445185.62783900,540257,183171.20670000
2022-05-23 00:00:00.000000 ,2043.19000000,2088.50000000,1957.12000000,1973.32000000,636085.02240000,1296599784.11331100,809254,302465.52840000
2022-05-24 00:00:00.000000 ,1973.33000000,1993.83000000,1913.02000000,1979.41000000,534096.97200000,1047864199.93236900,598082,266945.81460000
2022-05-25 00:00:00.000000 ,1979.40000000,2022.34000000,1934.61000000,1942.63000000,524786.30910000,1034922798.42268500,600224,262403.82460000
2022-05-26 00:00:00.000000 ,1942.64000000,1966.01000000,1735.00000000,1792.23000000,1168740.57514000,2157585473.51541430,1124028,568892.07240000
2022-05-27 00:00:00.000000 ,1792.24000000,1822.26000000,1703.00000000,1727.27000000,1296693.28537000,2284866824.03757490,1226454,636298.35366000
2022-05-28 00:00:00.000000 ,1727.26000000,1808.98000000,1722.26000000,1792.22000000,558271.18180000,988074924.55108900,645423,274929.08930000
2022-05-29 00:00:00.000000 ,1792.21000000,1827.40000000,1759.96000000,1813.64000000,432430.61100000,776046677.05792900,447003,220130.26830000
2022-05-30 00:00:00.000000 ,1813.64000000,2013.00000000,1803.18000000,1998.78000000,814922.83590000,1557925971.04764400,848129,429356.60230000
2022-05-31 00:00:00.000000 ,1998.78000000,2016.45000000,1925.00000000,1941.90000000,751103.42260000,1477853073.76775400,791367,372240.65660000
2022-06-01 00:00:00.000000 ,1941.90000000,1972.58000000,1763.75000000,1817.95000000,1037841.27060000,1954005475.23042100,973159,502588.51500000
2022-06-02 00:00:00.000000 ,1817.96000000,1853.05000000,1782.42000000,1834.08000000,788784.40170000,1434781730.18475400,793304,393723.50950000
2022-06-03 00:00:00.000000 ,1834.09000000,1843.91000000,1737.00000000,1775.12000000,741282.53460000,1319239612.46290700,807046,359074.79910000
2022-06-04 00:00:00.000000 ,1775.13000000,1816.00000000,1748.43000000,1804.58000000,388279.45790000,689062742.98128400,402734,193658.90130000
2022-06-05 00:00:00.000000 ,1804.58000000,1830.17000000,1773.05000000,1806.23000000,371974.50610000,670583716.95639100,403935,186891.69890000
2022-06-06 00:00:00.000000 ,1806.22000000,1920.00000000,1804.35000000,1859.84000000,804250.35670000,1509754495.64725000,817039,405327.29790000
2022-06-07 00:00:00.000000 ,1859.84000000,1874.98000000,1725.13000000,1813.33000000,1397598.22880000,2491786694.53408700,1225296,693368.69970000
2022-06-08 00:00:00.000000 ,1813.33000000,1838.77000000,1765.28000000,1791.88000000,941510.13730000,1696874614.38434800,820627,480434.18030000
2022-06-09 00:00:00.000000 ,1791.88000000,1833.00000000,1777.33000000,1788.81000000,535310.96180000,963245550.84315900,528098,264221.15780000
2022-06-10 00:00:00.000000 ,1788.80000000,1804.32000000,1655.93000000,1662.91000000,955035.79239000,1648304410.44631530,990969,456629.31930000
2022-06-11 00:00:00.000000 ,1662.91000000,1682.21000000,1496.74000000,1532.89000000,1220325.25420000,1914818053.83375830,1030360,584721.52941000
2022-06-12 00:00:00.000000 ,1532.89000000,1547.00000000,1423.00000000,1434.84000000,1563225.37018000,2311178755.26947200,1192382,770513.07795000
2022-06-13 00:00:00.000000 ,1434.84000000,1455.00000000,1165.45000000,1209.82000000,3626351.66536000,4611744120.81747040,3047112,1791798.24942000
2022-06-14 00:00:00.000000 ,1209.35000000,1268.45000000,1075.80000000,1208.90000000,2716493.80131000,3217818700.12419390,2225812,1348790.33831000
2022-06-15 00:00:00.000000 ,1208.90000000,1250.00000000,1014.40000000,1237.52000000,3114823.13621000,3493040697.13765710,2868796,1545969.74767000
2022-06-16 00:00:00.000000 ,1237.53000000,1257.85000000,1051.55000000,1068.50000000,1447386.83040000,1649596819.73423900,1443117,712044.85730000
2022-06-17 00:00:00.000000 ,1068.50000000,1118.00000000,1051.11000000,1086.94000000,1220677.94910000,1329091114.65008900,1118997,612161.03450000
2022-06-18 00:00:00.000000 ,1086.93000000,1097.58000000,881.56000000,995.13000000,2308983.51870000,2263399396.75372080,1911260,1101942.26213000
2022-06-19 00:00:00.000000 ,995.12000000,1158.62000000,936.15000000,1128.53000000,2018599.44990000,2092850317.95139700,1796154,1026357.87190000
2022-06-20 00:00:00.000000 ,1128.53000000,1170.00000000,1053.00000000,1128.24000000,1721772.91320000,1910020862.81368700,1585055,867678.58670000
2022-06-21 00:00:00.000000 ,1128.24000000,1194.00000000,1109.23000000,1125.85000000,1306095.37570000,1500605189.57253900,1295971,655284.85320000
2022-06-22 00:00:00.000000 ,1125.86000000,1127.33000000,1043.65000000,1050.19000000,1306959.85930000,1420433701.91995000,1132300,646031.57130000
2022-06-23 00:00:00.000000 ,1050.19000000,1155.00000000,1045.30000000,1144.72000000,1278257.08990000,1415452039.24151700,1031001,641656.73560000
2022-06-24 00:00:00.000000 ,1144.71000000,1245.43000000,1132.00000000,1225.02000000,1337137.48300000,1589113478.22871900,1232149,673998.32590000
2022-06-25 00:00:00.000000 ,1225.02000000,1256.77000000,1180.00000000,1242.36000000,861986.61770000,1048516642.21945900,824872,437886.33500000
2022-06-26 00:00:00.000000 ,1242.31000000,1280.00000000,1194.60000000,1197.79000000,884184.27300000,1094067725.45347500,812743,437940.25640000
2022-06-27 00:00:00.000000 ,1197.79000000,1238.93000000,1172.49000000,1192.51000000,868734.20610000,1047407117.87767200,794157,420783.44430000
2022-06-28 00:00:00.000000 ,1192.51000000,1237.99000000,1136.32000000,1144.05000000,1104065.22110000,1314982778.26740500,952584,533645.74870000
2022-06-29 00:00:00.000000 ,1144.05000000,1156.80000000,1087.42000000,1100.21000000,1295517.79600000,1449586742.87225400,1145867,652377.66080000
2022-06-30 00:00:00.000000 ,1100.21000000,1106.62000000,998.00000000,1071.01000000,1420670.36560000,1481000138.96328900,1180758,701019.92390000
2022-07-01 00:00:00.000000 ,1071.02000000,1117.00000000,1033.44000000,1059.73000000,1562255.14390000,1669000120.55004800,1218279,783385.86560000
2022-07-02 00:00:00.000000 ,1059.73000000,1078.88000000,1028.29000000,1067.01000000,714812.08040000,752813687.02771000,608900,360116.71870000
2022-07-03 00:00:00.000000 ,1067.01000000,1088.34000000,1040.78000000,1074.26000000,644746.33370000,686056543.19520600,562962,329544.21860000
2022-07-04 00:00:00.000000 ,1074.26000000,1160.90000000,1045.37000000,1151.00000000,1150108.98610000,1266934953.32642400,842895,572056.10280000
2022-07-05 00:00:00.000000 ,1151.01000000,1174.90000000,1076.34000000,1132.50000000,1398961.44950000,1578654373.51001800,1130646,711600.69880000
2022-07-06 00:00:00.000000 ,1132.51000000,1205.00000000,1111.44000000,1186.57000000,1211768.07570000,1388074909.87499100,1040498,610078.35130000
2022-07-07 00:00:00.000000 ,1186.57000000,1254.29000000,1163.18000000,1237.49000000,1001316.07900000,1208160386.33831300,877397,503991.63850000
2022-07-08 00:00:00.000000 ,1237.49000000,1276.46000000,1193.15000000,1214.04000000,1189518.36310000,1466331923.65061300,1233964,605091.03490000
2022-07-09 00:00:00.000000 ,1214.03000000,1235.40000000,1204.67000000,1217.02000000,576337.18090000,702039918.54690500,716361,285933.88440000
2022-07-10 00:00:00.000000 ,1217.02000000,1219.95000000,1153.00000000,1168.36000000,1018038.65060000,1200593502.21575100,680105,491394.20490000
2022-07-11 00:00:00.000000 ,1168.37000000,1171.29000000,1091.71000000,1096.40000000,1201652.30480000,1370709630.79611000,1165044,597646.03630000
2022-07-12 00:00:00.000000 ,1096.37000000,1098.26000000,1033.46000000,1038.58000000,1261349.63210000,1347752238.27462100,1142194,614931.85250000
2022-07-13 00:00:00.000000 ,1038.58000000,1119.18000000,1006.32000000,1115.00000000,2035605.82990000,2158672347.75807800,1423956,1030606.45230000
2022-07-14 00:00:00.000000 ,1115.01000000,1214.65000000,1072.11000000,1193.42000000,1605101.92620000,1816929082.73288200,1611421,819667.26470000
2022-07-15 00:00:00.000000 ,1193.42000000,1287.82000000,1181.05000000,1231.25000000,1466037.25840000,1794058728.78452100,1170632,730397.20750000
2022-07-16 00:00:00.000000 ,1231.25000000,1422.91000000,1191.23000000,1355.85000000,1493809.92260000,1936527899.32549100,1678529,777667.41010000
2022-07-17 00:00:00.000000 ,1355.84000000,1387.00000000,1319.04000000,1338.65000000,1246202.87950000,1687064377.69842000,1163593,626408.87920000
2022-07-18 00:00:00.000000 ,1338.65000000,1597.47000000,1336.07000000,1581.04000000,2029918.76521000,2980357374.79268500,1750043,1068091.40221000
2022-07-19 00:00:00.000000 ,1581.03000000,1631.00000000,1493.11000000,1542.32000000,1846048.68160000,2856463586.86090900,1818358,918478.72300000
2022-07-20 00:00:00.000000 ,1542.33000000,1620.40000000,1484.23000000,1521.58000000,1351177.42470000,2109332407.42685600,1506300,672453.94770000
2022-07-21 00:00:00.000000 ,1521.63000000,1605.98000000,1463.56000000,1575.45000000,1247327.49630000,1897833300.99776300,1282430,635917.62960000
2022-07-22 00:00:00.000000 ,1575.45000000,1650.05000000,1516.11000000,1535.27000000,1170723.08730000,1865036182.28467000,1295899,590259.75730000
2022-07-23 00:00:00.000000 ,1535.27000000,1596.51000000,1488.00000000,1548.67000000,851284.73390000,1310964570.18947800,950665,423093.99080000
2022-07-24 00:00:00.000000 ,1548.66000000,1664.34000000,1545.67000000,1597.70000000,1009935.89970000,1616289077.62887500,1238522,511819.24610000
2022-07-25 00:00:00.000000 ,1597.70000000,1609.55000000,1435.58000000,1440.79000000,1418390.98090000,2151224738.81666100,1407648,690797.69360000
2022-07-26 00:00:00.000000 ,1440.79000000,1454.11000000,1356.17000000,1449.12000000,1199643.74080000,1684928509.39957800,1175787,589360.89660000
2022-07-27 00:00:00.000000 ,1449.12000000,1644.44000000,1420.83000000,1635.74000000,1513426.04130000,2305847817.81058200,1547390,786958.50560000
2022-07-28 00:00:00.000000 ,1635.74000000,1784.79000000,1593.27000000,1724.52000000,1578145.07555000,2644280824.31078100,1719118,801669.85615000
2022-07-29 00:00:00.000000 ,1724.52000000,1765.99000000,1655.02000000,1721.68000000,1205266.57030000,2061258807.22678700,1439533,607250.68250000
2022-07-30 00:00:00.000000 ,1721.68000000,1744.85000000,1673.01000000,1697.00000000,735132.52860000,1257726968.66585400,1028313,359773.17580000
2022-07-31 00:00:00.000000 ,1697.00000000,1754.69000000,1666.00000000,1678.12000000,696326.80790000,1186613538.12166500,886708,355783.34790000
2022-08-01 00:00:00.000000 ,1678.12000000,1704.68000000,1606.12000000,1630.28000000,801566.56480000,1328136208.95945400,1029570,392775.08480000
2022-08-02 00:00:00.000000 ,1630.28000000,1678.00000000,1559.28000000,1630.91000000,1081964.51040000,1745550410.99894500,1458878,533311.86440000
2022-08-03 00:00:00.000000 ,1630.91000000,1685.03000000,1589.71000000,1618.16000000,777724.74130000,1276328467.02225400,1112406,389458.73700000
2022-08-04 00:00:00.000000 ,1618.16000000,1662.79000000,1580.39000000,1607.96000000,735552.18100000,1190650505.14894600,1051634,364491.90280000
2022-08-05 00:00:00.000000 ,1607.97000000,1742.07000000,1605.64000000,1736.81000000,1005846.47120000,1688798692.30733100,1404516,512103.18260000
2022-08-06 00:00:00.000000 ,1736.81000000,1749.93000000,1685.26000000,1690.60000000,523314.64440000,899479880.98720900,752873,273243.84840000
2022-08-07 00:00:00.000000 ,1690.60000000,1729.79000000,1668.00000000,1700.19000000,439904.76400000,745750151.38208700,692491,226220.14160000
2022-08-08 00:00:00.000000 ,1700.20000000,1818.00000000,1693.87000000,1777.05000000,781620.54430000,1379905145.70302100,987727,403146.57800000
2022-08-09 00:00:00.000000 ,1777.05000000,1790.83000000,1667.93000000,1702.76000000,818171.10190000,1406671817.08567300,1062267,398475.05390000
2022-08-10 00:00:00.000000 ,1702.76000000,1885.00000000,1656.78000000,1853.57000000,1317767.51270000,2346974815.06705600,1590681,685632.88560000
2022-08-11 00:00:00.000000 ,1853.58000000,1942.00000000,1850.32000000,1880.19000000,1105261.90090000,2093718964.80063200,1324999,571243.89190000
2022-08-12 00:00:00.000000 ,1880.19000000,1964.71000000,1853.06000000,1958.28000000,717628.10150000,1363895150.81011300,1027178,365935.01700000
2022-08-13 00:00:00.000000 ,1958.28000000,2020.00000000,1946.50000000,1983.55000000,695876.02930000,1382235354.29249100,940869,359352.47120000
2022-08-14 00:00:00.000000 ,1983.55000000,2030.00000000,1906.00000000,1935.31000000,569583.48520000,1122186881.22395100,856767,284978.81080000
2022-08-15 00:00:00.000000 ,1935.32000000,2012.47000000,1872.31000000,1899.06000000,949162.33050000,1824203091.99566700,1295615,470951.53290000
2022-08-16 00:00:00.000000 ,1899.05000000,1915.00000000,1853.00000000,1876.67000000,622729.14990000,1173013843.33804800,908578,305961.05570000
2022-08-17 00:00:00.000000 ,1876.67000000,1959.43000000,1818.74000000,1834.25000000,951824.89750000,1781033503.42342600,1179058,470464.10070000
2022-08-18 00:00:00.000000 ,1834.24000000,1882.37000000,1821.25000000,1846.39000000,606254.02400000,1126844899.60774600,848806,296464.27380000
2022-08-19 00:00:00.000000 ,1846.39000000,1848.00000000,1602.37000000,1609.01000000,1419826.95150000,2447147973.00589100,1681256,675272.29330000
2022-08-20 00:00:00.000000 ,1609.00000000,1657.08000000,1523.67000000,1576.04000000,914615.92260000,1468671141.09012200,1130991,454267.11050000
2022-08-21 00:00:00.000000 ,1576.03000000,1646.52000000,1562.34000000,1618.13000000,780662.60620000,1255041865.22443500,1000876,396587.44190000
2022-08-22 00:00:00.000000 ,1618.13000000,1629.72000000,1529.92000000,1624.66000000,941192.89540000,1483442567.23626500,1193059,468265.27690000
2022-08-23 00:00:00.000000 ,1624.65000000,1676.07000000,1563.76000000,1665.41000000,940246.93200000,1528222432.85183100,1195279,466987.52630000
2022-08-24 00:00:00.000000 ,1665.40000000,1694.13000000,1604.92000000,1656.56000000,744667.60780000,1228169659.88739400,993324,371514.76370000
2022-08-25 00:00:00.000000 ,1656.56000000,1722.00000000,1653.68000000,1695.11000000,603090.71300000,1023691864.19043900,869479,309268.84510000
2022-08-26 00:00:00.000000 ,1695.11000000,1706.45000000,1486.85000000,1508.18000000,1149912.82920000,1862598061.31820100,1488212,555637.49780000
2022-08-27 00:00:00.000000 ,1508.18000000,1518.42000000,1447.52000000,1491.06000000,756136.67680000,1125859038.15453700,1015752,379636.67540000
2022-08-28 00:00:00.000000 ,1491.06000000,1511.00000000,1424.00000000,1426.76000000,544846.44860000,805616000.73922600,756843,264538.03770000
2022-08-29 00:00:00.000000 ,1426.76000000,1559.99000000,1422.08000000,1551.80000000,826252.08310000,1230281044.88016900,1099487,418910.98200000
2022-08-30 00:00:00.000000 ,1551.79000000,1606.13000000,1473.61000000,1524.59000000,1003075.01720000,1551625838.93832400,1292499,498318.37380000
2022-08-31 00:00:00.000000 ,1524.59000000,1619.78000000,1524.59000000,1554.10000000,949227.67750000,1497596316.30099300,1471691,472367.89000000
2022-09-01 00:00:00.000000 ,1554.11000000,1599.00000000,1512.77000000,1586.16000000,728710.48200000,1133222116.03277200,1195229,362696.09540000
2022-09-02 00:00:00.000000 ,1586.17000000,1650.00000000,1546.41000000,1575.35000000,919009.65980000,1471855448.35992600,1160858,465535.56940000
2022-09-03 00:00:00.000000 ,1575.35000000,1582.71000000,1534.28000000,1557.46000000,321397.21890000,500057144.51821700,562893,160362.00600000
2022-09-04 00:00:00.000000 ,1557.45000000,1583.66000000,1540.66000000,1579.28000000,296591.11660000,463177013.87598800,520856,151649.79120000
2022-09-05 00:00:00.000000 ,1579.29000000,1631.99000000,1556.56000000,1617.80000000,503492.93700000,797702531.39904600,718867,254761.82420000
2022-09-06 00:00:00.000000 ,1617.80000000,1687.40000000,1555.00000000,1559.01000000,1010722.85780000,1650513284.85284800,1294086,496027.97470000
2022-09-07 00:00:00.000000 ,1559.01000000,1657.50000000,1490.66000000,1630.00000000,850991.42430000,1326011621.85375200,1132986,430249.01930000
2022-09-08 00:00:00.000000 ,1630.00000000,1663.56000000,1595.06000000,1635.37000000,645124.00850000,1050551822.40818000,1015658,319059.83080000
2022-09-09 00:00:00.000000 ,1635.37000000,1746.13000000,1630.51000000,1718.23000000,837458.21260000,1425281242.15555000,1066278,438441.49350000
2022-09-10 00:00:00.000000 ,1718.24000000,1789.00000000,1706.03000000,1774.12000000,411046.24660000,713890164.18250100,687951,212635.62140000
2022-09-11 00:00:00.000000 ,1774.12000000,1789.00000000,1720.10000000,1766.11000000,409287.72630000,720937620.96340100,645729,206627.71000000
2022-09-12 00:00:00.000000 ,1766.12000000,1783.00000000,1693.00000000,1716.37000000,630774.60320000,1093457780.48450000,979874,317746.06070000
2022-09-13 00:00:00.000000 ,1716.37000000,1760.51000000,1560.54000000,1574.40000000,1134549.72560000,1871967439.64955300,1337439,577750.73210000
2022-09-14 00:00:00.000000 ,1574.40000000,1647.01000000,1552.38000000,1638.39000000,764562.53930000,1222499363.04636600,1088561,401130.51880000
2022-09-15 00:00:00.000000 ,1638.40000000,1655.20000000,1458.00000000,1472.75000000,1335499.80470000,2095367507.33233400,1748683,677767.22230000
2022-09-16 00:00:00.000000 ,1472.76000000,1483.35000000,1405.52000000,1433.90000000,693597.24250000,1006033555.19748100,1111984,339284.67190000
2022-09-17 00:00:00.000000 ,1433.90000000,1476.13000000,1409.12000000,1468.83000000,421391.37430000,608805593.71431500,694945,214030.86210000
2022-09-18 00:00:00.000000 ,1468.82000000,1469.63000000,1325.55000000,1334.51000000,804113.46800000,1118416540.56069700,990605,389497.83390000
2022-09-19 00:00:00.000000 ,1334.51000000,1393.35000000,1280.00000000,1375.98000000,974855.19800000,1293086590.94143200,1235360,490443.56970000
2022-09-20 00:00:00.000000 ,1375.98000000,1384.78000000,1312.71000000,1322.93000000,658027.14650000,889324871.23618300,981235,328109.05550000
2022-09-21 00:00:00.000000 ,1322.94000000,1408.90000000,1220.00000000,1245.78000000,1192266.73790000,1582450799.93747100,1445950,590492.76280000
2022-09-22 00:00:00.000000 ,1245.79000000,1350.08000000,1237.32000000,1326.46000000,904282.27250000,1165151398.83009600,1094636,459643.71830000
2022-09-23 00:00:00.000000 ,1326.47000000,1360.00000000,1262.15000000,1327.25000000,974052.36440000,1273403019.69252200,1233506,491489.01790000
2022-09-24 00:00:00.000000 ,1327.24000000,1349.33000000,1306.52000000,1317.13000000,517557.34970000,687931980.00860200,616390,260952.67880000
2022-09-25 00:00:00.000000 ,1317.13000000,1337.00000000,1269.27000000,1294.63000000,515533.84090000,674560079.18233900,640687,259096.29470000
2022-09-26 00:00:00.000000 ,1294.62000000,1340.42000000,1277.85000000,1336.17000000,799166.43330000,1048795559.35885700,934159,397345.20680000
2022-09-27 00:00:00.000000 ,1336.17000000,1400.00000000,1303.75000000,1328.02000000,860584.89440000,1170630640.62662500,1055212,433444.45410000
2022-09-28 00:00:00.000000 ,1328.01000000,1355.70000000,1253.20000000,1337.20000000,919314.91310000,1199743172.38530100,1075441,459746.47550000
2022-09-29 00:00:00.000000 ,1337.20000000,1352.02000000,1288.52000000,1335.70000000,770591.68950000,1022673511.08671100,950476,387626.09980000
2022-09-30 00:00:00.000000 ,1335.69000000,1373.19000000,1313.35000000,1328.72000000,740753.61100000,991505362.26530700,926935,376839.88640000
2022-10-01 00:00:00.000000 ,1328.71000000,1333.69000000,1302.68000000,1311.79000000,252081.90560000,332930112.02541200,347396,124307.81840000
2022-10-02 00:00:00.000000 ,1311.79000000,1317.93000000,1270.00000000,1276.72000000,371740.04070000,482595051.28171700,462476,180185.67300000
2022-10-03 00:00:00.000000 ,1276.72000000,1329.90000000,1263.04000000,1323.09000000,483775.24350000,631178676.53561100,598748,243945.53770000
2022-10-04 00:00:00.000000 ,1323.10000000,1369.55000000,1318.66000000,1361.49000000,476207.67020000,641511283.39828800,771766,246811.62940000
2022-10-05 00:00:00.000000 ,1361.50000000,1364.77000000,1316.29000000,1352.20000000,483508.77820000,649745323.36814600,695638,242935.04590000
2022-10-06 00:00:00.000000 ,1352.20000000,1383.99000000,1345.01000000,1352.06000000,573975.32400000,783638743.15570200,789673,282964.40590000
2022-10-07 00:00:00.000000 ,1352.07000000,1361.75000000,1317.26000000,1331.10000000,491999.87760000,659508723.35405300,679464,247253.62570000
2022-10-08 00:00:00.000000 ,1331.10000000,1337.35000000,1303.51000000,1315.48000000,203391.66120000,269448439.33934800,383251,98609.88930000
2022-10-09 00:00:00.000000 ,1315.48000000,1329.00000000,1307.26000000,1323.13000000,186201.91850000,245547831.32053100,328378,95721.42730000
2022-10-10 00:00:00.000000 ,1323.13000000,1338.00000000,1288.00000000,1290.03000000,393663.01140000,515800751.33841500,587314,193142.13320000
2022-10-11 00:00:00.000000 ,1290.03000000,1298.00000000,1267.01000000,1280.11000000,429430.39410000,550448836.80929700,583107,206198.46960000
2022-10-12 00:00:00.000000 ,1280.11000000,1306.87000000,1275.25000000,1294.44000000,369712.57590000,478797824.54198200,477911,185886.24430000
2022-10-13 00:00:00.000000 ,1294.44000000,1301.58000000,1190.00000000,1287.08000000,945618.31630000,1183462907.93014500,1135833,465364.41550000
2022-10-14 00:00:00.000000 ,1287.08000000,1343.12000000,1283.39000000,1296.27000000,669742.80930000,883059208.71446400,788710,329632.53400000
2022-10-15 00:00:00.000000 ,1296.26000000,1301.69000000,1263.64000000,1274.92000000,287100.95290000,368914560.65821300,396464,138436.05960000
2022-10-16 00:00:00.000000 ,1274.93000000,1315.35000000,1274.67000000,1305.95000000,293321.36320000,379290237.63945800,397092,149695.15230000
2022-10-17 00:00:00.000000 ,1305.96000000,1338.57000000,1295.64000000,1331.40000000,459848.49410000,606979972.11902400,553275,230951.51060000
2022-10-18 00:00:00.000000 ,1331.39000000,1341.73000000,1286.72000000,1310.71000000,572728.91890000,755297911.29191000,603600,277789.79160000
2022-10-19 00:00:00.000000 ,1310.71000000,1313.50000000,1280.31000000,1285.09000000,368637.51050000,478516630.18702300,472022,180735.50010000
2022-10-20 00:00:00.000000 ,1285.09000000,1310.87000000,1270.36000000,1282.57000000,428531.61030000,552593958.21273500,558080,209367.63060000
2022-10-21 00:00:00.000000 ,1282.57000000,1306.97000000,1252.65000000,1299.75000000,468076.79860000,600999941.10653300,572819,234959.21240000
2022-10-22 00:00:00.000000 ,1299.76000000,1320.20000000,1294.32000000,1313.61000000,221776.70070000,290111447.62808100,323066,116471.68980000
2022-10-23 00:00:00.000000 ,1313.62000000,1371.55000000,1299.44000000,1364.20000000,432269.46000000,576212623.60030400,496386,223572.87720000
2022-10-24 00:00:00.000000 ,1364.19000000,1370.60000000,1324.17000000,1343.61000000,611830.79700000,822740466.67339600,698241,299655.75890000
2022-10-25 00:00:00.000000 ,1343.61000000,1525.16000000,1334.94000000,1459.74000000,1127932.90120000,1612140846.30515700,1205998,576939.59230000
2022-10-26 00:00:00.000000 ,1459.74000000,1594.99000000,1457.44000000,1566.10000000,1236044.70230000,1896388070.24978500,1357864,638243.45630000
2022-10-27 00:00:00.000000 ,1566.11000000,1578.58000000,1503.20000000,1514.05000000,869454.48510000,1345399838.03733400,1122874,434901.72380000
2022-10-28 00:00:00.000000 ,1514.04000000,1574.90000000,1479.82000000,1554.41000000,858954.44250000,1309517416.24114100,999855,446580.48910000
2022-10-29 00:00:00.000000 ,1554.40000000,1663.06000000,1547.66000000,1619.55000000,914161.08460000,1477815830.63917300,1094332,466874.54720000
2022-10-30 00:00:00.000000 ,1619.55000000,1640.06000000,1576.56000000,1590.44000000,476036.42430000,762732547.09158300,705583,237790.30560000
2022-10-31 00:00:00.000000 ,1590.45000000,1635.80000000,1545.43000000,1572.69000000,810334.24140000,1283098004.76573700,1024808,404153.87750000
2022-11-01 00:00:00.000000 ,1572.69000000,1612.92000000,1563.69000000,1578.48000000,527539.29650000,836251567.42464300,702747,266946.89610000
2022-11-02 00:00:00.000000 ,1578.47000000,1621.68000000,1502.32000000,1518.34000000,981395.36480000,1534786415.43920700,1171091,491587.14030000
2022-11-03 00:00:00.000000 ,1518.33000000,1559.01000000,1515.17000000,1531.01000000,560202.88130000,863253444.76684000,678608,272210.54040000
2022-11-04 00:00:00.000000 ,1531.01000000,1680.00000000,1528.40000000,1644.78000000,935531.47810000,1503427052.72076800,1072186,476524.16780000
2022-11-05 00:00:00.000000 ,1644.78000000,1666.97000000,1621.42000000,1626.98000000,351385.53620000,577061606.73372800,480888,181908.96990000
2022-11-06 00:00:00.000000 ,1626.98000000,1639.02000000,1564.39000000,1568.29000000,414863.95250000,668569491.57751300,545053,202922.14920000
2022-11-07 00:00:00.000000 ,1568.25000000,1608.04000000,1545.03000000,1568.10000000,642409.44940000,1013046543.98043900,851962,324994.20630000
2022-11-08 00:00:00.000000 ,1568.09000000,1579.98000000,1233.00000000,1334.77000000,2339916.50890000,3356475001.54590500,2874276,1149464.09710000
2022-11-09 00:00:00.000000 ,1334.78000000,1337.16000000,1073.53000000,1102.73000000,2494797.93570000,3021176147.39616100,3172468,1226565.31670000
2022-11-10 00:00:00.000000 ,1102.73000000,1350.00000000,1085.93000000,1299.28000000,1975955.67670000,2443394252.53036600,2800795,981919.00470000
2022-11-11 00:00:00.000000 ,1299.28000000,1310.00000000,1201.26000000,1289.28000000,1308087.14980000,1652414528.52089100,2118330,666760.44290000
2022-11-12 00:00:00.000000 ,1289.35000000,1292.16000000,1238.70000000,1257.25000000,547772.91720000,693031301.59888900,933438,272855.74000000
2022-11-13 00:00:00.000000 ,1257.25000000,1274.23000000,1200.66000000,1221.49000000,547410.53040000,676891239.24415900,896665,265237.61420000
2022-11-14 00:00:00.000000 ,1221.50000000,1291.20000000,1171.13000000,1243.28000000,934742.00590000,1152982945.60203200,1471485,456733.10980000
2022-11-15 00:00:00.000000 ,1243.29000000,1291.00000000,1234.01000000,1253.23000000,632825.56800000,798023541.20805200,961779,314465.00080000
2022-11-16 00:00:00.000000 ,1253.22000000,1268.67000000,1187.06000000,1216.17000000,673339.72150000,826025937.83629100,969295,317652.45540000
2022-11-17 00:00:00.000000 ,1216.16000000,1228.22000000,1181.05000000,1200.43000000,530537.34880000,638342419.85593100,719509,262166.34080000
2022-11-18 00:00:00.000000 ,1200.42000000,1234.00000000,1199.18000000,1212.58000000,360218.53370000,437658373.67435900,493436,172730.68590000
2022-11-19 00:00:00.000000 ,1212.58000000,1235.00000000,1197.67000000,1217.67000000,209789.58880000,254211466.15160900,330573,102589.38830000
2022-11-20 00:00:00.000000 ,1217.67000000,1227.07000000,1132.65000000,1142.21000000,531108.76070000,625008081.79912000,693003,255481.62770000
2022-11-21 00:00:00.000000 ,1142.21000000,1146.99000000,1079.76000000,1107.34000000,922647.94540000,1031424505.49832800,1063296,456812.34790000
2022-11-22 00:00:00.000000 ,1107.34000000,1146.13000000,1075.00000000,1139.60000000,748884.57910000,831782462.69652700,899796,369543.43580000
2022-11-23 00:00:00.000000 ,1139.59000000,1190.00000000,1127.75000000,1184.52000000,636927.15940000,741271142.43009800,767861,315676.49720000
2022-11-24 00:00:00.000000 ,1184.52000000,1217.71000000,1180.60000000,1203.73000000,486080.61230000,583303022.42364200,616769,248655.77130000
2022-11-25 00:00:00.000000 ,1203.72000000,1207.77000000,1171.20000000,1199.30000000,391430.16580000,465159072.75730500,581961,204292.82130000
2022-11-26 00:00:00.000000 ,1199.29000000,1235.66000000,1196.20000000,1205.60000000,379840.81160000,461938380.00420100,566155,181365.63550000
2022-11-27 00:00:00.000000 ,1205.61000000,1223.33000000,1188.65000000,1193.88000000,286386.79860000,347218857.86797600,458378,141119.93160000
2022-11-28 00:00:00.000000 ,1193.88000000,1199.25000000,1151.02000000,1167.77000000,478795.60930000,560568777.56025100,708380,230574.25190000
2022-11-29 00:00:00.000000 ,1167.77000000,1228.37000000,1158.27000000,1216.49000000,512143.58610000,617963786.60191500,789552,269667.32260000
2022-11-30 00:00:00.000000 ,1216.49000000,1309.77000000,1212.50000000,1294.46000000,815679.27170000,1038748742.50375800,985173,429518.05030000
2022-12-01 00:00:00.000000 ,1294.46000000,1299.90000000,1262.77000000,1276.41000000,430018.73910000,550769676.04408400,587711,223232.55670000
2022-12-02 00:00:00.000000 ,1276.40000000,1297.18000000,1265.24000000,1295.59000000,371559.58500000,475691291.45506300,547512,185493.87190000
2022-12-03 00:00:00.000000 ,1295.58000000,1309.00000000,1236.26000000,1240.51000000,347148.25880000,441457418.33191900,594082,156776.87260000
2022-12-04 00:00:00.000000 ,1240.50000000,1287.19000000,1240.10000000,1279.41000000,324129.54660000,409404653.04847500,498321,160510.72050000
2022-12-05 00:00:00.000000 ,1279.40000000,1305.11000000,1246.61000000,1259.41000000,391628.51660000,501560285.69950900,612914,188633.40440000
2022-12-06 00:00:00.000000 ,1259.41000000,1274.76000000,1241.56000000,1271.32000000,301631.83900000,379095106.35530500,471097,149004.53140000
2022-12-07 00:00:00.000000 ,1271.31000000,1278.69000000,1218.01000000,1231.18000000,398559.51660000,492706380.52673400,530298,199333.71620000
2022-12-08 00:00:00.000000 ,1231.18000000,1292.58000000,1222.01000000,1280.18000000,406653.54470000,509776313.42383900,559884,205497.44070000
2022-12-09 00:00:00.000000 ,1280.18000000,1296.64000000,1250.00000000,1263.10000000,406008.00320000,518804946.77146900,540078,203800.26180000
2022-12-10 00:00:00.000000 ,1263.11000000,1283.61000000,1259.60000000,1266.35000000,182278.63960000,231301933.59019100,322453,92997.35720000
2022-12-11 00:00:00.000000 ,1266.35000000,1284.75000000,1255.85000000,1263.01000000,180494.90200000,229443304.73303100,314531,87913.71110000
2022-12-12 00:00:00.000000 ,1263.00000000,1278.90000000,1240.03000000,1275.40000000,363750.54810000,456347758.27784300,489887,186055.40560000
2022-12-13 00:00:00.000000 ,1275.41000000,1349.00000000,1255.10000000,1320.69000000,659393.88250000,859595295.37889500,813791,332861.67270000
2022-12-14 00:00:00.000000 ,1320.69000000,1352.72000000,1301.00000000,1307.44000000,554465.57170000,734778540.99399600,548806,274178.37890000
2022-12-15 00:00:00.000000 ,1307.45000000,1311.14000000,1259.27000000,1266.54000000,390051.24470000,499233719.98567900,445162,182051.35450000
2022-12-16 00:00:00.000000 ,1266.53000000,1280.06000000,1155.32000000,1166.83000000,751422.27790000,907833696.28801300,883071,363283.56300000
2022-12-17 00:00:00.000000 ,1166.82000000,1190.03000000,1161.92000000,1187.16000000,328881.62810000,387145994.35297400,443309,163631.63230000
2022-12-18 00:00:00.000000 ,1187.16000000,1199.54000000,1170.32000000,1183.06000000,252260.14400000,298608427.35278700,385205,124008.68710000
2022-12-19 00:00:00.000000 ,1183.06000000,1195.00000000,1150.51000000,1167.82000000,296832.72280000,349312990.37441400,443756,141432.17400000
2022-12-20 00:00:00.000000 ,1167.82000000,1230.47000000,1163.12000000,1216.94000000,465184.19430000,561079146.68002500,624202,242142.52980000
2022-12-21 00:00:00.000000 ,1216.95000000,1223.39000000,1203.02000000,1213.78000000,245723.83770000,297776619.12634300,413931,124553.68370000
2022-12-22 00:00:00.000000 ,1213.78000000,1237.99000000,1182.54000000,1217.71000000,336761.65980000,406520096.76670900,488758,171017.80890000
2022-12-23 00:00:00.000000 ,1217.72000000,1231.99000000,1210.00000000,1219.99000000,278604.28820000,340146608.67751000,439410,139743.61830000
2022-12-24 00:00:00.000000 ,1219.98000000,1227.99000000,1214.69000000,1220.41000000,123701.53010000,150864338.67347900,296993,61777.47840000
2022-12-25 00:00:00.000000 ,1220.42000000,1225.00000000,1193.18000000,1218.51000000,231652.06120000,280833354.71144900,379422,115203.35560000
2022-12-26 00:00:00.000000 ,1218.52000000,1231.09000000,1211.67000000,1228.11000000,162723.08570000,198389481.17989500,308520,79649.39150000
2022-12-27 00:00:00.000000 ,1228.12000000,1233.73000000,1200.58000000,1211.55000000,262437.63980000,319100139.54270900,372190,129218.28390000
2022-12-28 00:00:00.000000 ,1211.55000000,1215.78000000,1181.06000000,1190.15000000,367828.89140000,439875906.99219500,474792,178354.66000000
2022-12-29 00:00:00.000000 ,1190.15000000,1206.57000000,1186.77000000,1200.49000000,249130.48690000,298245107.21298000,377201,123380.91020000
2022-12-30 00:00:00.000000 ,1200.48000000,1202.15000000,1181.08000000,1199.99000000,266014.21150000,317524824.57778700,364383,130580.93890000
2022-12-31 00:00:00.000000 ,1199.98000000,1208.46000000,1191.66000000,1196.13000000,139379.28110000,167161720.78087000,261569,70227.53650000
2023-01-01 00:00:00.000000 ,1196.13000000,1204.67000000,1190.57000000,1200.34000000,117762.06850000,141014996.65570800,233151,60055.50070000
2023-01-02 00:00:00.000000 ,1200.33000000,1224.29000000,1193.00000000,1214.00000000,252794.14000000,306657437.52747900,330000,123469.94340000
2023-01-03 00:00:00.000000 ,1213.99000000,1219.89000000,1204.93000000,1214.55000000,205519.49440000,249325343.25224500,296709,97873.35150000
2023-01-04 00:00:00.000000 ,1214.56000000,1272.60000000,1212.71000000,1256.90000000,457799.66480000,571805761.15805500,526420,236858.34270000
2023-01-05 00:00:00.000000 ,1256.91000000,1259.95000000,1242.81000000,1251.24000000,272805.33000000,341379819.27811000,339445,137396.56290000
2023-01-06 00:00:00.000000 ,1251.25000000,1276.70000000,1236.00000000,1269.14000000,342344.20230000,429648347.11260300,444840,172277.49220000
2023-01-07 00:00:00.000000 ,1269.13000000,1271.09000000,1261.30000000,1264.07000000,129474.28840000,163760550.01165600,242794,64457.87490000
2023-01-08 00:00:00.000000 ,1264.06000000,1296.00000000,1257.77000000,1290.16000000,213636.78480000,271373377.53005800,341498,113501.53300000
2023-01-09 00:00:00.000000 ,1290.15000000,1344.91000000,1285.44000000,1320.39000000,581727.69680000,766640085.93039700,667559,290264.29760000
2023-01-10 00:00:00.000000 ,1320.40000000,1347.69000000,1316.80000000,1335.62000000,459660.23070000,611680590.74133200,467419,223763.89260000
2023-01-11 00:00:00.000000 ,1335.63000000,1398.00000000,1321.04000000,1389.39000000,472465.95560000,635118946.42952100,534745,235594.22370000
2023-01-12 00:00:00.000000 ,1389.40000000,1438.00000000,1361.92000000,1415.92000000,877712.44920000,1231660847.86824900,873540,438919.38830000
2023-01-13 00:00:00.000000 ,1415.91000000,1464.00000000,1401.03000000,1451.20000000,499377.86490000,709963291.54162900,670535,259443.25480000
2023-01-14 00:00:00.000000 ,1451.21000000,1599.98000000,1449.14000000,1549.90000000,940691.77740000,1444283818.18917100,1187799,482842.22190000
2023-01-15 00:00:00.000000 ,1549.91000000,1566.66000000,1516.03000000,1552.52000000,387832.71380000,596626752.29784300,590180,192499.68890000
2023-01-16 00:00:00.000000 ,1552.52000000,1604.50000000,1521.31000000,1576.94000000,574622.89530000,897953752.92998400,802443,283353.43660000
2023-01-17 00:00:00.000000 ,1576.94000000,1609.00000000,1541.15000000,1565.57000000,506771.72190000,797552620.18733700,703325,253800.46180000
2023-01-18 00:00:00.000000 ,1565.56000000,1610.00000000,1501.39000000,1511.43000000,752534.88570000,1172243167.72986300,913587,379449.34650000
2023-01-19 00:00:00.000000 ,1511.44000000,1564.43000000,1509.15000000,1551.09000000,308679.46450000,473220810.93493000,477203,157860.33640000
2023-01-20 00:00:00.000000 ,1551.09000000,1669.90000000,1542.02000000,1658.52000000,440570.99740000,702227917.87066300,710633,230258.02140000
2023-01-21 00:00:00.000000 ,1658.53000000,1679.26000000,1616.21000000,1626.66000000,494248.60090000,815990095.34685100,648695,242585.29460000
2023-01-22 00:00:00.000000 ,1626.65000000,1663.89000000,1604.00000000,1627.44000000,431729.69090000,703883818.61740500,550009,216146.21790000
2023-01-23 00:00:00.000000 ,1627.43000000,1648.09000000,1585.29000000,1626.29000000,407267.11560000,662442276.00664200,602844,203026.46690000
2023-01-24 00:00:00.000000 ,1626.28000000,1641.46000000,1535.00000000,1555.97000000,462275.32430000,742483248.77844800,664260,219529.25860000
2023-01-25 00:00:00.000000 ,1555.97000000,1641.00000000,1518.00000000,1611.94000000,646474.91660000,1010958308.52325900,832576,336800.33510000
2023-01-26 00:00:00.000000 ,1611.95000000,1632.84000000,1577.43000000,1601.09000000,532777.84660000,856294452.54907200,661710,255584.49690000
2023-01-27 00:00:00.000000 ,1601.08000000,1621.00000000,1552.54000000,1597.62000000,512093.38750000,810894459.59281200,721339,271725.69000000
2023-01-28 00:00:00.000000 ,1597.61000000,1606.83000000,1555.99000000,1572.10000000,313675.65740000,496009423.63276900,461988,159807.55300000
2023-01-29 00:00:00.000000 ,1572.10000000,1660.00000000,1566.33000000,1644.72000000,551767.91340000,892135111.02851000,747055,281776.01770000
2023-01-30 00:00:00.000000 ,1644.73000000,1647.53000000,1535.00000000,1566.20000000,595055.32810000,945663093.91811700,783703,287321.04070000
2023-01-31 00:00:00.000000 ,1566.21000000,1605.18000000,1561.63000000,1585.33000000,348856.67510000,550862274.14769300,565125,173798.96670000
2023-02-01 00:00:00.000000 ,1585.32000000,1647.77000000,1555.18000000,1641.68000000,474617.17090000,757974339.88815100,795274,246070.22170000
2023-02-02 00:00:00.000000 ,1641.67000000,1714.68000000,1626.85000000,1643.12000000,629188.88740000,1052104526.87265700,939545,314689.80730000
2023-02-03 00:00:00.000000 ,1643.12000000,1676.00000000,1625.93000000,1663.52000000,464815.03200000,766949169.43042200,714675,229573.04490000
2023-02-04 00:00:00.000000 ,1663.52000000,1695.29000000,1645.43000000,1666.38000000,308227.12950000,514857995.98579800,559308,153457.14200000
2023-02-05 00:00:00.000000 ,1666.39000000,1673.81000000,1609.30000000,1629.02000000,413579.67480000,680127291.92674400,680427,198540.87760000
2023-02-06 00:00:00.000000 ,1629.01000000,1658.56000000,1605.01000000,1614.29000000,384119.41970000,626831152.68758600,636588,191802.79320000
2023-02-07 00:00:00.000000 ,1614.28000000,1678.37000000,1613.14000000,1671.03000000,451922.40000000,743635216.72855200,746572,234924.05250000
2023-02-08 00:00:00.000000 ,1671.03000000,1697.91000000,1630.47000000,1650.43000000,417966.25390000,695793337.57743500,671033,205938.12070000
2023-02-09 00:00:00.000000 ,1650.42000000,1656.17000000,1524.40000000,1545.35000000,658011.69640000,1054014372.58339200,973879,317244.93660000
2023-02-10 00:00:00.000000 ,1545.35000000,1555.01000000,1490.00000000,1513.06000000,484654.21990000,743164643.51149900,682215,220852.49580000
2023-02-11 00:00:00.000000 ,1513.05000000,1543.00000000,1505.00000000,1538.51000000,289691.57080000,440657107.72833800,440506,141579.89910000
2023-02-12 00:00:00.000000 ,1538.50000000,1548.02000000,1493.08000000,1514.83000000,286758.37400000,438014692.30803400,490609,134744.97650000
2023-02-13 00:00:00.000000 ,1514.82000000,1526.10000000,1461.93000000,1505.24000000,643152.39040000,959644223.33507300,788402,306701.29950000
2023-02-14 00:00:00.000000 ,1505.25000000,1569.00000000,1482.66000000,1555.71000000,668964.37680000,1021642935.31397500,861338,329786.21830000
2023-02-15 00:00:00.000000 ,1555.70000000,1680.00000000,1542.55000000,1674.92000000,581207.85860000,928452953.94504900,852734,303747.75900000
2023-02-16 00:00:00.000000 ,1674.92000000,1742.97000000,1633.72000000,1637.84000000,832723.67310000,1408096156.86621600,1220762,422120.24950000
2023-02-17 00:00:00.000000 ,1637.83000000,1722.00000000,1630.51000000,1693.87000000,579934.66300000,970891863.05829500,940022,298275.53360000
2023-02-18 00:00:00.000000 ,1693.81000000,1713.13000000,1679.77000000,1691.62000000,267305.78130000,452969773.61025000,457982,131392.36670000
2023-02-19 00:00:00.000000 ,1691.62000000,1726.59000000,1666.14000000,1679.75000000,401023.04770000,680092027.33129800,634114,198379.91000000
2023-02-20 00:00:00.000000 ,1679.74000000,1719.89000000,1650.56000000,1703.27000000,451314.83350000,765198951.96357700,752116,233136.76100000
2023-02-21 00:00:00.000000 ,1703.27000000,1716.66000000,1636.30000000,1659.76000000,520354.46880000,874136698.28459100,837901,261067.83410000
2023-02-22 00:00:00.000000 ,1659.77000000,1666.95000000,1595.07000000,1643.14000000,528875.48090000,861982489.01657100,887617,261477.29490000
2023-02-23 00:00:00.000000 ,1643.15000000,1679.00000000,1628.75000000,1650.53000000,501305.97170000,829754759.56551500,849095,250058.09520000
2023-02-24 00:00:00.000000 ,1650.52000000,1664.66000000,1575.64000000,1607.80000000,512515.49820000,831164574.11824000,829249,244939.45620000
2023-02-25 00:00:00.000000 ,1607.80000000,1608.98000000,1557.33000000,1594.58000000,290188.03910000,462128193.10439300,532834,144096.23470000
2023-02-26 00:00:00.000000 ,1594.58000000,1651.26000000,1587.76000000,1641.36000000,308607.99410000,499002379.52012900,544008,153077.93880000
2023-02-27 00:00:00.000000 ,1641.37000000,1665.22000000,1608.00000000,1633.45000000,431861.41290000,707841123.05760700,679771,215202.89280000
2023-02-28 00:00:00.000000 ,1633.45000000,1647.52000000,1596.66000000,1605.23000000,393523.16470000,640150766.31120500,626287,192261.47580000
2023-03-01 00:00:00.000000 ,1605.24000000,1669.72000000,1595.00000000,1665.22000000,474456.82350000,780632253.60636600,725546,233810.69930000
2023-03-02 00:00:00.000000 ,1665.23000000,1677.86000000,1619.18000000,1647.86000000,423023.80820000,694364877.50440800,644400,209908.34800000
2023-03-03 00:00:00.000000 ,1647.86000000,1649.25000000,1544.39000000,1569.45000000,742816.59760000,1166573996.74423600,1008133,356042.86570000
2023-03-04 00:00:00.000000 ,1569.45000000,1577.53000000,1549.12000000,1566.73000000,237640.26060000,371865636.79445600,442158,114523.63960000
2023-03-05 00:00:00.000000 ,1566.74000000,1588.77000000,1553.05000000,1564.58000000,299240.74150000,469729098.46273800,505034,146252.85710000
2023-03-06 00:00:00.000000 ,1564.57000000,1583.49000000,1554.44000000,1565.84000000,307709.30110000,482146763.96639700,495130,151429.26660000
2023-03-07 00:00:00.000000 ,1565.84000000,1584.49000000,1536.14000000,1561.96000000,437947.90320000,682865640.74441200,601157,222838.17140000
2023-03-08 00:00:00.000000 ,1561.95000000,1570.89000000,1523.61000000,1532.38000000,460101.76580000,714552395.99327900,647197,227125.84140000
2023-03-09 00:00:00.000000 ,1532.38000000,1546.45000000,1408.00000000,1437.32000000,718485.13640000,1072396877.90757800,914935,340420.81590000
2023-03-10 00:00:00.000000 ,1437.32000000,1439.43000000,1368.39000000,1426.44000000,960262.45090000,1353741388.82725900,1155209,462418.62320000
2023-03-11 00:00:00.000000 ,1426.43000000,1478.07000000,1408.40000000,1471.97000000,1374859.62010000,1987926852.34837400,1467256,674055.15040000
2023-03-12 00:00:00.000000 ,1471.93000000,1594.19000000,1448.30000000,1580.33000000,1002355.09290000,1506839740.46965400,1253899,507616.32810000
2023-03-13 00:00:00.000000 ,1580.33000000,1693.49000000,1565.00000000,1673.45000000,1228063.60530000,1992277884.79634100,1671283,631386.30580000
2023-03-14 00:00:00.000000 ,1673.44000000,1780.02000000,1655.24000000,1699.40000000,1283321.23550000,2195733827.91012200,1750035,666065.68120000
2023-03-15 00:00:00.000000 ,1699.41000000,1716.90000000,1611.00000000,1649.96000000,963142.48330000,1602460705.89569500,1388384,463785.20990000
2023-03-16 00:00:00.000000 ,1649.95000000,1691.42000000,1632.18000000,1673.73000000,627985.61190000,1040043241.14028500,1004406,325261.19930000
2023-03-17 00:00:00.000000 ,1673.73000000,1800.00000000,1662.65000000,1789.27000000,907528.28250000,1569265196.45290500,1293055,476255.49480000
2023-03-18 00:00:00.000000 ,1789.26000000,1841.00000000,1747.47000000,1758.84000000,711614.73100000,1280189359.42454900,1115890,353131.96710000
2023-03-19 00:00:00.000000 ,1758.84000000,1841.36000000,1757.92000000,1780.68000000,541131.89080000,972006261.58020900,919093,275030.17560000
2023-03-20 00:00:00.000000 ,1780.67000000,1803.05000000,1722.00000000,1732.78000000,682848.12480000,1205036446.95122100,1083767,346231.46580000
2023-03-21 00:00:00.000000 ,1732.77000000,1835.00000000,1717.01000000,1801.23000000,742348.49990000,1324018564.21103500,1166036,399394.24600000
2023-03-22 00:00:00.000000 ,1801.23000000,1819.98000000,1710.12000000,1734.33000000,891287.60090000,1581074700.20938000,1286030,432312.72670000
2023-03-23 00:00:00.000000 ,1734.34000000,1857.16000000,1729.35000000,1813.79000000,732061.10300000,1312199315.57750500,1074713,388644.19100000
2023-03-24 00:00:00.000000 ,1813.78000000,1818.99000000,1726.40000000,1749.57000000,564770.14170000,1001546184.53213500,855600,283157.34940000
2023-03-25 00:00:00.000000 ,1749.57000000,1763.23000000,1713.09000000,1741.88000000,355679.37430000,620341997.18351200,620651,174749.28340000
2023-03-26 00:00:00.000000 ,1741.88000000,1801.00000000,1739.31000000,1773.88000000,354933.23720000,627660488.27267000,592618,178518.26690000
2023-03-27 00:00:00.000000 ,1773.88000000,1780.48000000,1686.13000000,1715.22000000,570563.50230000,987197970.21984000,810253,274628.43020000
2023-03-28 00:00:00.000000 ,1715.21000000,1795.73000000,1701.13000000,1772.99000000,536511.39730000,935507384.14967800,766887,286377.21640000
2023-03-29 00:00:00.000000 ,1773.00000000,1827.99000000,1772.48000000,1793.07000000,536865.59720000,967342311.08223400,810500,283946.54590000
2023-03-30 00:00:00.000000 ,1793.06000000,1829.69000000,1763.00000000,1793.61000000,579690.03940000,1039397383.78040000,876484,299825.65610000
2023-03-31 00:00:00.000000 ,1793.60000000,1847.28000000,1777.91000000,1821.52000000,554525.47620000,1006896937.02525400,902956,289189.75500000
2023-04-01 00:00:00.000000 ,1821.52000000,1842.83000000,1807.81000000,1820.79000000,272904.96740000,497460628.07619100,579259,138942.81390000
2023-04-02 00:00:00.000000 ,1820.80000000,1824.81000000,1771.70000000,1794.51000000,322122.93850000,580909276.16417100,637705,162593.22360000
2023-04-03 00:00:00.000000 ,1794.51000000,1839.99000000,1762.77000000,1810.51000000,628503.66190000,1131436800.43707300,1098681,318256.91810000
2023-04-04 00:00:00.000000 ,1810.51000000,1891.91000000,1802.01000000,1870.37000000,622208.64110000,1151551698.65326800,1087425,324318.04740000
2023-04-05 00:00:00.000000 ,1870.38000000,1942.98000000,1864.58000000,1908.69000000,548595.51550000,1045846831.79156300,1077031,281338.72500000
2023-04-06 00:00:00.000000 ,1908.68000000,1909.91000000,1853.70000000,1872.41000000,396241.43520000,743618300.02400000,916688,190334.89780000
2023-04-07 00:00:00.000000 ,1872.41000000,1882.61000000,1841.46000000,1863.72000000,284256.48730000,528718750.37856600,829061,143802.12850000
2023-04-08 00:00:00.000000 ,1863.73000000,1879.38000000,1847.00000000,1848.82000000,197905.54070000,368792680.92965800,902787,97213.28820000
2023-04-09 00:00:00.000000 ,1848.82000000,1873.99000000,1824.01000000,1858.92000000,287131.30790000,529878494.84037300,953458,146393.82950000
2023-04-10 00:00:00.000000 ,1858.91000000,1918.79000000,1846.40000000,1910.20000000,434739.79840000,816212712.86294700,586284,218877.85860000
2023-04-11 00:00:00.000000 ,1910.21000000,1937.37000000,1881.11000000,1889.86000000,405203.48920000,774389695.84593200,590527,209441.71720000
2023-04-12 00:00:00.000000 ,1889.86000000,1933.00000000,1852.65000000,1917.39000000,630844.41860000,1195663632.07873200,801456,318566.11280000
2023-04-13 00:00:00.000000 ,1917.40000000,2023.00000000,1899.55000000,2012.01000000,676164.51880000,1333377092.12459100,911569,358627.74440000
2023-04-14 00:00:00.000000 ,2012.00000000,2128.76000000,2009.22000000,2099.99000000,896307.39340000,1877719501.12373200,1182309,463960.15560000
2023-04-15 00:00:00.000000 ,2099.99000000,2111.85000000,2071.13000000,2090.60000000,321823.78510000,674260851.49151000,505299,159120.98000000
2023-04-16 00:00:00.000000 ,2090.61000000,2141.54000000,2072.72000000,2118.67000000,319880.43930000,673034613.41583500,529231,162518.13280000
2023-04-17 00:00:00.000000 ,2118.66000000,2120.51000000,2056.25000000,2074.00000000,426972.70710000,889433328.78650800,674817,206218.47990000
2023-04-18 00:00:00.000000 ,2073.99000000,2125.00000000,2051.00000000,2103.50000000,414244.61350000,867291463.56982800,636801,205943.01880000
2023-04-19 00:00:00.000000 ,2103.51000000,2104.60000000,1923.03000000,1933.73000000,775389.06020000,1547934187.85902000,1116849,381226.96410000
2023-04-20 00:00:00.000000 ,1933.74000000,1982.99000000,1914.43000000,1942.98000000,625336.24950000,1218184973.29939600,869619,307551.80710000
2023-04-21 00:00:00.000000 ,1942.98000000,1957.27000000,1825.00000000,1848.78000000,688876.61860000,1306179482.09194200,868887,339964.18250000
2023-04-22 00:00:00.000000 ,1848.77000000,1887.31000000,1841.64000000,1874.16000000,331007.58790000,616579601.31176500,451499,168125.14090000
2023-04-23 00:00:00.000000 ,1874.17000000,1882.01000000,1836.37000000,1862.00000000,344514.34440000,641362428.68936600,463928,180537.42010000
2023-04-24 00:00:00.000000 ,1862.01000000,1890.00000000,1806.00000000,1841.84000000,447864.05170000,826968889.24123200,682824,216968.96130000
2023-04-25 00:00:00.000000 ,1841.84000000,1877.86000000,1801.66000000,1866.10000000,457870.60470000,839226421.37824600,631766,238370.89710000
2023-04-26 00:00:00.000000 ,1866.10000000,1964.72000000,1785.00000000,1866.01000000,897709.72980000,1695903568.96090300,1182620,445589.98610000
2023-04-27 00:00:00.000000 ,1866.01000000,1940.96000000,1861.19000000,1908.68000000,727472.94660000,1383094120.67767000,959609,378523.29340000
2023-04-28 00:00:00.000000 ,1908.68000000,1923.88000000,1873.94000000,1890.94000000,387630.77910000,736203306.61415600,574483,201390.05560000
2023-04-29 00:00:00.000000 ,1890.93000000,1918.00000000,1883.05000000,1907.80000000,182046.14060000,346028241.29573700,335962,90910.25440000
2023-04-30 00:00:00.000000 ,1907.79000000,1939.00000000,1866.16000000,1870.09000000,355336.48880000,677913240.81466200,552933,176787.43370000
2023-05-01 00:00:00.000000 ,1870.08000000,1886.49000000,1806.12000000,1830.73000000,445519.17790000,818821593.69484900,647788,220514.81130000
2023-05-02 00:00:00.000000 ,1830.73000000,1881.87000000,1822.94000000,1870.08000000,373753.20270000,690907892.11045500,563768,184439.10310000
2023-05-03 00:00:00.000000 ,1870.09000000,1916.52000000,1842.64000000,1905.12000000,465185.25010000,871222153.95979200,751579,239749.08060000
2023-05-04 00:00:00.000000 ,1905.12000000,1918.26000000,1866.71000000,1877.07000000,354528.61440000,670584503.65961900,525802,172127.95090000
2023-05-05 00:00:00.000000 ,1877.07000000,1998.36000000,1875.65000000,1993.30000000,546608.87500000,1061183389.06811200,803612,281818.21880000
2023-05-06 00:00:00.000000 ,1993.30000000,2019.00000000,1860.00000000,1896.33000000,608106.99150000,1169939393.31277700,868626,309602.22270000
2023-05-07 00:00:00.000000 ,1896.33000000,1933.33000000,1867.59000000,1870.40000000,413268.83570000,787566158.19845600,625667,198046.18760000
2023-05-08 00:00:00.000000 ,1870.41000000,1883.97000000,1810.73000000,1847.56000000,625316.61680000,1157603209.76185400,885693,308193.85070000
2023-05-09 00:00:00.000000 ,1847.55000000,1861.88000000,1830.99000000,1846.52000000,304396.18600000,561440259.79089500,517737,154195.20710000
2023-05-10 00:00:00.000000 ,1846.53000000,1887.47000000,1790.51000000,1840.84000000,639933.38550000,1182254717.03221500,802140,315762.39530000
2023-05-11 00:00:00.000000 ,1840.83000000,1842.02000000,1772.68000000,1794.30000000,522096.07250000,944525427.02794200,679625,256341.50350000
2023-05-12 00:00:00.000000 ,1794.31000000,1818.63000000,1740.00000000,1807.45000000,565539.83090000,1002104362.59441100,696930,272766.58150000
2023-05-13 00:00:00.000000 ,1807.45000000,1817.03000000,1785.23000000,1795.11000000,212895.43730000,383397322.74478100,342566,107960.56180000
2023-05-14 00:00:00.000000 ,1795.12000000,1824.00000000,1789.82000000,1799.21000000,218101.09770000,393557662.80186000,348092,112091.49980000
2023-05-15 00:00:00.000000 ,1799.20000000,1846.70000000,1785.05000000,1816.20000000,388171.92610000,708011632.17470900,503728,200878.52120000
2023-05-16 00:00:00.000000 ,1816.21000000,1832.64000000,1796.20000000,1824.21000000,311238.67860000,565367254.10677700,466058,145796.26840000
2023-05-17 00:00:00.000000 ,1824.21000000,1837.50000000,1783.68000000,1822.12000000,352097.99130000,637776970.83385500,524718,174614.82380000
2023-05-18 00:00:00.000000 ,1822.12000000,1831.92000000,1771.12000000,1800.56000000,293755.31100000,531357170.82715200,480171,142539.40530000
2023-05-19 00:00:00.000000 ,1800.56000000,1829.54000000,1796.81000000,1812.32000000,243116.46760000,440291732.35087900,390917,125305.64520000
2023-05-20 00:00:00.000000 ,1812.31000000,1828.87000000,1807.06000000,1819.42000000,127754.43490000,232010582.30662800,272744,67168.56350000
2023-05-21 00:00:00.000000 ,1819.42000000,1828.98000000,1797.21000000,1804.91000000,161517.80530000,292535613.87812400,308391,76815.25180000
2023-05-22 00:00:00.000000 ,1804.91000000,1828.27000000,1792.01000000,1817.35000000,237498.94230000,430673377.91665300,411867,123914.68840000
2023-05-23 00:00:00.000000 ,1817.36000000,1872.50000000,1815.24000000,1854.05000000,396869.60970000,734581474.72246600,548587,222549.77690000
2023-05-24 00:00:00.000000 ,1854.06000000,1854.09000000,1777.60000000,1799.89000000,420846.14450000,761360360.59788700,554307,193455.11130000
2023-05-25 00:00:00.000000 ,1799.89000000,1818.81000000,1761.41000000,1805.60000000,350633.00890000,628769352.44257100,482899,164410.16270000
2023-05-26 00:00:00.000000 ,1805.61000000,1838.20000000,1796.99000000,1827.79000000,275690.68540000,501773973.87993700,375854,140633.10750000
2023-05-27 00:00:00.000000 ,1827.80000000,1836.12000000,1812.18000000,1829.89000000,138824.94060000,253710138.25056300,276383,69580.64790000
2023-05-28 00:00:00.000000 ,1829.89000000,1918.65000000,1823.60000000,1908.64000000,378392.43710000,705699886.22948800,549727,194805.86070000
2023-05-29 00:00:00.000000 ,1908.64000000,1927.62000000,1873.65000000,1892.60000000,313593.49420000,596236148.90988500,445895,158390.34480000
2023-05-30 00:00:00.000000 ,1892.60000000,1917.00000000,1881.19000000,1900.59000000,272665.84020000,519059196.24741600,422249,134288.16090000
2023-05-31 00:00:00.000000 ,1900.58000000,1907.13000000,1846.95000000,1873.63000000,319255.56810000,597360395.54403400,451133,149451.08700000
2023-06-01 00:00:00.000000 ,1873.63000000,1889.20000000,1840.00000000,1861.78000000,270496.60970000,504448237.27338000,422899,132786.93240000
2023-06-02 00:00:00.000000 ,1861.78000000,1910.00000000,1847.51000000,1906.68000000,313004.06580000,591169483.09944700,456788,157874.04030000
2023-06-03 00:00:00.000000 ,1906.69000000,1907.92000000,1881.60000000,1892.06000000,148818.24270000,282550389.94668800,292512,71248.10150000
2023-06-04 00:00:00.000000 ,1892.05000000,1914.63000000,1884.22000000,1890.01000000,172683.01190000,328166899.06235400,289973,85783.12010000
2023-06-05 00:00:00.000000 ,1890.00000000,1890.63000000,1778.00000000,1810.50000000,555361.26830000,1017689609.36225600,688879,253634.64500000
2023-06-06 00:00:00.000000 ,1810.49000000,1898.29000000,1797.18000000,1884.64000000,491407.21740000,907660359.42596600,616201,254098.02440000
2023-06-07 00:00:00.000000 ,1884.65000000,1897.80000000,1821.18000000,1832.13000000,429196.70640000,796856688.86671300,594071,201074.79930000
2023-06-08 00:00:00.000000 ,1832.12000000,1861.28000000,1828.31000000,1845.64000000,189270.48530000,349160385.10498000,347990,89218.13060000
2023-06-09 00:00:00.000000 ,1845.65000000,1855.00000000,1827.00000000,1840.37000000,198324.32520000,365037779.74288700,354623,92841.28830000
2023-06-10 00:00:00.000000 ,1840.37000000,1844.99000000,1715.03000000,1751.53000000,652324.66950000,1148312156.52559600,877410,298962.65330000
2023-06-11 00:00:00.000000 ,1751.52000000,1778.25000000,1738.72000000,1752.76000000,219956.24340000,385656545.95023800,378921,104970.10390000
2023-06-12 00:00:00.000000 ,1752.77000000,1759.33000000,1720.00000000,1742.57000000,302132.48190000,525467514.61960900,467392,154579.04660000
2023-06-13 00:00:00.000000 ,1742.57000000,1770.13000000,1724.22000000,1740.12000000,284268.00180000,495907901.66849300,498880,147060.37350000
2023-06-14 00:00:00.000000 ,1740.12000000,1750.03000000,1630.43000000,1650.95000000,415847.32700000,705586390.23398100,572996,198035.00600000
2023-06-15 00:00:00.000000 ,1650.95000000,1680.91000000,1626.01000000,1666.96000000,370774.76960000,611499814.54217600,458568,192425.51560000
2023-06-16 00:00:00.000000 ,1666.96000000,1729.50000000,1649.86000000,1717.92000000,311734.59040000,525393264.96220100,408176,158600.07400000
2023-06-17 00:00:00.000000 ,1717.91000000,1770.00000000,1714.26000000,1727.76000000,210914.92160000,366944179.32063700,359758,107260.84850000
2023-06-18 00:00:00.000000 ,1727.75000000,1747.84000000,1712.00000000,1720.95000000,156535.01280000,270948973.41748400,273858,79223.60390000
2023-06-19 00:00:00.000000 ,1720.95000000,1752.19000000,1698.00000000,1737.11000000,245162.75890000,422827205.77548900,366143,120432.59420000
2023-06-20 00:00:00.000000 ,1737.10000000,1796.99000000,1714.72000000,1791.99000000,328855.68460000,577529266.78921700,459724,168345.97910000
2023-06-21 00:00:00.000000 ,1791.99000000,1901.00000000,1787.38000000,1889.11000000,613755.88690000,1132377905.48890200,699689,301882.53500000
2023-06-22 00:00:00.000000 ,1889.10000000,1933.17000000,1865.98000000,1872.01000000,416714.57190000,791056016.14617600,536410,196874.68600000
2023-06-23 00:00:00.000000 ,1872.00000000,1936.42000000,1861.01000000,1892.63000000,401147.93240000,760352485.33668100,531784,196520.65020000
2023-06-24 00:00:00.000000 ,1892.63000000,1906.00000000,1864.77000000,1874.96000000,226910.29410000,427721477.76198000,356654,108047.87640000
2023-06-25 00:00:00.000000 ,1874.95000000,1930.00000000,1868.83000000,1898.80000000,338757.61580000,644415530.04061600,482753,170334.26420000
2023-06-26 00:00:00.000000 ,1898.80000000,1909.10000000,1837.18000000,1858.97000000,458743.86100000,859537162.35561400,518009,221834.27490000
2023-06-27 00:00:00.000000 ,1858.97000000,1912.53000000,1855.19000000,1889.58000000,366634.57070000,690855987.04133200,437184,195382.36640000
2023-06-28 00:00:00.000000 ,1889.58000000,1890.19000000,1816.56000000,1828.02000000,337836.57920000,626358502.58848000,437585,160645.26760000
2023-06-29 00:00:00.000000 ,1828.03000000,1880.00000000,1827.84000000,1851.99000000,241844.82810000,448678322.17682200,350823,123194.61910000
2023-06-30 00:00:00.000000 ,1851.99000000,1948.60000000,1825.01000000,1933.79000000,716538.10350000,1353630452.61544500,824889,345435.65260000
2023-07-01 00:00:00.000000 ,1933.80000000,1944.56000000,1909.44000000,1924.50000000,178373.36880000,343093755.61273600,307019,88294.47030000
2023-07-02 00:00:00.000000 ,1924.50000000,1959.20000000,1885.75000000,1937.48000000,255852.78320000,491981842.96013900,381133,127341.96230000
2023-07-03 00:00:00.000000 ,1937.49000000,1976.16000000,1933.55000000,1955.54000000,322102.42950000,631158998.81141600,404084,156608.64050000
2023-07-04 00:00:00.000000 ,1955.55000000,1967.08000000,1931.58000000,1936.20000000,205525.09840000,401186997.24983800,307691,93898.54220000
2023-07-05 00:00:00.000000 ,1936.19000000,1942.50000000,1894.51000000,1910.36000000,267633.47830000,512774138.21894900,362985,128057.05960000
2023-07-06 00:00:00.000000 ,1910.35000000,1958.00000000,1846.00000000,1846.17000000,456362.74100000,868009586.22327000,519031,225559.18200000
2023-07-07 00:00:00.000000 ,1846.17000000,1878.00000000,1826.00000000,1870.91000000,232944.34660000,432733381.05496700,355260,115143.08730000
2023-07-08 00:00:00.000000 ,1870.92000000,1876.00000000,1842.80000000,1865.24000000,125819.82730000,234001180.80462500,228589,62592.51970000
2023-07-09 00:00:00.000000 ,1865.24000000,1879.36000000,1856.15000000,1862.80000000,135046.37430000,252189550.05161000,234925,67977.91700000
2023-07-10 00:00:00.000000 ,1862.81000000,1905.50000000,1846.63000000,1880.40000000,247868.14940000,464186441.16338200,338462,123964.15400000
2023-07-11 00:00:00.000000 ,1880.41000000,1891.99000000,1862.38000000,1878.30000000,177771.61170000,333339876.93269600,256360,85214.33010000
2023-07-12 00:00:00.000000 ,1878.31000000,1902.00000000,1864.37000000,1871.82000000,264406.86730000,498567734.55913300,338468,127657.95260000
2023-07-13 00:00:00.000000 ,1871.82000000,2012.63000000,1862.59000000,2004.49000000,548861.42070000,1069502144.02619400,618276,275375.01890000
2023-07-14 00:00:00.000000 ,2004.49000000,2029.11000000,1898.39000000,1937.83000000,498724.03590000,982369872.01990000,604687,233071.08200000
2023-07-15 00:00:00.000000 ,1937.82000000,1946.37000000,1926.23000000,1931.41000000,135181.76630000,261553961.16751500,242818,65759.39380000
2023-07-16 00:00:00.000000 ,1931.41000000,1943.55000000,1914.00000000,1922.11000000,148667.10510000,286787440.45690100,253770,69691.91530000
2023-07-17 00:00:00.000000 ,1922.12000000,1936.18000000,1873.26000000,1911.20000000,277159.03490000,528662412.29765800,391391,134997.43870000
2023-07-18 00:00:00.000000 ,1911.21000000,1917.19000000,1875.73000000,1897.21000000,215780.50060000,409583830.87633300,315100,104433.40230000
2023-07-19 00:00:00.000000 ,1897.21000000,1922.04000000,1882.17000000,1888.63000000,218045.00050000,415268112.54340100,266831,108435.73970000
2023-07-20 00:00:00.000000 ,1888.64000000,1929.05000000,1878.00000000,1891.59000000,292907.51640000,556981450.45530100,353180,146238.33710000
2023-07-21 00:00:00.000000 ,1891.59000000,1905.74000000,1884.64000000,1891.73000000,165554.04280000,313414135.89511100,260385,80526.66420000
2023-07-22 00:00:00.000000 ,1891.73000000,1897.35000000,1851.18000000,1866.52000000,131901.64870000,247820592.76861300,240897,63386.28070000
2023-07-23 00:00:00.000000 ,1866.52000000,1905.25000000,1857.82000000,1888.73000000,153501.01780000,288736391.86133800,254227,77750.79530000
2023-07-24 00:00:00.000000 ,1888.74000000,1890.86000000,1833.19000000,1850.00000000,276504.55470000,512402907.45784500,336366,132903.49640000
2023-07-25 00:00:00.000000 ,1850.00000000,1868.71000000,1845.45000000,1857.66000000,152251.21000000,282696600.92125700,248856,74772.69460000
2023-07-26 00:00:00.000000 ,1857.66000000,1888.00000000,1848.35000000,1872.00000000,272090.53330000,507049348.71731100,319851,148093.90820000
2023-07-27 00:00:00.000000 ,1871.99000000,1886.11000000,1854.84000000,1861.28000000,163766.42590000,306463587.40202000,252294,80701.93000000
2023-07-28 00:00:00.000000 ,1861.29000000,1883.39000000,1856.52000000,1874.19000000,138695.71470000,259228467.50226200,219389,70493.20350000
2023-07-29 00:00:00.000000 ,1874.20000000,1886.58000000,1869.54000000,1880.46000000,72867.02690000,136676328.67955000,166385,35883.35010000
2023-07-30 00:00:00.000000 ,1880.45000000,1885.30000000,1848.17000000,1861.79000000,158657.59020000,296504225.22149700,247858,82527.46300000
2023-07-31 00:00:00.000000 ,1861.79000000,1877.40000000,1851.02000000,1856.14000000,168204.45340000,313517086.16175500,246487,81667.85240000
2023-08-01 00:00:00.000000 ,1856.13000000,1875.62000000,1813.80000000,1873.47000000,358476.09660000,659100582.10844800,411508,170424.36490000
2023-08-02 00:00:00.000000 ,1873.48000000,1879.74000000,1821.21000000,1839.90000000,254213.05530000,470466371.26278600,331270,122977.56270000
2023-08-03 00:00:00.000000 ,1839.90000000,1859.12000000,1826.00000000,1835.81000000,171148.05200000,315081750.38648000,254918,84099.07300000
2023-08-04 00:00:00.000000 ,1835.81000000,1851.31000000,1815.74000000,1830.23000000,187699.45520000,344687096.60203800,256002,90965.14430000
2023-08-05 00:00:00.000000 ,1830.24000000,1839.00000000,1827.50000000,1836.48000000,93657.32550000,171683574.02264300,174254,46888.39410000
2023-08-06 00:00:00.000000 ,1836.48000000,1838.58000000,1825.86000000,1830.28000000,90403.99150000,165701947.01934500,169928,43827.85150000
2023-08-07 00:00:00.000000 ,1830.28000000,1847.00000000,1802.00000000,1829.10000000,224092.90590000,409166592.89164900,289161,109927.11500000
2023-08-08 00:00:00.000000 ,1829.10000000,1876.51000000,1826.33000000,1856.30000000,236336.03000000,436891258.63485800,322607,121075.13870000
2023-08-09 00:00:00.000000 ,1856.30000000,1871.99000000,1846.28000000,1855.35000000,191926.83430000,356559464.88331800,266834,93172.68950000
2023-08-10 00:00:00.000000 ,1855.36000000,1865.95000000,1845.38000000,1852.47000000,127321.45530000,236043286.65635100,208017,62527.36150000
2023-08-11 00:00:00.000000 ,1852.47000000,1857.26000000,1838.05000000,1848.84000000,113209.31030000,209237745.63836000,197546,54665.68090000
2023-08-12 00:00:00.000000 ,1848.84000000,1854.01000000,1846.08000000,1849.93000000,63292.64760000,117106742.56984400,154110,32218.95280000
2023-08-13 00:00:00.000000 ,1849.94000000,1862.00000000,1834.51000000,1840.73000000,120674.13640000,222956657.34742800,211874,69109.15080000
2023-08-14 00:00:00.000000 ,1840.73000000,1856.50000000,1835.00000000,1845.50000000,150196.12030000,277387603.67740300,244296,69702.79570000
2023-08-15 00:00:00.000000 ,1845.50000000,1847.36000000,1814.00000000,1828.98000000,186081.69890000,341622741.95627100,264314,85927.31880000
2023-08-16 00:00:00.000000 ,1828.98000000,1831.52000000,1798.17000000,1807.81000000,205430.73680000,373631455.89955800,311372,94619.39960000
2023-08-17 00:00:00.000000 ,1807.81000000,1809.99000000,1550.00000000,1681.49000000,812138.21590000,1390504308.00338100,906515,389817.18110000
2023-08-18 00:00:00.000000 ,1681.49000000,1699.40000000,1641.02000000,1661.59000000,538083.10180000,901117750.71732300,597838,256018.67180000
2023-08-19 00:00:00.000000 ,1661.60000000,1696.72000000,1654.31000000,1669.67000000,231919.04850000,387407573.38040000,312174,116535.73010000
2023-08-20 00:00:00.000000 ,1669.68000000,1694.75000000,1662.03000000,1685.24000000,195623.52630000,327342264.94863000,275035,94917.00420000
2023-08-21 00:00:00.000000 ,1685.23000000,1688.59000000,1649.40000000,1667.55000000,250835.15180000,418860905.06739700,297843,117136.71800000
2023-08-22 00:00:00.000000 ,1667.56000000,1669.38000000,1580.00000000,1634.99000000,402012.04500000,657589420.92301800,484314,187447.18470000
2023-08-23 00:00:00.000000 ,1635.00000000,1702.11000000,1629.05000000,1679.61000000,374761.10880000,622717740.76397000,472134,180299.08850000
2023-08-24 00:00:00.000000 ,1679.61000000,1683.37000000,1635.28000000,1661.16000000,231539.78050000,383948287.50042600,287178,111082.65850000
2023-08-25 00:00:00.000000 ,1661.16000000,1677.22000000,1635.51000000,1653.80000000,236261.68980000,390502520.58229600,307211,114825.18610000
2023-08-26 00:00:00.000000 ,1653.79000000,1655.59000000,1644.00000000,1647.04000000,79175.42500000,130634757.64833300,157980,36874.95360000
2023-08-27 00:00:00.000000 ,1647.03000000,1660.24000000,1646.32000000,1658.33000000,87789.91960000,145109143.68383600,163046,45374.45330000
2023-08-28 00:00:00.000000 ,1658.33000000,1664.34000000,1621.75000000,1653.08000000,214351.01430000,352868062.83225000,274580,103654.50890000
2023-08-29 00:00:00.000000 ,1653.08000000,1745.84000000,1640.00000000,1729.42000000,494371.08230000,842464924.52209200,504683,251594.26520000
2023-08-30 00:00:00.000000 ,1729.41000000,1730.93000000,1694.34000000,1705.23000000,202841.44020000,347291135.28552000,308391,97462.27280000
2023-08-31 00:00:00.000000 ,1705.23000000,1729.00000000,1630.00000000,1645.76000000,330518.26680000,554219312.09431100,396774,158776.94210000
2023-09-01 00:00:00.000000 ,1645.77000000,1654.53000000,1602.33000000,1629.12000000,302406.16860000,493457144.93884900,368740,152891.86550000
2023-09-02 00:00:00.000000 ,1629.13000000,1645.00000000,1628.03000000,1637.03000000,102145.94760000,166937240.93397200,208209,50845.85580000
2023-09-03 00:00:00.000000 ,1637.02000000,1647.50000000,1625.14000000,1635.84000000,116767.28620000,190979647.35331100,216339,58997.60720000
2023-09-04 00:00:00.000000 ,1635.84000000,1644.82000000,1616.32000000,1630.51000000,168010.90560000,274049115.41792200,275381,79390.44060000
2023-09-05 00:00:00.000000 ,1630.52000000,1648.02000000,1609.69000000,1634.45000000,204365.49070000,333010633.96395500,299045,92320.42680000
2023-09-06 00:00:00.000000 ,1634.46000000,1670.00000000,1609.20000000,1633.15000000,219541.01930000,358419121.47431900,331227,106351.46940000
2023-09-07 00:00:00.000000 ,1633.15000000,1660.00000000,1623.40000000,1648.11000000,228558.27820000,374542954.19473200,319517,108679.21550000
2023-09-08 00:00:00.000000 ,1648.11000000,1658.93000000,1616.21000000,1636.44000000,221570.04580000,362938822.78561800,312966,109915.19530000
2023-09-09 00:00:00.000000 ,1636.43000000,1637.52000000,1629.74000000,1635.54000000,58519.62290000,95627623.41755600,156305,26774.70470000
2023-09-10 00:00:00.000000 ,1635.53000000,1635.70000000,1600.00000000,1617.42000000,207957.84280000,336517904.44357200,292581,100039.46380000
2023-09-11 00:00:00.000000 ,1617.42000000,1619.00000000,1531.01000000,1551.85000000,417424.81890000,657137141.34232000,470056,202066.27300000
2023-09-12 00:00:00.000000 ,1551.84000000,1626.00000000,1549.67000000,1592.97000000,329739.96850000,525392019.74439200,444268,163861.72240000
2023-09-13 00:00:00.000000 ,1592.97000000,1619.30000000,1581.88000000,1607.62000000,223409.28890000,357304191.67390100,349327,107880.37120000
2023-09-14 00:00:00.000000 ,1607.61000000,1644.29000000,1607.05000000,1626.47000000,275301.15050000,447913522.75155000,414952,138634.91200000
2023-09-15 00:00:00.000000 ,1626.48000000,1654.08000000,1611.42000000,1641.29000000,181340.02400000,295616593.10786500,313776,88087.76060000
2023-09-16 00:00:00.000000 ,1641.30000000,1653.17000000,1631.31000000,1634.40000000,99555.46710000,163144495.69107900,245713,43821.93810000
2023-09-17 00:00:00.000000 ,1634.40000000,1635.00000000,1612.00000000,1622.48000000,120227.41170000,195464805.89100300,264713,53504.64230000
2023-09-18 00:00:00.000000 ,1622.48000000,1669.50000000,1603.88000000,1636.66000000,279041.69780000,458235380.24668600,453410,138512.84180000
2023-09-19 00:00:00.000000 ,1636.66000000,1661.04000000,1626.32000000,1643.12000000,184282.42580000,302910996.59182800,350549,87617.88890000
2023-09-20 00:00:00.000000 ,1643.13000000,1649.34000000,1604.51000000,1622.26000000,232844.23470000,379255954.95170500,382581,110068.56250000
2023-09-21 00:00:00.000000 ,1622.27000000,1625.30000000,1567.77000000,1583.94000000,240627.54400000,384503484.65584100,368163,113477.52690000
2023-09-22 00:00:00.000000 ,1583.94000000,1602.68000000,1576.58000000,1593.08000000,124886.09100000,198987470.05588800,267398,59931.03820000
2023-09-23 00:00:00.000000 ,1593.07000000,1598.24000000,1587.45000000,1593.86000000,64537.13410000,102806906.08343100,217950,29897.50660000
2023-09-24 00:00:00.000000 ,1593.85000000,1601.12000000,1570.01000000,1580.71000000,137517.85330000,218549215.97400900,307377,69567.52880000
2023-09-25 00:00:00.000000 ,1580.71000000,1597.50000000,1563.01000000,1588.33000000,176706.92770000,279294486.72266100,405042,86242.67550000
2023-09-26 00:00:00.000000 ,1588.34000000,1599.78000000,1580.05000000,1594.01000000,125583.01610000,199551097.28954800,317309,60123.62820000
2023-09-27 00:00:00.000000 ,1594.02000000,1634.10000000,1583.50000000,1598.64000000,274404.43280000,440883556.96005400,478489,130309.72470000
2023-09-28 00:00:00.000000 ,1598.63000000,1668.21000000,1598.14000000,1652.99000000,331409.70150000,541873730.29669800,567825,161317.02190000
2023-09-29 00:00:00.000000 ,1653.00000000,1688.00000000,1648.37000000,1667.45000000,251975.67280000,420335662.09662800,494615,119324.55780000
2023-09-30 00:00:00.000000 ,1667.45000000,1694.32000000,1666.19000000,1670.89000000,136924.91410000,229630339.53543700,342315,74748.05190000
2023-10-01 00:00:00.000000 ,1670.89000000,1751.00000000,1668.00000000,1733.79000000,225611.58680000,383793846.18348800,495195,113996.16590000
2023-10-02 00:00:00.000000 ,1733.80000000,1744.00000000,1636.79000000,1662.40000000,378575.68980000,643680600.09260300,773990,181099.22020000
2023-10-03 00:00:00.000000 ,1662.41000000,1670.65000000,1643.00000000,1656.88000000,198287.11640000,328606758.39861700,530016,93742.61540000
2023-10-04 00:00:00.000000 ,1656.88000000,1657.66000000,1625.00000000,1646.58000000,222861.71670000,365919693.07999000,553269,105410.57680000
2023-10-05 00:00:00.000000 ,1646.58000000,1655.47000000,1606.73000000,1611.79000000,237378.74490000,386770321.77235200,545845,110822.14590000
2023-10-06 00:00:00.000000 ,1611.79000000,1662.00000000,1611.68000000,1645.03000000,220507.92860000,360565723.57884400,539488,109623.00060000
2023-10-07 00:00:00.000000 ,1645.03000000,1647.71000000,1630.03000000,1633.57000000,101241.57320000,165907550.80901300,288695,47002.98120000
2023-10-08 00:00:00.000000 ,1633.56000000,1641.40000000,1616.17000000,1632.84000000,149424.66350000,243516204.38871700,372636,72838.61570000
2023-10-09 00:00:00.000000 ,1632.85000000,1636.00000000,1546.00000000,1580.13000000,340141.09880000,540588837.45958900,646240,167250.98390000
2023-10-10 00:00:00.000000 ,1580.13000000,1594.90000000,1550.55000000,1567.63000000,240659.32870000,378967575.34008300,613660,122514.98030000
2023-10-11 00:00:00.000000 ,1567.62000000,1578.43000000,1544.26000000,1566.87000000,260253.96710000,406667649.14402200,605321,134785.48640000
2023-10-12 00:00:00.000000 ,1566.86000000,1568.56000000,1521.00000000,1539.61000000,237221.49770000,366335747.01366700,510960,110863.92500000
2023-10-13 00:00:00.000000 ,1539.61000000,1575.36000000,1537.76000000,1552.16000000,192205.87360000,297929349.18692500,520123,92439.20410000
2023-10-14 00:00:00.000000 ,1552.16000000,1561.72000000,1544.55000000,1554.94000000,100314.67540000,155648012.90784400,281561,41626.75670000
2023-10-15 00:00:00.000000 ,1554.94000000,1567.62000000,1547.44000000,1557.77000000,120311.27380000,187266232.06238600,316951,57789.47240000
2023-10-16 00:00:00.000000 ,1557.78000000,1639.43000000,1555.06000000,1599.42000000,418510.86440000,665124956.25364000,729569,215767.08560000
2023-10-17 00:00:00.000000 ,1599.41000000,1600.53000000,1551.08000000,1565.01000000,234817.06990000,370032208.15675400,475213,106364.46260000
2023-10-18 00:00:00.000000 ,1565.01000000,1585.42000000,1555.88000000,1563.44000000,177750.22530000,279357949.45458000,440577,87939.03430000
2023-10-19 00:00:00.000000 ,1563.45000000,1574.45000000,1541.61000000,1566.57000000,216217.66750000,336684246.04449600,469598,101807.26510000
2023-10-20 00:00:00.000000 ,1566.57000000,1630.40000000,1561.19000000,1603.89000000,315995.79200000,506065182.98231400,651738,158954.72470000
2023-10-21 00:00:00.000000 ,1603.88000000,1644.53000000,1592.36000000,1628.94000000,176419.40920000,285546594.56213000,463033,89419.90930000
2023-10-22 00:00:00.000000 ,1628.94000000,1667.80000000,1621.10000000,1663.70000000,228650.92250000,374841495.30439100,580843,108635.98610000
2023-10-23 00:00:00.000000 ,1663.69000000,1800.00000000,1657.07000000,1765.46000000,610931.96630000,1044121568.09905400,1167834,302609.53350000
2023-10-24 00:00:00.000000 ,1765.47000000,1854.38000000,1756.21000000,1784.98000000,674055.13750000,1216867823.89922500,1308532,335960.76130000
2023-10-25 00:00:00.000000 ,1784.98000000,1817.69000000,1760.00000000,1787.15000000,354410.82940000,634289515.56577900,774777,177656.30270000
2023-10-26 00:00:00.000000 ,1787.15000000,1865.54000000,1762.21000000,1803.38000000,431169.04530000,781481904.95969700,901019,216166.78560000
2023-10-27 00:00:00.000000 ,1803.39000000,1803.91000000,1744.66000000,1779.40000000,274532.69210000,488398895.21753700,594592,137263.46820000
2023-10-28 00:00:00.000000 ,1779.41000000,1803.23000000,1770.00000000,1776.20000000,122919.73820000,219588597.64105000,333711,59590.45430000
2023-10-29 00:00:00.000000 ,1776.21000000,1811.30000000,1762.66000000,1795.14000000,144110.65080000,258015412.93155400,371024,68282.97790000
2023-10-30 00:00:00.000000 ,1795.14000000,1829.84000000,1777.77000000,1809.04000000,277686.19200000,501228029.31760500,560359,134895.64800000
2023-10-31 00:00:00.000000 ,1809.03000000,1819.41000000,1780.99000000,1814.67000000,258074.57960000,464695558.99525400,577888,120112.91540000
2023-11-01 00:00:00.000000 ,1814.67000000,1857.66000000,1783.19000000,1846.99000000,471921.61840000,858744655.31150800,862416,234932.89940000
2023-11-02 00:00:00.000000 ,1846.99000000,1875.00000000,1785.01000000,1800.80000000,368738.21930000,674522153.76558900,790110,185623.84900000
2023-11-03 00:00:00.000000 ,1800.79000000,1834.58000000,1777.11000000,1832.71000000,315000.26780000,568244477.51770300,713592,148670.14460000
2023-11-04 00:00:00.000000 ,1832.70000000,1869.90000000,1824.03000000,1855.54000000,171538.03640000,315560482.70251600,463794,90964.88280000
2023-11-05 00:00:00.000000 ,1855.54000000,1912.67000000,1846.11000000,1891.71000000,383106.76280000,721508408.94399200,780672,194760.18480000
2023-11-06 00:00:00.000000 ,1891.71000000,1914.23000000,1868.48000000,1900.95000000,328746.23940000,622198937.15669200,717293,163547.45760000
2023-11-07 00:00:00.000000 ,1900.95000000,1906.99000000,1850.32000000,1885.27000000,332419.44060000,625566317.42704500,760921,157050.09940000
2023-11-08 00:00:00.000000 ,1885.26000000,1904.69000000,1872.51000000,1888.12000000,247881.09970000,468144576.74145400,514836,125671.61970000
2023-11-09 00:00:00.000000 ,1888.11000000,2132.00000000,1882.07000000,2121.32000000,1100330.32370000,2200484378.92985000,1657379,576184.41160000
2023-11-10 00:00:00.000000 ,2121.33000000,2136.99000000,2064.61000000,2077.72000000,555573.64950000,1167220520.82826100,880646,270796.81850000
2023-11-11 00:00:00.000000 ,2077.72000000,2089.60000000,2030.30000000,2053.17000000,370966.03720000,763796737.40937500,675522,177075.17870000
2023-11-12 00:00:00.000000 ,2053.16000000,2066.50000000,2012.10000000,2044.68000000,281907.55900000,577153459.51571000,556231,142320.70720000
2023-11-13 00:00:00.000000 ,2044.69000000,2118.00000000,2028.49000000,2053.65000000,529143.58150000,1093862454.32137400,1025249,261963.73590000
2023-11-14 00:00:00.000000 ,2053.65000000,2064.96000000,1936.60000000,1979.39000000,481909.73300000,972032428.32657300,884487,227697.39860000
2023-11-15 00:00:00.000000 ,1979.40000000,2062.40000000,1967.01000000,2058.48000000,421870.80320000,847945999.66400000,731745,214270.80550000
2023-11-16 00:00:00.000000 ,2058.49000000,2090.40000000,1939.10000000,1961.77000000,545286.12970000,1101174547.30860900,991673,258249.24060000
2023-11-17 00:00:00.000000 ,1961.77000000,1991.50000000,1904.00000000,1960.82000000,401100.50690000,783561858.01188900,788071,190084.30410000
2023-11-18 00:00:00.000000 ,1960.82000000,1971.22000000,1916.00000000,1962.60000000,279368.22080000,543924395.73302800,535494,125794.98940000
2023-11-19 00:00:00.000000 ,1962.59000000,2015.75000000,1942.89000000,2011.47000000,251132.61920000,494600634.89114600,506631,126144.44170000
2023-11-20 00:00:00.000000 ,2011.47000000,2066.40000000,1990.00000000,2021.40000000,421717.67900000,854002757.45117200,751621,202758.58950000
2023-11-21 00:00:00.000000 ,2021.41000000,2034.60000000,1931.43000000,1933.01000000,490163.98630000,974304142.39717400,888864,228457.66450000
2023-11-22 00:00:00.000000 ,1933.01000000,2092.46000000,1928.41000000,2063.21000000,466120.51090000,943776525.65738000,796700,230629.99370000
2023-11-23 00:00:00.000000 ,2063.22000000,2088.94000000,2040.35000000,2062.20000000,250960.69580000,517482313.45225600,527877,125214.91690000
2023-11-24 00:00:00.000000 ,2062.21000000,2133.02000000,2059.37000000,2080.84000000,426932.54020000,894370772.51811400,672044,209685.71700000
2023-11-25 00:00:00.000000 ,2080.84000000,2090.54000000,2065.30000000,2083.09000000,138847.39300000,288887833.97800400,350920,69009.33430000
2023-11-26 00:00:00.000000 ,2083.10000000,2094.99000000,2036.42000000,2062.33000000,241262.91360000,499314260.83391500,510922,118774.15090000
2023-11-27 00:00:00.000000 ,2062.34000000,2071.24000000,1985.78000000,2027.50000000,326073.22980000,660673302.74006000,622522,159492.23910000
2023-11-28 00:00:00.000000 ,2027.50000000,2075.00000000,1995.15000000,2048.14000000,283775.92790000,578404413.95846800,606358,146633.56520000
2023-11-29 00:00:00.000000 ,2048.14000000,2075.70000000,2019.31000000,2028.81000000,254843.73190000,521225853.33225000,503614,125984.04410000
2023-11-30 00:00:00.000000 ,2028.80000000,2054.75000000,2020.85000000,2051.96000000,243680.09210000,496360388.66638500,458227,123357.98750000
2023-12-01 00:00:00.000000 ,2051.95000000,2110.87000000,2045.04000000,2087.24000000,372645.58600000,778670941.03376000,598646,193580.10240000
2023-12-02 00:00:00.000000 ,2087.24000000,2186.60000000,2086.25000000,2164.74000000,320979.97680000,684434398.68424500,618401,177507.90650000
2023-12-03 00:00:00.000000 ,2164.75000000,2217.27000000,2149.00000000,2192.95000000,257879.11360000,560343820.02850900,556948,135206.30790000
2023-12-04 00:00:00.000000 ,2192.96000000,2274.28000000,2191.00000000,2243.37000000,565307.71340000,1263069834.20861200,980117,283090.74670000
2023-12-05 00:00:00.000000 ,2243.36000000,2309.72000000,2188.33000000,2293.33000000,529829.72140000,1190597719.19322700,1018557,272102.51620000
2023-12-06 00:00:00.000000 ,2293.33000000,2312.23000000,2220.00000000,2232.70000000,408338.90560000,925926168.10934200,842212,201586.64380000
2023-12-07 00:00:00.000000 ,2232.70000000,2382.80000000,2222.00000000,2355.73000000,485190.06090000,1115389522.52305300,921917,253392.50300000
2023-12-08 00:00:00.000000 ,2355.74000000,2392.00000000,2336.34000000,2358.72000000,378569.81260000,893841920.83732000,713431,188434.41100000
2023-12-09 00:00:00.000000 ,2358.71000000,2403.00000000,2328.01000000,2340.49000000,287771.06640000,679437458.93125400,648813,143129.42620000
2023-12-10 00:00:00.000000 ,2340.48000000,2377.47000000,2320.00000000,2352.39000000,200037.21020000,469860963.94715300,464455,98846.24030000
2023-12-11 00:00:00.000000 ,2352.39000000,2355.00000000,2156.62000000,2225.12000000,640414.91660000,1426910964.96622000,1153316,310376.71830000
2023-12-12 00:00:00.000000 ,2225.11000000,2244.12000000,2166.00000000,2203.46000000,361588.90870000,799015127.41497400,804062,174479.15720000
2023-12-13 00:00:00.000000 ,2203.47000000,2284.02000000,2144.32000000,2260.16000000,418916.61540000,922420273.94725300,897019,208136.21200000
2023-12-14 00:00:00.000000 ,2260.16000000,2332.11000000,2228.20000000,2315.32000000,409508.09310000,934716057.65086400,918965,199995.25980000
2023-12-15 00:00:00.000000 ,2315.32000000,2317.81000000,2200.00000000,2220.50000000,333552.63280000,754022987.24772200,714102,158002.09790000
2023-12-16 00:00:00.000000 ,2220.51000000,2263.40000000,2210.00000000,2228.96000000,199285.92300000,446980227.08283500,528692,102517.14940000
2023-12-17 00:00:00.000000 ,2228.96000000,2248.68000000,2191.50000000,2196.52000000,225925.76750000,501306718.24280800,531241,110196.73310000
2023-12-18 00:00:00.000000 ,2196.53000000,2224.00000000,2116.60000000,2219.43000000,364103.11810000,789100505.03171100,769310,185328.36640000
2023-12-19 00:00:00.000000 ,2219.44000000,2255.00000000,2135.55000000,2177.91000000,383551.40490000,847060839.70839800,786067,199184.67690000
2023-12-20 00:00:00.000000 ,2177.90000000,2266.00000000,2156.00000000,2202.17000000,416841.62720000,922794580.70340200,867198,217937.72750000
2023-12-21 00:00:00.000000 ,2202.17000000,2279.31000000,2182.98000000,2239.61000000,453069.72520000,1010354340.13579900,848508,231043.88830000
2023-12-22 00:00:00.000000 ,2239.60000000,2343.15000000,2230.59000000,2324.54000000,591357.48800000,1358322906.95807800,1124820,304284.72800000
2023-12-23 00:00:00.000000 ,2324.54000000,2330.65000000,2265.00000000,2308.20000000,255626.93520000,586078143.24207900,588229,125338.90030000
2023-12-24 00:00:00.000000 ,2308.20000000,2326.19000000,2245.00000000,2264.05000000,307951.07600000,705420988.78504000,711200,149344.80480000
2023-12-25 00:00:00.000000 ,2264.04000000,2304.80000000,2253.10000000,2271.35000000,286277.16160000,652158658.25835100,613108,142610.65470000
2023-12-26 00:00:00.000000 ,2271.36000000,2274.99000000,2178.45000000,2230.88000000,410413.15910000,916097827.49845000,701701,204347.73880000
2023-12-27 00:00:00.000000 ,2230.88000000,2392.44000000,2211.88000000,2378.35000000,541537.35740000,1250873719.55066100,978666,275739.28200000
2023-12-28 00:00:00.000000 ,2378.35000000,2445.80000000,2335.00000000,2344.15000000,580459.98200000,1385456486.28619100,1241094,286686.85360000
2023-12-29 00:00:00.000000 ,2344.15000000,2385.41000000,2255.34000000,2299.20000000,450201.20690000,1049566350.12220900,990308,220819.11790000
2023-12-30 00:00:00.000000 ,2299.20000000,2322.84000000,2268.00000000,2291.68000000,210539.13270000,483369913.47884600,555932,104439.50030000
2023-12-31 00:00:00.000000 ,2291.68000000,2321.34000000,2258.88000000,2281.87000000,222175.87790000,510046689.18739600,548848,109570.80690000
2024-01-01 00:00:00.000000 ,2281.87000000,2352.37000000,2265.24000000,2352.04000000,216702.69140000,500451219.61280600,536670,112374.43700000
2024-01-02 00:00:00.000000 ,2352.05000000,2431.30000000,2341.00000000,2355.34000000,458041.66420000,1090922198.04909100,1028335,223746.24220000
2024-01-03 00:00:00.000000 ,2355.35000000,2385.45000000,2100.00000000,2209.72000000,798729.48690000,1797597895.17990400,1351067,401227.76080000
2024-01-04 00:00:00.000000 ,2209.72000000,2294.69000000,2201.91000000,2267.11000000,448844.05500000,1009072619.20677300,780771,234794.62830000
2024-01-05 00:00:00.000000 ,2267.11000000,2277.21000000,2206.17000000,2268.78000000,405568.00060000,910367621.18166200,758963,213615.44270000
2024-01-06 00:00:00.000000 ,2268.78000000,2270.00000000,2216.40000000,2240.78000000,194067.86560000,434867515.95915700,450441,96482.41730000
2024-01-07 00:00:00.000000 ,2240.77000000,2258.01000000,2203.46000000,2221.42000000,207138.69270000,463525159.25742900,516569,102848.67020000
2024-01-08 00:00:00.000000 ,2221.42000000,2358.20000000,2166.38000000,2330.44000000,539407.55470000,1221527410.44082200,1069027,279216.73100000
2024-01-09 00:00:00.000000 ,2330.43000000,2371.72000000,2226.78000000,2344.29000000,551454.99310000,1267764132.83607700,1196445,273075.88920000
2024-01-10 00:00:00.000000 ,2344.30000000,2643.10000000,2339.59000000,2584.38000000,1038388.66600000,2536320982.38854300,2010707,535126.43720000
2024-01-11 00:00:00.000000 ,2584.37000000,2689.39000000,2566.01000000,2618.01000000,838712.25770000,2194916359.19164600,1693755,422894.05640000
2024-01-12 00:00:00.000000 ,2618.01000000,2717.32000000,2458.00000000,2522.54000000,887457.76270000,2318179618.08691200,1860636,438363.57200000
2024-01-13 00:00:00.000000 ,2522.55000000,2590.00000000,2497.50000000,2578.19000000,422061.23200000,1075466481.72042000,898845,218172.40570000
2024-01-14 00:00:00.000000 ,2578.18000000,2578.69000000,2470.00000000,2472.87000000,306207.74630000,774962904.80711700,732294,144164.47900000
2024-01-15 00:00:00.000000 ,2472.87000000,2553.82000000,2470.92000000,2511.78000000,315247.88190000,793871974.87160100,789378,159083.43660000
2024-01-16 00:00:00.000000 ,2511.79000000,2614.43000000,2500.05000000,2587.40000000,381077.62470000,972060398.77460000,1140088,201471.81520000
2024-01-17 00:00:00.000000 ,2587.41000000,2592.97000000,2506.75000000,2530.19000000,366281.34770000,933809190.34820800,1140624,180607.81460000
2024-01-18 00:00:00.000000 ,2530.20000000,2550.00000000,2428.56000000,2470.81000000,452090.10740000,1129803152.91478800,894355,213299.17890000
2024-01-19 00:00:00.000000 ,2470.81000000,2504.20000000,2415.20000000,2492.00000000,424209.00290000,1047352971.89337000,855044,206802.95850000
2024-01-20 00:00:00.000000 ,2491.99000000,2492.00000000,2454.20000000,2472.01000000,136620.95770000,337794603.14760000,418938,64429.72620000
2024-01-21 00:00:00.000000 ,2472.02000000,2482.18000000,2452.13000000,2457.05000000,122572.16870000,303022758.72808200,360446,61174.35550000
2024-01-22 00:00:00.000000 ,2457.06000000,2466.10000000,2303.59000000,2314.20000000,526337.64920000,1252505758.32290400,933793,245492.64200000
2024-01-23 00:00:00.000000 ,2314.19000000,2352.23000000,2168.07000000,2242.60000000,700105.33140000,1568448812.43809000,1204183,342792.23580000
2024-01-24 00:00:00.000000 ,2242.60000000,2264.60000000,2196.12000000,2235.02000000,359851.14960000,802477123.10851500,801012,175571.10550000
2024-01-25 00:00:00.000000 ,2235.02000000,2242.89000000,2171.30000000,2218.64000000,330426.60610000,731016014.38228900,756164,167421.81490000
2024-01-26 00:00:00.000000 ,2218.64000000,2282.36000000,2195.84000000,2267.68000000,363566.42550000,815753832.16317100,823603,182453.18340000
2024-01-27 00:00:00.000000 ,2267.67000000,2282.94000000,2251.40000000,2267.94000000,145109.38360000,329102144.45981500,416970,71016.41810000
2024-01-28 00:00:00.000000 ,2267.94000000,2308.24000000,2239.89000000,2256.90000000,209326.90870000,476534769.15889200,566626,104154.04960000
2024-01-29 00:00:00.000000 ,2256.90000000,2322.34000000,2233.80000000,2317.60000000,305528.07760000,696374288.61947300,681798,162757.94930000
2024-01-30 00:00:00.000000 ,2317.61000000,2391.98000000,2297.00000000,2343.01000000,372879.57910000,871148737.16665800,770660,183075.94900000
2024-01-31 00:00:00.000000 ,2343.00000000,2351.60000000,2263.57000000,2283.14000000,397116.18590000,920131584.29010400,922884,190645.60670000
2024-02-01 00:00:00.000000 ,2283.15000000,2311.72000000,2240.00000000,2304.28000000,310997.45380000,708868445.04675500,779472,158219.25580000
2024-02-02 00:00:00.000000 ,2304.28000000,2324.74000000,2281.94000000,2309.06000000,238230.51100000,549302201.69764200,574621,124140.55470000
2024-02-03 00:00:00.000000 ,2309.07000000,2329.98000000,2292.75000000,2296.49000000,133232.84500000,307866239.18644200,397464,67739.16040000
2024-02-04 00:00:00.000000 ,2296.50000000,2311.00000000,2266.00000000,2289.79000000,171232.04440000,393039532.45206800,506684,86355.84790000
2024-02-05 00:00:00.000000 ,2289.79000000,2338.41000000,2269.11000000,2301.83000000,236610.41200000,545576620.00256500,730863,119477.20730000
2024-02-06 00:00:00.000000 ,2301.84000000,2392.40000000,2299.00000000,2372.64000000,368942.74980000,864113645.78768100,861796,194747.05030000
2024-02-07 00:00:00.000000 ,2372.63000000,2444.44000000,2354.00000000,2425.10000000,342791.70130000,820475884.30352100,860357,170845.03340000
2024-02-08 00:00:00.000000 ,2425.09000000,2463.15000000,2411.01000000,2419.55000000,338040.05390000,821961943.65209600,894102,171666.22000000
2024-02-09 00:00:00.000000 ,2419.56000000,2525.00000000,2419.16000000,2486.56000000,492384.38500000,1222635531.62879300,1134276,267424.63820000
2024-02-10 00:00:00.000000 ,2486.56000000,2516.45000000,2471.57000000,2500.24000000,185099.59000000,461966177.39475600,622723,92100.74680000
2024-02-11 00:00:00.000000 ,2500.24000000,2539.63000000,2493.45000000,2507.21000000,219975.14710000,553430378.32506900,711081,108625.54970000
2024-02-12 00:00:00.000000 ,2507.22000000,2665.58000000,2472.00000000,2659.99000000,449501.77600000,1152087242.12635800,1019390,234514.58820000
2024-02-13 00:00:00.000000 ,2659.99000000,2686.12000000,2590.00000000,2639.99000000,502447.74500000,1328138932.92916900,1044885,251035.41080000
2024-02-14 00:00:00.000000 ,2639.99000000,2786.00000000,2618.40000000,2774.81000000,461670.69440000,1258639954.54766500,1090412,239546.56980000
2024-02-15 00:00:00.000000 ,2774.80000000,2867.65000000,2759.25000000,2822.59000000,481689.18740000,1353587492.51477500,1347619,243023.63420000
2024-02-16 00:00:00.000000 ,2822.58000000,2857.40000000,2740.00000000,2801.80000000,378070.80370000,1062271564.48786000,1123447,185179.05050000
2024-02-17 00:00:00.000000 ,2801.81000000,2804.21000000,2719.01000000,2785.93000000,243302.87590000,673711593.25171300,969157,119901.82840000
2024-02-18 00:00:00.000000 ,2785.92000000,2895.00000000,2764.25000000,2881.20000000,367987.88330000,1037802342.59328700,1311570,195921.89910000
2024-02-19 00:00:00.000000 ,2881.20000000,2984.52000000,2856.93000000,2944.80000000,446451.04010000,1302430726.12966100,1539410,227406.12000000
2024-02-20 00:00:00.000000 ,2944.80000000,3033.09000000,2874.56000000,3014.81000000,634681.74710000,1868745481.64754900,1517960,326652.00620000
2024-02-21 00:00:00.000000 ,3014.81000000,3017.15000000,2868.00000000,2967.90000000,595955.00330000,1746960179.79394000,1256455,304412.85950000
2024-02-22 00:00:00.000000 ,2967.91000000,3036.02000000,2906.51000000,2971.40000000,563525.99360000,1676206889.45140500,1205856,287462.40820000
2024-02-23 00:00:00.000000 ,2971.40000000,2993.80000000,2906.05000000,2922.24000000,428826.57870000,1261137725.51195200,1003464,213798.49070000
2024-02-24 00:00:00.000000 ,2922.25000000,3007.48000000,2906.40000000,2992.62000000,243854.07830000,721993808.56619300,718718,129344.76130000
2024-02-25 00:00:00.000000 ,2992.62000000,3122.00000000,2983.61000000,3112.59000000,412306.22370000,1257766106.54629900,1085332,214481.50730000
2024-02-26 00:00:00.000000 ,3112.60000000,3196.00000000,3036.59000000,3175.94000000,546722.77470000,1703165045.24149200,1391934,261235.60850000
2024-02-27 00:00:00.000000 ,3175.95000000,3288.14000000,3160.02000000,3242.36000000,625939.12210000,2025805516.97493300,1676466,313778.34230000
2024-02-28 00:00:00.000000 ,3242.35000000,3488.00000000,3176.16000000,3383.10000000,947538.76600000,3153201034.91476300,2442603,475465.52590000
2024-02-29 00:00:00.000000 ,3383.11000000,3522.81000000,3300.00000000,3340.09000000,759698.11230000,2608623102.49017000,2112875,391723.24190000
2024-03-01 00:00:00.000000 ,3340.10000000,3450.00000000,3338.54000000,3433.43000000,412788.57730000,1405295834.57269400,1263130,199773.66220000
2024-03-02 00:00:00.000000 ,3433.42000000,3460.04000000,3390.01000000,3421.40000000,283984.94480000,971756920.45120900,926113,138242.27780000
2024-03-03 00:00:00.000000 ,3421.39000000,3491.80000000,3360.00000000,3487.81000000,341631.53100000,1172272660.98449000,1116823,168839.16330000
2024-03-04 00:00:00.000000 ,3487.80000000,3640.94000000,3423.78000000,3627.76000000,715360.63610000,2526905041.93919000,1953764,355054.02440000
2024-03-05 00:00:00.000000 ,3627.75000000,3822.04000000,3200.00000000,3553.65000000,1392904.86400000,5043847679.68348000,3265582,683199.44230000
2024-03-06 00:00:00.000000 ,3553.66000000,3900.00000000,3499.40000000,3818.59000000,969494.71000000,3652250924.27773700,2555462,479721.07800000
2024-03-07 00:00:00.000000 ,3818.58000000,3933.81000000,3735.00000000,3868.76000000,540780.67500000,2067607917.44370900,1636716,272250.41110000
2024-03-08 00:00:00.000000 ,3868.76000000,3993.75000000,3820.00000000,3883.36000000,646399.25890000,2534209920.00556500,1657141,322673.29910000
2024-03-09 00:00:00.000000 ,3883.37000000,3942.00000000,3870.01000000,3905.21000000,254839.13860000,995823688.31355300,819335,128650.61440000
2024-03-10 00:00:00.000000 ,3905.20000000,3964.67000000,3791.26000000,3878.47000000,356664.68000000,1393415653.98342000,1195480,170475.83890000
2024-03-11 00:00:00.000000 ,3878.47000000,4086.23000000,3722.95000000,4064.80000000,721554.51390000,2874119154.30335900,1894504,332359.66550000
2024-03-12 00:00:00.000000 ,4064.80000000,4093.92000000,3828.98000000,3979.96000000,632787.39410000,2522475873.08181000,1878541,317065.07300000
2024-03-13 00:00:00.000000 ,3979.97000000,4083.00000000,3932.23000000,4004.79000000,482305.77660000,1933909390.30212400,1536498,246106.07390000
2024-03-14 00:00:00.000000 ,4004.79000000,4010.98000000,3723.00000000,3881.70000000,648237.52450000,2520007951.69120000,1919963,314205.63220000
2024-03-15 00:00:00.000000 ,3881.69000000,3934.02000000,3570.00000000,3742.19000000,947537.40710000,3513477459.32044900,2487337,465197.94890000
2024-03-16 00:00:00.000000 ,3742.19000000,3781.12000000,3468.80000000,3523.09000000,548288.15690000,1999176881.31261500,1798939,262005.60190000
2024-03-17 00:00:00.000000 ,3523.09000000,3678.68000000,3412.00000000,3644.71000000,517790.99360000,1843487764.62131400,1721355,255961.30400000
2024-03-18 00:00:00.000000 ,3644.70000000,3645.02000000,3454.09000000,3520.46000000,570901.28510000,2029690613.72146200,1906387,273425.62550000
2024-03-19 00:00:00.000000 ,3520.47000000,3548.09000000,3150.88000000,3158.64000000,1049629.69360000,3474307712.27645600,2647385,486413.34360000
2024-03-20 00:00:00.000000 ,3158.65000000,3535.24000000,3056.56000000,3516.53000000,1207322.82010000,3957251428.89904100,2987953,589456.89720000
2024-03-21 00:00:00.000000 ,3516.53000000,3587.32000000,3412.00000000,3492.85000000,602755.20720000,2114084858.15653500,1791989,295366.00080000
2024-03-22 00:00:00.000000 ,3492.84000000,3542.52000000,3250.00000000,3336.35000000,558848.88800000,1891771641.01900700,1747756,278223.99010000
2024-03-23 00:00:00.000000 ,3336.35000000,3435.48000000,3270.08000000,3329.53000000,323675.94480000,1089778379.60122900,1129683,154840.95290000
2024-03-24 00:00:00.000000 ,3329.53000000,3471.22000000,3298.76000000,3454.98000000,260824.14080000,879033073.03145400,1090982,131855.25550000
2024-03-25 00:00:00.000000 ,3454.99000000,3666.00000000,3420.12000000,3590.42000000,548577.69420000,1945377748.66027000,1610130,294233.11020000
2024-03-26 00:00:00.000000 ,3590.43000000,3678.86000000,3542.62000000,3587.33000000,499013.83840000,1800812035.84622400,1373691,232584.36360000
2024-03-27 00:00:00.000000 ,3587.32000000,3665.84000000,3460.02000000,3501.19000000,443195.32970000,1576098628.30797600,1436593,215695.79830000
2024-03-28 00:00:00.000000 ,3501.20000000,3611.78000000,3465.00000000,3560.49000000,404654.03110000,1436630524.62304300,1158353,206071.37730000
2024-03-29 00:00:00.000000 ,3560.49000000,3584.37000000,3445.91000000,3509.74000000,323086.17900000,1138548291.15838700,951744,153989.35510000
2024-03-30 00:00:00.000000 ,3509.74000000,3565.81000000,3485.00000000,3505.64000000,216025.26340000,759625521.45189200,750249,113298.41580000
2024-03-31 00:00:00.000000 ,3505.65000000,3655.32000000,3505.09000000,3645.29000000,243464.98770000,878141654.34598200,722927,128657.58320000
2024-04-01 00:00:00.000000 ,3645.29000000,3645.95000000,3413.71000000,3503.80000000,408854.12250000,1437691729.03231400,1115133,195398.26160000
2024-04-02 00:00:00.000000 ,3503.80000000,3505.60000000,3212.00000000,3278.96000000,623264.64760000,2068004456.06282300,1581408,301656.62520000
2024-04-03 00:00:00.000000 ,3278.96000000,3367.40000000,3202.79000000,3310.83000000,410484.19330000,1358993604.79861500,1113644,203085.14790000
2024-04-04 00:00:00.000000 ,3310.83000000,3443.93000000,3250.92000000,3327.40000000,356338.57160000,1187792289.21437100,965695,172474.35660000
2024-04-05 00:00:00.000000 ,3327.39000000,3350.00000000,3210.00000000,3317.85000000,344556.79830000,1132252495.88912400,854139,170435.77660000
2024-04-06 00:00:00.000000 ,3317.85000000,3398.42000000,3306.68000000,3351.59000000,183312.21250000,612681489.14895400,549985,88419.09800000
2024-04-07 00:00:00.000000 ,3351.59000000,3459.94000000,3344.08000000,3454.20000000,210459.07520000,715174110.57383500,748530,105736.65480000
2024-04-08 00:00:00.000000 ,3454.20000000,3730.71000000,3406.36000000,3694.61000000,496841.35320000,1787240600.80865700,1333378,278914.02330000
2024-04-09 00:00:00.000000 ,3694.61000000,3727.34000000,3450.46000000,3506.39000000,457592.25200000,1643610851.75092000,1046479,220547.08930000
2024-04-10 00:00:00.000000 ,3506.40000000,3562.95000000,3411.82000000,3545.64000000,389404.90550000,1361401195.43178500,915957,192647.04400000
2024-04-11 00:00:00.000000 ,3545.64000000,3618.30000000,3474.52000000,3502.52000000,338139.55340000,1197654094.44620700,890107,165840.84360000
2024-04-12 00:00:00.000000 ,3502.52000000,3552.40000000,3100.00000000,3237.43000000,697327.11740000,2328197177.42049500,1423600,330495.31490000
2024-04-13 00:00:00.000000 ,3237.42000000,3301.90000000,2852.00000000,3007.01000000,994971.23540000,3066250202.83582600,2037632,462824.48330000
2024-04-14 00:00:00.000000 ,3007.01000000,3174.23000000,2906.73000000,3155.11000000,737580.46660000,2244354713.13561600,1680666,371070.36530000
2024-04-15 00:00:00.000000 ,3155.11000000,3277.85000000,3023.19000000,3101.99000000,605430.88630000,1911310147.23066300,1540774,291924.74400000
2024-04-16 00:00:00.000000 ,3102.00000000,3128.01000000,2986.00000000,3084.22000000,526113.85500000,1610290812.17309500,1461779,253281.27950000
2024-04-17 00:00:00.000000 ,3084.21000000,3123.75000000,2914.47000000,2985.41000000,491897.56610000,1483253378.35815800,1348404,251660.72620000
2024-04-18 00:00:00.000000 ,2985.41000000,3094.40000000,2950.98000000,3064.40000000,389060.71330000,1177977125.35813900,1168254,205229.85030000
2024-04-19 00:00:00.000000 ,3064.40000000,3128.89000000,2865.18000000,3056.46000000,607850.40190000,1843119282.76954900,1465901,307900.17740000
2024-04-20 00:00:00.000000 ,3056.45000000,3171.88000000,3018.75000000,3155.79000000,242577.63710000,749727918.39625800,812118,124363.79080000
2024-04-21 00:00:00.000000 ,3155.79000000,3197.18000000,3116.49000000,3147.67000000,219970.50720000,694988777.19102400,767260,112675.88850000
2024-04-22 00:00:00.000000 ,3147.66000000,3235.00000000,3129.15000000,3200.20000000,290879.95690000,928957385.38023000,993579,154288.59180000
2024-04-23 00:00:00.000000 ,3200.19000000,3263.61000000,3152.00000000,3219.46000000,253914.22630000,813798516.32038600,844893,130572.45640000
2024-04-24 00:00:00.000000 ,3219.46000000,3293.56000000,3104.90000000,3140.80000000,393314.34140000,1261617674.78529500,1130370,194455.12720000
2024-04-25 00:00:00.000000 ,3140.79000000,3191.64000000,3072.20000000,3155.80000000,352288.55020000,1104939534.27499700,861077,181392.80070000
2024-04-26 00:00:00.000000 ,3155.81000000,3167.70000000,3102.00000000,3131.30000000,252522.65500000,792255507.86255800,628635,127753.63760000
2024-04-27 00:00:00.000000 ,3131.30000000,3285.00000000,3066.74000000,3255.56000000,323811.19190000,1027413859.24945700,734026,174549.39360000
2024-04-28 00:00:00.000000 ,3255.55000000,3357.40000000,3250.45000000,3263.45000000,304766.00900000,1006628332.29004500,753239,157192.41940000
2024-04-29 00:00:00.000000 ,3263.44000000,3286.95000000,3115.13000000,3216.73000000,421831.29120000,1345237182.55342900,943719,211216.56130000
2024-04-30 00:00:00.000000 ,3216.74000000,3250.95000000,2921.00000000,3014.05000000,561717.48660000,1710124473.49570300,1292873,267662.56490000
2024-05-01 00:00:00.000000 ,3014.04000000,3023.24000000,2817.00000000,2972.46000000,624963.77730000,1827523436.86029300,1365039,303494.86740000
2024-05-02 00:00:00.000000 ,2972.46000000,3016.72000000,2893.26000000,2986.19000000,365939.71910000,1084862887.84794300,880167,200507.61300000
2024-05-03 00:00:00.000000 ,2986.19000000,3126.99000000,2958.32000000,3102.61000000,355825.83910000,1081409861.15412300,859542,186728.46230000
2024-05-04 00:00:00.000000 ,3102.61000000,3168.00000000,3092.85000000,3117.23000000,196263.94880000,613297368.10061800,575026,100770.98200000
2024-05-05 00:00:00.000000 ,3117.24000000,3171.93000000,3072.99000000,3136.41000000,218760.26620000,684143592.81457900,600693,115269.44800000
2024-05-06 00:00:00.000000 ,3136.40000000,3221.40000000,3046.35000000,3062.60000000,355135.30270000,1111315631.57641400,873200,172864.43340000
2024-05-07 00:00:00.000000 ,3062.59000000,3129.85000000,2998.00000000,3005.69000000,298796.68290000,917252045.68820300,815246,139762.85080000
2024-05-08 00:00:00.000000 ,3005.69000000,3038.15000000,2936.48000000,2974.21000000,266934.81250000,800460076.63566700,830635,133303.12380000
2024-05-09 00:00:00.000000 ,2974.20000000,3059.00000000,2950.77000000,3036.23000000,238561.74620000,715090822.07620500,686147,122805.92150000
2024-05-10 00:00:00.000000 ,3036.24000000,3053.89000000,2878.03000000,2909.99000000,327855.87580000,972264869.49205000,891040,154417.06720000
2024-05-11 00:00:00.000000 ,2909.98000000,2945.67000000,2886.46000000,2912.45000000,138163.10870000,402989065.56622900,466357,68667.22240000
2024-05-12 00:00:00.000000 ,2912.45000000,2955.20000000,2901.17000000,2929.29000000,107670.63230000,315212004.62252900,367990,49118.15230000
2024-05-13 00:00:00.000000 ,2929.30000000,2996.40000000,2864.76000000,2950.99000000,368664.76480000,1083553488.62321200,925017,186525.36870000
2024-05-14 00:00:00.000000 ,2950.99000000,2960.60000000,2862.00000000,2881.93000000,269675.30370000,783471918.25466600,617845,132978.23300000
2024-05-15 00:00:00.000000 ,2881.93000000,3041.36000000,2863.75000000,3032.55000000,350254.31880000,1036063008.59966000,760817,175148.41910000
2024-05-16 00:00:00.000000 ,3032.55000000,3041.24000000,2922.80000000,2944.70000000,293874.15130000,876706595.65802700,575271,140171.47960000
2024-05-17 00:00:00.000000 ,2944.70000000,3120.00000000,2933.06000000,3092.01000000,357724.77310000,1088374622.99119300,754274,180386.21600000
2024-05-18 00:00:00.000000 ,3092.00000000,3146.98000000,3083.61000000,3122.94000000,199976.54560000,622730956.33774800,527531,96341.44610000
2024-05-19 00:00:00.000000 ,3122.94000000,3136.64000000,3053.38000000,3071.19000000,166145.01020000,513790068.69183000,470419,74505.58370000
2024-05-20 00:00:00.000000 ,3071.20000000,3694.00000000,3047.67000000,3661.78000000,847107.88280000,2853349713.67270100,2226153,442408.94180000
2024-05-21 00:00:00.000000 ,3661.79000000,3841.54000000,3624.28000000,3789.60000000,952437.26940000,3557244460.36325800,2204702,471779.51800000
2024-05-22 00:00:00.000000 ,3789.59000000,3813.69000000,3653.15000000,3737.73000000,574938.30990000,2151256432.12026000,1339940,284002.59130000
2024-05-23 00:00:00.000000 ,3737.72000000,3949.29000000,3498.00000000,3783.61000000,1127866.07600000,4283549690.44118100,2682768,564546.16610000
2024-05-24 00:00:00.000000 ,3783.60000000,3829.61000000,3626.10000000,3728.28000000,479418.43180000,1782983862.21296700,1159074,244045.01040000
2024-05-25 00:00:00.000000 ,3728.28000000,3779.43000000,3709.03000000,3749.26000000,158711.89920000,594438275.80513700,503711,81761.11570000
2024-05-26 00:00:00.000000 ,3749.25000000,3884.20000000,3731.17000000,3826.47000000,292208.29370000,1115661431.00739700,697286,145205.44390000
2024-05-27 00:00:00.000000 ,3826.47000000,3977.00000000,3823.37000000,3894.22000000,363717.64730000,1424169372.46594600,971964,183721.86760000
2024-05-28 00:00:00.000000 ,3894.21000000,3931.09000000,3773.90000000,3844.69000000,416249.83440000,1605074794.24835400,941338,206643.35590000
2024-05-29 00:00:00.000000 ,3844.69000000,3888.55000000,3742.59000000,3767.43000000,334759.63480000,1274087642.07224300,883401,170583.44410000
2024-05-30 00:00:00.000000 ,3767.44000000,3825.35000000,3702.58000000,3747.91000000,277034.28940000,1042146006.39132000,765716,135950.14980000
2024-05-31 00:00:00.000000 ,3747.90000000,3849.94000000,3723.75000000,3762.29000000,273406.76600000,1032174005.21667600,680329,136551.98330000
2024-06-01 00:00:00.000000 ,3762.29000000,3833.30000000,3752.67000000,3815.82000000,132687.20060000,503500622.83785600,399377,70367.60980000
2024-06-02 00:00:00.000000 ,3815.82000000,3838.59000000,3752.62000000,3780.91000000,210295.44070000,798100737.66375700,579563,105997.65180000
2024-06-03 00:00:00.000000 ,3780.92000000,3849.99000000,3758.43000000,3767.06000000,248848.70200000,946239636.29637100,648868,125597.95440000
2024-06-04 00:00:00.000000 ,3767.07000000,3831.65000000,3730.00000000,3810.23000000,232063.74680000,878533930.59989000,568514,120842.24990000
2024-06-05 00:00:00.000000 ,3810.23000000,3887.47000000,3777.33000000,3865.99000000,273738.60350000,1046373693.42242900,645836,143786.33270000
2024-06-06 00:00:00.000000 ,3866.00000000,3878.60000000,3760.00000000,3813.46000000,237504.19050000,910751773.18159200,525050,116926.45290000
2024-06-07 00:00:00.000000 ,3813.47000000,3841.39000000,3600.00000000,3678.32000000,362223.35940000,1352307567.23834900,894006,163680.68050000
2024-06-08 00:00:00.000000 ,3678.31000000,3709.50000000,3660.08000000,3681.57000000,140550.83940000,518118534.03992200,364485,65014.43920000
2024-06-09 00:00:00.000000 ,3681.58000000,3721.52000000,3666.36000000,3706.40000000,103451.10200000,381854484.95566000,287960,48702.62220000
2024-06-10 00:00:00.000000 ,3706.40000000,3713.67000000,3642.74000000,3667.85000000,156363.18460000,575211243.30527000,391165,74799.52590000
2024-06-11 00:00:00.000000 ,3667.85000000,3673.00000000,3432.00000000,3497.33000000,439568.59780000,1552225947.17115500,1036229,207637.60210000
2024-06-12 00:00:00.000000 ,3497.33000000,3659.01000000,3462.07000000,3560.12000000,387043.77400000,1384558593.85822000,850527,187121.79170000
2024-06-13 00:00:00.000000 ,3560.13000000,3561.65000000,3428.00000000,3469.40000000,300230.82990000,1048214494.75108000,696369,147994.44390000
2024-06-14 00:00:00.000000 ,3469.40000000,3532.61000000,3362.26000000,3481.80000000,322316.42140000,1116570671.84894500,746613,159447.81450000
2024-06-15 00:00:00.000000 ,3481.80000000,3594.39000000,3473.10000000,3568.74000000,246649.58940000,873576137.27908000,500773,122544.60260000
2024-06-16 00:00:00.000000 ,3568.75000000,3653.79000000,3541.05000000,3624.41000000,149839.98200000,537492821.64342800,417858,77834.89670000
2024-06-17 00:00:00.000000 ,3624.41000000,3638.37000000,3463.39000000,3511.46000000,337805.64020000,1196162530.91905300,774085,166343.20520000
2024-06-18 00:00:00.000000 ,3511.47000000,3517.20000000,3355.00000000,3483.42000000,449913.30140000,1541798882.41169500,1062807,217161.58870000
2024-06-19 00:00:00.000000 ,3483.42000000,3590.01000000,3465.65000000,3560.51000000,321500.00270000,1138419054.65292700,712501,162762.02380000
2024-06-20 00:00:00.000000 ,3560.51000000,3625.96000000,3486.00000000,3513.08000000,329117.84530000,1170597741.25786900,743896,161277.79050000
2024-06-21 00:00:00.000000 ,3513.08000000,3547.55000000,3446.82000000,3518.50000000,342155.10200000,1197095546.23396300,746361,176183.03800000
2024-06-22 00:00:00.000000 ,3518.50000000,3521.19000000,3475.09000000,3495.75000000,115774.61570000,405045499.42158200,315684,57671.84140000
2024-06-23 00:00:00.000000 ,3495.76000000,3521.45000000,3406.38000000,3420.91000000,133411.43040000,463204539.05644000,338679,67467.46860000
2024-06-24 00:00:00.000000 ,3420.91000000,3435.76000000,3240.00000000,3352.73000000,543370.42290000,1807046957.96521900,1222789,262600.40520000
2024-06-25 00:00:00.000000 ,3352.74000000,3430.88000000,3336.76000000,3394.91000000,240036.22360000,812730026.84420000,654302,122936.19590000
2024-06-26 00:00:00.000000 ,3394.91000000,3426.75000000,3325.01000000,3371.44000000,206949.34180000,699375819.27612800,518727,108326.93730000
2024-06-27 00:00:00.000000 ,3371.77000000,3477.00000000,3361.74000000,3450.44000000,201041.66090000,687897292.14541400,530697,108386.89200000
2024-06-28 00:00:00.000000 ,3450.44000000,3487.70000000,3365.22000000,3380.15000000,221634.34350000,760116781.02950800,934561,117864.76710000
2024-06-29 00:00:00.000000 ,3380.15000000,3408.32000000,3371.86000000,3378.80000000,88329.76510000,299468173.24571800,365755,47423.39680000
2024-06-30 00:00:00.000000 ,3378.80000000,3460.00000000,3352.66000000,3438.16000000,141221.61850000,480491273.12148200,557070,80177.99650000
2024-07-01 00:00:00.000000 ,3438.16000000,3524.94000000,3423.78000000,3442.20000000,224273.21220000,780112100.20822300,854102,121044.94000000
2024-07-02 00:00:00.000000 ,3442.20000000,3464.12000000,3402.00000000,3421.35000000,137932.70140000,473853655.52232200,623720,68282.75840000
2024-07-03 00:00:00.000000 ,3421.35000000,3432.10000000,3251.00000000,3295.48000000,310408.45100000,1031040642.94824500,1378502,143212.67230000
2024-07-04 00:00:00.000000 ,3295.49000000,3313.45000000,3050.34000000,3059.70000000,450402.56920000,1425360058.27939900,1898898,202136.36830000
2024-07-05 00:00:00.000000 ,3059.70000000,3110.00000000,2810.00000000,2981.78000000,886994.37530000,2602693094.46338400,2967124,404744.53170000
2024-07-06 00:00:00.000000 ,2981.79000000,3081.78000000,2955.06000000,3066.83000000,214487.97130000,646245038.47514500,1055462,112962.82100000
2024-07-07 00:00:00.000000 ,3066.83000000,3073.08000000,2922.24000000,2931.00000000,179892.76120000,538755029.45987900,878707,86519.91150000
2024-07-08 00:00:00.000000 ,2930.99000000,3097.06000000,2822.80000000,3019.01000000,500445.01050000,1484924133.82865400,2222940,246399.41830000
2024-07-09 00:00:00.000000 ,3019.01000000,3115.20000000,3004.00000000,3066.65000000,280358.14240000,859567747.66392700,1377129,148692.14930000
2024-07-10 00:00:00.000000 ,3066.65000000,3151.51000000,3024.00000000,3101.05000000,270827.08440000,839730659.37295200,1296218,134603.87130000
2024-07-11 00:00:00.000000 ,3101.06000000,3217.24000000,3054.76000000,3099.57000000,289229.32000000,907129989.22209600,1413031,148734.73680000
2024-07-12 00:00:00.000000 ,3099.57000000,3157.89000000,3045.58000000,3133.88000000,185745.18250000,575599522.85066300,1094915,95406.12530000
2024-07-13 00:00:00.000000 ,3133.89000000,3201.80000000,3113.37000000,3175.93000000,119302.47690000,376336968.78329300,591291,60506.12940000
2024-07-14 00:00:00.000000 ,3175.93000000,3268.72000000,3163.67000000,3245.08000000,165430.77160000,530204017.16941100,792858,83179.81420000
2024-07-15 00:00:00.000000 ,3245.20000000,3493.63000000,3233.22000000,3483.39000000,314296.84520000,1058747637.28826600,1617276,161760.18580000
2024-07-16 00:00:00.000000 ,3483.20000000,3498.59000000,3346.55000000,3444.13000000,376128.78690000,1291412549.93776600,1636557,193947.88230000
2024-07-17 00:00:00.000000 ,3444.14000000,3517.00000000,3376.00000000,3387.05000000,297812.51620000,1029558208.63679400,1285615,168234.51870000
2024-07-18 00:00:00.000000 ,3387.05000000,3489.98000000,3367.20000000,3426.50000000,241950.34570000,829503482.76701200,1165443,128938.74410000
2024-07-19 00:00:00.000000 ,3426.49000000,3540.27000000,3377.00000000,3503.53000000,299511.64220000,1034724329.31929600,1262244,158469.64460000
2024-07-20 00:00:00.000000 ,3503.53000000,3539.65000000,3480.00000000,3517.50000000,147510.81650000,516504071.76519900,667108,69139.34330000
2024-07-21 00:00:00.000000 ,3517.50000000,3547.00000000,3411.40000000,3535.92000000,218890.96560000,764360242.60117400,961322,103673.58990000
2024-07-22 00:00:00.000000 ,3535.93000000,3562.82000000,3422.34000000,3439.60000000,207859.50430000,724117324.16912200,1069762,96899.91880000
2024-07-23 00:00:00.000000 ,3439.61000000,3541.00000000,3389.00000000,3482.51000000,500568.78110000,1737977523.02278600,1617621,270658.33240000
2024-07-24 00:00:00.000000 ,3482.51000000,3487.82000000,3300.00000000,3335.81000000,275479.05060000,940244066.49779700,980283,135067.10600000
2024-07-25 00:00:00.000000 ,3335.82000000,3342.50000000,3087.53000000,3175.48000000,494282.63980000,1570457188.18384000,2011527,239121.06120000
2024-07-26 00:00:00.000000 ,3175.47000000,3286.36000000,3171.00000000,3274.61000000,260237.46410000,844064770.72481800,1169246,128738.67200000
2024-07-27 00:00:00.000000 ,3274.60000000,3327.59000000,3191.01000000,3249.01000000,231991.90370000,757931406.54581500,1076809,118058.31710000
2024-07-28 00:00:00.000000 ,3249.00000000,3284.30000000,3198.11000000,3270.16000000,103529.83290000,336422802.72238300,682428,52499.47910000
2024-07-29 00:00:00.000000 ,3270.16000000,3396.77000000,3258.00000000,3317.66000000,318471.50550000,1061016180.07809800,1484898,159686.57070000
2024-07-30 00:00:00.000000 ,3317.66000000,3366.40000000,3233.18000000,3279.21000000,197277.16410000,652703227.79650700,1183239,91006.58420000
2024-07-31 00:00:00.000000 ,3279.20000000,3350.00000000,3213.75000000,3232.74000000,233711.33520000,769347274.94598800,1337992,112910.42490000
2024-08-01 00:00:00.000000 ,3232.74000000,3242.57000000,3080.02000000,3203.40000000,323285.61050000,1020921619.45247900,1835455,151515.29100000
2024-08-02 00:00:00.000000 ,3203.40000000,3218.60000000,2967.00000000,2989.61000000,385704.03950000,1185594927.51484300,2104725,177842.92770000
2024-08-03 00:00:00.000000 ,2989.61000000,3018.02000000,2859.00000000,2903.64000000,344595.31570000,1013020792.75208300,1798017,151541.68820000
2024-08-04 00:00:00.000000 ,2903.65000000,2935.46000000,2630.00000000,2688.92000000,512064.26120000,1426784556.44274300,2184760,235563.98230000
2024-08-05 00:00:00.000000 ,2688.91000000,2697.44000000,2111.00000000,2419.59000000,2670604.10030000,6243689817.19261800,7064159,1281460.79170000
2024-08-06 00:00:00.000000 ,2419.76000000,2556.23000000,2414.19000000,2461.33000000,642283.80380000,1601879002.76912300,2870150,323805.05300000
2024-08-07 00:00:00.000000 ,2461.33000000,2551.32000000,2309.04000000,2342.80000000,630115.42280000,1537271441.49575900,2370148,307617.06650000
2024-08-08 00:00:00.000000 ,2342.79000000,2724.10000000,2320.40000000,2682.50000000,586502.87540000,1474101815.46942400,2112663,299400.95030000
2024-08-09 00:00:00.000000 ,2682.50000000,2707.98000000,2552.61000000,2598.78000000,406739.96110000,1069628608.09830500,1710060,195440.29410000
2024-08-10 00:00:00.000000 ,2598.79000000,2644.70000000,2576.49000000,2609.92000000,171012.36190000,446695039.69273400,758863,87017.10450000
2024-08-11 00:00:00.000000 ,2609.92000000,2720.00000000,2540.00000000,2555.38000000,297098.91450000,780682452.75452000,1217650,143129.64650000
2024-08-12 00:00:00.000000 ,2555.38000000,2750.00000000,2510.05000000,2722.30000000,483414.25060000,1275788778.66051800,1915621,252099.21840000
2024-08-13 00:00:00.000000 ,2722.30000000,2738.40000000,2611.37000000,2702.44000000,325668.69640000,872886595.98851800,1547949,165417.05460000
2024-08-14 00:00:00.000000 ,2702.44000000,2780.00000000,2632.20000000,2661.45000000,338808.71410000,914805683.89824400,1503315,167827.71990000
2024-08-15 00:00:00.000000 ,2661.45000000,2675.60000000,2515.71000000,2569.89000000,356546.80590000,927491377.06139800,1761529,172089.68210000
2024-08-16 00:00:00.000000 ,2569.90000000,2630.97000000,2550.04000000,2592.73000000,270684.13730000,702631292.53493100,1602311,127687.39840000
2024-08-17 00:00:00.000000 ,2592.72000000,2629.69000000,2587.50000000,2614.51000000,89348.67600000,232787181.52592400,543278,47334.20420000
2024-08-18 00:00:00.000000 ,2614.51000000,2689.16000000,2594.53000000,2612.15000000,174074.05850000,459975824.15432300,836384,92214.98720000
2024-08-19 00:00:00.000000 ,2612.15000000,2648.08000000,2563.58000000,2636.36000000,224867.13360000,585578272.44348200,1156033,112686.52750000
2024-08-20 00:00:00.000000 ,2636.36000000,2695.00000000,2555.00000000,2572.82000000,281315.87510000,738361057.60213400,1303349,139599.91330000
2024-08-21 00:00:00.000000 ,2572.81000000,2663.74000000,2536.22000000,2630.71000000,245286.62180000,638338169.86214400,1420421,121889.98370000
2024-08-22 00:00:00.000000 ,2630.71000000,2644.69000000,2584.20000000,2622.88000000,199063.11960000,521285357.08642300,1064195,98645.80600000
2024-08-23 00:00:00.000000 ,2622.89000000,2799.13000000,2621.40000000,2762.48000000,401786.44470000,1082989033.02354700,1747686,210295.50730000
2024-08-24 00:00:00.000000 ,2762.49000000,2820.00000000,2731.26000000,2768.00000000,263542.94410000,730370481.13812200,1133872,130086.44910000
2024-08-25 00:00:00.000000 ,2768.01000000,2792.28000000,2733.21000000,2746.13000000,154527.23520000,426733399.32663600,1047985,75993.74900000
2024-08-26 00:00:00.000000 ,2746.12000000,2762.00000000,2666.66000000,2680.49000000,211708.12470000,575695656.47717900,1453833,102718.22470000
2024-08-27 00:00:00.000000 ,2680.49000000,2699.98000000,2392.96000000,2457.33000000,412660.71970000,1058769621.89210300,1898416,187278.07780000
2024-08-28 00:00:00.000000 ,2457.33000000,2554.60000000,2418.80000000,2528.33000000,451266.63400000,1124304892.42379500,2272721,222246.91840000
2024-08-29 00:00:00.000000 ,2528.33000000,2595.40000000,2505.88000000,2527.61000000,237002.96320000,603867504.22594900,1455668,119563.35910000
2024-08-30 00:00:00.000000 ,2527.60000000,2552.17000000,2431.14000000,2526.00000000,338379.19410000,845015735.14941100,1735497,172073.91140000
2024-08-31 00:00:00.000000 ,2525.99000000,2533.95000000,2491.92000000,2513.01000000,97946.11470000,246514334.07653000,702529,47410.90720000
2024-09-01 00:00:00.000000 ,2513.00000000,2516.28000000,2400.00000000,2425.72000000,223127.77600000,550299930.15344900,1357443,106672.82840000
2024-09-02 00:00:00.000000 ,2425.71000000,2564.83000000,2423.52000000,2538.01000000,262632.83850000,654854126.19511100,1452334,134090.70480000
2024-09-03 00:00:00.000000 ,2538.00000000,2553.60000000,2411.12000000,2425.29000000,224793.12990000,556674703.35234100,1272909,101487.65070000
2024-09-04 00:00:00.000000 ,2425.28000000,2490.00000000,2306.65000000,2450.71000000,384179.38540000,921640300.67465400,2002621,188707.74580000
2024-09-05 00:00:00.000000 ,2450.71000000,2466.00000000,2348.04000000,2368.81000000,278549.09690000,667044058.82643400,1862353,131571.92470000
2024-09-06 00:00:00.000000 ,2368.81000000,2408.83000000,2150.55000000,2225.23000000,643027.11100000,1467265008.06349300,2980066,303990.16890000
2024-09-07 00:00:00.000000 ,2225.24000000,2311.27000000,2220.98000000,2273.58000000,219453.20760000,498662894.23097500,982698,109807.92460000
2024-09-08 00:00:00.000000 ,2273.58000000,2333.58000000,2240.94000000,2297.30000000,192775.64930000,440447734.82637300,976672,93305.19370000
2024-09-09 00:00:00.000000 ,2297.30000000,2381.41000000,2272.80000000,2359.50000000,321698.99000000,747001776.04653600,1761692,156788.50980000
2024-09-10 00:00:00.000000 ,2359.51000000,2400.00000000,2320.41000000,2388.52000000,224382.17290000,528411566.91970200,1210860,105895.41880000
2024-09-11 00:00:00.000000 ,2388.52000000,2389.32000000,2277.68000000,2340.55000000,282898.31250000,659291892.32673100,1530070,135125.59650000
2024-09-12 00:00:00.000000 ,2340.54000000,2391.93000000,2315.39000000,2361.76000000,202611.13080000,476749201.76441900,1093596,102118.09520000
2024-09-13 00:00:00.000000 ,2361.75000000,2464.82000000,2337.35000000,2439.19000000,253888.61600000,607650210.70286200,1458878,124124.36760000
2024-09-14 00:00:00.000000 ,2439.19000000,2440.60000000,2376.72000000,2417.79000000,122931.23020000,296990460.13007800,754834,57970.96450000
2024-09-15 00:00:00.000000 ,2417.80000000,2430.32000000,2283.75000000,2316.10000000,174364.19460000,413278017.27632400,1058493,80610.91460000
2024-09-16 00:00:00.000000 ,2316.09000000,2335.70000000,2252.39000000,2295.68000000,330555.23200000,756718235.68223400,2102319,153834.01110000
2024-09-17 00:00:00.000000 ,2295.67000000,2393.63000000,2263.29000000,2341.80000000,274206.25880000,640307796.59404200,1813524,134491.63700000
2024-09-18 00:00:00.000000 ,2341.79000000,2376.14000000,2277.34000000,2374.75000000,292917.60080000,679856751.17105300,2555639,144167.24010000
2024-09-19 00:00:00.000000 ,2374.74000000,2494.95000000,2372.60000000,2465.21000000,326746.03200000,794820680.99505400,2862096,171108.47470000
2024-09-20 00:00:00.000000 ,2465.21000000,2571.93000000,2437.31000000,2561.40000000,340754.59120000,864016608.11556300,3241249,173101.71320000
2024-09-21 00:00:00.000000 ,2561.40000000,2623.34000000,2528.97000000,2612.40000000,154757.87730000,396953470.51763100,1425778,78964.07040000
2024-09-22 00:00:00.000000 ,2612.40000000,2632.57000000,2524.58000000,2581.00000000,214266.32570000,553059849.55339900,2067811,97837.05120000
2024-09-23 00:00:00.000000 ,2580.99000000,2702.82000000,2539.49000000,2646.97000000,333282.01490000,883518257.19940700,3492404,161782.11780000
2024-09-24 00:00:00.000000 ,2646.98000000,2670.96000000,2591.56000000,2653.20000000,288600.04020000,760159619.98153400,2730471,140655.88960000
2024-09-25 00:00:00.000000 ,2653.20000000,2673.50000000,2554.05000000,2579.95000000,220343.42930000,576100924.71154600,2446589,103887.87840000
2024-09-26 00:00:00.000000 ,2580.09000000,2666.22000000,2559.20000000,2632.26000000,278686.35730000,731881168.91669500,2897463,139205.44730000
2024-09-27 00:00:00.000000 ,2632.25000000,2728.60000000,2615.21000000,2694.43000000,281826.97920000,753233859.35867200,2599262,151742.50930000
2024-09-28 00:00:00.000000 ,2694.43000000,2704.35000000,2650.00000000,2675.21000000,137230.03420000,367299958.06267600,1192804,65924.22020000
2024-09-29 00:00:00.000000 ,2675.21000000,2683.70000000,2629.73000000,2657.62000000,160554.31460000,426486288.27627700,1417045,81486.00610000
2024-09-30 00:00:00.000000 ,2657.62000000,2663.50000000,2575.00000000,2602.23000000,282475.79610000,738997897.57908500,2684395,135231.59450000
2024-10-01 00:00:00.000000 ,2602.24000000,2659.00000000,2414.00000000,2447.79000000,502828.68040000,1275068045.81654800,4525442,241562.47160000
2024-10-02 00:00:00.000000 ,2447.78000000,2499.00000000,2352.00000000,2364.10000000,317484.73500000,772815459.36655100,4299369,155763.84130000
2024-10-03 00:00:00.000000 ,2364.09000000,2403.38000000,2310.00000000,2349.80000000,314635.92630000,739732809.48188700,4096011,149299.04360000
2024-10-04 00:00:00.000000 ,2349.80000000,2441.64000000,2339.15000000,2414.41000000,239383.01700000,572627417.10536900,2556302,121492.18760000
2024-10-05 00:00:00.000000 ,2414.41000000,2428.23000000,2390.05000000,2414.66000000,103740.23160000,250133597.68832200,1147501,49644.85370000
2024-10-06 00:00:00.000000 ,2414.66000000,2457.80000000,2407.00000000,2440.03000000,105752.70960000,257213775.45288000,1097106,56040.49420000
2024-10-07 00:00:00.000000 ,2440.02000000,2521.00000000,2403.00000000,2422.71000000,300459.54070000,742163736.96691100,3081333,147053.19260000
2024-10-08 00:00:00.000000 ,2422.70000000,2466.66000000,2401.18000000,2440.89000000,201358.33120000,490043095.02496200,2240640,98699.06950000
2024-10-09 00:00:00.000000 ,2440.88000000,2473.61000000,2351.42000000,2370.47000000,242082.27250000,586469983.39352700,2569883,118607.67530000
2024-10-10 00:00:00.000000 ,2370.47000000,2421.36000000,2330.66000000,2386.49000000,257862.96190000,614182044.94953600,2734517,124649.16980000
2024-10-11 00:00:00.000000 ,2386.49000000,2471.45000000,2381.86000000,2439.50000000,235441.21970000,572065403.74189800,1913115,120079.05810000
2024-10-12 00:00:00.000000 ,2439.49000000,2490.51000000,2434.35000000,2476.40000000,139637.50620000,343538957.82022800,1058123,75635.47220000
2024-10-13 00:00:00.000000 ,2476.40000000,2484.92000000,2436.40000000,2468.91000000,120022.81790000,295322793.08412500,1032905,59760.37470000
2024-10-14 00:00:00.000000 ,2468.92000000,2654.00000000,2443.39000000,2629.79000000,435900.16190000,1119084230.80793800,2715025,229665.60470000
2024-10-15 00:00:00.000000 ,2629.79000000,2688.60000000,2537.36000000,2607.41000000,416285.66630000,1083630113.13970700,3306565,205576.51830000
2024-10-16 00:00:00.000000 ,2607.41000000,2647.79000000,2588.67000000,2611.10000000,260322.42420000,681342662.41857000,2813136,127407.66790000
2024-10-17 00:00:00.000000 ,2611.10000000,2648.37000000,2575.40000000,2605.80000000,221624.54340000,579597649.92940300,2543113,109682.85890000
2024-10-18 00:00:00.000000 ,2605.79000000,2675.58000000,2596.49000000,2642.17000000,292444.11530000,771232214.93516400,2835054,151075.29190000
2024-10-19 00:00:00.000000 ,2642.17000000,2663.49000000,2631.02000000,2648.20000000,105413.76460000,278723129.15789400,1145594,52955.70120000
2024-10-20 00:00:00.000000 ,2648.20000000,2759.00000000,2635.54000000,2746.91000000,256910.74480000,692550694.44162900,2274845,131315.63210000
2024-10-21 00:00:00.000000 ,2746.91000000,2769.48000000,2655.01000000,2666.70000000,310674.72320000,839718870.96762100,2526347,155766.44540000
2024-10-22 00:00:00.000000 ,2666.71000000,2671.92000000,2606.56000000,2622.81000000,265747.71300000,699818031.28854000,2153796,129041.05420000
2024-10-23 00:00:00.000000 ,2622.81000000,2628.20000000,2450.00000000,2524.61000000,352647.70860000,897683017.74016800,2642127,161673.03630000
2024-10-24 00:00:00.000000 ,2524.60000000,2562.65000000,2507.31000000,2535.82000000,290851.78420000,737665762.66614700,2252562,151672.57960000
2024-10-25 00:00:00.000000 ,2535.82000000,2566.33000000,2382.59000000,2440.62000000,514799.88220000,1282541014.46980300,3741205,232180.14350000
2024-10-26 00:00:00.000000 ,2440.63000000,2508.00000000,2430.12000000,2482.51000000,248724.83130000,612908876.73898300,1985542,132469.85690000
2024-10-27 00:00:00.000000 ,2482.51000000,2527.99000000,2464.13000000,2507.80000000,137580.88360000,342704461.29822200,1337190,70648.00530000
2024-10-28 00:00:00.000000 ,2507.80000000,2589.67000000,2471.67000000,2567.48000000,360605.32700000,910015100.83083700,2847523,180803.60760000
2024-10-29 00:00:00.000000 ,2567.49000000,2681.86000000,2561.20000000,2638.80000000,451915.70250000,1187541746.02171500,3690029,227223.48010000
2024-10-30 00:00:00.000000 ,2638.80000000,2722.30000000,2599.66000000,2659.19000000,460627.12600000,1230352880.14265500,3700127,234688.32980000
2024-10-31 00:00:00.000000 ,2659.19000000,2669.00000000,2503.00000000,2518.61000000,403427.20170000,1042550364.39079100,3391343,196341.44980000
2024-11-01 00:00:00.000000 ,2518.61000000,2586.80000000,2467.67000000,2511.49000000,430249.10730000,1084316033.71191500,3614843,202239.11620000
2024-11-02 00:00:00.000000 ,2511.49000000,2523.45000000,2470.00000000,2494.23000000,145961.13000000,364240307.89237700,1228028,68739.22170000
2024-11-03 00:00:00.000000 ,2494.23000000,2496.39000000,2411.00000000,2457.73000000,276009.11970000,675516839.24615800,2569553,128755.13020000
2024-11-04 00:00:00.000000 ,2457.73000000,2491.39000000,2357.59000000,2398.21000000,306316.96450000,745000696.54959400,3066552,148574.72540000
2024-11-05 00:00:00.000000 ,2398.21000000,2480.00000000,2380.74000000,2422.55000000,331619.25450000,807964220.38260700,2878817,164899.72260000
2024-11-06 00:00:00.000000 ,2422.60000000,2744.70000000,2420.30000000,2721.87000000,1002141.36180000,2613263657.61569000,5557031,527404.57970000
2024-11-07 00:00:00.000000 ,2721.88000000,2916.11000000,2699.49000000,2895.47000000,730845.95240000,2069602523.37207700,5380366,367745.65060000
2024-11-08 00:00:00.000000 ,2895.47000000,2981.69000000,2886.40000000,2961.75000000,568864.43500000,1664276186.36745700,4290252,290136.27340000
2024-11-09 00:00:00.000000 ,2961.75000000,3157.40000000,2953.71000000,3126.21000000,526719.42120000,1602480049.88551400,3681905,278109.26380000
2024-11-10 00:00:00.000000 ,3126.20000000,3248.52000000,3069.00000000,3183.21000000,865536.73220000,2751696491.35327300,6072418,444231.98530000
2024-11-11 00:00:00.000000 ,3183.20000000,3387.61000000,3105.00000000,3371.59000000,1000093.96640000,3248336095.35783400,7802397,512353.65970000
2024-11-12 00:00:00.000000 ,3371.59000000,3442.50000000,3207.67000000,3243.80000000,973215.72850000,3215515065.96685000,7073014,474680.79960000
2024-11-13 00:00:00.000000 ,3243.79000000,3331.00000000,3116.69000000,3187.16000000,919686.37470000,2958494366.71914000,9753402,446483.23990000
2024-11-14 00:00:00.000000 ,3187.16000000,3240.40000000,3028.56000000,3058.82000000,605780.66620000,1909266330.68371800,6204964,291332.14280000
2024-11-15 00:00:00.000000 ,3058.81000000,3131.06000000,3014.50000000,3090.01000000,519623.63170000,1593247701.28904900,6118576,256031.96210000
2024-11-16 00:00:00.000000 ,3090.01000000,3219.97000000,3072.00000000,3132.87000000,423639.15730000,1332892680.48503800,5079843,221452.09360000
2024-11-17 00:00:00.000000 ,3132.88000000,3162.11000000,3034.99000000,3076.00000000,449818.95750000,1393762559.89606500,5832635,219773.82170000
2024-11-18 00:00:00.000000 ,3075.99000000,3224.94000000,3050.01000000,3207.80000000,640658.43570000,2006111259.65758600,6541040,335610.63520000
2024-11-19 00:00:00.000000 ,3207.81000000,3221.20000000,3065.40000000,3107.44000000,500112.01940000,1561642778.41815400,5163295,240538.57970000
2024-11-20 00:00:00.000000 ,3107.45000000,3159.20000000,3029.41000000,3069.97000000,503607.83360000,1559041767.18546400,6338828,262555.33790000
2024-11-21 00:00:00.000000 ,3069.97000000,3386.73000000,3032.59000000,3355.81000000,974923.30350000,3167224819.41876900,8227428,517407.46180000
2024-11-22 00:00:00.000000 ,3355.88000000,3425.92000000,3257.54000000,3327.78000000,603273.70930000,2008464564.86167400,7141711,299228.21600000
2024-11-23 00:00:00.000000 ,3327.78000000,3497.51000000,3312.72000000,3393.91000000,721024.00090000,2449223191.45451700,6790558,377413.29840000
2024-11-24 00:00:00.000000 ,3393.91000000,3450.00000000,3281.40000000,3361.20000000,479098.09210000,1608242778.28287200,5919258,229135.64760000
2024-11-25 00:00:00.000000 ,3361.21000000,3546.66000000,3300.01000000,3414.49000000,949330.37000000,3272920810.05731100,9876856,473543.93990000
2024-11-26 00:00:00.000000 ,3414.49000000,3462.49000000,3252.00000000,3324.73000000,672367.15030000,2252619301.96427400,7269605,320649.41400000
2024-11-27 00:00:00.000000 ,3324.74000000,3684.92000000,3302.40000000,3653.28000000,754573.64850000,2640023089.76093500,6392173,422777.04850000
2024-11-28 00:00:00.000000 ,3653.27000000,3661.92000000,3529.76000000,3578.79000000,560976.42500000,2014252549.70202200,5393261,281616.14450000
2024-11-29 00:00:00.000000 ,3578.80000000,3647.98000000,3534.28000000,3592.21000000,425493.24490000,1525999121.81963900,4240304,220911.87590000
2024-11-30 00:00:00.000000 ,3592.22000000,3738.98000000,3568.40000000,3703.60000000,503684.74850000,1849683070.29735000,4641849,267000.57690000
2024-12-01 00:00:00.000000 ,3703.59000000,3746.80000000,3659.20000000,3707.61000000,429089.26330000,1589850114.02591500,3667910,212029.40080000
2024-12-02 00:00:00.000000 ,3707.61000000,3760.00000000,3554.32000000,3643.42000000,737130.56900000,2685285591.84536500,6825848,368529.34700000
2024-12-03 00:00:00.000000 ,3643.43000000,3670.00000000,3500.00000000,3614.51000000,678400.20320000,2439869839.02902100,5200407,376625.93000000
2024-12-04 00:00:00.000000 ,3614.51000000,3887.24000000,3614.51000000,3837.80000000,968744.03990000,3638907449.55176100,8222722,516513.63150000
2024-12-05 00:00:00.000000 ,3837.80000000,3956.00000000,3677.00000000,3785.20000000,946493.27600000,3653558567.75371200,8753645,465065.30160000
2024-12-06 00:00:00.000000 ,3785.21000000,4087.73000000,3777.26000000,3998.87000000,803855.11460000,3174080080.14619300,6677199,410529.41370000
2024-12-07 00:00:00.000000 ,3998.87000000,4024.46000000,3968.00000000,3996.22000000,283920.02000000,1134418058.86617300,2721543,141027.53580000
2024-12-08 00:00:00.000000 ,3996.22000000,4015.58000000,3923.50000000,4004.15000000,251362.16850000,1000371580.63835900,2614587,124696.17300000
2024-12-09 00:00:00.000000 ,4004.15000000,4006.17000000,3509.00000000,3712.00000000,939642.20010000,3566495804.12810500,8331026,434519.74420000
2024-12-10 00:00:00.000000 ,3712.00000000,3780.76000000,3515.89000000,3628.25000000,942206.03370000,3443114495.27366400,10461668,468842.23620000
2024-12-11 00:00:00.000000 ,3628.24000000,3848.64000000,3562.34000000,3831.81000000,461818.78010000,1722223536.87817700,6195364,248830.10390000
2024-12-12 00:00:00.000000 ,3831.82000000,3987.41000000,3796.80000000,3881.61000000,572098.63430000,2239803483.57660700,7005239,284607.15510000
2024-12-13 00:00:00.000000 ,3881.60000000,3968.47000000,3852.94000000,3906.80000000,387765.68730000,1516942852.28518100,5124578,192195.32380000
2024-12-14 00:00:00.000000 ,3906.80000000,3945.00000000,3825.03000000,3870.29000000,265538.94790000,1031595277.38733700,3407748,131333.82940000
2024-12-15 00:00:00.000000 ,3870.30000000,3974.61000000,3831.50000000,3959.09000000,253833.21410000,987865003.12754300,3637695,137576.23630000
2024-12-16 00:00:00.000000 ,3959.09000000,4107.80000000,3884.00000000,3986.24000000,673351.07230000,2686550997.11024500,7117624,357970.22610000
2024-12-17 00:00:00.000000 ,3986.24000000,4041.82000000,3847.96000000,3893.01000000,450825.98610000,1788532842.70075700,6874200,212006.09800000
2024-12-18 00:00:00.000000 ,3893.01000000,3907.19000000,3617.42000000,3626.80000000,722505.06180000,2735374632.73864100,6584244,338987.74140000
2024-12-19 00:00:00.000000 ,3626.80000000,3720.00000000,3326.80000000,3417.01000000,1078153.48510000,3807975330.68116200,6357638,498105.40580000
2024-12-20 00:00:00.000000 ,3417.01000000,3497.84000000,3101.90000000,3472.21000000,1332783.73100000,4421584295.58089900,7029546,616548.69460000
2024-12-21 00:00:00.000000 ,3472.20000000,3555.18000000,3293.11000000,3338.92000000,475275.82000000,1627460721.69215300,2732677,227433.37900000
2024-12-22 00:00:00.000000 ,3338.92000000,3403.00000000,3221.10000000,3281.83000000,361920.24950000,1201895225.01695200,2546556,178324.64420000
2024-12-23 00:00:00.000000 ,3281.83000000,3466.99000000,3216.97000000,3422.53000000,488253.41000000,1627069583.87868200,4032824,251606.21720000
2024-12-24 00:00:00.000000 ,3422.53000000,3539.65000000,3358.19000000,3493.18000000,315723.67630000,1087476459.25316300,2764397,158218.89880000
2024-12-25 00:00:00.000000 ,3493.17000000,3547.95000000,3440.93000000,3497.00000000,219846.04520000,766349902.71321700,2133099,110386.21040000
2024-12-26 00:00:00.000000 ,3497.00000000,3514.94000000,3304.63000000,3335.05000000,310170.17190000,1047464157.03218900,2543314,164346.24880000
2024-12-27 00:00:00.000000 ,3335.04000000,3444.16000000,3306.60000000,3333.51000000,342529.60380000,1152635224.26543900,3133395,171567.67040000
2024-12-28 00:00:00.000000 ,3333.51000000,3428.68000000,3322.23000000,3404.00000000,175963.61300000,592591876.17898600,1445334,88404.95780000
2024-12-29 00:00:00.000000 ,3404.01000000,3413.78000000,3326.17000000,3356.48000000,156256.88190000,527250656.14570400,1170497,74717.28830000
2024-12-30 00:00:00.000000 ,3356.48000000,3437.59000000,3305.00000000,3361.84000000,420794.64760000,1420731724.37256400,2700666,215138.52690000
2024-12-31 00:00:00.000000 ,3361.83000000,3451.00000000,3315.59000000,3337.78000000,303053.16850000,1024862944.04619100,2021786,146510.75010000
2025-01-01 00:00:00.000000 ,3337.78000000,3374.85000000,3313.88000000,3360.38000000,190238.58610000,636613395.69596500,1182219,99518.02170000
2025-01-02 00:00:00.000000 ,3360.39000000,3509.99000000,3354.50000000,3455.67000000,338632.88740000,1166286232.16288200,2373075,169044.36270000
2025-01-03 00:00:00.000000 ,3455.68000000,3630.00000000,3423.44000000,3609.01000000,334041.06040000,1179953901.10181400,2293811,169194.07500000
2025-01-04 00:00:00.000000 ,3609.00000000,3671.60000000,3572.42000000,3656.88000000,229266.31330000,829864804.85983700,1567855,116823.14830000
2025-01-05 00:00:00.000000 ,3656.88000000,3675.25000000,3593.70000000,3635.99000000,155444.17410000,564147572.80066900,1461192,76901.37580000
2025-01-06 00:00:00.000000 ,3636.00000000,3744.83000000,3610.63000000,3687.45000000,329642.36480000,1210642823.30206900,2753873,166824.61960000
2025-01-07 00:00:00.000000 ,3687.44000000,3700.86000000,3356.31000000,3381.31000000,541543.28740000,1899318756.15801600,3538701,254553.45020000
2025-01-08 00:00:00.000000 ,3381.31000000,3415.10000000,3208.20000000,3327.29000000,584749.96270000,1944382187.65665900,3766197,275577.22690000
2025-01-09 00:00:00.000000 ,3327.29000000,3357.27000000,3158.00000000,3219.20000000,501818.42470000,1638958679.71436800,3685889,237793.73460000
2025-01-10 00:00:00.000000 ,3219.20000000,3322.49000000,3193.97000000,3267.04000000,454142.13330000,1482940591.67198800,3199118,222519.18490000
2025-01-11 00:00:00.000000 ,3267.05000000,3320.18000000,3217.56000000,3282.83000000,151679.74870000,494933295.35826200,1208777,74202.78760000
2025-01-12 00:00:00.000000 ,3282.83000000,3300.00000000,3224.49000000,3267.30000000,164879.97090000,538751712.04578700,1151908,78312.53320000
2025-01-13 00:00:00.000000 ,3267.30000000,3339.00000000,2920.00000000,3137.51000000,845907.56690000,2614824635.15443900,4900248,410956.80140000
2025-01-14 00:00:00.000000 ,3137.51000000,3256.67000000,3125.65000000,3225.63000000,374308.45170000,1197715520.89902600,2446285,180843.36050000
2025-01-15 00:00:00.000000 ,3225.63000000,3473.75000000,3186.36000000,3451.52000000,464188.03400000,1537407357.36677100,2689488,233981.71830000
2025-01-16 00:00:00.000000 ,3451.51000000,3460.79000000,3265.44000000,3308.05000000,471282.67870000,1573512574.07485100,2667507,227669.87210000
2025-01-17 00:00:00.000000 ,3308.04000000,3525.72000000,3307.50000000,3473.63000000,518550.18130000,1773013467.30909300,3165882,269301.51330000
2025-01-18 00:00:00.000000 ,3473.64000000,3494.39000000,3227.00000000,3307.71000000,634197.12810000,2100633661.76441900,3931387,309754.32910000
2025-01-19 00:00:00.000000 ,3307.71000000,3448.99000000,3130.48000000,3215.12000000,1342301.52170000,4408659681.01233000,7064813,651932.43120000
2025-01-20 00:00:00.000000 ,3215.20000000,3453.69000000,3142.78000000,3284.00000000,1158354.78140000,3830020315.13160700,7137551,572672.70280000
2025-01-21 00:00:00.000000 ,3283.99000000,3368.00000000,3204.60000000,3327.54000000,548706.05130000,1802317579.66765900,3752957,271093.62780000
2025-01-22 00:00:00.000000 ,3327.55000000,3365.99000000,3222.85000000,3242.60000000,349240.74980000,1150648371.19655900,2187671,163482.76000000
2025-01-23 00:00:00.000000 ,3242.61000000,3347.97000000,3185.00000000,3338.21000000,605592.72250000,1965307923.08054700,3255920,303294.94180000
2025-01-24 00:00:00.000000 ,3338.22000000,3428.00000000,3275.90000000,3310.09000000,451524.27520000,1519379297.69096300,2793569,215008.00350000
2025-01-25 00:00:00.000000 ,3310.10000000,3350.68000000,3268.66000000,3318.77000000,208559.04150000,690383485.12544400,1456638,98129.44980000
2025-01-26 00:00:00.000000 ,3318.76000000,3362.00000000,3230.00000000,3232.61000000,272165.46900000,899291017.61337400,1416325,116826.27890000
2025-01-27 00:00:00.000000 ,3232.61000000,3253.91000000,3020.01000000,3182.44000000,753004.75290000,2349770569.70661100,4888504,345284.58210000
2025-01-28 00:00:00.000000 ,3182.44000000,3223.01000000,3040.03000000,3077.72000000,350959.71730000,1107001736.17500500,2936974,170776.72710000
2025-01-29 00:00:00.000000 ,3077.72000000,3182.52000000,3054.06000000,3113.90000000,409737.25760000,1278256645.74957000,3277369,200807.92350000
2025-01-30 00:00:00.000000 ,3113.90000000,3283.43000000,3091.06000000,3247.39000000,350639.48230000,1130886606.53968200,2410789,180484.13070000
2025-01-31 00:00:00.000000 ,3247.38000000,3437.31000000,3213.80000000,3300.99000000,648681.65610000,2158479814.33174300,3802893,343645.01990000
2025-02-01 00:00:00.000000 ,3300.99000000,3331.98000000,3101.70000000,3117.54000000,354065.25250000,1142845926.86590100,2900696,170674.35850000
2025-02-02 00:00:00.000000 ,3117.54000000,3163.20000000,2750.71000000,2869.68000000,1050805.93000000,3131430738.39175600,5974563,494989.10690000
2025-02-03 00:00:00.000000 ,2869.68000000,2921.00000000,2125.01000000,2879.90000000,2807979.02100000,7325488963.97464300,10550628,1344253.33180000
2025-02-04 00:00:00.000000 ,2879.89000000,2888.50000000,2632.60000000,2731.19000000,1259594.39190000,3477670143.18934000,4767588,602952.47060000
2025-02-05 00:00:00.000000 ,2731.19000000,2826.95000000,2699.13000000,2788.25000000,686593.04290000,1897054238.49022300,3498289,327991.42560000
2025-02-06 00:00:00.000000 ,2788.25000000,2857.64000000,2655.28000000,2686.64000000,719459.95710000,1981674881.32211900,3805682,325809.32920000
2025-02-07 00:00:00.000000 ,2686.63000000,2797.50000000,2562.51000000,2622.10000000,695467.36120000,1875060380.33431200,3272698,327218.13880000
2025-02-08 00:00:00.000000 ,2622.11000000,2667.30000000,2588.80000000,2632.46000000,379685.15090000,996898803.98491500,1865406,182406.15920000
2025-02-09 00:00:00.000000 ,2632.46000000,2698.90000000,2520.02000000,2627.18000000,387166.79110000,1016386052.05048500,2319910,185314.83730000
2025-02-10 00:00:00.000000 ,2627.18000000,2693.79000000,2559.85000000,2661.19000000,398173.27160000,1051708232.55688000,2736600,195023.19150000
2025-02-11 00:00:00.000000 ,2661.19000000,2725.04000000,2558.24000000,2602.59000000,484196.14350000,1286091770.77380500,2776008,226374.75100000
2025-02-12 00:00:00.000000 ,2602.59000000,2795.45000000,2546.92000000,2738.27000000,646295.89590000,1705436939.53312700,4190060,324858.61930000
2025-02-13 00:00:00.000000 ,2738.27000000,2757.28000000,2612.76000000,2675.87000000,443769.28530000,1185301387.82442300,3213834,217787.64580000
2025-02-14 00:00:00.000000 ,2675.87000000,2791.78000000,2664.46000000,2725.95000000,419895.78620000,1142877818.04390300,2645594,222908.78010000
2025-02-15 00:00:00.000000 ,2725.95000000,2739.00000000,2662.28000000,2693.04000000,202971.42950000,548554180.22232300,1678502,90810.31790000
2025-02-16 00:00:00.000000 ,2693.04000000,2727.31000000,2651.26000000,2661.41000000,191231.53140000,514482095.17428300,1449884,89433.40550000
2025-02-17 00:00:00.000000 ,2661.41000000,2849.70000000,2637.71000000,2744.05000000,639739.81970000,1752388687.80560900,3881592,329950.37510000
2025-02-18 00:00:00.000000 ,2744.05000000,2756.93000000,2605.44000000,2671.99000000,604863.87370000,1616153629.01871700,3898156,285508.86940000
2025-02-19 00:00:00.000000 ,2672.00000000,2736.70000000,2656.03000000,2715.50000000,326154.02020000,882047186.13193300,2376004,163604.87670000
2025-02-20 00:00:00.000000 ,2715.51000000,2770.59000000,2707.18000000,2738.04000000,336735.25440000,921476439.35493700,2096063,170515.66670000
2025-02-21 00:00:00.000000 ,2738.04000000,2845.32000000,2616.72000000,2663.00000000,890440.06040000,2429306635.17723400,3872201,428879.73450000
2025-02-22 00:00:00.000000 ,2663.00000000,2798.07000000,2653.33000000,2763.22000000,444989.66690000,1214059511.89993500,2597168,248387.77720000
2025-02-23 00:00:00.000000 ,2763.23000000,2857.34000000,2745.41000000,2819.69000000,611002.12220000,1711849865.81904600,2796506,321625.33770000
2025-02-24 00:00:00.000000 ,2819.70000000,2839.95000000,2470.33000000,2513.52000000,876876.37070000,2334572148.66195500,4737903,411575.66580000
2025-02-25 00:00:00.000000 ,2513.52000000,2533.49000000,2313.49000000,2495.70000000,1322016.87180000,3207776114.78246300,7076645,655424.21700000
2025-02-26 00:00:00.000000 ,2495.69000000,2507.50000000,2253.77000000,2336.37000000,863087.21330000,2059160287.05077300,5495972,408608.95600000
2025-02-27 00:00:00.000000 ,2336.38000000,2381.60000000,2230.57000000,2307.72000000,637583.91060000,1480849324.54064600,3906903,297736.91540000
2025-02-28 00:00:00.000000 ,2307.72000000,2314.18000000,2076.26000000,2237.59000000,1291539.05570000,2794546441.72688400,5708556,625030.52870000
2025-03-01 00:00:00.000000 ,2237.59000000,2281.14000000,2142.73000000,2217.39000000,446430.72710000,988941461.43036100,2511839,209196.86050000
2025-03-02 00:00:00.000000 ,2217.40000000,2550.58000000,2172.04000000,2518.11000000,1266684.77480000,3001215557.60368700,4977392,627527.30170000
2025-03-03 00:00:00.000000 ,2518.12000000,2523.56000000,2097.91000000,2149.01000000,1109565.20030000,2529346005.90948500,4969357,510488.26520000
2025-03-04 00:00:00.000000 ,2149.02000000,2221.88000000,1993.20000000,2171.51000000,1257822.33720000,2634485208.25977100,5856962,596181.03000000
2025-03-05 00:00:00.000000 ,2171.50000000,2273.51000000,2155.03000000,2241.59000000,687130.78970000,1514537132.80739300,3480893,326604.00720000
2025-03-06 00:00:00.000000 ,2241.59000000,2319.99000000,2176.90000000,2202.20000000,596908.39350000,1343407922.35918800,3304973,304201.82560000
2025-03-07 00:00:00.000000 ,2202.21000000,2258.47000000,2101.82000000,2141.60000000,782387.26060000,1698459492.23933000,4452265,384442.62820000
2025-03-08 00:00:00.000000 ,2141.60000000,2234.93000000,2105.06000000,2203.58000000,328793.09790000,714743022.41034700,2118806,165408.66080000
2025-03-09 00:00:00.000000 ,2203.57000000,2212.00000000,1989.66000000,2020.41000000,601671.58820000,1249766628.54494900,2791079,283406.49900000
2025-03-10 00:00:00.000000 ,2020.43000000,2152.40000000,1810.01000000,1865.10000000,1248745.35140000,2461512870.77077700,5261040,617411.70940000
2025-03-11 00:00:00.000000 ,1865.11000000,1963.20000000,1754.28000000,1923.43000000,1171427.99950000,2203451540.61138800,4578427,576537.07930000
2025-03-12 00:00:00.000000 ,1923.42000000,1960.00000000,1829.72000000,1908.20000000,788739.67630000,1494384669.01818000,3444921,399364.70410000
2025-03-13 00:00:00.000000 ,1908.20000000,1923.09000000,1821.81000000,1864.59000000,569537.26220000,1069629049.44307000,2688683,276728.70200000
2025-03-14 00:00:00.000000 ,1864.59000000,1945.64000000,1861.31000000,1911.65000000,375805.73550000,718122712.75367900,1728618,196808.74180000
2025-03-15 00:00:00.000000 ,1911.64000000,1957.19000000,1903.75000000,1937.17000000,209545.86750000,404571982.73839400,884429,103183.25480000
2025-03-16 00:00:00.000000 ,1937.18000000,1940.87000000,1860.38000000,1887.00000000,324766.65640000,616620264.89167500,1466585,147750.61790000
2025-03-17 00:00:00.000000 ,1887.01000000,1952.40000000,1879.98000000,1926.31000000,334840.48770000,641484974.27830700,1566024,166794.97820000
2025-03-18 00:00:00.000000 ,1926.30000000,1936.20000000,1872.31000000,1931.54000000,332896.01550000,632109997.55131100,1549810,156778.67070000
2025-03-19 00:00:00.000000 ,1931.54000000,2069.90000000,1927.58000000,2056.06000000,691809.50340000,1385193898.48161800,2614680,338168.36960000
2025-03-20 00:00:00.000000 ,2056.05000000,2067.90000000,1952.17000000,1983.79000000,401518.92820000,800851703.93756900,1885019,185718.33720000
2025-03-21 00:00:00.000000 ,1983.79000000,1996.73000000,1937.10000000,1965.75000000,262641.65900000,516587945.85855400,1470569,130673.03910000
2025-03-22 00:00:00.000000 ,1965.74000000,2006.61000000,1964.34000000,1980.69000000,170782.95740000,339679365.31931900,833146,83417.24300000
2025-03-23 00:00:00.000000 ,1980.68000000,2020.74000000,1976.81000000,2005.99000000,268707.52330000,537810044.75225100,973880,141545.40570000
2025-03-24 00:00:00.000000 ,2005.99000000,2104.11000000,1977.67000000,2081.20000000,477912.81540000,985984215.59453300,1804046,241987.67580000
2025-03-25 00:00:00.000000 ,2081.20000000,2097.70000000,2037.08000000,2066.15000000,328765.32920000,678919919.78074900,1398034,144848.29280000
2025-03-26 00:00:00.000000 ,2066.16000000,2079.21000000,1981.60000000,2009.52000000,428975.32860000,872757205.46664500,1468474,181445.07230000
2025-03-27 00:00:00.000000 ,2009.52000000,2037.38000000,1987.06000000,2003.66000000,360634.83830000,726385594.53475100,1394730,154040.23270000
2025-03-28 00:00:00.000000 ,2003.67000000,2015.93000000,1860.00000000,1896.90000000,626167.58320000,1197329354.05841500,2245087,307332.27690000
2025-03-29 00:00:00.000000 ,1896.90000000,1913.60000000,1797.20000000,1828.08000000,409769.75550000,758545295.87177900,1755638,199201.13980000
2025-03-30 00:00:00.000000 ,1828.09000000,1849.01000000,1767.69000000,1807.74000000,327843.44760000,595676639.88354800,1523210,164123.14760000
2025-03-31 00:00:00.000000 ,1807.74000000,1854.22000000,1776.75000000,1822.43000000,497854.90520000,904456573.01041500,2283021,248408.78650000
2025-04-01 00:00:00.000000 ,1822.43000000,1927.90000000,1817.88000000,1904.98000000,452989.09740000,851190042.27337700,2141608,227293.91340000
2025-04-02 00:00:00.000000 ,1904.98000000,1957.00000000,1781.53000000,1795.22000000,750840.78230000,1411539014.56212600,3408080,364479.37670000
2025-04-03 00:00:00.000000 ,1795.21000000,1845.26000000,1750.00000000,1817.23000000,508075.01800000,912214691.84003600,2579520,253462.44640000
2025-04-04 00:00:00.000000 ,1817.23000000,1835.68000000,1758.72000000,1816.87000000,572734.47020000,1030518559.14175400,2647730,277397.81970000
2025-04-05 00:00:00.000000 ,1816.88000000,1827.29000000,1764.39000000,1806.01000000,201716.26960000,362822603.99707900,861593,96425.62450000
2025-04-06 00:00:00.000000 ,1806.02000000,1817.00000000,1537.50000000,1580.76000000,979847.09580000,1621420911.80354200,3251935,453768.93160000
2025-04-07 00:00:00.000000 ,1580.77000000,1639.00000000,1411.01000000,1553.04000000,2168796.00670000,3314200223.32717800,5723226,1076060.06700000
2025-04-08 00:00:00.000000 ,1553.04000000,1618.67000000,1441.30000000,1473.41000000,891846.13270000,1361139288.97793200,3369669,449628.14170000
2025-04-09 00:00:00.000000 ,1473.41000000,1689.00000000,1385.05000000,1669.51000000,1968530.91380000,2995077137.62664700,4723847,990740.83630000
2025-04-10 00:00:00.000000 ,1669.51000000,1669.85000000,1471.02000000,1522.25000000,911855.39340000,1425649915.89491900,3007121,454828.25920000
2025-04-11 00:00:00.000000 ,1522.24000000,1591.47000000,1504.63000000,1566.85000000,578484.31830000,901210974.60836300,2547292,305707.17480000
2025-04-12 00:00:00.000000 ,1566.85000000,1669.59000000,1546.06000000,1644.18000000,501867.90330000,813176435.31397300,2177800,266899.40920000
2025-04-13 00:00:00.000000 ,1644.19000000,1649.75000000,1562.01000000,1597.76000000,580136.61450000,931598664.29185500,2597350,281372.53800000
2025-04-14 00:00:00.000000 ,1597.76000000,1691.50000000,1595.56000000,1623.77000000,645930.14190000,1062426756.84963600,2975844,332185.12950000
2025-04-15 00:00:00.000000 ,1623.78000000,1661.21000000,1583.12000000,1588.78000000,476178.89150000,774210116.71062500,2283302,232389.85030000
2025-04-16 00:00:00.000000 ,1588.77000000,1613.66000000,1538.07000000,1577.14000000,611387.86860000,965271509.89318300,2645419,311107.79030000
2025-04-17 00:00:00.000000 ,1577.15000000,1616.96000000,1563.20000000,1583.62000000,449870.36280000,716711483.14334500,1871114,226961.42410000
2025-04-18 00:00:00.000000 ,1583.63000000,1600.64000000,1573.54000000,1588.60000000,200409.03590000,317931022.83947300,889028,99073.53740000
2025-04-19 00:00:00.000000 ,1588.60000000,1631.81000000,1585.01000000,1613.27000000,223096.38990000,358254845.71229400,1762563,119856.30270000
2025-04-20 00:00:00.000000 ,1613.26000000,1619.19000000,1565.59000000,1587.36000000,276052.23060000,438377495.97515200,1913811,138393.39470000
2025-04-21 00:00:00.000000 ,1587.36000000,1658.75000000,1564.07000000,1579.57000000,691486.66670000,1117358203.86859500,4257816,349723.77790000
2025-04-22 00:00:00.000000 ,1579.57000000,1778.00000000,1537.26000000,1756.26000000,1103036.95860000,1833852783.08012900,3841594,570956.59690000
2025-04-23 00:00:00.000000 ,1756.25000000,1834.86000000,1744.95000000,1795.07000000,887545.63160000,1590311895.51547700,3346263,465865.23670000
2025-04-24 00:00:00.000000 ,1795.08000000,1802.82000000,1722.90000000,1769.65000000,483465.03850000,851507192.04646000,2225460,228156.98120000
2025-04-25 00:00:00.000000 ,1769.64000000,1827.32000000,1738.60000000,1784.60000000,595610.88940000,1063192910.33905300,2516748,310119.56980000
2025-04-26 00:00:00.000000 ,1784.60000000,1841.16000000,1778.94000000,1820.88000000,355068.04420000,640645562.86521600,1907298,184308.07960000
2025-04-27 00:00:00.000000 ,1820.87000000,1857.47000000,1781.90000000,1791.29000000,340332.64350000,616122293.30825400,2405764,164744.71280000
2025-04-28 00:00:00.000000 ,1791.29000000,1827.98000000,1744.71000000,1799.88000000,587269.74300000,1049690759.15237400,2980656,282424.40210000
2025-04-29 00:00:00.000000 ,1799.88000000,1842.99000000,1780.47000000,1797.81000000,480456.38840000,871685371.74914200,2590967,247137.12130000
2025-04-30 00:00:00.000000 ,1797.81000000,1816.80000000,1731.70000000,1793.61000000,473523.98770000,843558998.32633200,2468998,224863.77570000
2025-05-01 00:00:00.000000 ,1793.62000000,1873.17000000,1792.52000000,1838.11000000,537198.72910000,988206595.82489200,2398765,284534.13820000
2025-05-02 00:00:00.000000 ,1838.10000000,1871.00000000,1813.00000000,1842.20000000,410667.87500000,755324594.31892100,2062923,214203.70890000
2025-05-03 00:00:00.000000 ,1842.20000000,1848.60000000,1810.00000000,1833.52000000,213751.59790000,391267436.33205700,1135719,102337.22030000
2025-05-04 00:00:00.000000 ,1833.52000000,1849.95000000,1803.00000000,1808.86000000,238254.35640000,435999576.56534900,1443996,115191.41150000
2025-05-05 00:00:00.000000 ,1808.86000000,1833.55000000,1781.85000000,1820.19000000,342341.00780000,619310042.70500000,1961255,174628.62900000
2025-05-06 00:00:00.000000 ,1820.19000000,1820.90000000,1752.00000000,1817.00000000,384584.24510000,687049952.31388500,2333041,187697.54610000
2025-05-07 00:00:00.000000 ,1817.00000000,1850.00000000,1787.01000000,1811.11000000,456170.07050000,831394497.73404300,2408512,237181.47550000
2025-05-08 00:00:00.000000 ,1811.11000000,2226.00000000,1808.71000000,2207.39000000,1473152.68600000,2976074419.32354100,5616063,774940.46430000
2025-05-09 00:00:00.000000 ,2207.39000000,2490.77000000,2184.33000000,2345.04000000,1667041.03820000,3881949928.35172300,6885286,816968.73200000
2025-05-10 00:00:00.000000 ,2345.04000000,2600.00000000,2317.00000000,2583.23000000,979350.16060000,2393510879.66520500,4862978,508011.26320000
2025-05-11 00:00:00.000000 ,2583.22000000,2608.13000000,2435.51000000,2514.57000000,831584.38880000,2087255708.68951200,4340859,402700.09720000
2025-05-12 00:00:00.000000 ,2514.58000000,2624.00000000,2406.63000000,2495.47000000,1068680.94330000,2694150708.64276100,5441783,534397.32040000
2025-05-13 00:00:00.000000 ,2495.48000000,2738.50000000,2415.30000000,2679.71000000,1031355.64650000,2653880363.30538100,4666012,569632.76620000
2025-05-14 00:00:00.000000 ,2679.71000000,2725.99000000,2547.26000000,2609.74000000,830047.11220000,2183890526.34022800,4181188,413256.84190000
2025-05-15 00:00:00.000000 ,2609.75000000,2647.03000000,2476.03000000,2548.69000000,768954.03320000,1963827790.23660200,4305508,396304.51570000
2025-05-16 00:00:00.000000 ,2548.70000000,2649.31000000,2529.40000000,2537.12000000,605953.69190000,1568128704.04634500,3310498,323624.70410000
2025-05-17 00:00:00.000000 ,2537.13000000,2538.16000000,2446.42000000,2475.08000000,494333.27820000,1227578098.31878000,2950197,227882.84550000
2025-05-18 00:00:00.000000 ,2475.09000000,2587.61000000,2323.21000000,2497.78000000,810103.18510000,2001441345.43429700,3416878,400896.36800000
2025-05-19 00:00:00.000000 ,2497.78000000,2547.36000000,2348.38000000,2528.14000000,861747.52300000,2109843607.57332400,4757453,431712.84650000
2025-05-20 00:00:00.000000 ,2528.14000000,2588.63000000,2442.40000000,2524.19000000,676989.17470000,1703522806.13044900,3816684,338210.00920000
2025-05-21 00:00:00.000000 ,2524.19000000,2615.95000000,2452.20000000,2550.99000000,1095890.29020000,2780015740.83286100,5568312,550624.56040000
2025-05-22 00:00:00.000000 ,2551.00000000,2692.99000000,2544.83000000,2664.82000000,852555.66690000,2246807632.74527100,5196535,448569.10980000
2025-05-23 00:00:00.000000 ,2664.83000000,2734.23000000,2498.30000000,2526.50000000,971442.45320000,2537338702.61574200,5450420,473528.16840000
2025-05-24 00:00:00.000000 ,2526.49000000,2575.85000000,2515.08000000,2530.40000000,257544.23440000,656038924.22051300,2090724,128007.86040000
2025-05-25 00:00:00.000000 ,2530.41000000,2554.26000000,2463.00000000,2551.22000000,359890.02990000,901956598.72487400,2556052,170482.18590000
2025-05-26 00:00:00.000000 ,2551.22000000,2599.00000000,2525.86000000,2563.70000000,362971.11820000,929347758.92452700,2374458,175269.05960000
2025-05-27 00:00:00.000000 ,2563.70000000,2712.36000000,2509.46000000,2660.81000000,798430.88620000,2101748442.52487300,4017588,412557.62560000
2025-05-28 00:00:00.000000 ,2660.81000000,2689.14000000,2608.50000000,2681.60000000,560095.68330000,1480645502.35148400,3160462,273261.38310000
2025-05-29 00:00:00.000000 ,2681.61000000,2788.00000000,2619.05000000,2631.39000000,811567.25450000,2189640513.33957300,4254669,405459.37330000
2025-05-30 00:00:00.000000 ,2631.39000000,2649.23000000,2507.35000000,2531.34000000,763045.25640000,1976177953.87944200,4624552,376566.67720000
2025-05-31 00:00:00.000000 ,2531.35000000,2550.34000000,2475.33000000,2528.06000000,394537.25210000,994330383.17050800,2792146,197180.28060000
2025-06-01 00:00:00.000000 ,2528.06000000,2547.79000000,2468.56000000,2539.21000000,332021.70880000,834842712.27754100,2210246,165557.31400000
2025-06-02 00:00:00.000000 ,2539.20000000,2615.00000000,2475.00000000,2607.41000000,468889.97370000,1184963591.47166600,3239230,232758.66580000
2025-06-03 00:00:00.000000 ,2607.42000000,2655.38000000,2575.00000000,2593.36000000,454383.04390000,1188862077.10082500,3098351,228172.36000000
2025-06-04 00:00:00.000000 ,2593.35000000,2679.88000000,2583.50000000,2607.68000000,502494.82140000,1321537606.68494800,2754319,260366.58980000
2025-06-05 00:00:00.000000 ,2607.68000000,2640.86000000,2391.66000000,2414.01000000,808938.03440000,2047572739.90118600,4181206,378086.69130000
2025-06-06 00:00:00.000000 ,2414.02000000,2531.36000000,2381.49000000,2476.10000000,578843.49740000,1428256037.77595400,3246760,290586.02100000
2025-06-07 00:00:00.000000 ,2476.10000000,2544.36000000,2457.00000000,2524.63000000,264787.67430000,662320802.30528400,1587509,135613.34190000
2025-06-08 00:00:00.000000 ,2524.64000000,2548.63000000,2490.58000000,2509.83000000,266474.71390000,670516749.05965500,1401175,135061.78730000
2025-06-09 00:00:00.000000 ,2509.84000000,2693.99000000,2477.73000000,2680.13000000,568726.30250000,1458505754.33474000,2896758,303579.99580000
2025-06-10 00:00:00.000000 ,2680.13000000,2827.00000000,2655.61000000,2816.40000000,1138405.47750000,3115655145.47206800,5277581,605348.55600000
2025-06-11 00:00:00.000000 ,2816.41000000,2879.22000000,2743.75000000,2771.61000000,850210.93240000,2388186204.97776600,4906906,410413.94130000
2025-06-12 00:00:00.000000 ,2771.60000000,2784.83000000,2616.24000000,2642.65000000,699593.37570000,1905633561.09752800,4172997,343802.72940000
2025-06-13 00:00:00.000000 ,2642.66000000,2645.45000000,2436.98000000,2579.19000000,1202176.29720000,3033896895.56215400,6026303,570084.13540000
2025-06-14 00:00:00.000000 ,2579.19000000,2579.43000000,2488.72000000,2530.76000000,331438.92780000,838399986.46010700,1988958,155289.43720000
2025-06-15 00:00:00.000000 ,2530.77000000,2559.51000000,2492.00000000,2547.61000000,299701.66240000,758742736.76762300,1846489,153252.40730000
2025-06-16 00:00:00.000000 ,2547.62000000,2680.34000000,2514.85000000,2544.17000000,680429.98800000,1774646762.47170600,3434185,348962.33010000
2025-06-17 00:00:00.000000 ,2544.17000000,2618.60000000,2453.80000000,2509.95000000,715930.40810000,1815306987.09381600,4017130,359536.21040000
2025-06-18 00:00:00.000000 ,2509.95000000,2548.42000000,2465.78000000,2525.00000000,504532.18180000,1266177014.47092600,3243812,250381.79510000
2025-06-19 00:00:00.000000 ,2525.00000000,2546.91000000,2485.03000000,2521.12000000,252646.05900000,636251233.01039300,1667327,122131.81250000
2025-06-20 00:00:00.000000 ,2521.13000000,2569.00000000,2367.36000000,2406.49000000,632027.82350000,1559837109.18270900,3175602,283785.50710000
2025-06-21 00:00:00.000000 ,2406.49000000,2448.80000000,2216.00000000,2295.73000000,496783.86400000,1167664698.57864400,2825558,223536.01090000
2025-06-22 00:00:00.000000 ,2295.72000000,2314.48000000,2111.89000000,2227.70000000,840155.82950000,1865382440.30302800,5203723,410219.46060000
2025-06-23 00:00:00.000000 ,2227.70000000,2438.68000000,2188.00000000,2411.66000000,744583.80030000,1707539521.02711300,4477307,367124.34620000
2025-06-24 00:00:00.000000 ,2411.66000000,2482.04000000,2376.11000000,2448.45000000,516760.66210000,1252322606.09484200,3133356,255502.68020000
2025-06-25 00:00:00.000000 ,2448.46000000,2468.69000000,2389.69000000,2418.49000000,414894.73870000,1007574107.70643100,2776920,206517.99820000
2025-06-26 00:00:00.000000 ,2418.50000000,2520.92000000,2394.32000000,2415.96000000,463704.02610000,1138310757.58406500,2978926,234924.02150000
2025-06-27 00:00:00.000000 ,2415.96000000,2463.54000000,2382.53000000,2423.17000000,381474.76600000,927024811.54842000,2112477,163666.22800000
2025-06-28 00:00:00.000000 ,2423.17000000,2447.80000000,2405.81000000,2435.62000000,155814.98590000,378310903.94894800,855656,75110.01350000
2025-06-29 00:00:00.000000 ,2435.62000000,2525.00000000,2412.00000000,2500.09000000,284291.80570000,700329421.97683400,1370707,147274.80330000
2025-06-30 00:00:00.000000 ,2500.09000000,2524.30000000,2431.00000000,2485.47000000,440455.71400000,1093515997.92479700,2333352,224857.10160000
2025-07-01 00:00:00.000000 ,2485.47000000,2500.80000000,2386.52000000,2405.01000000,351951.08680000,858543228.33426400,1978858,158891.86220000
2025-07-02 00:00:00.000000 ,2405.01000000,2619.28000000,2373.00000000,2570.41000000,634967.03370000,1599878809.25388700,2717139,323198.02060000
2025-07-03 00:00:00.000000 ,2570.41000000,2635.50000000,2556.12000000,2591.25000000,504943.65920000,1308429372.97278500,2506227,261017.40600000
2025-07-04 00:00:00.000000 ,2591.26000000,2603.17000000,2474.24000000,2508.04000000,452593.02000000,1142275937.96820200,1980591,198158.55510000
2025-07-05 00:00:00.000000 ,2508.04000000,2529.81000000,2487.95000000,2516.41000000,157198.09580000,394906375.01776600,911950,79575.30020000
2025-07-06 00:00:00.000000 ,2516.42000000,2605.00000000,2503.50000000,2570.35000000,277593.63190000,707971625.07080200,1375995,138516.85220000
2025-07-07 00:00:00.000000 ,2570.35000000,2590.57000000,2512.00000000,2542.29000000,315707.52720000,805370144.47348500,1985043,155551.56780000
2025-07-08 00:00:00.000000 ,2542.30000000,2628.21000000,2523.59000000,2615.25000000,370915.73210000,957180096.78372700,1899797,193484.74210000
2025-07-09 00:00:00.000000 ,2615.25000000,2795.74000000,2589.78000000,2768.74000000,686119.37720000,1844561572.90659900,2997546,357355.99720000
2025-07-10 00:00:00.000000 ,2768.74000000,3000.00000000,2755.50000000,2951.29000000,951896.07000000,2707997922.26563800,4235042,489489.59430000
2025-07-11 00:00:00.000000 ,2951.29000000,3040.15000000,2913.75000000,2958.22000000,906839.16890000,2704484897.47172300,4434934,446642.84720000
2025-07-12 00:00:00.000000 ,2958.21000000,2979.78000000,2903.85000000,2943.28000000,348884.88770000,1027324169.83148200,1690700,169290.30630000
2025-07-13 00:00:00.000000 ,2943.29000000,3020.31000000,2936.49000000,2972.03000000,357333.50160000,1063507989.97740500,1778200,181359.79350000
2025-07-14 00:00:00.000000 ,2972.03000000,3083.00000000,2962.81000000,3013.62000000,815552.64960000,2470137078.01798600,3706161,386886.22520000
2025-07-15 00:00:00.000000 ,3013.61000000,3144.14000000,2932.46000000,3137.89000000,863583.73770000,2610352115.95314900,4317422,452826.40110000
2025-07-16 00:00:00.000000 ,3137.90000000,3425.00000000,3101.00000000,3371.35000000,1135950.58310000,3699155067.26826700,4381562,586498.64290000
2025-07-17 00:00:00.000000 ,3371.35000000,3523.44000000,3310.77000000,3476.87000000,974065.82640000,3331779733.25500400,5025581,483988.56920000
2025-07-18 00:00:00.000000 ,3476.88000000,3673.84000000,3458.68000000,3546.92000000,1163823.39770000,4180688128.22182400,5566028,568849.47550000
2025-07-19 00:00:00.000000 ,3546.92000000,3608.30000000,3506.79000000,3592.01000000,381791.92130000,1360031951.33707600,2217328,178344.00760000
2025-07-20 00:00:00.000000 ,3592.00000000,3824.56000000,3579.13000000,3756.69000000,852356.55330000,3170505338.40009500,3794627,443544.93130000
2025-07-21 00:00:00.000000 ,3756.69000000,3860.00000000,3701.01000000,3762.33000000,812074.05340000,3070256408.91971600,4156350,385711.49860000
2025-07-22 00:00:00.000000 ,3762.32000000,3798.65000000,3616.54000000,3746.21000000,870127.38640000,3216022611.72017900,4455526,418929.48080000
2025-07-23 00:00:00.000000 ,3746.21000000,3764.20000000,3527.00000000,3628.29000000,800259.40250000,2907900644.92029500,3761894,369083.35370000
2025-07-24 00:00:00.000000 ,3628.29000000,3771.00000000,3502.85000000,3706.94000000,749459.49500000,2743326751.98716900,3752613,372725.31770000
2025-07-25 00:00:00.000000 ,3706.95000000,3747.00000000,3573.76000000,3724.96000000,764606.72610000,2799663682.73190600,4083119,370298.00700000
2025-07-26 00:00:00.000000 ,3724.97000000,3793.00000000,3697.66000000,3741.10000000,407259.70240000,1525422085.06614500,1720495,204826.18170000
2025-07-27 00:00:00.000000 ,3741.11000000,3879.82000000,3731.00000000,3872.10000000,457352.46050000,1744992440.58552800,2299384,230309.32170000
2025-07-28 00:00:00.000000 ,3872.11000000,3941.00000000,3754.00000000,3799.00000000,620994.74630000,2387363538.13591300,3161770,304037.60740000
2025-07-29 00:00:00.000000 ,3799.00000000,3886.44000000,3716.04000000,3793.79000000,584210.43930000,2218694085.76780200,3121489,286292.45720000
2025-07-30 00:00:00.000000 ,3793.79000000,3834.03000000,3677.65000000,3810.00000000,525424.90030000,1984744001.48840900,3128399,248999.44820000
2025-07-31 00:00:00.000000 ,3810.00000000,3878.67000000,3684.33000000,3698.39000000,516088.45030000,1961880275.40254700,2754480,245555.22930000
2025-08-01 00:00:00.000000 ,3698.39000000,3724.02000000,3431.75000000,3488.20000000,783869.15170000,2826423714.23782200,5288678,361738.00530000
2025-08-02 00:00:00.000000 ,3488.21000000,3537.69000000,3368.29000000,3393.94000000,494195.70940000,1709705648.16293100,3703627,231776.95140000
2025-08-03 00:00:00.000000 ,3393.94000000,3521.79000000,3354.28000000,3496.74000000,296347.67580000,1026636932.33361000,2428479,156807.23000000
2025-08-04 00:00:00.000000 ,3496.75000000,3736.73000000,3490.73000000,3720.99000000,463349.98610000,1677819313.33299800,3316870,241318.70640000
2025-08-05 00:00:00.000000 ,3720.99000000,3722.24000000,3546.00000000,3612.00000000,489070.95890000,1772309727.64044400,3721006,230213.28320000
2025-08-06 00:00:00.000000 ,3612.01000000,3698.60000000,3564.19000000,3683.31000000,365309.92050000,1326203496.30214000,2912356,186459.27770000
2025-08-07 00:00:00.000000 ,3683.31000000,3927.77000000,3647.63000000,3910.31000000,631678.98720000,2402252971.43174100,3495451,344602.94900000
2025-08-08 00:00:00.000000 ,3910.30000000,4071.00000000,3880.00000000,4009.50000000,723300.01090000,2868715363.88936900,4175115,389637.01660000
2025-08-09 00:00:00.000000 ,4009.51000000,4326.20000000,4006.63000000,4260.62000000,691932.10480000,2897074775.14015900,3932997,354396.80920000
2025-08-10 00:00:00.000000 ,4260.63000000,4332.60000000,4153.07000000,4250.57000000,494843.81050000,2091948332.58911400,3319102,235841.29630000
2025-08-11 00:00:00.000000 ,4250.58000000,4366.46000000,4166.77000000,4223.22000000,722664.04000000,3089081112.55487400,5162548,360218.29540000
2025-08-12 00:00:00.000000 ,4223.22000000,4639.70000000,4219.04000000,4590.52000000,885288.06520000,3918279210.05392900,5104868,460721.25810000
2025-08-13 00:00:00.000000 ,4590.52000000,4783.85000000,4564.33000000,4749.30000000,925931.49880000,4334944436.91063500,5293034,476639.19460000
2025-08-14 00:00:00.000000 ,4749.31000000,4788.00000000,4451.33000000,4546.84000000,1265449.04530000,5853669749.16580800,6488264,610793.14930000
2025-08-15 00:00:00.000000 ,4546.84000000,4672.67000000,4368.00000000,4439.47000000,880409.25910000,3978902618.05877900,5091385,431967.53780000
2025-08-16 00:00:00.000000 ,4439.47000000,4490.42000000,4372.54000000,4421.99000000,358676.58840000,1587545552.64488400,2446573,172182.48140000
2025-08-17 00:00:00.000000 ,4422.00000000,4576.00000000,4393.98000000,4472.33000000,442461.38290000,1990037593.51367000,2844829,216791.68460000
2025-08-18 00:00:00.000000 ,4472.34000000,4481.88000000,4225.86000000,4312.99000000,823188.12690000,3561988639.06488000,4938429,406762.54810000
2025-08-19 00:00:00.000000 ,4312.99000000,4355.00000000,4067.34000000,4075.59000000,831222.79510000,3499853674.63769500,4828050,398237.73890000
2025-08-20 00:00:00.000000 ,4075.58000000,4378.00000000,4060.00000000,4336.16000000,728324.89330000,3077553918.18234000,4768196,377599.43360000
2025-08-21 00:00:00.000000 ,4336.16000000,4340.26000000,4204.20000000,4225.30000000,433836.39920000,1854414176.52944700,4202357,215637.33520000
2025-08-22 00:00:00.000000 ,4225.30000000,4887.59000000,4207.39000000,4832.07000000,1277976.63526000,5850514269.29654200,6440351,685989.38976000
2025-08-23 00:00:00.000000 ,4832.07000000,4832.07000000,4659.70000000,4778.40000000,512442.08880000,2428561923.41783700,3011610,247002.37200000
2025-08-24 00:00:00.000000 ,4778.40000000,4956.78000000,4711.00000000,4780.15000000,780668.77842000,3755014998.44670220,4316811,393654.81102000
2025-08-25 00:00:00.000000 ,4780.15000000,4797.97000000,4334.13000000,4376.18000000,1043917.16590000,4769033242.72804400,6296796,466034.81590000
2025-08-26 00:00:00.000000 ,4376.17000000,4633.46000000,4311.04000000,4600.63000000,834750.27670000,3739773474.02150600,5640502,401376.30870000
2025-08-27 00:00:00.000000 ,4600.63000000,4663.93000000,4481.53000000,4506.71000000,606669.36110000,2784659238.30170100,3920404,307736.90980000
2025-08-28 00:00:00.000000 ,4506.71000000,4633.97000000,4430.00000000,4511.21000000,485243.40270000,2202472276.64976000,3236156,230509.09270000
2025-08-29 00:00:00.000000 ,4511.20000000,4516.75000000,4265.00000000,4360.18000000,679063.87770000,2969120530.27437700,4406428,324223.36290000
2025-08-30 00:00:00.000000 ,4360.18000000,4415.61000000,4257.20000000,4373.70000000,340319.18260000,1483613909.74936700,2086140,180789.98800000
2025-08-31 00:00:00.000000 ,4373.70000000,4498.47000000,4372.63000000,4391.83000000,356586.18610000,1588952837.43226100,2221987,183775.31640000
2025-09-01 00:00:00.000000 ,4391.83000000,4491.84000000,4210.61000000,4314.50000000,513830.03950000,2244610986.86617000,4011776,246147.26540000
2025-09-02 00:00:00.000000 ,4314.50000000,4416.78000000,4257.85000000,4326.50000000,524605.05120000,2275752549.70453100,4161006,262315.12980000
2025-09-03 00:00:00.000000 ,4326.49000000,4490.64000000,4283.23000000,4450.46000000,487091.68610000,2146232316.54618200,3491341,260805.13180000
2025-09-04 00:00:00.000000 ,4450.46000000,4482.05000000,4265.33000000,4297.55000000,471795.70960000,2061920365.30679200,4087637,223178.84790000
2025-09-05 00:00:00.000000 ,4297.56000000,4490.00000000,4256.03000000,4307.45000000,624169.87540000,2722930703.94995800,4751518,312428.23520000
2025-09-06 00:00:00.000000 ,4307.46000000,4329.30000000,4236.00000000,4273.14000000,191166.06860000,819243725.21230000,1711937,90318.68330000
2025-09-07 00:00:00.000000 ,4273.15000000,4336.02000000,4270.81000000,4306.19000000,169620.83720000,729149678.76054200,1450115,88389.91040000
2025-09-08 00:00:00.000000 ,4306.19000000,4384.06000000,4279.00000000,4306.37000000,372882.43550000,1611402674.92485900,2889398,185577.50780000
2025-09-09 00:00:00.000000 ,4306.36000000,4381.87000000,4276.76000000,4310.09000000,405485.78210000,1751903233.45533400,3068397,197329.24000000
2025-09-10 00:00:00.000000 ,4310.08000000,4453.57000000,4285.10000000,4349.32000000,506633.90980000,2207912091.68550800,3221192,275693.69070000
2025-09-11 00:00:00.000000 ,4349.33000000,4481.09000000,4338.82000000,4458.82000000,441259.66490000,1949893256.33512800,3446340,233524.38820000
2025-09-12 00:00:00.000000 ,4458.83000000,4748.40000000,4450.71000000,4712.16000000,510777.54020000,2337299050.09869100,3859691,260127.44640000
2025-09-13 00:00:00.000000 ,4712.16000000,4769.36000000,4605.00000000,4666.53000000,394393.68690000,1850836179.98348300,2711137,194348.83880000
2025-09-14 00:00:00.000000 ,4666.54000000,4692.36000000,4576.89000000,4604.49000000,278244.32050000,1287527692.94641300,2561665,119825.80780000
2025-09-15 00:00:00.000000 ,4604.48000000,4670.28000000,4466.00000000,4523.74000000,412291.96870000,1874781946.01509900,3889905,203592.76640000
2025-09-16 00:00:00.000000 ,4523.74000000,4538.25000000,4424.00000000,4501.29000000,293307.10990000,1315498731.65000400,2967454,149843.52550000
2025-09-17 00:00:00.000000 ,4501.30000000,4616.77000000,4412.00000000,4590.53000000,476981.45610000,2149457762.91381600,3859374,239986.82670000
2025-09-18 00:00:00.000000 ,4590.54000000,4644.47000000,4553.70000000,4587.66000000,290660.37700000,1336761563.70499600,2922079,146325.17890000
2025-09-19 00:00:00.000000 ,4587.66000000,4620.72000000,4435.70000000,4468.59000000,331611.14820000,1495953132.09977300,2302227,143873.06950000
2025-09-20 00:00:00.000000 ,4468.59000000,4508.71000000,4454.45000000,4480.42000000,130781.91300000,585813348.77492400,1094083,65379.03970000
2025-09-21 00:00:00.000000 ,4480.41000000,4498.16000000,4443.00000000,4444.97000000,149349.82620000,668077573.11298600,1098813,74558.80410000
2025-09-22 00:00:00.000000 ,4444.98000000,4455.76000000,4077.00000000,4199.08000000,708243.23480000,2991392446.13075600,4143966,343579.01760000
2025-09-23 00:00:00.000000 ,4199.09000000,4229.03000000,4114.39000000,4164.26000000,315227.90570000,1318382529.12791200,3449275,157024.33390000
2025-09-24 00:00:00.000000 ,4164.25000000,4206.90000000,4073.74000000,4152.81000000,353665.56710000,1472276097.66792100,3119658,166727.33670000
2025-09-25 00:00:00.000000 ,4152.81000000,4161.04000000,3815.00000000,3874.36000000,930327.69510000,3702962412.91711400,7611345,441393.55430000
2025-09-26 00:00:00.000000 ,3874.35000000,4068.30000000,3867.65000000,4032.24000000,575711.08590000,2275867014.04683600,5466636,307750.34570000
2025-09-27 00:00:00.000000 ,4032.24000000,4039.01000000,3972.98000000,4018.38000000,172693.26380000,692281857.20758200,1940113,79817.40350000
2025-09-28 00:00:00.000000 ,4018.39000000,4144.88000000,3966.00000000,4142.16000000,240331.85890000,972239151.62757900,2500609,140010.73230000
2025-09-29 00:00:00.000000 ,4142.16000000,4235.86000000,4082.25000000,4215.07000000,380728.67840000,1580732256.80118700,3612246,199061.71470000
2025-09-30 00:00:00.000000 ,4215.07000000,4245.00000000,4092.10000000,4145.15000000,391126.61720000,1625808124.64346200,4118784,181458.99580000
2025-10-01 00:00:00.000000 ,4145.15000000,4355.46000000,4123.08000000,4348.03000000,507026.38220000,2165739972.37104500,4138481,247673.98910000
2025-10-02 00:00:00.000000 ,4348.03000000,4516.74000000,4332.73000000,4484.35000000,526411.15710000,2322911121.29364600,4441183,270113.99700000
2025-10-03 00:00:00.000000 ,4484.35000000,4591.59000000,4428.00000000,4512.87000000,485684.02670000,2184423024.58254500,5149648,234630.14990000
2025-10-04 00:00:00.000000 ,4512.88000000,4517.93000000,4440.00000000,4487.15000000,199732.70880000,895195711.88107900,2252261,90161.81790000
2025-10-05 00:00:00.000000 ,4487.16000000,4618.17000000,4467.05000000,4514.32000000,506587.96140000,2305062852.19154900,3791095,265246.90610000
2025-10-06 00:00:00.000000 ,4514.32000000,4735.93000000,4488.25000000,4684.01000000,456200.65280000,2107882753.61472900,4677655,235462.94880000
2025-10-07 00:00:00.000000 ,4684.02000000,4755.00000000,4430.43000000,4447.70000000,640685.93190000,2946435862.40083800,6028668,308407.60860000
2025-10-08 00:00:00.000000 ,4447.70000000,4558.00000000,4410.08000000,4525.72000000,399904.32870000,1791815622.63574500,4771608,205585.76950000
2025-10-09 00:00:00.000000 ,4525.72000000,4531.52000000,4265.06000000,4368.09000000,515978.18290000,2257574038.66859000,5181361,242773.63840000
2025-10-10 00:00:00.000000 ,4368.09000000,4393.63000000,3435.00000000,3829.72000000,1493971.02440000,5954598988.69031500,12594514,680600.68970000
2025-10-11 00:00:00.000000 ,3829.72000000,3878.30000000,3643.33000000,3746.79000000,789885.65820000,2994511140.40929900,8794145,362107.59010000
2025-10-12 00:00:00.000000 ,3746.80000000,4197.70000000,3694.74000000,4152.29000000,811308.15200000,3213401552.27495600,8286691,406500.54870000
2025-10-13 00:00:00.000000 ,4152.29000000,4292.00000000,4042.29000000,4240.85000000,622813.92470000,2590697041.47960500,8321249,302948.00940000
2025-10-14 00:00:00.000000 ,4240.86000000,4263.38000000,3888.74000000,4125.02000000,962996.76580000,3894019260.94604300,10714712,500346.68170000
2025-10-15 00:00:00.000000 ,4125.01000000,4217.60000000,3926.74000000,3985.61000000,626081.69660000,2543782117.97325700,7421801,313175.53890000
2025-10-16 00:00:00.000000 ,3985.61000000,4086.49000000,3826.04000000,3894.51000000,643804.61630000,2552218455.01881900,8451902,319663.42660000
2025-10-17 00:00:00.000000 ,3894.50000000,3950.45000000,3674.50000000,3831.57000000,830127.08850000,3147006926.52111000,9412569,421727.04450000
2025-10-18 00:00:00.000000 ,3831.58000000,3927.73000000,3819.07000000,3889.21000000,250710.61210000,971616631.64294300,3174247,123527.72800000
2025-10-19 00:00:00.000000 ,3889.20000000,4030.94000000,3827.04000000,3982.58000000,408538.25450000,1609546719.15419900,4377250,210770.82900000
2025-10-20 00:00:00.000000 ,3982.58000000,4085.30000000,3908.73000000,3979.22000000,511382.33010000,2049366257.29489900,5803391,237126.18510000
2025-10-21 00:00:00.000000 ,3979.22000000,4110.00000000,3840.24000000,3873.05000000,590594.13820000,2335723187.67724700,7015049,279785.50530000
2025-10-22 00:00:00.000000 ,3873.04000000,3889.27000000,3710.00000000,3805.53000000,593130.09050000,2268706650.10990400,6834244,263582.81730000
2025-10-23 00:00:00.000000 ,3805.53000000,3934.86000000,3796.54000000,3856.80000000,477231.01810000,1842438997.00686600,4206428,210507.97390000
2025-10-24 00:00:00.000000 ,3856.80000000,4026.39000000,3845.86000000,3934.88000000,425926.93830000,1676037250.10021400,4291705,217754.83750000
2025-10-25 00:00:00.000000 ,3934.88000000,3969.22000000,3912.40000000,3953.82000000,138526.33380000,545722019.67597500,1476147,67667.27930000
2025-10-26 00:00:00.000000 ,3953.81000000,4178.78000000,3919.03000000,4158.46000000,344698.09180000,1396836816.69346500,3249487,173720.18560000
2025-10-27 00:00:00.000000 ,4158.46000000,4253.72000000,4095.00000000,4120.15000000,487131.22910000,2035684992.60360700,5081784,248999.97290000
2025-10-28 00:00:00.000000 ,4120.16000000,4175.55000000,3931.33000000,3979.20000000,472965.83770000,1926589295.49168200,5061999,222962.15790000
2025-10-29 00:00:00.000000 ,3979.19000000,4036.66000000,3840.37000000,3902.99000000,486452.31270000,1925328091.83401800,5571627,230694.78000000
2025-10-30 00:00:00.000000 ,3903.00000000,3948.74000000,3680.00000000,3805.09000000,531455.99230000,2028708564.22221200,6906431,253157.68280000
2025-10-31 00:00:00.000000 ,3804.95000000,3906.09000000,3796.36000000,3847.99000000,478636.29950000,1843471240.95085800,5000695,263997.83610000
2025-11-01 00:00:00.000000 ,3848.00000000,3909.39000000,3831.00000000,3873.77000000,152998.16260000,592459458.76156700,1840903,75638.86120000
2025-11-02 00:00:00.000000 ,3873.78000000,3918.23000000,3839.12000000,3906.58000000,216083.15420000,837354910.68862800,2433160,115417.92050000
2025-11-03 00:00:00.000000 ,3906.58000000,3914.29000000,3558.82000000,3603.83000000,877187.38520000,3238285047.50950600,7464333,396065.94480000
2025-11-04 00:00:00.000000 ,3603.84000000,3654.54000000,3057.00000000,3287.05000000,1568004.23790000,5314450723.76383100,10283812,730780.38230000
2025-11-05 00:00:00.000000 ,3287.05000000,3480.46000000,3166.66000000,3424.29000000,809591.51320000,2699190339.15263200,6935719,421218.89650000
2025-11-06 00:00:00.000000 ,3424.29000000,3456.46000000,3245.45000000,3315.14000000,566363.70030000,1896818057.20779100,6422367,278569.85690000
2025-11-07 00:00:00.000000 ,3315.14000000,3473.00000000,3194.20000000,3436.05000000,683417.38540000,2269770217.23642700,7139239,352056.04590000
2025-11-08 00:00:00.000000 ,3436.04000000,3488.00000000,3355.58000000,3401.51000000,291532.28810000,997076516.09053000,3661341,144818.02070000
2025-11-09 00:00:00.000000 ,3401.51000000,3623.25000000,3358.66000000,3583.46000000,464098.05200000,1616068059.82672000,4471232,255287.61130000
2025-11-10 00:00:00.000000 ,3583.46000000,3658.98000000,3507.30000000,3567.85000000,595273.02980000,2130222587.62469400,5374965,288985.11780000
2025-11-11 00:00:00.000000 ,3567.85000000,3648.27000000,3405.24000000,3417.76000000,660283.27470000,2334219569.45880300,6239855,279975.27240000
2025-11-12 00:00:00.000000 ,3417.76000000,3588.19000000,3371.65000000,3414.92000000,553101.93680000,1913040553.62282000,5915987,269502.14320000
2025-11-13 00:00:00.000000 ,3414.91000000,3565.84000000,3154.22000000,3231.54000000,951989.13470000,3206643011.07722700,8109562,479288.71970000
2025-11-14 00:00:00.000000 ,3231.55000000,3256.71000000,3070.00000000,3112.40000000,890446.14910000,2825408309.92582500,9563602,444168.02280000
2025-11-15 00:00:00.000000 ,3112.40000000,3230.00000000,3110.68000000,3167.88000000,338463.47820000,1076796729.10253600,3329279,178961.82230000
2025-11-16 00:00:00.000000 ,3167.87000000,3249.00000000,3004.00000000,3095.29000000,570633.58090000,1779987722.71109300,5709385,287844.83460000
2025-11-17 00:00:00.000000 ,3095.29000000,3223.38000000,2959.46000000,3031.44000000,762500.42890000,2363337280.76593900,7450569,387414.74250000
2025-11-18 00:00:00.000000 ,3031.44000000,3169.95000000,2946.56000000,3123.66000000,766640.10580000,2340587460.79804400,7615241,403280.78860000
2025-11-19 00:00:00.000000 ,3123.65000000,3125.54000000,2873.64000000,3025.48000000,737926.71460000,2216678695.22302100,7164222,360036.54590000
2025-11-20 00:00:00.000000 ,3025.48000000,3063.61000000,2790.01000000,2834.22000000,912524.37180000,2661800409.34073800,7127439,428888.87250000
2025-11-21 00:00:00.000000 ,2834.21000000,2886.73000000,2623.57000000,2765.85000000,1180475.40850000,3236847819.47923000,10064748,547922.10990000
2025-11-22 00:00:00.000000 ,2765.86000000,2799.01000000,2704.33000000,2770.12000000,264691.30890000,726992504.44569300,3610746,130783.38580000
2025-11-23 00:00:00.000000 ,2770.12000000,2858.16000000,2768.29000000,2802.16000000,409808.57340000,1154902366.81610500,3902263,206241.27950000
2025-11-24 00:00:00.000000 ,2802.16000000,2987.00000000,2763.00000000,2953.38000000,715279.75510000,2052356496.55259500,5727108,341887.11620000
2025-11-25 00:00:00.000000 ,2953.38000000,2980.82000000,2857.32000000,2959.36000000,427686.45280000,1246454120.37033200,4418266,202476.62980000
2025-11-26 00:00:00.000000 ,2959.36000000,3045.00000000,2888.69000000,3026.56000000,364535.32600000,1079536972.45960700,3911013,171996.02410000
2025-11-27 00:00:00.000000 ,3026.56000000,3071.37000000,2985.78000000,3015.23000000,274980.39550000,831942752.09970900,2917476,127744.67000000
2025-11-28 00:00:00.000000 ,3015.23000000,3099.00000000,2994.36000000,3031.15000000,346616.02750000,1053857760.71480900,3662478,172614.61760000
2025-11-29 00:00:00.000000 ,3031.14000000,3052.64000000,2961.91000000,2989.16000000,217904.13030000,654348734.59972600,1930588,93034.01640000
2025-11-30 00:00:00.000000 ,2989.17000000,3053.02000000,2975.30000000,2991.26000000,182722.42530000,551904047.43264500,1896781,87143.65790000
2025-12-01 00:00:00.000000 ,2991.25000000,2999.47000000,2716.04000000,2799.07000000,849002.99090000,2386884973.98284600,7108249,383330.50810000
2025-12-02 00:00:00.000000 ,2799.07000000,3033.76000000,2782.19000000,2996.07000000,523707.35860000,1528447401.32484600,5821936,263958.35760000
2025-12-03 00:00:00.000000 ,2996.07000000,3214.99000000,2985.58000000,3188.36000000,553669.81460000,1713587615.13256400,6210489,280795.74290000
2025-12-04 00:00:00.000000 ,3188.39000000,3240.35000000,3066.37000000,3133.26000000,486698.39870000,1543790061.95239200,6357509,238177.98120000
2025-12-05 00:00:00.000000 ,3133.26000000,3193.33000000,2983.08000000,3021.78000000,530382.89860000,1639255389.98776900,6012408,259028.75780000
2025-12-06 00:00:00.000000 ,3021.77000000,3069.00000000,3012.58000000,3038.06000000,159721.24880000,485368537.24003100,2244070,75279.08030000
2025-12-07 00:00:00.000000 ,3038.06000000,3150.00000000,2907.52000000,3059.85000000,391129.67500000,1186332501.65101000,4277667,186555.63980000
2025-12-08 00:00:00.000000 ,3059.86000000,3180.51000000,3040.87000000,3124.16000000,452820.22070000,1415589445.03909500,6327207,224225.64960000
2025-12-09 00:00:00.000000 ,3124.16000000,3397.85000000,3090.80000000,3318.04000000,603859.94580000,1962292840.76768700,6993282,280409.75900000
2025-12-10 00:00:00.000000 ,3318.04000000,3447.44000000,3288.10000000,3324.14000000,539585.45350000,1810738811.73561600,7155428,265501.84580000
2025-12-11 00:00:00.000000 ,3324.14000000,3327.37000000,3145.28000000,3237.39000000,504114.23910000,1619734578.21387100,7267153,239375.54430000
2025-12-12 00:00:00.000000 ,3237.38000000,3265.50000000,3045.31000000,3084.86000000,435686.44350000,1371414759.85773400,5948483,204665.14710000
2025-12-13 00:00:00.000000 ,3084.86000000,3135.68000000,3078.60000000,3114.64000000,136465.75670000,423920604.03812200,1855254,66698.63270000
2025-12-14 00:00:00.000000 ,3114.64000000,3129.54000000,3024.44000000,3063.50000000,279058.35450000,862072488.53001400,3511048,122884.56610000
2025-12-15 00:00:00.000000 ,3063.49000000,3177.50000000,2894.57000000,2964.85000000,520509.95550000,1579982448.23956300,7417115,260217.03310000
2025-12-16 00:00:00.000000 ,2964.85000000,2981.87000000,2876.00000000,2962.30000000,378293.11590000,1111582164.80433200,6669623,177353.99480000
2025-12-17 00:00:00.000000 ,2962.30000000,3030.92000000,2791.02000000,2833.49000000,497630.41620000,1446107029.74967600,6532843,241806.43380000
2025-12-18 00:00:00.000000 ,2833.50000000,2997.40000000,2775.19000000,2828.57000000,595253.79970000,1712688363.64049000,7801439,297647.54560000
2025-12-19 00:00:00.000000 ,2828.56000000,3020.00000000,2808.63000000,2979.50000000,531702.54390000,1565878519.31718000,6948512,265654.99200000
2025-12-20 00:00:00.000000 ,2979.49000000,2994.41000000,2964.17000000,2977.93000000,91783.77340000,273573678.21258100,1350111,40641.51920000
2025-12-21 00:00:00.000000 ,2977.93000000,3013.40000000,2944.00000000,3002.02000000,162244.80670000,483780019.52750500,2474808,78868.28790000
2025-12-22 00:00:00.000000 ,3002.03000000,3077.39000000,2963.43000000,3009.49000000,298443.56330000,903056984.46616100,5452069,142983.36890000
2025-12-23 00:00:00.000000 ,3009.48000000,3035.79000000,2900.93000000,2965.02000000,386465.74700000,1143899253.06253200,4824322,206394.45950000
2025-12-24 00:00:00.000000 ,2965.03000000,2978.15000000,2888.70000000,2947.47000000,197035.55980000,578209287.85826600,3194683,101402.54290000
2025-12-25 00:00:00.000000 ,2947.48000000,2971.46000000,2891.20000000,2903.95000000,188721.29810000,554690625.49277900,2183611,85987.39200000
2025-12-26 00:00:00.000000 ,2903.90000000,2994.38000000,2894.26000000,2927.99000000,314830.99890000,928357784.21783200,4062164,159371.29950000
2025-12-27 00:00:00.000000 ,2928.00000000,2960.89000000,2917.13000000,2949.05000000,95040.39560000,278706096.33451800,1004396,43285.97130000
2025-12-28 00:00:00.000000 ,2949.05000000,2961.23000000,2924.54000000,2950.91000000,128834.13900000,379078145.43257800,1484510,65373.99150000
2025-12-29 00:00:00.000000 ,2950.91000000,3057.78000000,2910.25000000,2937.90000000,485959.18240000,1447180217.93353900,5162535,233555.15830000
2025-12-30 00:00:00.000000 ,2937.91000000,3009.80000000,2919.44000000,2973.69000000,286583.28790000,851498558.48960800,3959890,146128.23480000
2025-12-31 00:00:00.000000 ,2973.69000000,3028.08000000,2958.91000000,2971.64000000,233729.58870000,697600045.70021200,2935432,116217.52630000
2026-01-01 00:00:00.000000 ,2971.65000000,3010.00000000,2971.15000000,3004.19000000,136088.52070000,406547667.09815400,1338212,66477.08600000
2026-01-02 00:00:00.000000 ,3004.19000000,3150.01000000,2992.49000000,3125.45000000,369891.24490000,1137619077.20473900,5276480,195057.03910000
2026-01-03 00:00:00.000000 ,3125.46000000,3136.71000000,3076.00000000,3127.11000000,134405.22580000,417746796.51213700,1823251,66789.80670000
2026-01-04 00:00:00.000000 ,3127.11000000,3167.22000000,3118.75000000,3144.70000000,181576.06860000,570517585.64855400,2261499,94783.86980000
2026-01-05 00:00:00.000000 ,3144.71000000,3265.66000000,3135.02000000,3224.99000000,382446.66180000,1219648843.48148700,5401982,188956.43360000
2026-01-06 00:00:00.000000 ,3224.99000000,3308.86000000,3183.27000000,3296.84000000,412503.50660000,1340863819.95425500,5310071,204316.79950000
2026-01-07 00:00:00.000000 ,3296.83000000,3296.84000000,3125.42000000,3168.72000000,321350.12250000,1027448724.68783900,4839276,154644.91840000
2026-01-08 00:00:00.000000 ,3168.72000000,3184.39000000,3054.65000000,3106.65000000,343616.10050000,1069846020.04270300,4982423,167834.93660000
2026-01-09 00:00:00.000000 ,3106.66000000,3148.41000000,3058.69000000,3088.40000000,274587.45330000,851846982.92555300,4182570,137269.67140000
2026-01-10 00:00:00.000000 ,3088.40000000,3104.12000000,3077.99000000,3086.72000000,82341.05460000,254495724.00264300,881069,44689.16280000
2026-01-11 00:00:00.000000 ,3086.72000000,3147.27000000,3084.46000000,3123.45000000,149381.29650000,465227647.58300200,1522502,77521.21910000
2026-01-12 00:00:00.000000 ,3123.46000000,3171.49000000,3065.55000000,3095.75000000,297373.46810000,928024542.29600100,4303605,145169.94890000
2026-01-13 00:00:00.000000 ,3095.75000000,3367.79000000,3091.96000000,3325.82000000,457782.28160000,1470983302.12487700,4876916,239733.94480000
2026-01-14 00:00:00.000000 ,3325.83000000,3402.89000000,3280.48000000,3354.92000000,503440.07590000,1682648500.33979800,5351410,242601.21110000
2026-01-15 00:00:00.000000 ,3354.92000000,3384.19000000,3273.72000000,3318.69000000,389993.83600000,1296628250.56622000,4766390,182106.08110000
2026-01-16 00:00:00.000000 ,3318.70000000,3326.79000000,3253.01000000,3296.28000000,223921.78760000,737278508.74983300,3528248,109159.16150000
2026-01-17 00:00:00.000000 ,3296.28000000,3330.26000000,3283.96000000,3310.56000000,124325.03030000,411508868.39151000,1229614,68643.58520000
2026-01-18 00:00:00.000000 ,3310.56000000,3368.82000000,3278.86000000,3284.03000000,173354.30260000,576301516.53025600,2227452,93056.79920000
2026-01-19 00:00:00.000000 ,3284.04000000,3284.58000000,3165.38000000,3189.55000000,442540.55960000,1421588263.89826100,4406164,225707.67390000
2026-01-20 00:00:00.000000 ,3189.56000000,3200.50000000,2920.00000000,2939.88000000,518166.47870000,1586973026.80606000,7228638,251605.13020000
2026-01-21 00:00:00.000000 ,2939.88000000,3069.07000000,2866.11000000,2982.27000000,577800.24810000,1712903183.81205300,8064316,296961.80700000
2026-01-22 00:00:00.000000 ,2982.28000000,3038.33000000,2906.02000000,2952.69000000,291660.73490000,867206892.23913800,4696521,144410.79470000
2026-01-23 00:00:00.000000 ,2952.70000000,3019.26000000,2892.40000000,2956.41000000,318415.33170000,939757975.66951500,5479038,159251.25290000
2026-01-24 00:00:00.000000 ,2956.41000000,2970.41000000,2943.84000000,2953.22000000,92082.90390000,272517275.86042600,1185149,41483.21070000
2026-01-25 00:00:00.000000 ,2953.23000000,2960.29000000,2787.00000000,2816.89000000,380186.53260000,1088137895.95277100,4637787,165133.77170000
2026-01-26 00:00:00.000000 ,2816.90000000,2951.21000000,2812.37000000,2930.35000000,485169.33720000,1405058143.57859500,5933570,239396.14480000
2026-01-27 00:00:00.000000 ,2930.35000000,3035.08000000,2899.77000000,3026.77000000,478792.39880000,1416537368.43336100,5278439,229630.17280000
2026-01-28 00:00:00.000000 ,3026.77000000,3045.78000000,2983.67000000,3010.78000000,296607.65490000,894057677.74036500,5061029,154557.60640000
2026-01-29 00:00:00.000000 ,3010.78000000,3013.50000000,2754.53000000,2822.59000000,561288.59790000,1601894306.03981300,6779608,270939.81710000
2026-01-30 00:00:00.000000 ,2822.60000000,2828.65000000,2636.01000000,2707.38000000,793279.62520000,2161851949.08838500,10661631,388766.16300000
2026-01-31 00:00:00.000000 ,2707.37000000,2714.64000000,2250.00000000,2451.95000000,1113097.71320000,2759353621.32131200,9305297,520430.20550000
2026-02-01 00:00:00.000000 ,2451.96000000,2475.98000000,2222.00000000,2270.15000000,1026573.94660000,2412828498.62774500,11038637,455879.64490000
2026-02-02 00:00:00.000000 ,2270.16000000,2396.62000000,2157.14000000,2347.02000000,1248535.21140000,2842177286.24149000,11149156,614416.94200000
2026-02-03 00:00:00.000000 ,2347.01000000,2359.88000000,2110.00000000,2233.72000000,1321099.38670000,2981630480.12086500,11643770,666418.21570000
2026-02-04 00:00:00.000000 ,2233.72000000,2295.74000000,2076.68000000,2148.26000000,1264743.43000000,2756607838.33289400,10912540,609896.09520000
2026-02-05 00:00:00.000000 ,2148.25000000,2173.77000000,1818.18000000,1826.83000000,1952286.69510000,3895174109.78586300,13667587,967965.28240000
2026-02-06 00:00:00.000000 ,1826.83000000,2093.94000000,1747.80000000,2063.38000000,2102311.55730000,4099448671.01183900,12362731,1189792.57630000
2026-02-07 00:00:00.000000 ,2063.37000000,2121.70000000,1994.57000000,2087.08000000,1142616.44870000,2350131251.11150900,7938360,548585.94210000
2026-02-08 00:00:00.000000 ,2087.08000000,2152.03000000,2064.10000000,2089.74000000,482837.25150000,1015368967.85889400,4379045,228020.75960000
2026-02-09 00:00:00.000000 ,2089.73000000,2147.73000000,2008.62000000,2105.02000000,625378.55690000,1299316807.80527900,6331904,315446.53130000
2026-02-10 00:00:00.000000 ,2105.02000000,2124.71000000,1989.38000000,2022.67000000,574321.69080000,1163710989.70857200,5159394,276990.26500000
2026-02-11 00:00:00.000000 ,2022.67000000,2032.31000000,1903.19000000,1941.18000000,529655.81770000,1036100476.10287600,6450810,259017.74160000
2026-02-12 00:00:00.000000 ,1941.19000000,2001.42000000,1897.24000000,1947.85000000,427567.14690000,833481568.53202400,5262808,212467.49900000
2026-02-13 00:00:00.000000 ,1947.85000000,2073.68000000,1924.72000000,2048.72000000,425649.76980000,850907791.20718000,4695571,215643.61920000
2026-02-14 00:00:00.000000 ,2048.72000000,2107.67000000,2042.37000000,2086.59000000,220677.23550000,458319230.49435600,2720271,110065.54200000
2026-02-15 00:00:00.000000 ,2086.59000000,2103.32000000,1928.88000000,1966.58000000,834778.09520000,1680654508.88047800,5864311,323503.22980000
2026-02-16 00:00:00.000000 ,1966.59000000,2023.51000000,1937.24000000,1998.33000000,351347.94330000,694116360.94026900,4476026,178158.78580000
2026-02-17 00:00:00.000000 ,1998.34000000,2015.33000000,1941.66000000,1991.66000000,406246.94270000,804961298.70977700,6420841,196947.70310000
2026-02-18 00:00:00.000000 ,1991.67000000,2039.05000000,1923.78000000,1955.91000000,393639.00860000,778491630.59956800,5176537,191523.61190000
2026-02-19 00:00:00.000000 ,1955.90000000,1987.55000000,1907.00000000,1949.08000000,300257.07330000,583869775.94774200,3793608,142030.31220000
2026-02-20 00:00:00.000000 ,1949.08000000,1981.18000000,1922.97000000,1968.88000000,386253.55570000,755968932.47352600,3948261,186424.22570000
2026-02-21 00:00:00.000000 ,1968.88000000,1995.56000000,1955.62000000,1973.35000000,179173.84560000,354489354.64823500,1362230,91535.91070000
2026-02-22 00:00:00.000000 ,1973.35000000,1983.13000000,1935.00000000,1957.82000000,155325.64820000,304517550.29857200,1850073,77240.11240000
2026-02-23 00:00:00.000000 ,1957.82000000,1958.33000000,1837.13000000,1856.30000000,547359.48690000,1031859704.04575300,6684753,266498.78510000
2026-02-24 00:00:00.000000 ,1856.30000000,1869.58000000,1800.00000000,1851.94000000,438064.02840000,804280693.82921600,6607359,205850.41010000
2026-02-25 00:00:00.000000 ,1851.95000000,2148.39000000,1846.74000000,2057.48000000,682979.43780000,1366356333.15167200,9024746,343230.54900000
2026-02-26 00:00:00.000000 ,2057.48000000,2083.33000000,1975.35000000,2027.68000000,439783.35660000,897062353.24218900,7142316,224781.90990000
2026-02-27 00:00:00.000000 ,2027.68000000,2063.52000000,1887.00000000,1929.84000000,428687.23400000,846919721.88444400,5213158,214287.62640000
2026-02-28 00:00:00.000000 ,1929.84000000,1984.99000000,1835.36000000,1964.51000000,461680.98350000,877128283.23371200,6186042,229978.42380000
2026-03-01 00:00:00.000000 ,1964.51000000,2054.80000000,1907.41000000,1939.71000000,529196.84640000,1051030823.78944500,6616298,254547.64760000
2026-03-02 00:00:00.000000 ,1939.71000000,2090.00000000,1920.00000000,2027.35000000,577406.37490000,1154427554.49389300,9343785,299199.24940000
2026-03-03 00:00:00.000000 ,2027.34000000,2041.48000000,1929.56000000,1982.80000000,509329.85340000,1007923347.10669400,8311355,254251.33090000
2026-03-04 00:00:00.000000 ,1982.81000000,2199.00000000,1945.08000000,2127.28000000,737644.81520000,1537991054.00405600,9527323,368171.85590000
2026-03-05 00:00:00.000000 ,2127.28000000,2163.66000000,2054.75000000,2072.86000000,432157.81260000,909578852.98892300,6753565,205453.49580000
2026-03-06 00:00:00.000000 ,2072.86000000,2093.33000000,1955.95000000,1978.68000000,411597.75690000,831917068.63137300,5601424,197603.94350000
2026-03-07 00:00:00.000000 ,1978.68000000,1996.04000000,1948.09000000,1969.59000000,184459.82000000,364529234.78772000,2029543,89270.39320000
2026-03-08 00:00:00.000000 ,1969.60000000,1979.80000000,1916.14000000,1937.10000000,391189.73170000,761435521.24438200,4044585,190729.89920000
2026-03-09 00:00:00.000000 ,1937.11000000,2053.52000000,1929.65000000,1992.98000000,550825.48830000,1102883352.28304900,6360581,282877.29000000
2026-03-10 00:00:00.000000 ,1992.97000000,2088.19000000,1991.00000000,2036.51000000,463411.87390000,948509257.02615900,5226998,240013.71730000
2026-03-11 00:00:00.000000 ,2036.50000000,2085.58000000,2007.17000000,2051.97000000,350061.25600000,717032957.20601700,4730286,172446.73260000
2026-03-12 00:00:00.000000 ,2051.97000000,2095.00000000,2017.59000000,2073.52000000,400507.81320000,824458252.12667800,4757775,196694.83340000
2026-03-13 00:00:00.000000 ,2073.51000000,2209.03000000,2070.12000000,2092.22000000,599657.03990000,1279403180.49358600,6138489,300361.21510000
2026-03-14 00:00:00.000000 ,2092.21000000,2106.09000000,2061.60000000,2096.16000000,152500.58220000,317648583.84004200,1584458,73409.36100000
2026-03-15 00:00:00.000000 ,2096.16000000,2202.87000000,2083.35000000,2178.30000000,280825.93770000,598811241.30096800,3001730,146142.37460000
2026-03-16 00:00:00.000000 ,2178.29000000,2386.02000000,2164.73000000,2352.97000000,845892.77560000,1930037154.48076900,7409311,445819.39600000
2026-03-17 00:00:00.000000 ,2352.97000000,2376.66000000,2294.15000000,2317.39000000,493831.10160000,1152094007.66843700,5596636,240136.50650000
2026-03-18 00:00:00.000000 ,2317.38000000,2350.00000000,2153.21000000,2203.39000000,488040.88870000,1091022905.10325400,5684937,232364.59060000
2026-03-19 00:00:00.000000 ,2203.39000000,2233.72000000,2099.38000000,2137.81000000,490791.67900000,1055407061.65772100,6142160,235483.17880000
2026-03-20 00:00:00.000000 ,2137.82000000,2176.84000000,2116.88000000,2146.22000000,300156.17780000,642995528.13065400,4595372,162200.14400000
2026-03-21 00:00:00.000000 ,2146.21000000,2168.27000000,2070.78000000,2084.87000000,132559.46460000,283144610.71690300,1375463,63249.58120000
2026-03-22 00:00:00.000000 ,2084.86000000,2127.21000000,2026.00000000,2053.89000000,313070.55720000,650684776.65879400,3577857,154345.70560000
2026-03-23 00:00:00.000000 ,2053.90000000,2198.57000000,2023.04000000,2152.03000000,614508.43690000,1308899803.01649900,7349668,310239.98640000
2026-03-24 00:00:00.000000 ,2152.03000000,2175.16000000,2103.02000000,2156.23000000,316703.47280000,678105646.81039000,4633093,152304.16750000
2026-03-25 00:00:00.000000 ,2156.22000000,2199.02000000,2146.35000000,2169.02000000,275641.52550000,599018681.16774600,3492121,139003.48470000
2026-03-26 00:00:00.000000 ,2169.02000000,2172.19000000,2034.54000000,2060.43000000,338010.62380000,705496760.97093400,3890747,171588.21340000
2026-03-27 00:00:00.000000 ,2060.43000000,2077.19000000,1970.93000000,1992.75000000,394873.52480000,794108629.00714000,3909237,206051.27980000
2026-03-28 00:00:00.000000 ,1992.76000000,2047.45000000,1983.17000000,1994.74000000,154831.80550000,311328052.14732900,1569810,86378.91900000
2026-03-29 00:00:00.000000 ,1994.74000000,2019.65000000,1938.82000000,1984.64000000,166726.73820000,331249654.02983000,2049808,87697.24380000
2026-03-30 00:00:00.000000 ,1984.65000000,2085.00000000,1980.28000000,2026.48000000,338304.43440000,691966365.08245700,3886546,174062.21110000
2026-03-31 00:00:00.000000 ,2026.48000000,2124.03000000,2012.64000000,2105.43000000,421897.90230000,874387220.20619400,5013796,218379.12860000
2026-04-01 00:00:00.000000 ,2105.43000000,2167.85000000,2082.08000000,2140.35000000,399227.37790000,852017259.87877100,4211533,203721.11140000
2026-04-02 00:00:00.000000 ,2140.35000000,2159.37000000,2017.04000000,2057.17000000,346872.83230000,716548524.66574400,4462923,161146.87020000
2026-04-03 00:00:00.000000 ,2057.18000000,2081.76000000,2040.66000000,2053.83000000,136266.63930000,280140562.11284100,1741595,64849.80160000
2026-04-04 00:00:00.000000 ,2053.83000000,2084.00000000,2044.63000000,2065.52000000,86504.44060000,178054333.99678400,1246022,42789.65730000
2026-04-05 00:00:00.000000 ,2065.51000000,2123.49000000,2021.50000000,2110.17000000,157353.31990000,324727424.31234600,2504865,78363.49740000
2026-04-06 00:00:00.000000 ,2110.17000000,2174.79000000,2087.50000000,2107.16000000,356054.28940000,761391237.67137300,5330366,180414.50930000
2026-04-07 00:00:00.000000 ,2107.16000000,2273.87000000,2060.24000000,2240.01000000,460094.80930000,986211206.77887500,5189711,239252.97770000
2026-04-08 00:00:00.000000 ,2240.01000000,2270.55000000,2179.78000000,2190.00000000,404717.63210000,902920921.74991500,4339985,190983.32430000
2026-04-09 00:00:00.000000 ,2190.00000000,2246.00000000,2157.31000000,2190.20000000,275317.95030000,604408302.66542900,3756386,135540.54130000
2026-04-10 00:00:00.000000 ,2190.17000000,2257.99000000,2176.10000000,2245.05000000,272899.08580000,605992300.07612600,2929213,132077.31220000
2026-04-11 00:00:00.000000 ,2245.06000000,2329.93000000,2229.00000000,2284.99000000,214785.40390000,488370993.14692200,1929651,107238.98770000
2026-04-12 00:00:00.000000 ,2285.00000000,2288.57000000,2175.00000000,2191.65000000,258156.88210000,571520838.84188800,2575808,125658.24370000
2026-04-13 00:00:00.000000 ,2191.64000000,2394.71000000,2175.68000000,2369.46000000,453870.82920000,1029253015.58625400,4527557,234599.90450000
2026-04-14 00:00:00.000000 ,2369.46000000,2415.50000000,2302.90000000,2322.44000000,460107.38410000,1087699649.07412200,3689565,226148.47630000
2026-04-15 00:00:00.000000 ,2322.44000000,2385.61000000,2308.50000000,2359.95000000,268190.63770000,627841344.47908900,3232871,126442.71530000
2026-04-16 00:00:00.000000 ,2359.94000000,2369.59000000,2285.10000000,2348.17000000,328960.93770000,767882725.89326300,3793210,155922.24390000
2026-04-17 00:00:00.000000 ,2348.16000000,2464.91000000,2317.43000000,2419.00000000,491731.36150000,1182467392.60610600,4541654,252564.96940000
2026-04-18 00:00:00.000000 ,2419.00000000,2427.64000000,2339.92000000,2350.32000000,221741.38880000,526019366.77518300,2045925,98727.06940000
2026-04-19 00:00:00.000000 ,2350.33000000,2355.30000000,2252.72000000,2263.27000000,256086.82760000,591108513.09305000,2728260,119800.90190000
2026-04-20 00:00:00.000000 ,2263.28000000,2346.78000000,2259.67000000,2313.85000000,301000.06590000,694052197.97869300,3751621,149027.62850000
2026-04-21 00:00:00.000000 ,2313.84000000,2338.75000000,2284.19000000,2327.14000000,226645.97700000,524186949.63958000,3398934,108621.45780000
2026-04-22 00:00:00.000000 ,2327.15000000,2423.75000000,2312.95000000,2374.07000000,379707.12590000,906985929.20068700,4230243,191758.26780000
2026-04-23 00:00:00.000000 ,2374.08000000,2382.00000000,2285.42000000,2330.26000000,356645.69230000,831612346.68122500,4079579,169637.89930000
2026-04-24 00:00:00.000000 ,2330.27000000,2337.50000000,2300.22000000,2314.99000000,183887.61810000,426084826.21781900,2413824,88184.83810000
2026-04-25 00:00:00.000000 ,2314.98000000,2323.21000000,2300.55000000,2319.50000000,68139.21910000,157673587.53854300,658757,33589.85290000
2026-04-26 00:00:00.000000 ,2319.49000000,2380.00000000,2306.72000000,2369.44000000,154591.62190000,363039217.94069300,1508570,76876.17170000
2026-04-27 00:00:00.000000 ,2369.45000000,2404.37000000,2266.09000000,2303.67000000,300363.85860000,697653543.10075400,3192282,143798.29750000
2026-04-28 00:00:00.000000 ,2303.66000000,2310.88000000,2258.24000000,2289.42000000,187932.22010000,429094630.50897500,2346992,94578.07970000
2026-04-29 00:00:00.000000 ,2289.42000000,2346.95000000,2220.36000000,2252.90000000,355078.10150000,811555243.52763300,3588292,178999.80270000
2026-04-30 00:00:00.000000 ,2252.90000000,2279.00000000,2231.64000000,2257.51000000,167194.27760000,377557889.67163500,2649837,83993.11240000
2026-05-01 00:00:00.000000 ,2257.51000000,2325.28000000,2257.21000000,2295.63000000,191082.55500000,438751255.82791600,1805481,89533.73290000
2026-05-02 00:00:00.000000 ,2295.63000000,2343.60000000,2292.91000000,2316.97000000,85588.47240000,197914496.93788900,870699,45662.79590000
2026-05-03 00:00:00.000000 ,2316.97000000,2356.92000000,2297.59000000,2322.65000000,151074.43420000,351370000.01807900,1374290,74492.17380000
2026-05-04 00:00:00.000000 ,2322.65000000,2398.93000000,2309.24000000,2347.16000000,453020.79850000,1067990750.06659100,4137093,220556.48400000
2026-05-05 00:00:00.000000 ,2347.17000000,2399.50000000,2344.93000000,2360.77000000,286636.73120000,681480549.11058100,2512190,139328.06970000
2026-05-06 00:00:00.000000 ,2360.76000000,2423.74000000,2338.00000000,2350.84000000,420667.31610000,999441628.41537300,3062625,193007.55340000
2026-05-07 00:00:00.000000 ,2350.84000000,2352.30000000,2280.10000000,2291.06000000,469521.93780000,1084720938.60619900,3191083,177521.51230000
2026-05-08 00:00:00.000000 ,2291.06000000,2321.22000000,2265.61000000,2307.06000000,421035.15820000,964540001.64208500,2568056,164773.99950000
2026-05-09 00:00:00.000000 ,2307.07000000,2338.37000000,2300.00000000,2326.44000000,230431.15700000,534441724.09586900,1248625,90960.58030000
2026-05-10 00:00:00.000000 ,2326.43000000,2382.53000000,2311.83000000,2371.27000000,398122.86230000,933278254.42787900,2272749,219121.33200000
2026-05-11 00:00:00.000000 ,2371.26000000,2374.92000000,2304.00000000,2339.87000000,236962.05520000,553428064.25292300,2594593,103490.20320000
2026-05-12 00:00:00.000000 ,2339.88000000,2340.85000000,2256.27000000,2274.96000000,252981.10820000,579204959.79746400,2520381,112560.29470000
2026-05-13 00:00:00.000000 ,2274.97000000,2323.36000000,2234.13000000,2258.65000000,258455.72990000,587994702.42187800,2145600,124180.36110000
2026-05-14 00:00:00.000000 ,2258.66000000,2319.33000000,2238.64000000,2283.25000000,256680.83590000,585368708.59742000,2730407,127752.35790000
2026-05-15 00:00:00.000000 ,2283.26000000,2300.29000000,2205.11000000,2224.66000000,288536.55070000,647433872.91231800,2977308,123184.03190000
2026-05-16 00:00:00.000000 ,2224.65000000,2231.51000000,2162.55000000,2180.77000000,199288.57610000,435687947.06734600,1541883,91742.29910000
2026-05-17 00:00:00.000000 ,2180.77000000,2198.14000000,2091.48000000,2131.00000000,175116.81490000,378577487.52779700,1638605,83798.74100000
2026-05-18 00:00:00.000000 ,2131.00000000,2157.24000000,2077.23000000,2130.08000000,381878.39320000,808389842.46425700,3981985,183892.16370000
2026-05-19 00:00:00.000000 ,2130.08000000,2146.95000000,2094.47000000,2111.93000000,186945.07500000,396338335.85530400,2356965,86073.67310000
2026-05-20 00:00:00.000000 ,2111.93000000,2149.00000000,2103.29000000,2129.44000000,189088.29400000,402576774.24043600,2256505,93912.98240000
2026-05-21 00:00:00.000000 ,2129.44000000,2157.50000000,2105.15000000,2133.76000000,232889.11170000,496323964.94440300,2526150,118956.06800000
2026-05-22 00:00:00.000000 ,2133.77000000,2141.39000000,2057.79000000,2065.85000000,221783.25480000,467017252.54059000,2344218,109989.37640000
2026-05-23 00:00:00.000000 ,2065.86000000,2149.95000000,2009.30000000,2117.68000000,350546.22890000,726153698.57779200,2641732,186016.08230000
2026-05-24 00:00:00.000000 ,2117.69000000,2132.14000000,2063.00000000,2099.85000000,197748.76050000,416532783.72525200,1928016,95960.62840000
2026-05-25 00:00:00.000000 ,2099.86000000,2141.98000000,2092.26000000,2113.01000000,166428.59790000,351916867.99249300,1786621,86258.15990000
2026-05-26 00:00:00.000000 ,2113.01000000,2140.49000000,2055.06000000,2073.77000000,282553.30960000,592778366.39005300,2963706,125284.84560000
2026-05-27 00:00:00.000000 ,2073.77000000,2097.40000000,2016.00000000,2024.84000000,267963.15730000,552204762.41858400,3056962,121588.13890000
2026-05-28 00:00:00.000000 ,2024.83000000,2030.00000000,1967.00000000,2009.90000000,363834.92110000,726105347.82339000,3609031,176081.02930000
2026-05-29 00:00:00.000000 ,2009.89000000,2046.59000000,1976.48000000,2014.54000000,283145.69500000,570689885.84888200,2925370,142075.63210000
2026-05-30 00:00:00.000000 ,2014.54000000,2032.00000000,2002.00000000,2022.44000000,97977.53490000,197997124.86031900,969371,51565.26260000
2026-05-31 00:00:00.000000 ,2022.44000000,2038.00000000,1993.75000000,2007.01000000,163735.49580000,329721845.89615600,1454319,69842.50330000
2026-06-01 00:00:00.000000 ,2007.02000000,2021.50000000,1956.04000000,2006.73000000,374428.28390000,744774481.26642500,3806222,189965.62170000
2026-06-02 00:00:00.000000 ,2006.73000000,2006.78000000,1839.02000000,1859.84000000,556885.54180000,1073808150.12186500,5759311,262471.39670000
2026-06-03 00:00:00.000000 ,1859.84000000,1893.07000000,1769.62000000,1813.05000000,584760.48180000,1077611599.89867300,6496256,291410.25770000
2026-06-04 00:00:00.000000 ,1813.05000000,1820.50000000,1717.28000000,1770.77000000,648306.10510000,1147661693.34122300,8222751,313120.64050000
2026-06-05 00:00:00.000000 ,1770.76000000,1774.99000000,1540.19000000,1583.40000000,1257013.16080000,2055119895.17678200,13017779,605408.45430000
2026-06-06 00:00:00.000000 ,1583.40000000,1601.22000000,1505.68000000,1569.69000000,558458.36720000,870946411.10025200,6254953,267600.82580000
2026-06-07 00:00:00.000000 ,1569.68000000,1721.93000000,1564.10000000,1690.51000000,458280.59090000,745676201.88402300,5095675,228933.85400000
2026-06-08 00:00:00.000000 ,1690.50000000,1714.50000000,1645.00000000,1690.49000000,480027.31210000,807959902.78797400,5759621,245621.22720000
2026-06-09 00:00:00.000000 ,1690.48000000,1696.88000000,1614.02000000,1639.52000000,384147.23490000,637600472.42120100,4501516,174461.54490000
2026-06-10 00:00:00.000000 ,1639.52000000,1667.96000000,1603.44000000,1621.59000000,290791.28190000,474642198.52845800,4680030,144480.85870000
2026-06-11 00:00:00.000000 ,1621.60000000,1693.59000000,1621.60000000,1673.46000000,278507.72040000,462505814.28974900,3410263,146755.82890000
2026-06-12 00:00:00.000000 ,1673.46000000,1691.07000000,1652.09000000,1666.41000000,201888.01020000,337258161.65899100,2888517,103835.64530000
2026-06-13 00:00:00.000000 ,1666.42000000,1697.28000000,1662.20000000,1681.18000000,106751.60770000,178899182.70338700,1222979,57726.99570000
2026-06-14 00:00:00.000000 ,1681.19000000,1732.28000000,1654.90000000,1725.62000000,178009.95410000,301404302.77074900,1935991,90922.78550000
2026-06-15 00:00:00.000000 ,1725.63000000,1849.54000000,1709.66000000,1796.13000000,464135.25530000,828105501.97530900,3136116,226908.44900000
2026-06-16 00:00:00.000000 ,1796.14000000,1839.77000000,1758.00000000,1792.99000000,353577.54900000,632855864.59334000,3651200,175935.25400000
2026-06-17 00:00:00.000000 ,1793.00000000,1810.21000000,1725.34000000,1750.60000000,334498.05750000,590352096.34258100,4175463,156023.07390000
2026-06-18 00:00:00.000000 ,1750.61000000,1762.99000000,1671.79000000,1711.11000000,312480.96560000,537955499.99103600,3404966,150925.45200000
2026-06-19 00:00:00.000000 ,1711.11000000,1719.51000000,1679.11000000,1711.19000000,165078.19840000,280490372.39464900,2339768,86541.46700000
2026-06-20 00:00:00.000000 ,1711.18000000,1749.55000000,1704.06000000,1741.08000000,159791.82110000,276212659.05202600,1842588,85441.38780000
2026-06-21 00:00:00.000000 ,1741.08000000,1741.45000000,1702.00000000,1706.94000000,123762.46890000,213639585.05652500,1658599,60145.80810000
2026-06-22 00:00:00.000000 ,1706.94000000,1779.90000000,1706.94000000,1728.19000000,262657.18200000,458500918.78925900,3303043,132053.03620000
2026-06-23 00:00:00.000000 ,1728.19000000,1736.25000000,1635.65000000,1667.13000000,248262.01200000,415217088.04396600,3415279,120633.52980000
2026-06-24 00:00:00.000000 ,1667.13000000,1693.67000000,1552.95000000,1622.17000000,355728.34030000,577866307.94514500,5254099,177192.23960000
2026-06-25 00:00:00.000000 ,1622.18000000,1660.54000000,1532.90000000,1567.84000000,440671.00500000,701364958.55089400,4454580,236247.02860000
2026-06-26 00:00:00.000000 ,1567.86000000,1594.70000000,1512.00000000,1578.68000000,423691.43930000,660970073.85057200,4010582,219134.26950000
2026-06-27 00:00:00.000000 ,1578.68000000,1611.02000000,1562.86000000,1573.99000000,131592.35980000,208767639.65273000,1281824,67386.18570000
2026-06-28 00:00:00.000000 ,1574.00000000,1588.82000000,1548.37000000,1571.96000000,140181.14170000,220544633.52290400,1506628,70060.99560000
2026-06-29 00:00:00.000000 ,1571.96000000,1637.58000000,1550.43000000,1613.07000000,309968.97480000,492867470.53718200,2959728,155013.50300000
2026-06-30 00:00:00.000000 ,1613.07000000,1614.41000000,1550.20000000,1572.01000000,222057.20420000,350170280.88022600,2013738,104379.84000000
2026-07-01 00:00:00.000000 ,1572.00000000,1646.26000000,1552.92000000,1609.58000000,306536.31100000,490560666.67279700,2678598,156369.50220000
2026-07-02 00:00:00.000000 ,1609.59000000,1725.00000000,1597.22000000,1700.57000000,373453.50820000,623263881.11862700,2999563,199786.55080000
2026-07-03 00:00:00.000000 ,1700.57000000,1775.78000000,1694.72000000,1758.21000000,244416.86800000,423991252.44646700,2558467,129829.13540000
2026-07-04 00:00:00.000000 ,1758.22000000,1807.65000000,1744.09000000,1780.64000000,190880.14970000,338974331.94968600,1984105,98915.76580000
2026-07-05 00:00:00.000000 ,1780.64000000,1808.00000000,1748.79000000,1785.65000000,389673.41910000,688573118.49607900,2710301,186115.15620000
2026-07-06 00:00:00.000000 ,1785.65000000,1833.40000000,1728.95000000,1799.56000000,305879.33040000,543793458.05043900,2770665,156283.92340000
2026-07-07 00:00:00.000000 ,1799.56000000,1813.16000000,1757.57000000,1771.45000000,241536.72530000,430535778.21159800,2520272,117218.51850000
2026-07-08 00:00:00.000000 ,1771.45000000,1785.00000000,1713.44000000,1743.54000000,225231.22540000,392443741.00134200,2459826,107440.57800000
2026-07-09 00:00:00.000000 ,1743.55000000,1762.36000000,1721.93000000,1745.16000000,173705.25720000,303099797.64520500,1852063,87235.12740000
2026-07-10 00:00:00.000000 ,1745.17000000,1812.00000000,1737.68000000,1796.85000000,215605.80450000,384955634.87069700,1885371,111540.90270000
2026-07-11 00:00:00.000000 ,1796.85000000,1830.00000000,1786.58000000,1787.76000000,178703.41830000,323458409.34515700,1196630,82847.99760000
