Open time,Open,High,Low,Close,Volume,Quote asset volume,Number of trades,Taker buy base asset volume
2020-08-28 00:00:00.000000 ,1945.95000000,2049.69000000,1945.95000000,1977.99000000,105.40827100,208035.14989033,896,47.75919800
2020-08-29 00:00:00.000000 ,1966.91000000,1989.91000000,1940.01000000,1964.34000000,191.83586900,377566.69673253,1080,122.00793500
2020-08-30 00:00:00.000000 ,1972.16000000,1985.00000000,1946.75000000,1982.10000000,260.89203000,513756.16707478,1202,153.48195200
2020-08-31 00:00:00.000000 ,1982.10000000,1983.65000000,1964.39000000,1971.48000000,131.65153700,259896.22764427,961,72.34393600
2020-09-01 00:00:00.000000 ,1971.48000000,2007.50000000,1967.31000000,1981.25000000,200.68409800,399522.92543999,1553,99.76986800
2020-09-02 00:00:00.000000 ,1982.84000000,1988.75000000,1929.06000000,1957.64000000,215.21981100,422023.27854328,1767,61.76394000
2020-09-03 00:00:00.000000 ,1952.00000000,1964.87000000,1915.50000000,1925.00000000,204.66126800,397712.58129009,2361,108.79864200
2020-09-04 00:00:00.000000 ,1931.25000000,1971.32000000,1900.91000000,1930.13000000,360.98148600,703600.82141744,5438,231.81841500
2020-09-05 00:00:00.000000 ,1937.50000000,1965.00000000,1910.00000000,1938.00000000,188.16332200,365594.03322773,3150,110.05644500
2020-09-06 00:00:00.000000 ,1938.00000000,1962.00000000,1922.19000000,1933.00000000,167.59621500,325202.34994292,2867,95.20518100
2020-09-07 00:00:00.000000 ,1935.97000000,1942.21000000,1916.11000000,1939.45000000,149.70423100,289163.91363579,1980,99.11680200
2020-09-08 00:00:00.000000 ,1936.98000000,1948.35000000,1902.96000000,1934.92000000,86.71909900,167506.33113869,1477,30.48905500
2020-09-09 00:00:00.000000 ,1941.40000000,1958.59000000,1928.53000000,1954.08000000,60.04159000,116672.73781255,1100,28.60783000
2020-09-10 00:00:00.000000 ,1954.08000000,1967.99000000,1939.01000000,1955.49000000,76.39533500,149140.84290650,1438,51.70331800
2020-09-11 00:00:00.000000 ,1953.53000000,1958.00000000,1936.72000000,1947.69000000,47.47561400,92505.00648154,767,25.35711100
2020-09-12 00:00:00.000000 ,1945.87000000,1958.00000000,1943.15000000,1950.00000000,99.84044900,194689.77510307,744,28.74788500
2020-09-13 00:00:00.000000 ,1949.99000000,1969.00000000,1944.80000000,1948.20000000,104.39743300,204414.37116881,1246,81.05112900
2020-09-14 00:00:00.000000 ,1945.00000000,1969.00000000,1945.00000000,1964.21000000,40.75702500,79744.50652507,808,28.08073900
2020-09-15 00:00:00.000000 ,1964.21000000,1978.09000000,1945.65000000,1960.23000000,145.92522200,286756.54832062,2101,97.09687600
2020-09-16 00:00:00.000000 ,1960.25000000,1989.60000000,1950.00000000,1968.97000000,74.71816200,147398.27390161,2137,40.80868000
2020-09-17 00:00:00.000000 ,1968.98000000,1990.48000000,1949.00000000,1963.33000000,85.09054700,166898.24932641,1505,30.30754000
2020-09-18 00:00:00.000000 ,1964.03000000,1967.85000000,1941.00000000,1959.12000000,118.04693800,230882.56395465,1204,80.99380100
2020-09-19 00:00:00.000000 ,1959.12000000,1992.72000000,1949.99000000,1965.48000000,73.57347200,144246.43924691,1113,33.66244600
2020-09-20 00:00:00.000000 ,1959.13000000,1974.44000000,1951.00000000,1962.00000000,47.86234900,93885.57855506,917,29.25808500
2020-09-21 00:00:00.000000 ,1962.00000000,1971.46000000,1891.98000000,1920.28000000,132.01825900,254507.89459363,2340,54.09957900
2020-09-22 00:00:00.000000 ,1920.28000000,1930.92000000,1900.90000000,1905.91000000,65.84116800,125945.04864116,1084,29.50814800
2020-09-23 00:00:00.000000 ,1910.00000000,1917.24000000,1859.64000000,1870.71000000,125.59914800,237034.46273089,1130,31.20105500
2020-09-24 00:00:00.000000 ,1862.78000000,1890.81000000,1858.03000000,1888.20000000,54.71184500,102588.09760173,934,25.06623700
2020-09-25 00:00:00.000000 ,1888.32000000,1889.93000000,1860.00000000,1874.00000000,46.78709300,87593.39689082,753,17.56949500
2020-09-26 00:00:00.000000 ,1873.26000000,1881.34000000,1866.79000000,1870.98000000,31.35101300,58698.02561924,525,20.55582700
2020-09-27 00:00:00.000000 ,1873.88000000,1879.76000000,1863.34000000,1870.11000000,15.58444900,29179.57564569,234,4.28566900
2020-09-28 00:00:00.000000 ,1870.11000000,1904.55000000,1860.00000000,1895.54000000,99.66963200,187018.62741632,1020,38.36291200
2020-09-29 00:00:00.000000 ,1898.43000000,1918.31000000,1890.86000000,1913.12000000,43.42694200,82582.45980486,772,17.43696800
2020-09-30 00:00:00.000000 ,1907.18000000,1913.00000000,1890.97000000,1901.34000000,36.09047700,68597.26638012,736,16.82993200
2020-10-01 00:00:00.000000 ,1901.32000000,1927.54000000,1890.00000000,1912.99000000,72.70897800,138850.99145444,1251,39.96947900
2020-10-02 00:00:00.000000 ,1912.99000000,1940.00000000,1902.89000000,1914.92000000,169.47251500,325630.61035101,2042,85.63701600
2020-10-03 00:00:00.000000 ,1915.43000000,1918.77000000,1900.00000000,1907.59000000,52.52539100,100387.86389078,741,14.92056700
2020-10-04 00:00:00.000000 ,1907.59000000,1918.21000000,1907.53000000,1917.54000000,32.44054500,62096.29590663,544,19.09758300
2020-10-05 00:00:00.000000 ,1912.70000000,1932.43000000,1880.11000000,1921.03000000,79.89351000,152767.47306641,1317,36.03542200
2020-10-06 00:00:00.000000 ,1925.09000000,1930.82000000,1887.01000000,1887.01000000,66.54288300,127150.30744610,1034,24.36274400
2020-10-07 00:00:00.000000 ,1889.33000000,1907.85000000,1883.11000000,1895.46000000,74.96949900,142189.05430964,946,30.05823400
2020-10-08 00:00:00.000000 ,1899.68000000,1911.61000000,1884.31000000,1905.42000000,63.14613600,119851.99810583,1167,24.92607600
2020-10-09 00:00:00.000000 ,1905.41000000,1944.61000000,1904.49000000,1939.01000000,63.12010000,121655.98257140,1763,33.60485600
2020-10-10 00:00:00.000000 ,1939.00000000,1949.30000000,1932.21000000,1935.55000000,52.52596800,101994.09270667,1116,21.08634600
2020-10-11 00:00:00.000000 ,1935.55000000,1951.20000000,1935.00000000,1940.64000000,53.86168800,104738.58416640,859,26.34758600
2020-10-12 00:00:00.000000 ,1942.56000000,1947.28000000,1921.55000000,1931.16000000,58.90834500,113958.39880654,1137,16.00989000
2020-10-13 00:00:00.000000 ,1931.16000000,1935.68000000,1901.63000000,1910.48000000,102.88650300,196991.64627942,1181,30.09720900
2020-10-14 00:00:00.000000 ,1905.11000000,1924.04000000,1898.23000000,1911.98000000,105.70749300,202133.93203313,906,66.50599500
2020-10-15 00:00:00.000000 ,1911.99000000,1923.94000000,1903.36000000,1922.88000000,31.66220000,60566.27544848,521,12.18304800
2020-10-16 00:00:00.000000 ,1916.01000000,1924.66000000,1905.81000000,1915.45000000,52.95051700,101408.66540707,653,27.89145600
2020-10-17 00:00:00.000000 ,1915.46000000,1917.43000000,1906.00000000,1915.95000000,38.19342700,73065.41406903,353,17.05862200
2020-10-18 00:00:00.000000 ,1910.48000000,1918.53000000,1910.00000000,1910.00000000,41.99007900,80370.80463225,348,23.41179900
2020-10-19 00:00:00.000000 ,1915.22000000,1925.54000000,1904.56000000,1906.01000000,82.41847300,157812.33629277,851,42.87401100
2020-10-20 00:00:00.000000 ,1912.07000000,1922.45000000,1902.00000000,1919.83000000,63.25333000,121022.49382742,799,44.22002100
2020-10-21 00:00:00.000000 ,1917.38000000,1939.99000000,1903.35000000,1930.99000000,168.55277000,324905.79219780,2301,108.03718100
2020-10-22 00:00:00.000000 ,1926.02000000,1931.13000000,1903.48000000,1909.00000000,146.80869600,281435.20648324,1345,83.49932700
2020-10-23 00:00:00.000000 ,1909.00000000,1926.66000000,1904.46000000,1904.46000000,91.28893800,174565.27799637,877,63.61605600
2020-10-24 00:00:00.000000 ,1909.69000000,1917.40000000,1904.50000000,1916.00000000,63.69511300,121800.98937600,552,30.12301400
2020-10-25 00:00:00.000000 ,1916.00000000,1919.42000000,1906.63000000,1909.39000000,41.20307300,78847.31121385,419,19.89586700
2020-10-26 00:00:00.000000 ,1909.39000000,1921.55000000,1904.10000000,1907.45000000,92.42589300,176597.70544543,928,37.97223700
2020-10-27 00:00:00.000000 ,1910.00000000,1926.68000000,1906.00000000,1915.83000000,108.41657300,207539.52959236,1122,43.11533500
2020-10-28 00:00:00.000000 ,1917.01000000,1925.14000000,1881.00000000,1896.66000000,168.73061900,320518.80294973,1594,62.63422900
2020-10-29 00:00:00.000000 ,1896.66000000,1899.96000000,1874.28000000,1874.51000000,118.35241600,223392.15200154,1108,64.54830800
2020-10-30 00:00:00.000000 ,1874.51000000,1900.67000000,1874.50000000,1894.91000000,86.37278000,163042.05885805,1063,43.41515300
2020-10-31 00:00:00.000000 ,1889.14000000,1898.33000000,1882.67000000,1895.55000000,57.34379400,108355.44998688,708,25.61263700
2020-11-01 00:00:00.000000 ,1895.55000000,1901.78000000,1882.83000000,1889.01000000,107.63508200,204141.33200233,1050,78.08366900
2020-11-02 00:00:00.000000 ,1895.78000000,1911.61000000,1883.91000000,1911.59000000,137.57606500,261324.29944046,2086,73.89027500
2020-11-03 00:00:00.000000 ,1907.01000000,1932.32000000,1896.87000000,1925.77000000,121.68659900,232648.88812310,1733,65.65701000
2020-11-04 00:00:00.000000 ,1925.77000000,1929.99000000,1893.47000000,1917.26000000,182.22399100,347694.24573319,2089,102.42123900
2020-11-05 00:00:00.000000 ,1917.26000000,1965.86000000,1905.00000000,1958.72000000,222.46031100,432655.34715429,3324,147.42263300
2020-11-06 00:00:00.000000 ,1953.84000000,1971.32000000,1940.72000000,1954.28000000,210.68817400,412381.21304577,2892,116.17975000
2020-11-07 00:00:00.000000 ,1956.39000000,1967.78000000,1945.95000000,1961.21000000,208.57804300,408336.02385263,1988,105.56682400
2020-11-08 00:00:00.000000 ,1957.67000000,1968.13000000,1950.54000000,1968.13000000,136.70269700,267937.31131219,1544,88.91727100
2020-11-09 00:00:00.000000 ,1968.13000000,1978.06000000,1865.51000000,1879.47000000,655.28427000,1243393.53318007,5167,249.30537100
2020-11-10 00:00:00.000000 ,1887.51000000,1922.81000000,1877.85000000,1894.00000000,271.47675900,515566.75385322,2662,128.81194500
2020-11-11 00:00:00.000000 ,1894.00000000,1903.85000000,1850.09000000,1879.30000000,298.17232800,560244.75172104,2791,91.88576200
2020-11-12 00:00:00.000000 ,1879.30000000,1900.00000000,1873.22000000,1893.91000000,174.95588900,330296.59597478,4851,90.74311500
2020-11-13 00:00:00.000000 ,1894.15000000,1907.53000000,1889.40000000,1903.00000000,174.24916100,330818.40794781,5187,61.59179400
2020-11-14 00:00:00.000000 ,1901.71000000,1910.25000000,1899.96000000,1900.38000000,174.76073900,333033.45609225,3017,106.36079500
2020-11-15 00:00:00.000000 ,1899.72000000,1907.49000000,1897.46000000,1900.07000000,71.68790000,136402.60949392,1634,34.57087300
2020-11-16 00:00:00.000000 ,1900.97000000,1908.78000000,1884.03000000,1905.35000000,293.33160800,557108.02797526,4590,174.68499200
2020-11-17 00:00:00.000000 ,1905.35000000,1910.92000000,1890.00000000,1901.04000000,261.14460800,496633.89246964,4228,128.55537300
2020-11-18 00:00:00.000000 ,1901.12000000,1907.75000000,1871.99000000,1881.73000000,398.97404700,752523.67171322,6636,147.42969500
2020-11-19 00:00:00.000000 ,1881.72000000,1883.86000000,1866.28000000,1870.28000000,260.62669800,488195.28397218,4457,120.86436600
2020-11-20 00:00:00.000000 ,1870.19000000,1897.83000000,1868.01000000,1883.34000000,334.91237100,629625.28790078,4409,203.16910000
2020-11-21 00:00:00.000000 ,1885.43000000,1891.59000000,1875.70000000,1883.86000000,213.89414300,402776.66894956,3304,121.31887200
2020-11-22 00:00:00.000000 ,1884.14000000,1887.86000000,1878.00000000,1880.14000000,207.83979600,391254.82051046,3055,98.39871000
2020-11-23 00:00:00.000000 ,1879.63000000,1888.01000000,1845.00000000,1854.55000000,333.96832200,623453.00738948,4548,167.01401900
2020-11-24 00:00:00.000000 ,1853.98000000,1855.21000000,1821.00000000,1825.06000000,560.67968100,1026706.41179920,8496,240.75427200
2020-11-25 00:00:00.000000 ,1830.77000000,1845.89000000,1812.12000000,1823.00000000,396.00659300,723438.15236683,7630,168.31115500
2020-11-26 00:00:00.000000 ,1824.07000000,1870.00000000,1810.00000000,1825.87000000,1159.86957000,2124168.44070740,15291,546.88592600
2020-11-27 00:00:00.000000 ,1826.68000000,1831.22000000,1783.00000000,1800.15000000,393.73291100,712794.85938296,6594,178.13883800
2020-11-28 00:00:00.000000 ,1800.20000000,1806.78000000,1792.03000000,1797.10000000,233.39276700,420033.60359539,4715,105.59733100
2020-11-29 00:00:00.000000 ,1798.91000000,1805.70000000,1790.00000000,1799.72000000,245.87070400,442113.98537647,6380,117.88512200
2020-11-30 00:00:00.000000 ,1799.72000000,1822.89000000,1777.56000000,1797.62000000,459.33392700,823417.88839153,7222,213.97284400
2020-12-01 00:00:00.000000 ,1796.33000000,1859.52000000,1794.96000000,1839.32000000,520.11933500,949311.95954336,7092,281.01237200
2020-12-02 00:00:00.000000 ,1834.95000000,1859.99000000,1822.03000000,1843.70000000,410.87210500,756635.13548720,5873,181.22771700
2020-12-03 00:00:00.000000 ,1842.70000000,1858.00000000,1836.04000000,1857.00000000,298.97426300,552860.51128438,3193,169.93577100
2020-12-04 00:00:00.000000 ,1856.19000000,1858.00000000,1840.00000000,1843.03000000,344.98986600,638056.79749229,4140,179.08157200
2020-12-05 00:00:00.000000 ,1844.68000000,1863.00000000,1839.87000000,1850.38000000,231.96445000,429225.87063750,3488,125.96775200
2020-12-06 00:00:00.000000 ,1850.39000000,1852.98000000,1840.51000000,1840.79000000,209.22396700,386166.10145654,3300,102.54016400
2020-12-07 00:00:00.000000 ,1840.86000000,1893.24000000,1835.00000000,1879.19000000,376.27631100,702569.49630955,3636,234.30169000
2020-12-08 00:00:00.000000 ,1877.68000000,1888.52000000,1864.28000000,1876.48000000,449.43636500,844393.58713122,3788,203.05653000
2020-12-09 00:00:00.000000 ,1877.13000000,1885.11000000,1845.00000000,1847.82000000,393.87515700,734893.49726151,5378,194.07783200
2020-12-10 00:00:00.000000 ,1848.14000000,1869.13000000,1845.01000000,1847.10000000,232.18172900,430565.94295919,4226,98.40873000
2020-12-11 00:00:00.000000 ,1849.44000000,1857.99000000,1840.00000000,1846.19000000,261.16870900,482749.27722785,5353,134.05927400
2020-12-12 00:00:00.000000 ,1846.53000000,1853.02000000,1842.85000000,1850.58000000,115.91939300,214246.09992003,2625,52.17592800
2020-12-13 00:00:00.000000 ,1850.63000000,1854.13000000,1845.00000000,1850.63000000,125.84326600,232799.81440696,2841,67.28246500
2020-12-14 00:00:00.000000 ,1850.64000000,1851.40000000,1834.93000000,1841.50000000,141.03057400,259863.94510064,2449,81.18988500
2020-12-15 00:00:00.000000 ,1841.97000000,1868.70000000,1837.55000000,1861.99000000,135.67998700,251783.00333819,1833,62.89316600
2020-12-16 00:00:00.000000 ,1863.34000000,1878.59000000,1855.27000000,1869.40000000,349.61379000,652339.88872374,3946,194.31390700
2020-12-17 00:00:00.000000 ,1869.78000000,1915.00000000,1865.33000000,1902.02000000,514.34813000,972714.33988829,7287,321.96356300
2020-12-18 00:00:00.000000 ,1904.20000000,1912.74000000,1885.50000000,1896.39000000,377.52623200,716398.70863128,4325,228.63718800
2020-12-19 00:00:00.000000 ,1896.56000000,1900.00000000,1883.39000000,1892.00000000,274.10088700,518807.88525563,4042,136.60617400
2020-12-20 00:00:00.000000 ,1890.55000000,1904.10000000,1887.00000000,1900.37000000,306.12273800,580646.27669354,5348,168.70960900
2020-12-21 00:00:00.000000 ,1901.23000000,1926.00000000,1880.00000000,1898.61000000,512.02476400,974039.45256806,7198,242.95593000
2020-12-22 00:00:00.000000 ,1895.04000000,1915.00000000,1867.00000000,1882.65000000,406.15030400,765682.16058593,5549,220.08254000
2020-12-23 00:00:00.000000 ,1882.62000000,1896.58000000,1871.22000000,1884.43000000,358.52331400,674858.40912412,5856,188.73787000
2020-12-24 00:00:00.000000 ,1885.75000000,1909.61000000,1883.90000000,1891.87000000,353.10367400,669936.78303271,6128,188.82642300
2020-12-25 00:00:00.000000 ,1894.18000000,1916.64000000,1891.84000000,1904.88000000,252.40829000,480141.69572968,4812,128.85407200
2020-12-26 00:00:00.000000 ,1905.24000000,1923.66000000,1895.50000000,1915.05000000,378.07580800,721256.92486144,7570,153.68511700
2020-12-27 00:00:00.000000 ,1913.74000000,1950.00000000,1912.00000000,1932.68000000,808.03574100,1558586.25653640,14863,427.61384500
2020-12-28 00:00:00.000000 ,1932.67000000,1945.00000000,1900.00000000,1918.14000000,877.00530600,1680864.93142517,12468,389.29828800
2020-12-29 00:00:00.000000 ,1917.48000000,1929.00000000,1900.00000000,1917.33000000,460.09441900,879441.20588004,8439,181.89936500
2020-12-30 00:00:00.000000 ,1917.33000000,1935.00000000,1900.21000000,1921.30000000,513.39434500,985404.64511327,9975,246.52220400
2020-12-31 00:00:00.000000 ,1921.32000000,1944.75000000,1910.00000000,1932.98000000,370.20576300,713049.31377598,8120,177.82784700
2021-01-01 00:00:00.000000 ,1935.82000000,1943.11000000,1920.10000000,1942.13000000,204.14198700,394981.12640617,5114,97.17087300
2021-01-02 00:00:00.000000 ,1940.54000000,1994.01000000,1922.56000000,1967.39000000,809.76980000,1591781.59384634,13342,525.10825100
2021-01-03 00:00:00.000000 ,1967.39000000,1994.31000000,1945.95000000,1963.50000000,617.47335800,1215871.94315347,9304,337.90299000
2021-01-04 00:00:00.000000 ,1967.85000000,2068.00000000,1958.26000000,2009.22000000,1405.20336900,2810048.72834765,16235,724.67932900
2021-01-05 00:00:00.000000 ,2009.45000000,2100.85000000,1986.95000000,2027.63000000,1588.62873100,3227659.64703685,18739,896.25940600
2021-01-06 00:00:00.000000 ,2027.68000000,2048.08000000,1928.66000000,1960.73000000,1693.58157200,3338953.35386869,22127,758.18377900
2021-01-07 00:00:00.000000 ,1960.73000000,1987.57000000,1931.49000000,1955.40000000,2258.76870300,4415454.09258821,18546,1010.81252600
2021-01-08 00:00:00.000000 ,1956.94000000,1959.42000000,1843.50000000,1871.60000000,2901.66503500,5520896.33022911,21266,1462.09599500
2021-01-09 00:00:00.000000 ,1871.34000000,1894.91000000,1855.00000000,1870.05000000,1072.13407300,2011860.17389423,13361,488.84494300
2021-01-10 00:00:00.000000 ,1872.90000000,1920.00000000,1870.00000000,1879.53000000,1899.95080000,3598223.34907158,22732,997.35204100
2021-01-11 00:00:00.000000 ,1877.68000000,1894.02000000,1823.99000000,1861.19000000,3339.32520400,6210777.52175172,37885,1532.67120800
2021-01-12 00:00:00.000000 ,1860.62000000,1885.00000000,1845.00000000,1866.00000000,1398.12648600,2606857.72440521,19604,771.50161600
2021-01-13 00:00:00.000000 ,1866.35000000,1887.00000000,1856.00000000,1857.24000000,1152.72316600,2160721.37680629,15940,635.32403500
2021-01-14 00:00:00.000000 ,1857.27000000,1883.40000000,1849.08000000,1869.06000000,1239.57249600,2312255.67373430,11978,633.52559800
2021-01-15 00:00:00.000000 ,1867.60000000,1881.14000000,1835.78000000,1839.37000000,1187.87500300,2211435.23057372,12746,591.10808700
2021-01-16 00:00:00.000000 ,1839.53000000,1869.00000000,1837.78000000,1850.00000000,906.71917800,1679938.17797271,9894,407.20081900
2021-01-17 00:00:00.000000 ,1850.00000000,1858.00000000,1836.44000000,1837.39000000,813.39304000,1501249.19698653,8718,414.21243700
2021-01-18 00:00:00.000000 ,1838.09000000,1859.00000000,1835.00000000,1852.79000000,849.46505000,1570401.10421087,7045,482.60116000
2021-01-19 00:00:00.000000 ,1854.46000000,1884.50000000,1842.04000000,1852.00000000,1269.95510800,2361783.50626639,10353,683.34568800
2021-01-20 00:00:00.000000 ,1852.38000000,1890.00000000,1848.36000000,1883.97000000,1919.26076800,3590685.79663282,16685,1124.34241300
2021-01-21 00:00:00.000000 ,1885.21000000,1898.78000000,1874.22000000,1882.13000000,2515.39457300,4736978.80624109,21799,1338.89588700
2021-01-22 00:00:00.000000 ,1882.14000000,1888.56000000,1850.00000000,1863.75000000,1814.93969000,3396862.01676351,18497,767.29918400
2021-01-23 00:00:00.000000 ,1863.61000000,1872.72000000,1857.12000000,1867.61000000,646.30682600,1205032.25209669,9235,265.21583200
2021-01-24 00:00:00.000000 ,1867.15000000,1875.23000000,1855.58000000,1858.99000000,635.48061000,1183214.56699766,8301,353.15450100
2021-01-25 00:00:00.000000 ,1858.51000000,1871.99000000,1852.83000000,1859.85000000,1051.61288500,1956851.96670322,15118,488.57031100
2021-01-26 00:00:00.000000 ,1861.05000000,1872.00000000,1849.81000000,1864.98000000,754.80851200,1404900.57482490,10349,376.60057500
2021-01-27 00:00:00.000000 ,1865.05000000,1865.88000000,1841.92000000,1847.66000000,1037.22688500,1921194.29549878,13156,493.35300700
2021-01-28 00:00:00.000000 ,1846.28000000,1868.57000000,1844.57000000,1853.83000000,659.99156200,1223185.76287006,8497,338.76056000
2021-01-29 00:00:00.000000 ,1855.28000000,1880.00000000,1847.42000000,1868.20000000,1597.61799200,2975055.91316438,19501,836.51225500
2021-01-30 00:00:00.000000 ,1869.37000000,1876.00000000,1863.41000000,1865.71000000,696.75248600,1303245.21862398,11907,319.47735900
2021-01-31 00:00:00.000000 ,1866.30000000,1883.13000000,1859.99000000,1878.12000000,791.84714800,1480861.71655128,15914,338.95398900
2021-02-01 00:00:00.000000 ,1878.11000000,1886.36000000,1860.04000000,1868.04000000,1458.71881300,2730674.73225592,17846,707.95400800
2021-02-02 00:00:00.000000 ,1866.50000000,1869.76000000,1841.00000000,1850.42000000,1156.25812400,2144577.24791280,13002,538.51879100
2021-02-03 00:00:00.000000 ,1850.84000000,1855.82000000,1843.57000000,1847.95000000,980.60985100,1813107.88836417,22719,530.43515500
2021-02-04 00:00:00.000000 ,1847.96000000,1849.99000000,1801.00000000,1809.60000000,2805.77443500,5115591.20600958,41928,1355.17829600
2021-02-05 00:00:00.000000 ,1809.58000000,1835.00000000,1805.12000000,1832.17000000,2110.34037800,3835915.10855008,33762,1233.84450300
2021-02-06 00:00:00.000000 ,1831.94000000,1837.00000000,1824.28000000,1834.62000000,1661.78095800,3043668.79028718,32269,826.67115200
2021-02-07 00:00:00.000000 ,1834.86000000,1851.07000000,1819.63000000,1836.06000000,1532.68270400,2807830.33947206,27891,781.59446200
2021-02-08 00:00:00.000000 ,1836.04000000,1875.00000000,1822.00000000,1846.12000000,3264.94333500,6018000.84063206,40283,1771.95618200
2021-02-09 00:00:00.000000 ,1846.02000000,1867.00000000,1841.67000000,1852.18000000,3694.30452600,6849650.38735156,46145,1922.04968000
2021-02-10 00:00:00.000000 ,1852.18000000,1875.00000000,1844.71000000,1855.13000000,2633.58374700,4895872.45237450,24288,1353.74826700
2021-02-11 00:00:00.000000 ,1855.20000000,1863.00000000,1832.80000000,1835.16000000,1469.34809300,2718755.96192893,15733,818.13898500
2021-02-12 00:00:00.000000 ,1836.64000000,1842.32000000,1818.00000000,1840.64000000,1869.31604500,3424398.14072291,17502,989.52942000
2021-02-13 00:00:00.000000 ,1839.98000000,1852.00000000,1838.01000000,1845.45000000,1110.73648600,2051110.89837742,16215,532.39245200
2021-02-14 00:00:00.000000 ,1847.37000000,1861.43000000,1838.01000000,1839.29000000,1192.92907200,2211547.23863382,12657,675.55644700
2021-02-15 00:00:00.000000 ,1839.30000000,1854.54000000,1827.27000000,1833.22000000,1741.30203800,3196950.22363130,16529,970.42069300
2021-02-16 00:00:00.000000 ,1833.22000000,1845.19000000,1810.51000000,1814.60000000,1445.99320800,2644081.47405185,12398,759.72963200
2021-02-17 00:00:00.000000 ,1815.74000000,1840.00000000,1792.00000000,1796.08000000,2307.57837700,4173918.97354661,25491,1273.23505100
2021-02-18 00:00:00.000000 ,1796.08000000,1813.62000000,1783.58000000,1783.58000000,1875.20244700,3379152.43000112,18981,1059.60404500
2021-02-19 00:00:00.000000 ,1784.78000000,1812.00000000,1771.11000000,1807.07000000,3041.82939100,5445443.64733937,26803,1857.85171900
2021-02-20 00:00:00.000000 ,1807.05000000,1851.81000000,1801.24000000,1813.81000000,2792.40865800,5075894.76628629,33006,1514.56988900
2021-02-21 00:00:00.000000 ,1815.16000000,1839.92000000,1802.00000000,1823.04000000,1600.75479400,2920171.39831580,19351,856.74950500
2021-02-22 00:00:00.000000 ,1823.05000000,1833.45000000,1801.87000000,1823.80000000,4148.23858600,7547280.86536980,34944,2026.00167800
2021-02-23 00:00:00.000000 ,1824.62000000,1850.00000000,1796.87000000,1820.38000000,10018.30315500,18235425.21963246,63466,5044.36604400
2021-02-24 00:00:00.000000 ,1821.41000000,1841.00000000,1790.00000000,1811.71000000,3870.12931100,7022541.34745423,35696,1963.43732200
2021-02-25 00:00:00.000000 ,1812.38000000,1819.21000000,1767.80000000,1775.14000000,3200.70126300,5733115.66240383,25189,1633.99993700
2021-02-26 00:00:00.000000 ,1778.56000000,1790.68000000,1730.00000000,1748.67000000,4804.03768500,8469657.90042592,36154,2437.00974400
2021-02-27 00:00:00.000000 ,1749.68000000,1759.72000000,1736.21000000,1750.24000000,2147.02212900,3752417.34150562,19749,1070.55681000
2021-02-28 00:00:00.000000 ,1749.26000000,1757.33000000,1732.27000000,1744.61000000,3460.72429100,6034706.92212059,31598,1692.14934800
2021-03-01 00:00:00.000000 ,1744.61000000,1768.63000000,1718.80000000,1727.23000000,2990.54766300,5218478.44752416,27537,1524.27487800
2021-03-02 00:00:00.000000 ,1727.23000000,1753.26000000,1712.55000000,1750.02000000,2288.38382300,3966720.99968518,20049,1157.08907400
2021-03-03 00:00:00.000000 ,1748.97000000,1752.01000000,1715.17000000,1717.35000000,1874.26757000,3244486.03076557,15925,966.18792100
2021-03-04 00:00:00.000000 ,1717.34000000,1735.00000000,1700.02000000,1705.88000000,2508.87957600,4311917.88386696,18448,1235.42410300
2021-03-05 00:00:00.000000 ,1705.69000000,1718.42000000,1687.57000000,1708.49000000,2156.91874500,3674606.73936711,16718,1009.87438200
2021-03-06 00:00:00.000000 ,1709.23000000,1718.00000000,1702.14000000,1713.98000000,937.26835800,1603963.14725025,9093,496.48629100
2021-03-07 00:00:00.000000 ,1715.17000000,1727.25000000,1708.51000000,1717.20000000,1103.69236200,1894903.48544797,9287,593.83688900
2021-03-08 00:00:00.000000 ,1718.72000000,1750.93000000,1693.84000000,1705.97000000,2087.56018300,3576781.31126491,14876,1058.50330000
2021-03-09 00:00:00.000000 ,1705.97000000,1750.62000000,1696.01000000,1729.20000000,2590.10942400,4464116.79148589,19101,1287.75933900
2021-03-10 00:00:00.000000 ,1729.20000000,1744.29000000,1715.30000000,1739.56000000,1942.74050900,3358774.01422990,13934,957.03152500
2021-03-11 00:00:00.000000 ,1739.70000000,1753.26000000,1729.79000000,1743.00000000,1996.99425500,3476547.17648196,14840,1091.86116800
2021-03-12 00:00:00.000000 ,1743.90000000,1744.17000000,1711.00000000,1739.16000000,1542.56353900,2660061.29700690,11693,775.66983100
2021-03-13 00:00:00.000000 ,1738.57000000,1750.00000000,1731.12000000,1745.03000000,1171.57295300,2043776.83802494,9202,713.48254200
2021-03-14 00:00:00.000000 ,1744.82000000,1750.00000000,1733.00000000,1734.93000000,898.46982300,1566172.65297835,6831,442.73523000
2021-03-15 00:00:00.000000 ,1735.90000000,1750.36000000,1726.33000000,1734.72000000,2225.42901400,3869951.98952018,14399,1193.06644700
2021-03-16 00:00:00.000000 ,1734.78000000,1756.09000000,1731.67000000,1745.52000000,2357.60488600,4112634.39473350,12724,1054.86938500
2021-03-17 00:00:00.000000 ,1744.32000000,1762.38000000,1735.00000000,1758.63000000,1859.67253400,3247023.32182914,11029,825.62223100
2021-03-18 00:00:00.000000 ,1758.46000000,1767.92000000,1732.41000000,1741.57000000,1511.24358100,2642667.44813239,11093,737.56659700
2021-03-19 00:00:00.000000 ,1742.98000000,1760.13000000,1738.83000000,1757.82000000,813.42176800,1423906.28183528,6677,443.90822800
2021-03-20 00:00:00.000000 ,1757.82000000,1760.10000000,1745.00000000,1754.66000000,1350.55308000,2373088.38181259,7157,983.89031800
2021-03-21 00:00:00.000000 ,1753.48000000,1760.00000000,1738.73000000,1746.58000000,1645.16584300,2880978.63951610,13487,875.48094300
2021-03-22 00:00:00.000000 ,1748.25000000,1754.00000000,1737.12000000,1740.72000000,1501.45166300,2620613.53242024,10659,754.85505700
2021-03-23 00:00:00.000000 ,1740.79000000,1750.93000000,1733.81000000,1740.00000000,1560.90655500,2720755.60555457,10576,820.43382400
2021-03-24 00:00:00.000000 ,1740.00000000,1746.91000000,1730.13000000,1737.78000000,1600.54464500,2783940.69040613,12324,667.82313800
2021-03-25 00:00:00.000000 ,1737.80000000,1748.53000000,1721.81000000,1727.59000000,2639.26710000,4582961.83741147,17975,1682.72053500
2021-03-26 00:00:00.000000 ,1728.15000000,1745.00000000,1719.35000000,1740.57000000,1433.21390900,2480979.23789001,11385,783.38574000
2021-03-27 00:00:00.000000 ,1740.65000000,1742.33000000,1713.54000000,1732.78000000,1168.05299000,2025137.14380717,9335,513.05668200
2021-03-28 00:00:00.000000 ,1733.89000000,1771.83000000,1731.42000000,1746.57000000,2967.49240700,5215616.93518569,10914,881.40959800
2021-03-29 00:00:00.000000 ,1747.57000000,1757.18000000,1720.00000000,1724.69000000,2140.32922000,3703048.55044601,12005,1101.80880000
2021-03-30 00:00:00.000000 ,1725.07000000,1734.00000000,1696.13000000,1701.14000000,2234.89367500,3822085.46777739,13569,1091.82601100
2021-03-31 00:00:00.000000 ,1700.12000000,1725.00000000,1689.00000000,1713.55000000,1662.15083900,2833538.01926080,10259,893.26717400
2021-04-01 00:00:00.000000 ,1714.53000000,1741.78000000,1713.00000000,1741.60000000,1376.28584600,2379076.02765506,8772,803.80388800
2021-04-02 00:00:00.000000 ,1741.60000000,1745.00000000,1727.27000000,1738.86000000,1444.51951200,2510929.38900542,8145,764.94714100
2021-04-03 00:00:00.000000 ,1738.86000000,1750.74000000,1732.33000000,1734.27000000,1331.13781300,2319079.78845398,10326,694.78827300
2021-04-04 00:00:00.000000 ,1734.26000000,1806.76000000,1731.00000000,1747.87000000,1931.80915000,3397827.58044944,12430,899.54605600
2021-04-05 00:00:00.000000 ,1747.64000000,1759.98000000,1735.28000000,1743.70000000,1876.81358200,3275172.51336853,10501,865.30651500
2021-04-06 00:00:00.000000 ,1743.67000000,1762.50000000,1740.22000000,1756.41000000,2079.27791400,3640116.19765997,9471,1153.71942500
2021-04-07 00:00:00.000000 ,1755.74000000,1775.14000000,1733.93000000,1754.97000000,2511.35851900,4393407.05894954,13818,1356.31728700
2021-04-08 00:00:00.000000 ,1755.85000000,1785.00000000,1751.74000000,1769.62000000,2775.73755400,4912246.82663492,13690,1411.38276600
2021-04-09 00:00:00.000000 ,1768.39000000,1772.08000000,1740.84000000,1752.90000000,2337.01433200,4098440.18658458,10402,1097.30393400
2021-04-10 00:00:00.000000 ,1752.90000000,1769.13000000,1747.38000000,1756.28000000,1623.84848100,2855781.85912791,10738,915.64393800
2021-04-11 00:00:00.000000 ,1756.29000000,1772.91000000,1748.19000000,1755.46000000,1124.36412800,1979264.01788760,7255,672.13471700
2021-04-12 00:00:00.000000 ,1755.53000000,1763.04000000,1738.83000000,1746.80000000,2178.11787300,3816660.71360858,10944,1119.32100500
2021-04-13 00:00:00.000000 ,1747.02000000,1765.00000000,1738.83000000,1751.03000000,3437.33798200,6020559.62290845,12096,2194.20361900
2021-04-14 00:00:00.000000 ,1751.84000000,1760.82000000,1740.48000000,1751.14000000,2568.36692100,4500745.09333591,10446,1358.70789000
2021-04-15 00:00:00.000000 ,1751.69000000,1784.70000000,1745.70000000,1770.00000000,3277.98485300,5781197.19980921,9806,2234.09277600
2021-04-16 00:00:00.000000 ,1770.55000000,1799.44000000,1760.00000000,1787.61000000,3385.45697000,6032941.49713028,14597,1716.27495100
2021-04-17 00:00:00.000000 ,1788.64000000,1804.99000000,1782.78000000,1789.61000000,2102.65802600,3773786.11847649,10649,1099.41665900
2021-04-18 00:00:00.000000 ,1789.84000000,1805.99000000,1765.00000000,1799.95000000,6704.24228900,11978104.39654138,29177,3368.19419000
2021-04-19 00:00:00.000000 ,1800.40000000,1824.24000000,1770.55000000,1783.44000000,4834.07000600,8683719.93493549,23250,2490.21812700
2021-04-20 00:00:00.000000 ,1783.50000000,1802.63000000,1775.15000000,1789.39000000,5376.11159500,9614001.82385945,19146,2894.28643900
2021-04-21 00:00:00.000000 ,1790.23000000,1817.00000000,1784.61000000,1816.33000000,5460.65607800,9836488.38847105,20727,2756.35923600
2021-04-22 00:00:00.000000 ,1815.96000000,1828.52000000,1786.00000000,1796.12000000,8927.31846100,16089313.17018153,31736,4444.85534900
2021-04-23 00:00:00.000000 ,1796.12000000,1833.00000000,1781.00000000,1806.54000000,10818.19732200,19496431.18892171,34358,5600.95950700
2021-04-24 00:00:00.000000 ,1806.54000000,1807.14000000,1783.73000000,1788.65000000,3196.68465300,5730071.59690119,10242,1498.72902800
2021-04-25 00:00:00.000000 ,1788.65000000,1799.70000000,1776.00000000,1781.65000000,3561.10810300,6373743.63463557,9566,1628.48368300
2021-04-26 00:00:00.000000 ,1781.65000000,1801.00000000,1778.59000000,1794.34000000,6556.44402300,11723626.64415417,16282,3137.62633000
2021-04-27 00:00:00.000000 ,1793.03000000,1800.00000000,1784.85000000,1791.17000000,3200.58226800,5737506.60028198,9839,1496.88251300
2021-04-28 00:00:00.000000 ,1790.60000000,1799.00000000,1774.49000000,1797.19000000,3241.71387500,5786594.01946685,9141,1551.95852000
2021-04-29 00:00:00.000000 ,1797.18000000,1804.68000000,1777.77000000,1786.93000000,3176.61469200,5685943.03654225,10477,1669.91752000
2021-04-30 00:00:00.000000 ,1785.40000000,1791.00000000,1777.06000000,1784.38000000,3599.69245700,6419232.38912636,11201,1980.58772800
2021-05-01 00:00:00.000000 ,1785.19000000,1799.00000000,1780.54000000,1790.00000000,1270.84713100,2272635.60818435,8705,763.76693700
2021-05-02 00:00:00.000000 ,1790.00000000,1791.00000000,1780.34000000,1785.98000000,1098.50797800,1961847.38606751,6006,523.72203400
2021-05-03 00:00:00.000000 ,1784.51000000,1810.00000000,1781.24000000,1801.42000000,3286.08382400,5898363.30783212,11295,1670.45488700
2021-05-04 00:00:00.000000 ,1801.42000000,1805.98000000,1778.68000000,1786.03000000,5991.90577500,10737118.34220480,15784,2870.36598900
2021-05-05 00:00:00.000000 ,1785.50000000,1802.99000000,1781.28000000,1798.94000000,2596.11813100,4650501.92226602,8895,1352.40578600
2021-05-06 00:00:00.000000 ,1798.94000000,1839.16000000,1794.01000000,1835.79000000,3883.69298300,7049131.74740409,12323,2102.08351700
2021-05-07 00:00:00.000000 ,1836.09000000,1868.14000000,1827.13000000,1860.00000000,3523.23099700,6512699.64269776,12444,2157.16206600
2021-05-08 00:00:00.000000 ,1858.48000000,1874.00000000,1839.29000000,1865.68000000,2345.85812200,4356256.26183409,10061,1265.90656900
2021-05-09 00:00:00.000000 ,1862.79000000,1899.00000000,1848.24000000,1891.67000000,2191.89893100,4113592.81825708,12813,1051.79275000
2021-05-10 00:00:00.000000 ,1892.14000000,1902.48000000,1848.56000000,1878.77000000,4573.65352400,8572751.75065025,23836,2083.19083200
2021-05-11 00:00:00.000000 ,1878.52000000,1900.00000000,1852.82000000,1861.46000000,3675.79528400,6878952.23462062,15586,1630.67795200
2021-05-12 00:00:00.000000 ,1861.47000000,1867.05000000,1816.02000000,1826.58000000,5843.16242200,10754578.28329233,15461,2598.69354200
2021-05-13 00:00:00.000000 ,1826.58000000,1871.98000000,1804.73000000,1858.93000000,10331.81665500,18971369.73641020,24618,4975.09229300
2021-05-14 00:00:00.000000 ,1860.00000000,1878.15000000,1850.00000000,1870.08000000,5337.07659400,9938290.05900441,14139,1728.31119500
2021-05-15 00:00:00.000000 ,1870.12000000,1925.03000000,1861.34000000,1882.30000000,5930.09972900,11170817.96273477,22022,3160.17394100
2021-05-16 00:00:00.000000 ,1882.30000000,2039.52000000,1878.91000000,1944.81000000,9345.42830900,18145680.41275008,44065,5190.18603000
2021-05-17 00:00:00.000000 ,1942.08000000,2035.00000000,1879.55000000,1899.22000000,15547.62795300,30425220.52737109,67499,7575.79949100
2021-05-18 00:00:00.000000 ,1899.21000000,1912.00000000,1865.00000000,1879.42000000,11019.46058400,20704569.75626554,23994,4869.77466700
2021-05-19 00:00:00.000000 ,1879.43000000,1962.80000000,1845.00000000,1867.63000000,27128.96591500,50884776.04505050,58686,13412.77280800
2021-05-20 00:00:00.000000 ,1866.69000000,1900.00000000,1864.56000000,1879.67000000,16539.30680700,31074566.63615801,39242,8329.00267500
2021-05-21 00:00:00.000000 ,1879.71000000,1920.00000000,1860.81000000,1899.87000000,15464.75973800,29184345.13442338,37724,7615.90732500
2021-05-22 00:00:00.000000 ,1900.65000000,1916.66000000,1886.60000000,1900.80000000,7993.98118700,15201816.15369454,27387,4213.50378200
2021-05-23 00:00:00.000000 ,1900.80000000,1908.80000000,1874.02000000,1894.60000000,13484.11083300,25577279.65177956,42039,6490.87747100
2021-05-24 00:00:00.000000 ,1894.48000000,1898.41000000,1873.64000000,1881.36000000,11806.92303700,22268491.77094469,29913,5787.05428700
2021-05-25 00:00:00.000000 ,1881.36000000,1908.06000000,1872.77000000,1898.24000000,11174.94040400,21139226.28332935,27338,5223.23296200
2021-05-26 00:00:00.000000 ,1898.95000000,1920.00000000,1894.00000000,1904.08000000,5806.76421800,11077261.17568996,17387,2725.18609400
2021-05-27 00:00:00.000000 ,1902.70000000,1919.00000000,1893.11000000,1904.37000000,5248.39341500,9994240.99234516,16809,2554.06850600
2021-05-28 00:00:00.000000 ,1904.37000000,1925.01000000,1889.01000000,1922.41000000,8176.53186700,15569038.50012606,21687,4162.55192300
2021-05-29 00:00:00.000000 ,1922.41000000,1939.50000000,1907.15000000,1932.83000000,6045.27281800,11640394.51824621,22257,3189.24379000
2021-05-30 00:00:00.000000 ,1932.83000000,1938.00000000,1914.14000000,1914.16000000,4312.44150100,8308886.49126582,20187,2167.52509700
2021-05-31 00:00:00.000000 ,1914.49000000,1930.00000000,1908.39000000,1916.90000000,5855.57834000,11223676.62403763,15777,2964.46775600
2021-06-01 00:00:00.000000 ,1916.90000000,1921.96000000,1898.00000000,1912.49000000,5325.34213400,10175449.34469825,14746,2509.67894100
2021-06-02 00:00:00.000000 ,1910.60000000,1914.00000000,1901.00000000,1911.92000000,3249.81698800,6200107.66019999,9621,1653.93285900
2021-06-03 00:00:00.000000 ,1911.92000000,1914.34000000,1875.45000000,1878.92000000,4888.56797500,9250659.16512407,15029,2157.13956800
2021-06-04 00:00:00.000000 ,1878.81000000,1905.48000000,1867.26000000,1902.04000000,4150.85669200,7836073.41134153,13860,2094.54316800
2021-06-05 00:00:00.000000 ,1902.06000000,1908.60000000,1882.00000000,1903.63000000,3948.42042100,7495410.59588564,11894,2033.64252600
2021-06-06 00:00:00.000000 ,1903.68000000,1907.99000000,1895.00000000,1898.54000000,2415.13528800,4593305.98067737,7412,1143.57487700
2021-06-07 00:00:00.000000 ,1898.71000000,1905.49000000,1885.00000000,1897.14000000,4652.93785000,8821678.92278950,12540,2091.69823000
2021-06-08 00:00:00.000000 ,1899.51000000,1907.36000000,1883.36000000,1894.20000000,5669.48529400,10760944.13831729,21271,2789.30520500
2021-06-09 00:00:00.000000 ,1894.96000000,1907.00000000,1890.94000000,1893.01000000,4426.35210900,8397751.32388492,14414,2398.88303200
2021-06-10 00:00:00.000000 ,1893.01000000,1925.00000000,1879.00000000,1899.00000000,5952.65091700,11297036.00937968,24433,2866.71561200
2021-06-11 00:00:00.000000 ,1900.01000000,1911.99000000,1879.99000000,1887.64000000,4147.73173000,7867996.66072923,13838,1654.04236100
2021-06-12 00:00:00.000000 ,1887.59000000,1898.20000000,1879.00000000,1889.80000000,2962.57612000,5594428.77123052,9576,1442.26844400
2021-06-13 00:00:00.000000 ,1889.79000000,1895.33000000,1876.50000000,1881.06000000,3048.87332800,5749212.03028863,9569,1359.14775500
2021-06-14 00:00:00.000000 ,1881.99000000,1883.07000000,1853.39000000,1872.69000000,4236.09771200,7900551.49913735,13820,1833.81257700
2021-06-15 00:00:00.000000 ,1872.69000000,1874.00000000,1856.00000000,1859.23000000,2256.54819600,4206690.38688857,8573,1095.78621500
2021-06-16 00:00:00.000000 ,1859.97000000,1869.00000000,1815.00000000,1825.00000000,4309.29880900,7968729.49929688,11566,1761.05537200
2021-06-17 00:00:00.000000 ,1824.54000000,1829.99000000,1771.00000000,1790.86000000,6275.62865700,11285051.73108279,15747,2497.22424100
2021-06-18 00:00:00.000000 ,1790.86000000,1809.08000000,1760.00000000,1774.28000000,6613.19104300,11824136.34588758,15773,2820.05387500
2021-06-19 00:00:00.000000 ,1773.61000000,1779.35000000,1767.00000000,1771.44000000,2202.05866200,3903147.83446683,8101,1051.36156600
2021-06-20 00:00:00.000000 ,1771.28000000,1778.97000000,1766.03000000,1778.00000000,2794.28349100,4952882.62806794,8597,1406.84904200
2021-06-21 00:00:00.000000 ,1778.00000000,1799.00000000,1766.80000000,1787.52000000,9467.37418800,16922163.10588296,23938,4740.20660500
2021-06-22 00:00:00.000000 ,1785.86000000,1802.71000000,1767.75000000,1780.41000000,8846.03153500,15769073.79434042,24186,4216.89039100
2021-06-23 00:00:00.000000 ,1780.37000000,1797.99000000,1777.40000000,1781.69000000,3690.38534500,6594554.53202108,12807,1778.33295000
2021-06-24 00:00:00.000000 ,1781.95000000,1792.20000000,1770.00000000,1777.46000000,3141.35274200,5592846.24486124,13855,1519.85057200
2021-06-25 00:00:00.000000 ,1777.07000000,1792.00000000,1775.00000000,1778.36000000,4531.32881900,8077074.32514932,15601,2079.11529900
2021-06-26 00:00:00.000000 ,1779.09000000,1783.67000000,1770.00000000,1780.85000000,2373.60404200,4217690.09602161,11382,1121.61228100
2021-06-27 00:00:00.000000 ,1782.36000000,1799.00000000,1772.60000000,1790.49000000,2597.05820700,4629595.36603310,9245,1469.82401200
2021-06-28 00:00:00.000000 ,1791.74000000,1795.68000000,1773.75000000,1785.61000000,3518.39608100,6277992.62403364,9804,1585.34561600
2021-06-29 00:00:00.000000 ,1785.61000000,1790.90000000,1760.02000000,1767.58000000,4205.32959500,7457035.13958679,13727,1774.54923900
2021-06-30 00:00:00.000000 ,1767.58000000,1815.00000000,1757.58000000,1777.22000000,5793.14648400,10276363.24974410,12871,2662.78818100
2021-07-01 00:00:00.000000 ,1777.88000000,1786.38000000,1771.01000000,1776.90000000,2736.70277800,4864801.71012190,8040,1158.13500700
2021-07-02 00:00:00.000000 ,1776.88000000,1796.66000000,1776.08000000,1792.59000000,2699.55755600,4821224.47675154,8455,1372.21139000
2021-07-03 00:00:00.000000 ,1792.98000000,1808.63000000,1787.22000000,1792.79000000,1415.22409000,2541277.07138438,6066,832.66424100
2021-07-04 00:00:00.000000 ,1792.79000000,1801.49000000,1789.02000000,1795.44000000,1590.49142900,2853149.08774766,5485,783.55810100
2021-07-05 00:00:00.000000 ,1795.13000000,1803.47000000,1788.00000000,1792.02000000,3337.32909700,5989832.57739719,10305,1682.64125300
2021-07-06 00:00:00.000000 ,1792.02000000,1815.00000000,1790.90000000,1800.25000000,2805.92915600,5061486.92270518,8696,1319.73353400
2021-07-07 00:00:00.000000 ,1801.50000000,1813.33000000,1796.96000000,1806.19000000,2105.74295900,3806119.00161835,6862,1043.80876900
2021-07-08 00:00:00.000000 ,1806.35000000,1831.36000000,1799.65000000,1812.63000000,4830.67829900,8759318.12136418,15124,2561.59331400
2021-07-09 00:00:00.000000 ,1812.80000000,1817.91000000,1803.33000000,1815.80000000,1918.93655500,3476214.07997447,6780,973.26555200
2021-07-10 00:00:00.000000 ,1817.15000000,1821.33000000,1804.49000000,1810.18000000,1716.51669600,3108713.48983664,6307,785.70568200
2021-07-11 00:00:00.000000 ,1810.56000000,1819.01000000,1808.00000000,1811.69000000,1176.63629900,2133341.00833359,4163,678.60378200
2021-07-12 00:00:00.000000 ,1811.69000000,1814.49000000,1797.33000000,1808.72000000,2150.77198700,3885600.13769980,6529,918.89044800
2021-07-13 00:00:00.000000 ,1808.72000000,1818.99000000,1803.33000000,1810.37000000,2015.61896500,3651077.50972818,5492,952.03250400
2021-07-14 00:00:00.000000 ,1810.37000000,1837.40000000,1804.04000000,1832.06000000,6282.92461100,11483524.04895316,9911,1865.31299500
2021-07-15 00:00:00.000000 ,1832.48000000,1841.00000000,1825.01000000,1837.52000000,4483.24854000,8210924.77983041,8436,1283.56816400
2021-07-16 00:00:00.000000 ,1837.65000000,1839.10000000,1812.00000000,1812.23000000,3329.97457800,6084398.39643437,8463,1536.56692100
2021-07-17 00:00:00.000000 ,1812.10000000,1820.12000000,1811.00000000,1813.74000000,1216.76400700,2207548.62547928,4002,499.30746200
2021-07-18 00:00:00.000000 ,1813.74000000,1820.50000000,1811.48000000,1817.43000000,1390.58204500,2524883.36886057,3341,608.49129400
2021-07-19 00:00:00.000000 ,1818.56000000,1821.00000000,1797.00000000,1818.52000000,3408.28222900,6169184.73653397,8577,1701.05876500
2021-07-20 00:00:00.000000 ,1818.56000000,1834.74000000,1799.00000000,1809.83000000,7962.68614100,14473226.62408319,17222,4604.18555500
2021-07-21 00:00:00.000000 ,1809.83000000,1820.15000000,1802.00000000,1807.12000000,3701.60744200,6703481.32815954,11729,1995.09396000
2021-07-22 00:00:00.000000 ,1807.15000000,1816.56000000,1797.33000000,1807.32000000,1657.13502600,2995525.01301570,7577,865.27271800
2021-07-23 00:00:00.000000 ,1808.53000000,1815.67000000,1785.46000000,1812.38000000,2754.42805000,4973219.33867543,8151,1554.47334500
2021-07-24 00:00:00.000000 ,1812.98000000,1814.66000000,1803.31000000,1812.53000000,1223.80847900,2214875.96301315,5641,652.23036000
2021-07-25 00:00:00.000000 ,1812.50000000,1814.41000000,1804.02000000,1810.17000000,988.45159200,1789337.45086900,5139,509.27431000
2021-07-26 00:00:00.000000 ,1810.44000000,1821.92000000,1796.88000000,1802.98000000,4698.73654400,8504634.54725539,15291,2150.29794700
2021-07-27 00:00:00.000000 ,1801.93000000,1810.33000000,1799.51000000,1808.99000000,2534.64303000,4577404.84821921,11904,1228.83213800
2021-07-28 00:00:00.000000 ,1808.98000000,1817.96000000,1800.00000000,1812.51000000,2368.64376700,4282537.96921471,7196,1145.60247900
2021-07-29 00:00:00.000000 ,1813.04000000,1840.00000000,1801.00000000,1834.36000000,2378.20324600,4339902.87309561,9573,1456.53066800
2021-07-30 00:00:00.000000 ,1833.53000000,1838.58000000,1800.00000000,1822.85000000,2568.74765100,4686766.11643045,7360,1225.33235000
2021-07-31 00:00:00.000000 ,1823.96000000,1826.18000000,1814.00000000,1818.55000000,1370.16137500,2494040.36385024,5490,583.30860000
2021-08-01 00:00:00.000000 ,1819.28000000,1824.10000000,1809.00000000,1814.13000000,1526.91540300,2774882.87646586,6303,686.35345600
2021-08-02 00:00:00.000000 ,1814.71000000,1824.00000000,1804.03000000,1818.44000000,1822.95402100,3306884.88866662,8058,882.23694900
2021-08-03 00:00:00.000000 ,1817.94000000,1818.94000000,1805.99000000,1812.70000000,1332.46598500,2414884.30698694,7368,550.73492300
2021-08-04 00:00:00.000000 ,1812.70000000,1835.93000000,1810.75000000,1818.34000000,2219.07712600,4036794.64789101,7090,1258.71278800
2021-08-05 00:00:00.000000 ,1818.35000000,1818.45000000,1805.01000000,1808.43000000,1989.87295800,3604333.77291399,8235,788.01281100
2021-08-06 00:00:00.000000 ,1809.42000000,1822.12000000,1765.53000000,1770.01000000,4982.72259000,8888487.15431272,15292,1918.94605000
2021-08-07 00:00:00.000000 ,1771.56000000,1778.81000000,1766.10000000,1774.09000000,2394.93291800,4244098.67954335,11186,1152.19939800
2021-08-08 00:00:00.000000 ,1775.47000000,1782.50000000,1700.36000000,1731.66000000,5320.67097200,9271953.16526124,16511,2024.18257800
2021-08-09 00:00:00.000000 ,1731.66000000,1760.00000000,1718.11000000,1743.25000000,4597.30758800,8013270.75305368,14319,2273.18967000
2021-08-10 00:00:00.000000 ,1742.73000000,1749.90000000,1727.97000000,1738.02000000,2101.16905400,3654203.38140350,7364,944.25221900
2021-08-11 00:00:00.000000 ,1738.02000000,1764.69000000,1729.78000000,1756.72000000,2371.56344800,4146560.50619103,9202,1204.31859500
2021-08-12 00:00:00.000000 ,1756.72000000,1763.47000000,1746.00000000,1759.81000000,2787.13269000,4892535.06061083,9044,1395.06068200
2021-08-13 00:00:00.000000 ,1759.60000000,1790.00000000,1755.10000000,1782.99000000,2156.96344100,3825622.21676242,7110,1106.52858500
2021-08-14 00:00:00.000000 ,1782.99000000,1785.06000000,1767.07000000,1774.94000000,1517.54946400,2696793.93119486,5609,629.45703100
2021-08-15 00:00:00.000000 ,1775.94000000,1782.00000000,1767.76000000,1779.79000000,1455.05276300,2584387.14719821,3866,820.22045600
2021-08-16 00:00:00.000000 ,1779.79000000,1792.75000000,1767.00000000,1791.48000000,2056.11559900,3666177.43400404,7983,1031.01963600
2021-08-17 00:00:00.000000 ,1791.47000000,1800.46000000,1780.09000000,1785.57000000,2489.79963800,4454932.20890817,7958,1215.18250400
2021-08-18 00:00:00.000000 ,1785.57000000,1802.00000000,1753.47000000,1789.72000000,3196.99541600,5713767.89923378,8717,1256.90278500
2021-08-19 00:00:00.000000 ,1791.21000000,1793.00000000,1763.30000000,1783.47000000,1860.10404700,3318169.20025421,6116,1013.07235500
2021-08-20 00:00:00.000000 ,1783.40000000,1793.00000000,1778.00000000,1785.39000000,1654.23593100,2953702.77319295,6673,949.33739600
2021-08-21 00:00:00.000000 ,1785.39000000,1792.50000000,1780.86000000,1787.57000000,997.93214500,1783123.00120947,3782,635.97577900
2021-08-22 00:00:00.000000 ,1786.64000000,1788.63000000,1772.65000000,1781.70000000,780.33465600,1390246.48949914,4812,351.01438800
2021-08-23 00:00:00.000000 ,1781.59000000,1809.50000000,1780.85000000,1806.06000000,1854.79782800,3331896.37070989,6808,1070.80229000
2021-08-24 00:00:00.000000 ,1805.16000000,1811.19000000,1800.00000000,1802.71000000,1062.99108100,1919679.09505657,4993,505.83925900
2021-08-25 00:00:00.000000 ,1801.40000000,1805.00000000,1788.27000000,1797.46000000,1175.81332100,2113269.41679397,4144,524.79383500
2021-08-26 00:00:00.000000 ,1797.34000000,1806.00000000,1784.00000000,1798.00000000,2206.92549800,3964383.43392326,4826,944.10936300
2021-08-27 00:00:00.000000 ,1799.00000000,1823.00000000,1791.00000000,1822.00000000,2893.44485300,5221193.87779922,6340,1401.06865300
2021-08-28 00:00:00.000000 ,1822.00000000,1824.00000000,1816.00000000,1820.00000000,586.70070000,1067833.50819297,3122,313.36550000
2021-08-29 00:00:00.000000 ,1820.00000000,1825.00000000,1814.00000000,1819.00000000,827.75320000,1506283.60210325,3323,394.33240000
2021-08-30 00:00:00.000000 ,1819.00000000,1824.00000000,1810.00000000,1814.00000000,1301.91330000,2365697.97140000,4276,639.49010000
2021-08-31 00:00:00.000000 ,1815.00000000,1825.00000000,1803.00000000,1816.00000000,1994.70460000,3625778.13160000,5235,744.32649400
2021-09-01 00:00:00.000000 ,1817.00000000,1825.00000000,1812.00000000,1820.00000000,2096.23970000,3813830.05610000,5304,1062.42410000
2021-09-02 00:00:00.000000 ,1820.00000000,1823.00000000,1808.00000000,1816.00000000,1455.65410000,2644416.12790000,5520,555.43570000
2021-09-03 00:00:00.000000 ,1815.00000000,1836.00000000,1805.00000000,1830.00000000,2308.13170000,4200510.69969394,7430,1124.73488200
2021-09-04 00:00:00.000000 ,1830.00000000,1835.00000000,1823.00000000,1824.00000000,1014.40030000,1855544.86210000,4502,479.68660000
2021-09-05 00:00:00.000000 ,1825.00000000,1837.96000000,1822.00000000,1828.00000000,1448.57340000,2650632.23880606,4116,810.63381600
2021-09-06 00:00:00.000000 ,1829.00000000,1847.31000000,1820.00000000,1826.00000000,3859.23953300,7065797.74341126,18152,1974.80513300
2021-09-07 00:00:00.000000 ,1827.00000000,1832.00000000,1781.00000000,1791.00000000,4421.85930000,7962771.65467535,12256,1901.59600000
2021-09-08 00:00:00.000000 ,1793.00000000,1802.00000000,1778.00000000,1789.00000000,2689.25910000,4822451.62910662,8636,1411.11400000
2021-09-09 00:00:00.000000 ,1789.00000000,1803.00000000,1787.00000000,1796.00000000,2229.66920000,4002583.77830000,6403,1083.89670000
2021-09-10 00:00:00.000000 ,1796.00000000,1806.00000000,1788.00000000,1794.00000000,2759.08900000,4961904.23330000,8859,1793.63980000
2021-09-11 00:00:00.000000 ,1793.00000000,1805.00000000,1788.00000000,1798.00000000,1370.23750000,2461282.88820000,4919,654.09680000
2021-09-12 00:00:00.000000 ,1799.00000000,1812.00000000,1778.00000000,1793.00000000,2986.92580000,5370908.96560000,8567,1192.97860000
2021-09-13 00:00:00.000000 ,1794.00000000,1807.00000000,1786.00000000,1799.00000000,3147.34560000,5657904.29590000,11665,1688.92130000
2021-09-14 00:00:00.000000 ,1800.00000000,1813.00000000,1785.00000000,1805.00000000,2535.06860000,4566975.58490000,8259,1121.73980000
2021-09-15 00:00:00.000000 ,1805.00000000,1810.00000000,1794.00000000,1798.00000000,1816.47790000,3272046.49290000,5282,822.15560000
2021-09-16 00:00:00.000000 ,1798.00000000,1802.00000000,1755.00000000,1764.00000000,3231.12110000,5730543.13356195,8349,1544.90218600
2021-09-17 00:00:00.000000 ,1764.00000000,1777.00000000,1755.00000000,1765.00000000,2065.72350000,3645626.30030000,5311,756.87940000
2021-09-18 00:00:00.000000 ,1765.00000000,1773.00000000,1757.00000000,1768.00000000,1501.49730000,2649424.98810000,4891,781.46060000
2021-09-19 00:00:00.000000 ,1768.00000000,1775.00000000,1759.00000000,1764.00000000,1106.15480000,1955261.26380000,3671,454.82660000
2021-09-20 00:00:00.000000 ,1764.00000000,1790.00000000,1747.00000000,1776.00000000,6593.37523700,11650675.00385210,16044,3222.21860300
2021-09-21 00:00:00.000000 ,1777.00000000,1790.00000000,1760.00000000,1783.00000000,5540.61610000,9836530.93860000,15743,2498.10470000
2021-09-22 00:00:00.000000 ,1783.00000000,1792.00000000,1770.00000000,1770.00000000,3762.52320000,6698513.26910000,10313,2092.54810000
2021-09-23 00:00:00.000000 ,1771.00000000,1782.00000000,1744.00000000,1756.00000000,3124.87533000,5507452.54854211,9492,1486.54983000
2021-09-24 00:00:00.000000 ,1756.00000000,1766.00000000,1747.00000000,1759.00000000,2895.86510000,5092088.95750000,8497,1313.78140000
2021-09-25 00:00:00.000000 ,1759.00000000,1764.00000000,1751.00000000,1756.00000000,1339.49440000,2354577.19550000,4436,618.46730000
2021-09-26 00:00:00.000000 ,1757.00000000,1762.00000000,1750.00000000,1757.00000000,1911.28930000,3356308.32870000,5514,1005.69450000
2021-09-27 00:00:00.000000 ,1757.00000000,1770.00000000,1753.00000000,1758.00000000,1768.53760000,3114172.93210000,4949,948.87640000
2021-09-28 00:00:00.000000 ,1759.00000000,1762.00000000,1738.00000000,1745.00000000,1711.64675200,2990176.89077371,4567,853.37000000
2021-09-29 00:00:00.000000 ,1745.00000000,1755.00000000,1731.00000000,1739.00000000,1992.05751800,3470464.48208570,4506,762.66920000
2021-09-30 00:00:00.000000 ,1739.00000000,1770.00000000,1730.00000000,1763.00000000,2902.01049500,5067578.31475000,5440,1249.71650000
2021-10-01 00:00:00.000000 ,1762.00000000,1770.00000000,1750.00000000,1765.00000000,2440.19810000,4301320.32690000,7200,1049.07060000
2021-10-02 00:00:00.000000 ,1765.00000000,1770.00000000,1761.00000000,1764.00000000,966.10660000,1705542.90410000,3704,470.62760000
2021-10-03 00:00:00.000000 ,1764.00000000,1774.00000000,1762.00000000,1771.00000000,1021.44070000,1805339.06590000,3368,598.10000000
2021-10-04 00:00:00.000000 ,1772.00000000,1779.00000000,1730.00000000,1773.00000000,2740.29030000,4837917.48560000,6960,1226.90520000
2021-10-05 00:00:00.000000 ,1773.00000000,1776.00000000,1755.00000000,1764.00000000,1339.20520000,2363869.24750000,3913,597.56410000
2021-10-06 00:00:00.000000 ,1763.00000000,1771.00000000,1750.00000000,1765.00000000,2397.16400000,4225218.52960000,6697,1290.79490000
2021-10-07 00:00:00.000000 ,1765.00000000,1773.00000000,1754.00000000,1759.00000000,1690.48670000,2979873.57180000,5815,904.88950000
2021-10-08 00:00:00.000000 ,1760.00000000,1784.00000000,1748.00000000,1762.00000000,2246.77380000,3962178.56120000,5100,1206.90720000
2021-10-09 00:00:00.000000 ,1762.00000000,1767.00000000,1760.00000000,1762.00000000,809.39730000,1427344.31360000,2273,454.26830000
2021-10-10 00:00:00.000000 ,1763.00000000,1766.00000000,1757.00000000,1758.00000000,935.48970000,1647732.40270000,2615,384.57480000
2021-10-11 00:00:00.000000 ,1759.00000000,1767.00000000,1755.00000000,1760.00000000,2079.20670000,3659441.92460000,4233,959.47560000
2021-10-12 00:00:00.000000 ,1760.00000000,1774.00000000,1757.00000000,1764.00000000,1741.38660000,3074405.07840000,4350,998.69740000
2021-10-13 00:00:00.000000 ,1765.00000000,1801.00000000,1762.00000000,1796.00000000,2002.35010000,3565067.88400000,7094,951.78520000
2021-10-14 00:00:00.000000 ,1796.00000000,1810.00000000,1788.00000000,1800.00000000,1297.06010000,2335269.30290000,3998,745.05270000
2021-10-15 00:00:00.000000 ,1801.00000000,1805.00000000,1767.00000000,1775.00000000,2590.96470000,4621411.28510000,5918,1243.30870000
2021-10-16 00:00:00.000000 ,1774.00000000,1783.00000000,1768.00000000,1771.00000000,2009.18370000,3565079.91910000,6798,830.40740000
2021-10-17 00:00:00.000000 ,1771.00000000,1780.00000000,1768.00000000,1776.00000000,1750.92560000,3106138.67270000,3600,1001.61030000
2021-10-18 00:00:00.000000 ,1776.00000000,1780.00000000,1764.00000000,1770.00000000,1776.06590000,3146040.05080000,3925,794.84050000
2021-10-19 00:00:00.000000 ,1770.00000000,1789.00000000,1768.00000000,1776.00000000,1628.18930000,2894951.89320000,3962,586.95100000
2021-10-20 00:00:00.000000 ,1778.00000000,1793.00000000,1774.00000000,1783.00000000,2789.91480000,4980610.21500000,6093,1413.27340000
2021-10-21 00:00:00.000000 ,1783.00000000,1795.00000000,1779.00000000,1787.00000000,2028.75290000,3623130.87900000,5918,1035.78750000
2021-10-22 00:00:00.000000 ,1787.00000000,1819.00000000,1786.00000000,1797.00000000,1919.24440000,3456210.04450000,7436,1111.60310000
2021-10-23 00:00:00.000000 ,1798.00000000,1802.00000000,1792.00000000,1799.00000000,713.46010000,1282541.52760000,2523,291.62920000
2021-10-24 00:00:00.000000 ,1800.00000000,1802.00000000,1791.00000000,1801.00000000,992.20090000,1783083.22030000,2749,578.53870000
2021-10-25 00:00:00.000000 ,1802.00000000,1818.00000000,1791.00000000,1812.00000000,1334.50470000,2411554.12330000,3855,732.58590000
2021-10-26 00:00:00.000000 ,1813.00000000,1820.00000000,1786.00000000,1795.00000000,1549.44900000,2790401.66490000,4142,694.33300000
2021-10-27 00:00:00.000000 ,1795.00000000,1809.00000000,1788.00000000,1802.00000000,1648.33080000,2960486.15890000,5377,694.69980000
2021-10-28 00:00:00.000000 ,1802.00000000,1812.00000000,1796.00000000,1802.00000000,2239.52270000,4038143.76860000,7608,1133.22170000
2021-10-29 00:00:00.000000 ,1802.00000000,1805.00000000,1775.00000000,1782.00000000,2132.20030000,3809791.12770000,8185,828.82820000
2021-10-30 00:00:00.000000 ,1783.00000000,1792.00000000,1777.00000000,1786.00000000,1731.73890000,3086534.79820000,3485,943.63300000
2021-10-31 00:00:00.000000 ,1785.00000000,1787.00000000,1777.00000000,1779.00000000,991.93070000,1768227.68950000,3073,458.34840000
2021-11-01 00:00:00.000000 ,1779.00000000,1797.00000000,1777.00000000,1791.00000000,1409.60950000,2517674.89760000,5572,783.89000000
2021-11-02 00:00:00.000000 ,1791.00000000,1797.00000000,1782.00000000,1789.00000000,1615.58640000,2892935.53080000,5470,763.67010000
2021-11-03 00:00:00.000000 ,1789.00000000,1791.00000000,1762.00000000,1778.00000000,2751.76140000,4884104.92500000,8623,1111.84830000
2021-11-04 00:00:00.000000 ,1778.00000000,1797.00000000,1771.00000000,1792.00000000,1500.71350000,2677299.64610000,6442,756.00650000
2021-11-05 00:00:00.000000 ,1791.00000000,1825.00000000,1786.00000000,1817.00000000,1778.91400000,3206414.69570000,5697,1044.77830000
2021-11-06 00:00:00.000000 ,1818.00000000,1823.00000000,1809.00000000,1819.00000000,1120.16810000,2033561.78430000,3843,525.50260000
2021-11-07 00:00:00.000000 ,1820.00000000,1822.00000000,1810.00000000,1817.00000000,1108.41500000,2015581.83100000,3247,700.01230000
2021-11-08 00:00:00.000000 ,1817.00000000,1832.00000000,1813.00000000,1826.00000000,1733.94200000,3158290.86340000,4597,837.30620000
2021-11-09 00:00:00.000000 ,1826.00000000,1839.00000000,1822.00000000,1832.00000000,3685.37880000,6741724.63620000,8138,1514.08990000
2021-11-10 00:00:00.000000 ,1832.00000000,1866.00000000,1822.00000000,1852.00000000,3777.66398400,6967961.67691493,9892,1749.07596200
2021-11-11 00:00:00.000000 ,1852.00000000,1871.00000000,1845.00000000,1862.00000000,2305.51060000,4286609.85955961,6408,1308.49180000
2021-11-12 00:00:00.000000 ,1862.00000000,1875.00000000,1844.00000000,1871.00000000,2104.32720000,3917881.82665067,8731,1144.93540000
2021-11-13 00:00:00.000000 ,1871.00000000,1875.00000000,1868.00000000,1872.00000000,1114.60380000,2086998.98330000,3225,446.18520000
2021-11-14 00:00:00.000000 ,1873.00000000,1875.00000000,1866.00000000,1872.00000000,835.14640000,1562652.27940000,3011,324.34330000
2021-11-15 00:00:00.000000 ,1873.00000000,1878.00000000,1861.00000000,1869.00000000,1552.13390000,2902491.64443546,5670,720.44110000
2021-11-16 00:00:00.000000 ,1869.00000000,1885.00000000,1852.00000000,1857.00000000,3652.81498500,6831819.48086399,10800,1708.26988500
2021-11-17 00:00:00.000000 ,1857.00000000,1872.00000000,1850.00000000,1868.00000000,2610.08700000,4853962.14720000,7267,1129.06030000
2021-11-18 00:00:00.000000 ,1868.00000000,1876.00000000,1851.00000000,1859.00000000,2722.72190000,5070630.39510000,7558,1521.52700000
2021-11-19 00:00:00.000000 ,1859.00000000,1867.00000000,1837.00000000,1846.00000000,2376.50060000,4409561.64440000,6204,904.16180000
2021-11-20 00:00:00.000000 ,1845.00000000,1851.00000000,1838.00000000,1843.00000000,1109.94210000,2048006.15570000,3317,537.16730000
2021-11-21 00:00:00.000000 ,1844.00000000,1852.00000000,1840.00000000,1843.00000000,1296.14460000,2393109.41630000,3747,556.20390000
2021-11-22 00:00:00.000000 ,1844.00000000,1850.00000000,1793.00000000,1811.00000000,3055.94650000,5577986.52450000,6267,1282.52080000
2021-11-23 00:00:00.000000 ,1811.00000000,1819.00000000,1783.00000000,1792.00000000,2928.92940000,5273986.91370000,5643,1026.93460000
2021-11-24 00:00:00.000000 ,1792.00000000,1800.00000000,1778.00000000,1792.00000000,1300.66810000,2329013.39510000,4824,519.62460000
2021-11-25 00:00:00.000000 ,1792.00000000,1798.00000000,1787.00000000,1796.00000000,1271.81830000,2280333.23400000,5385,550.19620000
2021-11-26 00:00:00.000000 ,1796.00000000,1818.00000000,1783.00000000,1795.00000000,4586.89370000,8266485.39270000,11780,2279.64440000
2021-11-27 00:00:00.000000 ,1795.00000000,1799.00000000,1788.00000000,1792.00000000,1160.28160000,2080944.36240000,3684,539.43870000
2021-11-28 00:00:00.000000 ,1791.00000000,1798.00000000,1781.00000000,1794.00000000,1518.03490000,2721250.47800000,4187,840.46890000
2021-11-29 00:00:00.000000 ,1794.00000000,1799.00000000,1783.00000000,1789.00000000,1474.58400000,2641697.29890000,4112,833.07010000
2021-11-30 00:00:00.000000 ,1789.00000000,1817.00000000,1769.00000000,1776.00000000,2516.28560000,4500840.59300000,7103,1146.54470000
2021-12-01 00:00:00.000000 ,1776.00000000,1795.00000000,1774.00000000,1784.00000000,2184.73350000,3897718.20280000,4614,1285.79230000
2021-12-02 00:00:00.000000 ,1784.00000000,1785.00000000,1760.00000000,1772.00000000,2320.67270000,4112915.72570000,4356,816.51170000
2021-12-03 00:00:00.000000 ,1773.00000000,1790.00000000,1763.00000000,1781.00000000,3905.04930000,6940250.84360000,6689,2096.91820000
2021-12-04 00:00:00.000000 ,1782.00000000,1789.00000000,1760.00000000,1781.00000000,7192.19760000,12794236.88420000,19759,3823.28320000
2021-12-05 00:00:00.000000 ,1780.00000000,1790.00000000,1770.00000000,1783.00000000,3064.80500000,5451476.34070000,7924,1533.74420000
2021-12-06 00:00:00.000000 ,1784.00000000,1799.00000000,1776.00000000,1785.00000000,3207.45050000,5720688.82470000,7025,1661.02170000
2021-12-07 00:00:00.000000 ,1783.00000000,1799.00000000,1774.00000000,1789.00000000,1722.84440000,3073659.52040000,4429,824.07250000
2021-12-08 00:00:00.000000 ,1789.00000000,1800.00000000,1780.00000000,1785.00000000,1741.67070000,3113393.01980000,4053,739.24520000
2021-12-09 00:00:00.000000 ,1786.00000000,1793.00000000,1770.00000000,1774.00000000,2512.80140000,4476124.59470000,5853,1089.90400000
2021-12-10 00:00:00.000000 ,1774.00000000,1797.00000000,1768.00000000,1783.00000000,2480.13050000,4420055.45450000,5619,1305.27680000
2021-12-11 00:00:00.000000 ,1783.00000000,1788.00000000,1780.00000000,1785.00000000,1414.77420000,2524813.79840000,4264,634.83820000
2021-12-12 00:00:00.000000 ,1784.00000000,1786.00000000,1778.00000000,1784.00000000,701.57120000,1250601.84350000,2637,343.08850000
2021-12-13 00:00:00.000000 ,1784.00000000,1796.00000000,1782.00000000,1789.00000000,2280.92800000,4076824.54840000,7614,1139.07670000
2021-12-14 00:00:00.000000 ,1789.00000000,1797.00000000,1769.00000000,1775.00000000,2815.47070000,5017561.31180000,6516,1450.06220000
2021-12-15 00:00:00.000000 ,1775.00000000,1787.00000000,1759.00000000,1779.00000000,2661.81500000,4715335.96860000,6592,1124.51560000
2021-12-16 00:00:00.000000 ,1779.00000000,1803.00000000,1775.00000000,1800.00000000,2037.90390000,3650038.00510000,5435,1156.65080000
2021-12-17 00:00:00.000000 ,1800.00000000,1828.00000000,1798.00000000,1804.00000000,4704.87310000,8523318.65500000,10391,2689.19820000
2021-12-18 00:00:00.000000 ,1804.00000000,1811.00000000,1799.00000000,1803.00000000,1436.39360000,2590234.08040000,4540,671.63740000
2021-12-19 00:00:00.000000 ,1803.00000000,1810.00000000,1796.00000000,1804.00000000,1480.45230000,2669328.68570000,3763,648.75190000
2021-12-20 00:00:00.000000 ,1803.00000000,1814.00000000,1793.00000000,1799.00000000,2231.45890000,4025397.19460000,6116,1248.97740000
2021-12-21 00:00:00.000000 ,1800.00000000,1806.00000000,1785.00000000,1796.00000000,2473.92650000,4448077.97710000,7305,949.61990000
2021-12-22 00:00:00.000000 ,1794.00000000,1812.00000000,1781.00000000,1807.00000000,2166.23990000,3893638.36760000,4542,1175.69060000
2021-12-23 00:00:00.000000 ,1806.00000000,1819.00000000,1802.00000000,1815.00000000,2082.78260000,3776243.76520000,5698,1148.16670000
2021-12-24 00:00:00.000000 ,1816.00000000,1817.00000000,1804.00000000,1817.00000000,1815.22270000,3289243.00370000,4846,1025.40090000
2021-12-25 00:00:00.000000 ,1817.00000000,1818.00000000,1813.00000000,1816.00000000,722.64690000,1312574.99280000,2757,429.56780000
2021-12-26 00:00:00.000000 ,1817.00000000,1821.00000000,1809.00000000,1814.00000000,1093.24120000,1985080.04020000,3211,429.35220000
2021-12-27 00:00:00.000000 ,1814.00000000,1825.00000000,1808.00000000,1819.00000000,1193.01880000,2164985.64900000,3903,516.53620000
2021-12-28 00:00:00.000000 ,1818.00000000,1826.00000000,1808.00000000,1812.00000000,2167.65600000,3938003.10230000,6464,770.29580000
2021-12-29 00:00:00.000000 ,1812.00000000,1819.00000000,1797.00000000,1812.00000000,1896.07850000,3427076.63630000,6622,946.82100000
2021-12-30 00:00:00.000000 ,1812.00000000,1826.00000000,1802.00000000,1824.00000000,1749.49940000,3171233.18110000,6383,985.59530000
2021-12-31 00:00:00.000000 ,1824.00000000,1839.00000000,1819.00000000,1835.00000000,1379.68030000,2522968.06830000,6048,706.05390000
2022-01-01 00:00:00.000000 ,1835.00000000,1843.00000000,1831.00000000,1837.00000000,927.45730000,1703552.84980000,4751,490.24120000
2022-01-02 00:00:00.000000 ,1837.00000000,1840.00000000,1832.00000000,1835.00000000,930.43030000,1708867.48370000,3989,437.81180000
2022-01-03 00:00:00.000000 ,1836.00000000,1839.00000000,1801.00000000,1809.00000000,1596.50550000,2901594.30190000,6561,669.21130000
2022-01-04 00:00:00.000000 ,1810.00000000,1822.00000000,1803.00000000,1817.00000000,1308.97760000,2373086.72130000,4800,619.78780000
2022-01-05 00:00:00.000000 ,1818.00000000,1869.00000000,1802.00000000,1816.00000000,3280.63060000,5980131.19960000,10634,1933.09580000
2022-01-06 00:00:00.000000 ,1816.00000000,1869.00000000,1772.00000000,1797.00000000,7057.43300000,12735919.41120000,18825,2558.31840000
2022-01-07 00:00:00.000000 ,1797.00000000,1807.00000000,1783.00000000,1805.00000000,2916.67190000,5236907.52340000,7868,1783.24490000
2022-01-08 00:00:00.000000 ,1805.00000000,1805.00000000,1793.00000000,1798.00000000,1454.38520000,2615866.07570000,4969,655.76830000
2022-01-09 00:00:00.000000 ,1798.00000000,1802.00000000,1791.00000000,1797.00000000,1337.41270000,2404620.79710000,4770,686.67720000
2022-01-10 00:00:00.000000 ,1797.00000000,1811.00000000,1791.00000000,1804.00000000,3399.21830000,6125431.89320000,7528,1420.98520000
2022-01-11 00:00:00.000000 ,1804.00000000,1830.00000000,1803.00000000,1822.00000000,2038.93710000,3702097.61660000,5944,1164.19350000
2022-01-12 00:00:00.000000 ,1823.00000000,1839.00000000,1814.00000000,1833.00000000,2164.50580000,3960091.54440000,4549,971.67010000
2022-01-13 00:00:00.000000 ,1833.00000000,1836.00000000,1810.00000000,1825.00000000,1859.76180000,3401419.96810000,4310,554.20610000
2022-01-14 00:00:00.000000 ,1826.00000000,1836.00000000,1821.00000000,1825.00000000,1193.11430000,2180724.01670000,3197,627.31620000
2022-01-15 00:00:00.000000 ,1825.00000000,1828.00000000,1820.00000000,1826.00000000,559.55850000,1021239.36720000,1643,289.85590000
2022-01-16 00:00:00.000000 ,1826.00000000,1827.00000000,1823.00000000,1825.00000000,434.20630000,792619.85670000,1153,191.98570000
2022-01-17 00:00:00.000000 ,1824.00000000,1830.00000000,1819.00000000,1821.00000000,1134.11620000,2068178.04960000,2881,392.35250000
2022-01-18 00:00:00.000000 ,1822.00000000,1831.00000000,1812.00000000,1821.00000000,1408.25900000,2565950.42470000,4320,837.72580000
2022-01-19 00:00:00.000000 ,1822.00000000,1859.00000000,1814.00000000,1846.00000000,2436.18650000,4477441.79650000,5136,1728.68200000
2022-01-20 00:00:00.000000 ,1847.00000000,1862.00000000,1836.00000000,1845.00000000,2270.30820000,4195388.60330000,6166,1071.49420000
2022-01-21 00:00:00.000000 ,1845.00000000,1857.00000000,1830.00000000,1842.00000000,5358.16570000,9871676.71580000,15275,2725.07410000
2022-01-22 00:00:00.000000 ,1843.00000000,1850.00000000,1830.00000000,1840.00000000,4788.57070000,8820550.52990000,14130,2015.07090000
2022-01-23 00:00:00.000000 ,1840.00000000,1846.00000000,1830.00000000,1844.00000000,2998.28450000,5517299.13030000,8481,1598.13890000
2022-01-24 00:00:00.000000 ,1843.00000000,1854.00000000,1836.00000000,1849.00000000,5007.12830000,9238905.16330000,13239,2287.85900000
2022-01-25 00:00:00.000000 ,1848.00000000,1863.00000000,1839.00000000,1855.00000000,2916.38950000,5401078.24980000,7182,1602.28170000
2022-01-26 00:00:00.000000 ,1858.00000000,1864.00000000,1826.00000000,1832.00000000,6659.16870000,12243692.95660000,9780,1724.61180000
2022-01-27 00:00:00.000000 ,1833.00000000,1840.00000000,1801.00000000,1809.00000000,3928.19230000,7131245.50220000,9334,1692.44070000
2022-01-28 00:00:00.000000 ,1807.00000000,1813.00000000,1787.00000000,1796.00000000,3106.50550000,5588047.81270000,7345,1259.37420000
2022-01-29 00:00:00.000000 ,1796.00000000,1801.00000000,1789.00000000,1797.00000000,1532.83310000,2752301.35560000,4706,874.37300000
2022-01-30 00:00:00.000000 ,1798.00000000,1803.00000000,1792.00000000,1799.00000000,1032.16460000,1857788.33280000,2954,498.04210000
2022-01-31 00:00:00.000000 ,1798.00000000,1812.00000000,1790.00000000,1807.00000000,1794.87940000,3233538.31020000,6033,930.06810000
2022-02-01 00:00:00.000000 ,1807.00000000,1817.00000000,1799.00000000,1805.00000000,1678.49960000,3033509.67550000,9264,918.89070000
2022-02-02 00:00:00.000000 ,1805.00000000,1820.00000000,1801.00000000,1813.00000000,2124.42560000,3845968.92640000,7903,1238.04980000
2022-02-03 00:00:00.000000 ,1814.00000000,1817.00000000,1797.00000000,1814.00000000,1622.11520000,2933306.48850000,4857,852.92240000
2022-02-04 00:00:00.000000 ,1814.00000000,1822.00000000,1800.00000000,1817.00000000,2814.81960000,5104648.90930000,6916,1597.30220000
2022-02-05 00:00:00.000000 ,1816.00000000,1821.00000000,1811.00000000,1816.00000000,1754.47100000,3185808.39370000,4461,766.01120000
2022-02-06 00:00:00.000000 ,1817.00000000,1821.00000000,1808.00000000,1816.00000000,1605.97840000,2914639.02320000,5205,815.07910000
2022-02-07 00:00:00.000000 ,1817.00000000,1830.00000000,1794.00000000,1824.00000000,2724.72410000,4955858.29570000,8463,1265.43170000
2022-02-08 00:00:00.000000 ,1824.00000000,1836.00000000,1817.00000000,1831.00000000,2263.36580000,4134463.37370000,7684,1230.23630000
2022-02-09 00:00:00.000000 ,1832.00000000,1844.00000000,1828.00000000,1838.00000000,1541.98890000,2831201.84890000,4159,919.34970000
2022-02-10 00:00:00.000000 ,1839.00000000,1847.00000000,1827.00000000,1833.00000000,2573.75410000,4729679.18920000,6855,1197.25510000
2022-02-11 00:00:00.000000 ,1833.00000000,1875.00000000,1827.00000000,1868.00000000,4772.54600000,8868600.31070000,14206,2738.47880000
2022-02-12 00:00:00.000000 ,1868.00000000,1892.00000000,1862.00000000,1874.00000000,6569.27565300,12298351.10023400,14314,2929.20745300
2022-02-13 00:00:00.000000 ,1877.00000000,1913.00000000,1870.00000000,1888.00000000,2898.22520000,5460245.32541823,11960,1287.70810000
2022-02-14 00:00:00.000000 ,1888.00000000,1888.00000000,1858.00000000,1881.00000000,6424.58990000,12038627.20480000,13846,2683.81240000
2022-02-15 00:00:00.000000 ,1881.00000000,1891.00000000,1845.00000000,1855.00000000,5578.99000000,10417439.49850000,14520,2930.68440000
2022-02-16 00:00:00.000000 ,1855.00000000,1884.00000000,1849.00000000,1876.00000000,3757.41740000,7007788.79880000,9185,2272.75990000
2022-02-17 00:00:00.000000 ,1877.00000000,1923.00000000,1873.00000000,1916.00000000,6496.54970000,12373179.74439009,17438,3387.98620000
2022-02-18 00:00:00.000000 ,1916.00000000,1919.00000000,1895.00000000,1912.00000000,6737.90020000,12850657.64840000,12121,2076.53500000
2022-02-19 00:00:00.000000 ,1912.00000000,1920.00000000,1906.00000000,1917.00000000,3261.55060000,6243682.34700000,8619,1539.14240000
2022-02-20 00:00:00.000000 ,1917.00000000,1951.00000000,1911.00000000,1939.00000000,7656.26463400,14744762.89192994,19450,4198.10791400
2022-02-21 00:00:00.000000 ,1939.00000000,1978.00000000,1908.00000000,1954.00000000,9123.01396800,17642388.94861274,22984,4405.16726800
2022-02-22 00:00:00.000000 ,1954.00000000,1976.00000000,1901.00000000,1906.00000000,10545.19770000,20395114.79820000,23592,3535.25570000
2022-02-23 00:00:00.000000 ,1906.00000000,1927.00000000,1895.00000000,1919.00000000,5507.27700000,10517541.78300000,18660,2913.33000000
2022-02-24 00:00:00.000000 ,1919.00000000,2076.00000000,1903.00000000,1935.00000000,52033.77177300,103015171.01166668,139459,26068.16801700
2022-02-25 00:00:00.000000 ,1934.00000000,1944.00000000,1888.00000000,1892.00000000,11676.62440000,22333592.39710000,27938,4832.97240000
2022-02-26 00:00:00.000000 ,1892.00000000,1902.00000000,1881.00000000,1890.00000000,4634.79010000,8768408.31060000,20948,2260.54200000
2022-02-27 00:00:00.000000 ,1891.00000000,1929.00000000,1882.00000000,1917.00000000,10317.56080000,19620141.25580000,19548,5292.33580000
2022-02-28 00:00:00.000000 ,1917.00000000,1926.00000000,1878.00000000,1895.00000000,12830.49920000,24376733.74670000,35898,6719.61760000
2022-03-01 00:00:00.000000 ,1895.00000000,1939.00000000,1880.00000000,1928.00000000,11024.79120000,21072013.84960000,23906,7269.12110000
2022-03-02 00:00:00.000000 ,1929.00000000,1939.00000000,1906.00000000,1925.00000000,7216.03060000,13871685.34990000,15968,4414.07580000
2022-03-03 00:00:00.000000 ,1925.00000000,1937.00000000,1915.00000000,1934.00000000,5457.07580000,10518903.36540000,12283,3363.89480000
2022-03-04 00:00:00.000000 ,1934.00000000,1972.00000000,1930.00000000,1967.00000000,8598.81810000,16792651.82230000,15051,6216.87990000
2022-03-05 00:00:00.000000 ,1968.00000000,1976.00000000,1963.00000000,1971.00000000,5034.98340000,9926629.65980000,9649,2837.11480000
2022-03-06 00:00:00.000000 ,1971.00000000,1990.00000000,1968.00000000,1989.00000000,5807.32190000,11483487.76090000,13037,3384.43870000
2022-03-07 00:00:00.000000 ,1990.00000000,2015.00000000,1970.00000000,2003.00000000,20701.22490000,41333941.98450000,26600,12255.56550000
2022-03-08 00:00:00.000000 ,2004.00000000,2071.00000000,1989.00000000,2053.00000000,22744.84920000,46275595.92770000,29434,15192.25660000
2022-03-09 00:00:00.000000 ,2053.00000000,2059.00000000,1982.00000000,1994.00000000,16582.31880000,33488634.56980000,29821,8963.82010000
2022-03-10 00:00:00.000000 ,1994.00000000,2015.00000000,1975.00000000,1997.00000000,14496.83230000,28934820.71160000,22289,9018.99850000
2022-03-11 00:00:00.000000 ,1998.00000000,2003.00000000,1961.00000000,1986.00000000,11168.77030000,22139390.25220000,14586,6438.81290000
2022-03-12 00:00:00.000000 ,1986.00000000,1991.00000000,1984.00000000,1991.00000000,2861.10790000,5687079.63730000,7550,1761.37030000
2022-03-13 00:00:00.000000 ,1990.00000000,2000.00000000,1980.00000000,1984.00000000,5186.83380000,10329675.90470000,11812,2583.48200000
2022-03-14 00:00:00.000000 ,1984.00000000,1988.00000000,1955.00000000,1958.00000000,5307.31960000,10451611.25170000,9400,3055.01860000
2022-03-15 00:00:00.000000 ,1958.00000000,1959.00000000,1910.00000000,1925.00000000,7209.48740000,13922368.59840000,11145,3265.62980000
2022-03-16 00:00:00.000000 ,1926.00000000,1940.00000000,1900.00000000,1937.00000000,7249.44800000,13955880.10460000,12626,3206.35350000
2022-03-17 00:00:00.000000 ,1937.00000000,1956.00000000,1934.00000000,1950.00000000,4552.74380000,8863105.00150000,7920,2949.35860000
2022-03-18 00:00:00.000000 ,1950.00000000,1951.00000000,1918.00000000,1922.00000000,5542.88820000,10730151.24540000,10135,2821.08150000
2022-03-19 00:00:00.000000 ,1922.00000000,1928.00000000,1912.00000000,1915.00000000,2208.18990000,4239527.17770000,7148,1030.02890000
2022-03-20 00:00:00.000000 ,1916.00000000,1928.00000000,1912.00000000,1923.00000000,2656.38230000,5104794.41300000,6210,1435.89970000
2022-03-21 00:00:00.000000 ,1923.00000000,1943.00000000,1916.00000000,1935.00000000,4825.91900000,9310860.18240000,8637,2831.68670000
2022-03-22 00:00:00.000000 ,1936.00000000,1941.00000000,1912.00000000,1919.00000000,3260.00060000,6280540.74450000,8175,1607.33130000
2022-03-23 00:00:00.000000 ,1920.00000000,1951.00000000,1916.00000000,1947.00000000,3820.52400000,7386216.07920000,7147,2282.49860000
2022-03-24 00:00:00.000000 ,1947.00000000,1969.00000000,1935.00000000,1958.00000000,6159.41620000,12022388.36680000,9225,3760.77010000
2022-03-25 00:00:00.000000 ,1958.00000000,1965.00000000,1944.00000000,1959.00000000,4894.12700000,9553326.03070000,7478,2804.79740000
2022-03-26 00:00:00.000000 ,1959.00000000,1967.00000000,1956.00000000,1964.00000000,1504.01960000,2950398.17650000,5823,769.67830000
2022-03-27 00:00:00.000000 ,1964.00000000,1966.00000000,1947.00000000,1953.00000000,3212.39650000,6284588.31990000,7916,1552.63130000
2022-03-28 00:00:00.000000 ,1954.00000000,1958.00000000,1918.00000000,1926.00000000,6249.12110000,12083947.23390000,14495,2891.13780000
2022-03-29 00:00:00.000000 ,1926.00000000,1931.00000000,1892.00000000,1917.00000000,6039.54810000,11545085.62310000,12033,2941.07260000
2022-03-30 00:00:00.000000 ,1917.00000000,1939.00000000,1914.00000000,1930.00000000,2516.89700000,4850326.31140000,7707,1330.88790000
2022-03-31 00:00:00.000000 ,1931.00000000,1955.00000000,1919.00000000,1937.00000000,3540.49750000,6850841.66640000,8878,1754.78100000
2022-04-01 00:00:00.000000 ,1937.00000000,1939.00000000,1916.00000000,1923.00000000,3149.94720000,6068541.87590000,8214,1662.46780000
2022-04-02 00:00:00.000000 ,1923.00000000,1925.00000000,1918.00000000,1922.00000000,1744.77600000,3353019.75810000,5844,876.00000000
2022-04-03 00:00:00.000000 ,1922.00000000,1928.00000000,1913.00000000,1923.00000000,1742.50890000,3350713.81080000,3759,807.38310000
2022-04-04 00:00:00.000000 ,1923.00000000,1935.00000000,1918.00000000,1931.00000000,2516.48370000,4850597.92480000,6429,1335.26520000
2022-04-05 00:00:00.000000 ,1931.00000000,1940.00000000,1917.00000000,1919.00000000,2177.09660000,4196656.06980000,6023,962.95100000
2022-04-06 00:00:00.000000 ,1919.00000000,1933.00000000,1915.00000000,1923.00000000,4083.89160000,7855067.08450000,8951,2069.60030000
2022-04-07 00:00:00.000000 ,1923.00000000,1938.00000000,1921.00000000,1930.00000000,2087.56470000,4024334.83120000,6280,1045.74910000
2022-04-08 00:00:00.000000 ,1931.00000000,1949.00000000,1928.00000000,1947.00000000,2683.29310000,5203598.32570000,8399,1331.57300000
2022-04-09 00:00:00.000000 ,1947.00000000,1954.00000000,1945.00000000,1946.00000000,1150.04060000,2242222.51940000,5060,527.08700000
2022-04-10 00:00:00.000000 ,1946.00000000,1956.00000000,1940.00000000,1942.00000000,1515.41680000,2951240.68360000,5656,785.12300000
2022-04-11 00:00:00.000000 ,1943.00000000,1968.00000000,1940.00000000,1953.00000000,6447.80770000,12605548.07520000,13675,3438.53920000
2022-04-12 00:00:00.000000 ,1953.00000000,1978.00000000,1949.00000000,1968.00000000,6379.38700000,12542648.77550000,12775,3041.32040000
2022-04-13 00:00:00.000000 ,1968.00000000,1982.00000000,1964.00000000,1979.00000000,4340.15570000,8573294.77390000,8458,1850.30090000
2022-04-14 00:00:00.000000 ,1980.00000000,1982.00000000,1962.00000000,1976.00000000,3068.37430000,6052988.68110000,8111,1571.94920000
2022-04-15 00:00:00.000000 ,1976.00000000,1981.00000000,1973.00000000,1980.00000000,1216.95010000,2407070.58110000,4141,767.96000000
2022-04-16 00:00:00.000000 ,1980.00000000,1982.00000000,1976.00000000,1979.00000000,1168.81840000,2313198.91670000,7872,577.97980000
2022-04-17 00:00:00.000000 ,1980.00000000,1988.00000000,1977.00000000,1987.00000000,1261.58800000,2498500.40220000,3719,801.04450000
2022-04-18 00:00:00.000000 ,1988.00000000,1999.00000000,1977.00000000,1980.00000000,6143.22970000,12228638.44650000,11601,3816.23760000
2022-04-19 00:00:00.000000 ,1980.00000000,1987.00000000,1951.00000000,1953.00000000,4398.97620000,8658576.18050000,9091,1914.08990000
2022-04-20 00:00:00.000000 ,1954.00000000,1966.00000000,1945.00000000,1964.00000000,2895.72090000,5658264.55800000,7557,1445.69490000
2022-04-21 00:00:00.000000 ,1964.00000000,1964.00000000,1933.00000000,1958.00000000,3857.34770000,7518063.02540000,7762,1940.55330000
2022-04-22 00:00:00.000000 ,1958.00000000,1959.00000000,1930.00000000,1935.00000000,3017.14830000,5863155.89240000,6834,1598.05390000
2022-04-23 00:00:00.000000 ,1935.00000000,1940.00000000,1928.00000000,1934.00000000,1169.45680000,2262311.63730000,3693,473.24100000
2022-04-24 00:00:00.000000 ,1935.00000000,1940.00000000,1930.00000000,1935.00000000,896.54600000,1735260.12380000,3184,456.75530000
2022-04-25 00:00:00.000000 ,1935.00000000,1935.00000000,1895.00000000,1909.00000000,6510.85090000,12457380.96170000,10229,2263.19410000
2022-04-26 00:00:00.000000 ,1908.00000000,1915.00000000,1880.00000000,1908.00000000,3461.22580000,6591696.39790000,8245,1315.49810000
2022-04-27 00:00:00.000000 ,1908.00000000,1910.00000000,1885.00000000,1892.00000000,2607.14420000,4947103.25640000,7277,1401.42790000
2022-04-28 00:00:00.000000 ,1891.00000000,1902.00000000,1880.00000000,1898.00000000,2426.88000000,4592796.60070000,6061,1388.41630000
2022-04-29 00:00:00.000000 ,1898.00000000,1927.00000000,1896.00000000,1906.00000000,2972.59920000,5685299.78190000,8771,1642.24700000
2022-04-30 00:00:00.000000 ,1906.00000000,1910.00000000,1897.00000000,1899.00000000,1253.41500000,2386477.87510000,8669,632.87690000
2022-05-01 00:00:00.000000 ,1899.00000000,1910.00000000,1893.00000000,1905.00000000,1538.90130000,2927387.16610000,4892,761.44380000
2022-05-02 00:00:00.000000 ,1905.00000000,1906.00000000,1856.00000000,1871.00000000,4037.79940000,7564094.66870000,8179,1835.32120000
2022-05-03 00:00:00.000000 ,1871.00000000,1879.00000000,1851.00000000,1871.00000000,3139.85300000,5852335.24960000,8144,1430.31960000
2022-05-04 00:00:00.000000 ,1871.00000000,1893.00000000,1864.00000000,1892.00000000,2196.27920000,4118760.09260000,6750,1154.73610000
2022-05-05 00:00:00.000000 ,1892.00000000,1908.00000000,1870.00000000,1878.00000000,3291.69240000,6203103.44230000,8317,1605.25070000
2022-05-06 00:00:00.000000 ,1878.00000000,1894.00000000,1869.00000000,1885.00000000,2689.08190000,5055599.86510000,7696,1412.39910000
2022-05-07 00:00:00.000000 ,1885.00000000,1903.00000000,1879.00000000,1887.00000000,1399.62790000,2640079.01330000,9427,833.19590000
2022-05-08 00:00:00.000000 ,1887.00000000,1896.00000000,1881.00000000,1885.00000000,2331.77720000,4397707.76300000,8693,1061.38670000
2022-05-09 00:00:00.000000 ,1885.00000000,1886.00000000,1847.00000000,1856.00000000,5529.90930000,10280090.17070000,14901,2321.51290000
2022-05-10 00:00:00.000000 ,1856.00000000,1867.00000000,1832.00000000,1835.00000000,5855.19250000,10846482.84750000,15394,3075.85960000
2022-05-11 00:00:00.000000 ,1835.00000000,1872.00000000,1821.00000000,1860.00000000,10376.27780000,19168076.76710000,27284,5278.33850000
2022-05-12 00:00:00.000000 ,1859.00000000,1954.00000000,1823.00000000,1836.00000000,23562.69990000,44000281.43090000,76712,12120.73830000
2022-05-13 00:00:00.000000 ,1838.00000000,1855.00000000,1800.00000000,1811.00000000,7265.77530000,13234323.22850000,18093,3194.82830000
2022-05-14 00:00:00.000000 ,1811.00000000,1829.00000000,1807.00000000,1813.00000000,1748.89970000,3169571.15190000,5195,815.69320000
2022-05-15 00:00:00.000000 ,1814.00000000,1821.00000000,1804.00000000,1811.00000000,1317.52220000,2387614.42070000,4720,671.31660000
2022-05-16 00:00:00.000000 ,1811.00000000,1830.00000000,1791.00000000,1828.00000000,3006.43710000,5439954.32640000,7808,1576.13760000
2022-05-17 00:00:00.000000 ,1828.00000000,1841.00000000,1818.00000000,1820.00000000,3474.39130000,6359045.58400000,8557,1866.94840000
2022-05-18 00:00:00.000000 ,1820.00000000,1833.00000000,1810.00000000,1819.00000000,2269.79940000,4133036.81400000,7303,1185.66000000
2022-05-19 00:00:00.000000 ,1819.00000000,1855.00000000,1815.00000000,1853.00000000,6320.43320000,11632514.55080000,9472,2140.52880000
2022-05-20 00:00:00.000000 ,1853.00000000,1855.00000000,1836.00000000,1853.00000000,2716.73120000,5019849.06580000,8849,1331.42580000
2022-05-21 00:00:00.000000 ,1854.00000000,1858.00000000,1849.00000000,1855.00000000,929.75050000,1723004.85180000,3234,483.01240000
2022-05-22 00:00:00.000000 ,1855.00000000,1859.00000000,1846.00000000,1853.00000000,1268.42250000,2349717.73760000,3713,710.44690000
2022-05-23 00:00:00.000000 ,1854.00000000,1871.00000000,1847.00000000,1856.00000000,2343.77370000,4360366.46220000,5195,1080.68520000
2022-05-24 00:00:00.000000 ,1856.00000000,1877.00000000,1853.00000000,1870.00000000,2077.62580000,3878999.96950000,6545,996.03580000
2022-05-25 00:00:00.000000 ,1870.00000000,1871.00000000,1847.00000000,1857.00000000,1704.84510000,3169636.79620000,4756,832.60510000
2022-05-26 00:00:00.000000 ,1857.00000000,1866.00000000,1843.00000000,1853.00000000,2753.70240000,5096402.09460000,6448,1485.62030000
2022-05-27 00:00:00.000000 ,1853.00000000,1867.00000000,1846.00000000,1853.00000000,2406.29650000,4469487.56830000,6516,1239.38920000
2022-05-28 00:00:00.000000 ,1853.00000000,1863.00000000,1849.00000000,1855.00000000,694.74060000,1289994.99490000,2245,399.31020000
2022-05-29 00:00:00.000000 ,1856.00000000,1861.00000000,1849.00000000,1850.00000000,606.42430000,1124791.71730000,5301,254.93790000
2022-05-30 00:00:00.000000 ,1850.00000000,1867.00000000,1850.00000000,1858.00000000,1636.95770000,3043536.52960000,5667,888.30600000
2022-05-31 00:00:00.000000 ,1858.00000000,1867.00000000,1833.00000000,1837.00000000,1788.75290000,3302024.23930000,6278,774.16290000
2022-06-01 00:00:00.000000 ,1838.00000000,1854.00000000,1821.00000000,1852.00000000,1860.29660000,3428223.54720000,6425,1054.86870000
2022-06-02 00:00:00.000000 ,1851.00000000,1874.00000000,1847.00000000,1870.00000000,1423.94900000,2650483.71570000,5301,872.87690000
2022-06-03 00:00:00.000000 ,1870.00000000,1877.00000000,1851.00000000,1857.00000000,1237.80410000,2306536.90650000,3915,615.58590000
2022-06-04 00:00:00.000000 ,1857.00000000,1870.00000000,1850.00000000,1862.00000000,610.41210000,1133799.02650000,2011,269.58740000
2022-06-05 00:00:00.000000 ,1862.00000000,1875.00000000,1853.00000000,1855.00000000,883.04650000,1644937.71690000,2767,448.83590000
2022-06-06 00:00:00.000000 ,1854.00000000,1865.00000000,1843.00000000,1844.00000000,1981.19730000,3675243.63630000,4997,805.43120000
2022-06-07 00:00:00.000000 ,1844.00000000,1862.00000000,1834.00000000,1857.00000000,2188.25650000,4048758.13720000,6604,1211.61230000
2022-06-08 00:00:00.000000 ,1857.00000000,1863.00000000,1844.00000000,1857.00000000,1677.80820000,3112375.57280000,4522,882.98220000
2022-06-09 00:00:00.000000 ,1858.00000000,1859.00000000,1842.00000000,1847.00000000,1109.35980000,2052508.36440000,4015,442.99770000
2022-06-10 00:00:00.000000 ,1847.00000000,1878.00000000,1830.00000000,1872.00000000,2525.69280000,4687264.15500000,6184,1475.34410000
2022-06-11 00:00:00.000000 ,1872.00000000,1886.00000000,1864.00000000,1881.00000000,2643.05350000,4962604.45870000,6299,1129.43260000
2022-06-12 00:00:00.000000 ,1881.00000000,1897.00000000,1876.00000000,1883.00000000,3018.71870000,5693083.74440000,8509,1455.13820000
2022-06-13 00:00:00.000000 ,1884.00000000,1887.00000000,1821.00000000,1827.00000000,11038.97080000,20444604.08880000,25815,4895.47130000
2022-06-14 00:00:00.000000 ,1827.00000000,1840.00000000,1802.00000000,1816.00000000,6047.16450000,11042162.47310000,14833,3068.20040000
2022-06-15 00:00:00.000000 ,1816.00000000,1849.00000000,1810.00000000,1838.00000000,8137.84630000,14887155.15940000,21268,4442.75180000
2022-06-16 00:00:00.000000 ,1838.00000000,1870.00000000,1822.00000000,1860.00000000,3168.90710000,5836393.51120000,8498,1521.92660000
2022-06-17 00:00:00.000000 ,1859.00000000,1866.00000000,1839.00000000,1843.00000000,3885.37680000,7184506.35400000,9219,2141.14530000
2022-06-18 00:00:00.000000 ,1843.00000000,1857.00000000,1817.00000000,1826.00000000,5316.23660000,9751980.95260000,15123,2549.18550000
2022-06-19 00:00:00.000000 ,1826.00000000,1845.00000000,1817.00000000,1844.00000000,3318.14360000,6081536.04800000,10080,1629.59100000
2022-06-20 00:00:00.000000 ,1843.00000000,1853.00000000,1838.00000000,1850.00000000,2827.24020000,5218609.38980000,8185,1365.14160000
2022-06-21 00:00:00.000000 ,1850.00000000,1851.00000000,1832.00000000,1836.00000000,1579.28660000,2909418.94470000,5775,771.41690000
2022-06-22 00:00:00.000000 ,1835.00000000,1855.00000000,1824.00000000,1843.00000000,1845.24810000,3392621.61820000,6162,974.57860000
2022-06-23 00:00:00.000000 ,1843.00000000,1848.00000000,1821.00000000,1830.00000000,1587.40150000,2914722.58450000,5187,723.17250000
2022-06-24 00:00:00.000000 ,1829.00000000,1841.00000000,1822.00000000,1825.00000000,1756.35620000,3212860.23040000,7642,829.85150000
2022-06-25 00:00:00.000000 ,1825.00000000,1830.00000000,1820.00000000,1825.00000000,874.07810000,1595079.32430000,5974,377.18800000
2022-06-26 00:00:00.000000 ,1826.00000000,1835.00000000,1818.00000000,1830.00000000,1819.09600000,3320910.37280000,8094,942.49520000
2022-06-27 00:00:00.000000 ,1831.00000000,1840.00000000,1823.00000000,1829.00000000,1750.80420000,3204478.60540000,6127,903.81600000
2022-06-28 00:00:00.000000 ,1828.00000000,1838.00000000,1822.00000000,1824.00000000,4306.91480000,7885981.11490000,13226,2158.19480000
2022-06-29 00:00:00.000000 ,1824.00000000,1837.00000000,1817.00000000,1824.00000000,1641.59220000,2997322.25280000,4575,798.09880000
2022-06-30 00:00:00.000000 ,1823.00000000,1829.00000000,1808.00000000,1816.00000000,2558.70840000,4650679.11200000,7396,1195.88490000
2022-07-01 00:00:00.000000 ,1816.00000000,1821.00000000,1792.00000000,1807.00000000,3495.85620000,6319124.59640000,8278,1378.21420000
2022-07-02 00:00:00.000000 ,1807.00000000,1818.00000000,1806.00000000,1813.00000000,1029.23550000,1864501.51210000,3126,521.31310000
2022-07-03 00:00:00.000000 ,1813.00000000,1820.00000000,1802.00000000,1814.00000000,1191.73400000,2158338.27320000,3618,652.15370000
2022-07-04 00:00:00.000000 ,1813.00000000,1818.00000000,1806.00000000,1815.00000000,1425.06410000,2582614.04650000,4400,699.88030000
2022-07-05 00:00:00.000000 ,1814.00000000,1820.00000000,1757.00000000,1771.00000000,2931.59200000,5232041.25900000,8167,1258.25340000
2022-07-06 00:00:00.000000 ,1770.00000000,1777.00000000,1732.00000000,1746.00000000,2282.89820000,4003559.68980000,6490,1113.24870000
2022-07-07 00:00:00.000000 ,1746.00000000,1755.00000000,1738.00000000,1742.00000000,1836.59660000,3204965.00800000,4811,984.46980000
2022-07-08 00:00:00.000000 ,1743.00000000,1756.00000000,1732.00000000,1743.00000000,2548.18430000,4443321.62180000,7111,1344.14400000
2022-07-09 00:00:00.000000 ,1743.00000000,1745.00000000,1734.00000000,1739.00000000,644.51150000,1121629.74330000,2359,269.29560000
2022-07-10 00:00:00.000000 ,1738.00000000,1746.00000000,1735.00000000,1744.00000000,784.98220000,1365197.03890000,4298,426.36290000
2022-07-11 00:00:00.000000 ,1743.00000000,1745.00000000,1726.00000000,1734.00000000,1596.23710000,2772325.83230000,4777,878.30750000
2022-07-12 00:00:00.000000 ,1735.00000000,1745.00000000,1723.00000000,1726.00000000,2415.48360000,4186889.05310000,7113,1364.81210000
2022-07-13 00:00:00.000000 ,1726.00000000,1751.00000000,1701.00000000,1737.00000000,4567.92092000,7885289.63659440,7633,3131.49170000
2022-07-14 00:00:00.000000 ,1736.00000000,1737.00000000,1699.00000000,1715.00000000,1869.58921100,3205234.73468900,5543,1011.99850000
2022-07-15 00:00:00.000000 ,1714.00000000,1719.00000000,1700.00000000,1704.00000000,1739.96200000,2969193.84790000,4736,765.64000000
2022-07-16 00:00:00.000000 ,1704.00000000,1715.00000000,1678.00000000,1697.00000000,3298.51650000,5597239.50768300,10665,1598.90431100
2022-07-17 00:00:00.000000 ,1698.00000000,1708.00000000,1679.00000000,1706.00000000,2248.66120000,3812620.30080000,8220,1102.36240000
2022-07-18 00:00:00.000000 ,1706.00000000,1723.00000000,1703.00000000,1706.00000000,2175.77150000,3724169.73190000,7528,1169.62980000
2022-07-19 00:00:00.000000 ,1706.00000000,1718.00000000,1700.00000000,1705.00000000,2607.60040000,4453540.26330000,7362,1190.63450000
2022-07-20 00:00:00.000000 ,1706.00000000,1714.00000000,1688.00000000,1697.00000000,2340.78960000,3984563.20450000,6077,1064.42750000
2022-07-21 00:00:00.000000 ,1696.00000000,1719.00000000,1680.00000000,1716.00000000,2077.02560000,3530512.42760000,6776,1049.01320000
2022-07-22 00:00:00.000000 ,1716.00000000,1734.00000000,1709.00000000,1727.00000000,2679.35940000,4620280.63720000,8661,1081.09180000
2022-07-23 00:00:00.000000 ,1727.00000000,1730.00000000,1722.00000000,1723.00000000,856.21020000,1477317.56260000,3424,456.51550000
2022-07-24 00:00:00.000000 ,1724.00000000,1729.00000000,1722.00000000,1723.00000000,1178.39420000,2033386.74360000,2003,696.64630000
2022-07-25 00:00:00.000000 ,1724.00000000,1732.00000000,1713.00000000,1715.00000000,2084.55340000,3586164.75370000,6291,1002.93770000
2022-07-26 00:00:00.000000 ,1715.00000000,1727.00000000,1710.00000000,1719.00000000,1589.32910000,2729202.65230000,3981,903.53420000
2022-07-27 00:00:00.000000 ,1719.00000000,1739.00000000,1711.00000000,1735.00000000,1802.01960000,3105584.54690000,5997,1036.13560000
2022-07-28 00:00:00.000000 ,1736.00000000,1758.00000000,1726.00000000,1748.00000000,3829.94110000,6673007.93450000,11069,1877.58540000
2022-07-29 00:00:00.000000 ,1749.00000000,1771.00000000,1722.00000000,1764.00000000,2341.25490000,4112757.65160000,7069,1237.18770000
2022-07-30 00:00:00.000000 ,1764.00000000,1767.00000000,1760.00000000,1764.00000000,809.63220000,1428083.39450000,3514,383.67630000
2022-07-31 00:00:00.000000 ,1764.00000000,1774.00000000,1761.00000000,1763.00000000,1476.50620000,2606796.69380000,4608,796.66780000
2022-08-01 00:00:00.000000 ,1763.00000000,1773.00000000,1757.00000000,1771.00000000,1414.13450000,2497668.92230000,4613,707.48280000
2022-08-02 00:00:00.000000 ,1771.00000000,1788.00000000,1751.00000000,1752.00000000,3063.59630000,5433166.42930000,7905,1170.70910000
2022-08-03 00:00:00.000000 ,1753.00000000,1769.00000000,1749.00000000,1759.00000000,1586.07010000,2790204.75990000,4414,993.16080000
2022-08-04 00:00:00.000000 ,1759.00000000,1792.00000000,1758.00000000,1788.00000000,1531.52480000,2723126.34260000,6233,913.22300000
2022-08-05 00:00:00.000000 ,1789.00000000,1791.00000000,1762.00000000,1773.00000000,1425.82310000,2533279.52080000,4871,732.91310000
2022-08-06 00:00:00.000000 ,1774.00000000,1774.00000000,1766.00000000,1768.00000000,529.79120000,937092.07560000,2265,234.95800000
2022-08-07 00:00:00.000000 ,1768.00000000,1770.00000000,1766.00000000,1768.00000000,504.72970000,892348.45040000,2075,274.28960000
2022-08-08 00:00:00.000000 ,1768.00000000,1791.00000000,1767.00000000,1782.00000000,2670.49200000,4750504.24930000,6237,1425.92090000
2022-08-09 00:00:00.000000 ,1782.00000000,1799.00000000,1776.00000000,1790.00000000,1742.70090000,3116747.02620000,6242,965.89540000
2022-08-10 00:00:00.000000 ,1791.00000000,1802.00000000,1779.00000000,1786.00000000,1652.46460000,2958433.13340000,5018,796.32820000
2022-08-11 00:00:00.000000 ,1787.00000000,1795.00000000,1778.00000000,1779.00000000,1454.59510000,2594457.00990000,5368,709.07180000
2022-08-12 00:00:00.000000 ,1780.00000000,1797.00000000,1776.00000000,1794.00000000,971.46240000,1735353.06400000,4017,573.98280000
2022-08-13 00:00:00.000000 ,1795.00000000,1798.00000000,1791.00000000,1793.00000000,531.65590000,953769.61540000,2100,261.05920000
2022-08-14 00:00:00.000000 ,1794.00000000,1798.00000000,1789.00000000,1791.00000000,1042.83420000,1869337.51620000,3052,511.25200000
2022-08-15 00:00:00.000000 ,1790.00000000,1795.00000000,1768.00000000,1774.00000000,1428.93650000,2540543.13980000,4216,658.06410000
2022-08-16 00:00:00.000000 ,1775.00000000,1776.00000000,1767.00000000,1771.00000000,1041.92640000,1845484.76760000,3392,517.97780000
2022-08-17 00:00:00.000000 ,1771.00000000,1777.00000000,1754.00000000,1757.00000000,1644.18490000,2900019.95000000,4742,853.32730000
2022-08-18 00:00:00.000000 ,1757.00000000,1765.00000000,1749.00000000,1751.00000000,762.08820000,1338376.80290000,2566,345.13910000
2022-08-19 00:00:00.000000 ,1751.00000000,1769.00000000,1720.00000000,1738.00000000,3323.47730000,5792922.66430000,7417,1717.51570000
2022-08-20 00:00:00.000000 ,1739.00000000,1742.00000000,1736.00000000,1739.00000000,958.29370000,1665965.05350000,3175,434.66360000
2022-08-21 00:00:00.000000 ,1740.00000000,1743.00000000,1734.00000000,1740.00000000,918.38570000,1596740.43430000,2489,520.41370000
2022-08-22 00:00:00.000000 ,1740.00000000,1741.00000000,1723.00000000,1731.00000000,1351.74740000,2339139.51140000,4289,755.25550000
2022-08-23 00:00:00.000000 ,1731.00000000,1750.00000000,1727.00000000,1747.00000000,3105.78830000,5407178.69520000,7379,2050.46640000
2022-08-24 00:00:00.000000 ,1747.00000000,1750.00000000,1739.00000000,1745.00000000,1214.29230000,2118992.52380000,7746,606.74320000
2022-08-25 00:00:00.000000 ,1744.00000000,1759.00000000,1744.00000000,1751.00000000,693.67340000,1215674.04760000,3333,478.78760000
2022-08-26 00:00:00.000000 ,1752.00000000,1752.00000000,1726.00000000,1728.00000000,2080.35830000,3615634.95100000,5617,992.61520000
2022-08-27 00:00:00.000000 ,1729.00000000,1732.00000000,1721.00000000,1729.00000000,840.02960000,1451601.55140000,3511,385.54940000
2022-08-28 00:00:00.000000 ,1730.00000000,1735.00000000,1723.00000000,1725.00000000,916.08530000,1582880.01290000,2903,456.24540000
2022-08-29 00:00:00.000000 ,1725.00000000,1738.00000000,1702.00000000,1730.00000000,1604.82930000,2763706.83650000,5584,763.44100000
2022-08-30 00:00:00.000000 ,1731.00000000,1732.00000000,1709.00000000,1714.00000000,1455.72830000,2504197.93760000,4276,734.64580000
2022-08-31 00:00:00.000000 ,1715.00000000,1723.00000000,1700.00000000,1703.00000000,1493.78090000,2555300.50870000,5002,727.99200000
2022-09-01 00:00:00.000000 ,1702.00000000,1704.00000000,1683.00000000,1690.00000000,2123.76370000,3597304.35690000,8203,950.66410000
2022-09-02 00:00:00.000000 ,1690.00000000,1710.00000000,1688.00000000,1702.00000000,1365.44430000,2320114.73120000,8862,603.14120000
2022-09-03 00:00:00.000000 ,1703.00000000,1707.00000000,1700.00000000,1705.00000000,392.82610000,668895.24420000,3122,166.73180000
2022-09-04 00:00:00.000000 ,1706.00000000,1708.00000000,1701.00000000,1703.00000000,332.43890000,566638.72910000,2518,179.36360000
2022-09-05 00:00:00.000000 ,1703.00000000,1710.00000000,1699.00000000,1708.00000000,954.02670000,1626041.77950000,4108,524.29040000
2022-09-06 00:00:00.000000 ,1709.00000000,1721.00000000,1677.00000000,1693.00000000,2171.79830000,3683558.76860000,6565,895.03490000
2022-09-07 00:00:00.000000 ,1694.00000000,1718.00000000,1682.00000000,1708.00000000,1995.37020000,3385342.40180000,4487,1235.99080000
2022-09-08 00:00:00.000000 ,1708.00000000,1720.00000000,1697.00000000,1703.00000000,1266.80190000,2163504.51450000,3726,607.18530000
2022-09-09 00:00:00.000000 ,1703.00000000,1725.00000000,1702.00000000,1710.00000000,1368.09340000,2345446.44240000,5005,681.02460000
2022-09-10 00:00:00.000000 ,1710.00000000,1715.00000000,1708.00000000,1713.00000000,716.52280000,1227261.75980000,2627,366.66560000
2022-09-11 00:00:00.000000 ,1713.00000000,1718.00000000,1708.00000000,1714.00000000,610.27200000,1044685.56550000,2499,339.14330000
2022-09-12 00:00:00.000000 ,1715.00000000,1734.00000000,1706.00000000,1718.00000000,2007.19490000,3455998.90400000,6177,897.87970000
2022-09-13 00:00:00.000000 ,1718.00000000,1727.00000000,1691.00000000,1694.00000000,2559.74300000,4364798.57310000,6081,1131.97380000
2022-09-14 00:00:00.000000 ,1694.00000000,1699.00000000,1686.00000000,1689.00000000,1022.08230000,1730340.59660000,3871,489.34210000
2022-09-15 00:00:00.000000 ,1689.00000000,1690.00000000,1649.00000000,1654.00000000,3455.21240000,5764061.21980000,9323,1607.16140000
2022-09-16 00:00:00.000000 ,1654.00000000,1671.00000000,1640.00000000,1666.00000000,1495.38480000,2477722.98910000,4539,845.66130000
2022-09-17 00:00:00.000000 ,1666.00000000,1670.00000000,1662.00000000,1668.00000000,613.34520000,1022094.80870000,1986,283.56460000
2022-09-18 00:00:00.000000 ,1669.00000000,1671.00000000,1661.00000000,1668.00000000,831.22120000,1384484.27790000,5339,371.46960000
2022-09-19 00:00:00.000000 ,1668.00000000,1670.00000000,1650.00000000,1666.00000000,1912.40060000,3174008.54170000,5815,1089.83360000
2022-09-20 00:00:00.000000 ,1667.00000000,1671.00000000,1645.00000000,1657.00000000,1141.61500000,1893672.91350000,3687,511.51810000
2022-09-21 00:00:00.000000 ,1657.00000000,1681.00000000,1646.00000000,1661.00000000,2842.42070000,4727815.96150000,8187,1463.87660000
2022-09-22 00:00:00.000000 ,1661.00000000,1676.00000000,1651.00000000,1666.00000000,1500.95760000,2496677.42730000,4481,765.17250000
2022-09-23 00:00:00.000000 ,1666.00000000,1668.00000000,1633.00000000,1638.00000000,2053.68050000,3378118.73360000,5298,1005.70680000
2022-09-24 00:00:00.000000 ,1638.00000000,1639.00000000,1634.00000000,1638.00000000,604.64690000,989780.69660000,3268,387.56620000
2022-09-25 00:00:00.000000 ,1638.00000000,1639.00000000,1630.00000000,1634.00000000,722.30730000,1180628.97410000,2280,297.87130000
2022-09-26 00:00:00.000000 ,1635.00000000,1641.00000000,1606.00000000,1619.00000000,2983.14540000,4837778.12400000,6971,1894.33310000
2022-09-27 00:00:00.000000 ,1620.00000000,1633.00000000,1617.00000000,1622.00000000,1650.00840000,2680817.27990000,5646,843.40130000
2022-09-28 00:00:00.000000 ,1621.00000000,1656.00000000,1607.00000000,1648.00000000,2316.25620000,3778664.41830000,5901,1281.17210000
2022-09-29 00:00:00.000000 ,1649.00000000,1656.00000000,1634.00000000,1655.00000000,1212.81050000,1997245.23980000,4326,653.54920000
2022-09-30 00:00:00.000000 ,1656.00000000,1670.00000000,1652.00000000,1656.00000000,1042.21550000,1730029.65610000,3593,506.50770000
2022-10-01 00:00:00.000000 ,1656.00000000,1661.00000000,1651.00000000,1655.00000000,252.85780000,418516.25030000,1148,114.92180000
2022-10-02 00:00:00.000000 ,1654.00000000,1659.00000000,1651.00000000,1656.00000000,677.06130000,1120945.30620000,2217,370.70600000
2022-10-03 00:00:00.000000 ,1657.00000000,1698.00000000,1654.00000000,1696.00000000,1074.19210000,1798070.78340000,4467,552.66830000
2022-10-04 00:00:00.000000 ,1696.00000000,1722.00000000,1691.00000000,1720.00000000,1665.46680000,2846654.96810000,5353,939.08040000
2022-10-05 00:00:00.000000 ,1721.00000000,1721.00000000,1695.00000000,1710.00000000,954.30860000,1628026.29260000,3207,369.65680000
2022-10-06 00:00:00.000000 ,1710.00000000,1717.00000000,1700.00000000,1704.00000000,632.13500000,1080121.77120000,2662,295.80410000
2022-10-07 00:00:00.000000 ,1704.00000000,1708.00000000,1684.00000000,1690.00000000,1098.83160000,1863752.00740000,3720,494.73800000
2022-10-08 00:00:00.000000 ,1691.00000000,1691.00000000,1682.00000000,1688.00000000,369.20890000,623076.12930000,1650,154.20540000
2022-10-09 00:00:00.000000 ,1689.00000000,1691.00000000,1685.00000000,1689.00000000,243.87610000,411902.36190000,1249,142.94280000
2022-10-10 00:00:00.000000 ,1690.00000000,1690.00000000,1659.00000000,1663.00000000,1060.37810000,1773660.15320000,3368,518.75010000
2022-10-11 00:00:00.000000 ,1663.00000000,1675.00000000,1656.00000000,1660.00000000,872.35490000,1450334.38570000,3381,400.18000000
2022-10-12 00:00:00.000000 ,1660.00000000,1671.00000000,1657.00000000,1665.00000000,659.51470000,1097117.01500000,2698,333.18510000
2022-10-13 00:00:00.000000 ,1666.00000000,1673.00000000,1639.00000000,1658.00000000,1600.03930000,2650713.10920000,5222,850.28480000
2022-10-14 00:00:00.000000 ,1657.00000000,1664.00000000,1630.00000000,1637.00000000,1016.89210000,1677340.88900000,3888,430.52280000
2022-10-15 00:00:00.000000 ,1637.00000000,1639.00000000,1634.00000000,1637.00000000,269.81730000,441457.98680000,1403,113.77520000
2022-10-16 00:00:00.000000 ,1637.00000000,1642.00000000,1636.00000000,1641.00000000,266.31960000,436577.47600000,1513,133.92240000
2022-10-17 00:00:00.000000 ,1641.00000000,1660.00000000,1639.00000000,1645.00000000,1109.20780000,1827300.62440000,3421,520.50770000
2022-10-18 00:00:00.000000 ,1646.00000000,1652.00000000,1640.00000000,1645.00000000,515.20420000,847557.09220000,2509,235.83330000
2022-10-19 00:00:00.000000 ,1646.00000000,1647.00000000,1612.00000000,1620.00000000,862.37520000,1404452.57200000,3060,337.17260000
2022-10-20 00:00:00.000000 ,1621.00000000,1638.00000000,1617.00000000,1620.00000000,620.90440000,1009354.44180000,2376,314.40870000
2022-10-21 00:00:00.000000 ,1620.00000000,1650.00000000,1610.00000000,1649.00000000,940.68490000,1530343.65760000,3057,533.39540000
2022-10-22 00:00:00.000000 ,1649.00000000,1653.00000000,1648.00000000,1651.00000000,205.48770000,339107.61770000,1479,113.63730000
2022-10-23 00:00:00.000000 ,1651.00000000,1662.00000000,1650.00000000,1657.00000000,514.17310000,850728.55540000,2014,267.41580000
2022-10-24 00:00:00.000000 ,1657.00000000,1657.00000000,1638.00000000,1644.00000000,576.90820000,948962.69860000,3630,264.00330000
2022-10-25 00:00:00.000000 ,1645.00000000,1659.00000000,1634.00000000,1646.00000000,1654.71660000,2725811.00920000,4559,900.92360000
2022-10-26 00:00:00.000000 ,1645.00000000,1671.00000000,1644.00000000,1659.00000000,1324.69520000,2199898.83550000,4120,668.25860000
2022-10-27 00:00:00.000000 ,1660.00000000,1662.00000000,1648.00000000,1654.00000000,1184.35160000,1960161.86380000,3896,581.40110000
2022-10-28 00:00:00.000000 ,1655.00000000,1658.00000000,1633.00000000,1638.00000000,903.72680000,1484136.72080000,4279,450.79300000
2022-10-29 00:00:00.000000 ,1638.00000000,1643.00000000,1634.00000000,1638.00000000,848.15700000,1390172.27770000,3136,438.44470000
2022-10-30 00:00:00.000000 ,1638.00000000,1642.00000000,1635.00000000,1638.00000000,416.36160000,681957.47290000,1923,244.39950000
2022-10-31 00:00:00.000000 ,1638.00000000,1639.00000000,1622.00000000,1627.00000000,984.36010000,1606624.09680000,3563,516.85410000
2022-11-01 00:00:00.000000 ,1628.00000000,1648.00000000,1626.00000000,1638.00000000,1530.95350000,2507775.77210000,3627,1020.24110000
2022-11-02 00:00:00.000000 ,1639.00000000,1661.00000000,1625.00000000,1628.00000000,2048.83030000,3363940.58050000,5341,1198.17420000
2022-11-03 00:00:00.000000 ,1629.00000000,1637.00000000,1612.00000000,1626.00000000,1157.19440000,1878175.58810000,5184,578.93860000
2022-11-04 00:00:00.000000 ,1627.00000000,1673.00000000,1623.00000000,1671.00000000,1865.43740000,3081862.55710000,6104,1017.82630000
2022-11-05 00:00:00.000000 ,1672.00000000,1674.00000000,1664.00000000,1671.00000000,673.80620000,1125850.68050000,3146,251.33150000
2022-11-06 00:00:00.000000 ,1672.00000000,1674.00000000,1662.00000000,1665.00000000,873.74200000,1459041.09720000,2270,402.82340000
2022-11-07 00:00:00.000000 ,1664.00000000,1673.00000000,1654.00000000,1666.00000000,1354.89800000,2257822.80110000,3630,698.62640000
2022-11-08 00:00:00.000000 ,1666.00000000,1714.00000000,1657.00000000,1702.00000000,6748.08170000,11421332.52950000,22101,3612.84880000
2022-11-09 00:00:00.000000 ,1701.00000000,1717.00000000,1675.00000000,1697.00000000,10658.27480000,18130444.51020000,31759,5414.94250000
2022-11-10 00:00:00.000000 ,1699.00000000,1758.00000000,1690.00000000,1747.00000000,8928.14160000,15428628.61420000,19619,4748.93410000
2022-11-11 00:00:00.000000 ,1748.00000000,1786.00000000,1733.00000000,1779.00000000,5177.84810000,9108759.49670000,12022,2926.02100000
2022-11-12 00:00:00.000000 ,1780.00000000,1780.00000000,1698.00000000,1734.00000000,16199.50710000,27899188.56150000,19749,9325.50860000
2022-11-13 00:00:00.000000 ,1734.00000000,1750.00000000,1723.00000000,1741.00000000,3096.41760000,5380933.86300000,9115,1700.94650000
2022-11-14 00:00:00.000000 ,1741.00000000,1767.00000000,1718.00000000,1747.00000000,11369.01160000,19737849.16200000,15211,7343.11770000
2022-11-15 00:00:00.000000 ,1747.00000000,1783.00000000,1724.00000000,1774.00000000,4892.13140000,8603617.86340000,10158,2788.00940000
2022-11-16 00:00:00.000000 ,1774.00000000,1777.00000000,1758.00000000,1766.00000000,1887.59690000,3334391.22030000,7012,987.36920000
2022-11-17 00:00:00.000000 ,1766.00000000,1778.00000000,1740.00000000,1757.00000000,5001.05730000,8763592.83990000,19948,2593.45290000
2022-11-18 00:00:00.000000 ,1757.00000000,1761.00000000,1737.00000000,1741.00000000,1302.49420000,2281168.27920000,9680,635.72600000
2022-11-19 00:00:00.000000 ,1741.00000000,1751.00000000,1739.00000000,1747.00000000,372.08540000,648746.23720000,3356,215.57080000
2022-11-20 00:00:00.000000 ,1747.00000000,1750.00000000,1737.00000000,1749.00000000,1119.71330000,1952247.66330000,4140,560.77680000
2022-11-21 00:00:00.000000 ,1749.00000000,1752.00000000,1729.00000000,1736.00000000,2590.20060000,4504049.34200000,7352,1210.61800000
2022-11-22 00:00:00.000000 ,1737.00000000,1748.00000000,1733.00000000,1737.00000000,1387.30050000,2414885.91540000,5176,605.40320000
2022-11-23 00:00:00.000000 ,1737.00000000,1745.00000000,1723.00000000,1744.00000000,1236.15390000,2145872.38220000,3989,525.00040000
2022-11-24 00:00:00.000000 ,1743.00000000,1750.00000000,1740.00000000,1747.00000000,938.47100000,1638694.77960000,4280,615.16410000
2022-11-25 00:00:00.000000 ,1747.00000000,1754.00000000,1742.00000000,1749.00000000,744.51900000,1301620.35920000,2745,452.70150000
2022-11-26 00:00:00.000000 ,1749.00000000,1767.00000000,1748.00000000,1748.00000000,694.60430000,1221265.62620000,4492,315.33620000
2022-11-27 00:00:00.000000 ,1749.00000000,1755.00000000,1746.00000000,1747.00000000,354.95260000,621855.48320000,3018,169.35010000
2022-11-28 00:00:00.000000 ,1747.00000000,1755.00000000,1737.00000000,1740.00000000,1051.83460000,1836057.78660000,4068,557.25540000
2022-11-29 00:00:00.000000 ,1740.00000000,1752.00000000,1729.00000000,1741.00000000,1604.97690000,2798818.22570000,3401,1121.59690000
2022-11-30 00:00:00.000000 ,1741.00000000,1764.00000000,1737.00000000,1763.00000000,1273.60060000,2229101.63390000,4232,779.00600000
2022-12-01 00:00:00.000000 ,1763.00000000,1794.00000000,1762.00000000,1791.00000000,1383.24270000,2462614.53150000,4409,968.13410000
2022-12-02 00:00:00.000000 ,1791.00000000,1794.00000000,1771.00000000,1787.00000000,900.72710000,1607953.99720000,2800,417.47090000
2022-12-03 00:00:00.000000 ,1786.00000000,1790.00000000,1775.00000000,1787.00000000,457.16620000,815365.44420000,1593,237.25540000
2022-12-04 00:00:00.000000 ,1787.00000000,1795.00000000,1786.00000000,1791.00000000,343.24620000,614768.79870000,1420,176.97320000
2022-12-05 00:00:00.000000 ,1790.00000000,1803.00000000,1767.00000000,1772.00000000,1025.00940000,1830013.40670000,3250,424.17900000
2022-12-06 00:00:00.000000 ,1772.00000000,1783.00000000,1772.00000000,1774.00000000,394.10120000,700298.36160000,2228,193.64570000
2022-12-07 00:00:00.000000 ,1774.00000000,1790.00000000,1771.00000000,1788.00000000,837.46830000,1491125.95950000,5999,520.74050000
2022-12-08 00:00:00.000000 ,1787.00000000,1789.00000000,1779.00000000,1788.00000000,414.82790000,740848.46860000,1862,191.42900000
2022-12-09 00:00:00.000000 ,1788.00000000,1802.00000000,1787.00000000,1794.00000000,1023.44370000,1835509.80860000,4050,608.15740000
2022-12-10 00:00:00.000000 ,1793.00000000,1800.00000000,1782.00000000,1791.00000000,891.27710000,1595453.06780000,4325,519.96820000
2022-12-11 00:00:00.000000 ,1791.00000000,1801.00000000,1789.00000000,1796.00000000,843.38220000,1514926.77900000,4425,436.76930000
2022-12-12 00:00:00.000000 ,1797.00000000,1800.00000000,1774.00000000,1778.00000000,1300.72230000,2324765.69610000,6030,614.57780000
2022-12-13 00:00:00.000000 ,1778.00000000,1815.00000000,1773.00000000,1809.00000000,2586.49920000,4636794.84250000,9813,1484.16500000
2022-12-14 00:00:00.000000 ,1810.00000000,1827.00000000,1798.00000000,1802.00000000,1407.93650000,2548525.62460000,3992,640.60370000
2022-12-15 00:00:00.000000 ,1803.00000000,1807.00000000,1773.00000000,1792.00000000,2161.24850000,3871038.42310000,5026,933.32870000
2022-12-16 00:00:00.000000 ,1792.00000000,1807.00000000,1774.00000000,1801.00000000,1394.54040000,2497492.13490000,6904,667.58320000
2022-12-17 00:00:00.000000 ,1801.00000000,1810.00000000,1799.00000000,1802.00000000,529.70410000,955430.13100000,4298,259.17720000
2022-12-18 00:00:00.000000 ,1802.00000000,1806.00000000,1792.00000000,1799.00000000,488.70850000,878183.01710000,4907,205.47930000
2022-12-19 00:00:00.000000 ,1797.00000000,1805.00000000,1790.00000000,1798.00000000,594.48810000,1068471.81570000,5407,290.42420000
2022-12-20 00:00:00.000000 ,1798.00000000,1818.00000000,1787.00000000,1813.00000000,1038.71160000,1874602.02450000,3837,550.29000000
2022-12-21 00:00:00.000000 ,1813.00000000,1820.00000000,1808.00000000,1815.00000000,428.18190000,777503.25530000,1584,249.96300000
2022-12-22 00:00:00.000000 ,1815.00000000,1824.00000000,1790.00000000,1795.00000000,667.75350000,1206028.07820000,3487,292.34610000
2022-12-23 00:00:00.000000 ,1794.00000000,1815.00000000,1794.00000000,1806.00000000,317.90860000,573691.76330000,1880,171.74890000
2022-12-24 00:00:00.000000 ,1806.00000000,1808.00000000,1800.00000000,1802.00000000,100.35400000,181060.82170000,707,39.59460000
2022-12-25 00:00:00.000000 ,1802.00000000,1802.00000000,1793.00000000,1800.00000000,236.21540000,424487.20880000,1068,121.86980000
2022-12-26 00:00:00.000000 ,1800.00000000,1803.00000000,1794.00000000,1800.00000000,220.69150000,397057.51830000,1042,108.36080000
2022-12-27 00:00:00.000000 ,1800.00000000,1821.00000000,1799.00000000,1815.00000000,590.86740000,1070511.69790000,2838,304.92110000
2022-12-28 00:00:00.000000 ,1814.00000000,1815.00000000,1802.00000000,1809.00000000,481.09830000,869559.30470000,2197,235.95670000
2022-12-29 00:00:00.000000 ,1810.00000000,1817.00000000,1802.00000000,1815.00000000,761.85540000,1378146.52690000,2447,326.76710000
2022-12-30 00:00:00.000000 ,1815.00000000,1824.00000000,1806.00000000,1822.00000000,962.22730000,1749080.31220000,5860,508.09440000
2022-12-31 00:00:00.000000 ,1821.00000000,1825.00000000,1817.00000000,1822.00000000,327.90290000,597203.36840000,2135,158.01370000
2023-01-01 00:00:00.000000 ,1822.00000000,1825.00000000,1819.00000000,1824.00000000,242.83900000,442420.21750000,1790,155.65640000
2023-01-02 00:00:00.000000 ,1823.00000000,1830.00000000,1815.00000000,1823.00000000,765.80130000,1397257.58210000,2698,330.24850000
2023-01-03 00:00:00.000000 ,1823.00000000,1844.00000000,1823.00000000,1841.00000000,1664.28230000,3053760.40900000,6101,864.81670000
2023-01-04 00:00:00.000000 ,1841.00000000,1868.00000000,1837.00000000,1852.00000000,1089.69700000,2018491.61400000,3994,653.70060000
2023-01-05 00:00:00.000000 ,1853.00000000,1856.00000000,1832.00000000,1835.00000000,722.92230000,1332493.26590000,2550,300.22800000
2023-01-06 00:00:00.000000 ,1834.00000000,1858.00000000,1830.00000000,1853.00000000,1022.23800000,1886881.25600000,3643,545.04570000
2023-01-07 00:00:00.000000 ,1854.00000000,1861.00000000,1852.00000000,1860.00000000,448.12530000,832984.01790000,2310,323.39260000
2023-01-08 00:00:00.000000 ,1860.00000000,1862.00000000,1855.00000000,1858.00000000,645.06310000,1199139.83800000,4478,205.56060000
2023-01-09 00:00:00.000000 ,1858.00000000,1868.00000000,1856.00000000,1862.00000000,1136.27740000,2115879.98750000,3419,546.07580000
2023-01-10 00:00:00.000000 ,1861.00000000,1868.00000000,1859.00000000,1865.00000000,464.02150000,864450.89620000,2701,235.44150000
2023-01-11 00:00:00.000000 ,1864.00000000,1883.00000000,1860.00000000,1873.00000000,913.49170000,1707069.12790000,3309,475.68880000
2023-01-12 00:00:00.000000 ,1873.00000000,1894.00000000,1858.00000000,1884.00000000,1567.51800000,2941835.15430000,6678,816.80490000
2023-01-13 00:00:00.000000 ,1884.00000000,1902.00000000,1879.00000000,1896.00000000,1252.91950000,2371320.13800000,5727,806.98680000
2023-01-14 00:00:00.000000 ,1895.00000000,1902.00000000,1880.00000000,1889.00000000,1927.30690000,3644569.94210000,8981,1093.70880000
2023-01-15 00:00:00.000000 ,1889.00000000,1902.00000000,1885.00000000,1901.00000000,848.43450000,1606579.39900000,3691,575.28750000
2023-01-16 00:00:00.000000 ,1901.00000000,1906.00000000,1885.00000000,1887.00000000,841.78650000,1593748.07620000,4584,429.09270000
2023-01-17 00:00:00.000000 ,1887.00000000,1896.00000000,1883.00000000,1889.00000000,796.26950000,1503250.36880000,3966,257.95640000
2023-01-18 00:00:00.000000 ,1890.00000000,1897.00000000,1880.00000000,1888.00000000,808.60430000,1528570.65420000,5956,410.19910000
2023-01-19 00:00:00.000000 ,1888.00000000,1919.00000000,1881.00000000,1917.00000000,828.88650000,1576629.64940000,7394,571.35310000
2023-01-20 00:00:00.000000 ,1917.00000000,1922.00000000,1902.00000000,1906.00000000,861.14880000,1647546.86680000,5870,463.24740000
2023-01-21 00:00:00.000000 ,1905.00000000,1912.00000000,1902.00000000,1905.00000000,536.91000000,1024118.48420000,5139,264.64740000
2023-01-22 00:00:00.000000 ,1907.00000000,1914.00000000,1902.00000000,1907.00000000,545.11430000,1040100.28690000,4467,286.07410000
2023-01-23 00:00:00.000000 ,1908.00000000,1915.00000000,1900.00000000,1909.00000000,638.72270000,1218202.83180000,4148,294.82290000
2023-01-24 00:00:00.000000 ,1910.00000000,1913.00000000,1897.00000000,1907.00000000,1040.77940000,1984176.56960000,6456,579.74140000
2023-01-25 00:00:00.000000 ,1907.00000000,1926.00000000,1900.00000000,1920.00000000,1117.29600000,2134885.50980000,7415,649.23930000
2023-01-26 00:00:00.000000 ,1922.00000000,1927.00000000,1911.00000000,1919.00000000,732.64090000,1406443.10720000,3906,354.09250000
2023-01-27 00:00:00.000000 ,1920.00000000,1921.00000000,1913.00000000,1915.00000000,597.34570000,1145148.85570000,2969,287.85720000
2023-01-28 00:00:00.000000 ,1915.00000000,1919.00000000,1911.00000000,1915.00000000,244.52720000,468120.48440000,2338,106.85530000
2023-01-29 00:00:00.000000 ,1915.00000000,1921.00000000,1905.00000000,1914.00000000,785.47720000,1503113.40200000,4671,393.34600000
2023-01-30 00:00:00.000000 ,1913.00000000,1914.00000000,1890.00000000,1896.00000000,680.64970000,1294324.81340000,4469,252.97090000
2023-01-31 00:00:00.000000 ,1896.00000000,1906.00000000,1872.00000000,1898.00000000,986.09650000,1863933.14630000,4482,552.09280000
2023-02-01 00:00:00.000000 ,1899.00000000,1919.00000000,1895.00000000,1916.00000000,1010.64210000,1927530.38120000,5190,543.86750000
2023-02-02 00:00:00.000000 ,1915.00000000,1924.00000000,1896.00000000,1906.00000000,1572.51660000,3007338.90960000,10593,684.49240000
2023-02-03 00:00:00.000000 ,1906.00000000,1907.00000000,1859.00000000,1869.00000000,1462.85430000,2752586.77730000,9674,702.52180000
2023-02-04 00:00:00.000000 ,1867.00000000,1873.00000000,1848.00000000,1859.00000000,949.02430000,1765446.43510000,8538,330.77590000
2023-02-05 00:00:00.000000 ,1860.00000000,1862.00000000,1853.00000000,1857.00000000,670.29380000,1244758.64750000,3388,338.33820000
2023-02-06 00:00:00.000000 ,1857.00000000,1874.00000000,1857.00000000,1868.00000000,700.01630000,1305489.32050000,3814,386.12780000
2023-02-07 00:00:00.000000 ,1868.00000000,1875.00000000,1854.00000000,1861.00000000,1031.53220000,1922113.66880000,4224,493.02150000
2023-02-08 00:00:00.000000 ,1861.00000000,1867.00000000,1851.00000000,1860.00000000,677.52010000,1260155.32420000,5246,323.07000000
2023-02-09 00:00:00.000000 ,1863.00000000,1871.00000000,1842.00000000,1845.00000000,1153.40570000,2143021.53560000,4787,567.58850000
2023-02-10 00:00:00.000000 ,1845.00000000,1847.00000000,1810.00000000,1825.00000000,1266.08400000,2322307.17060000,5801,443.08620000
2023-02-11 00:00:00.000000 ,1825.00000000,1836.00000000,1816.00000000,1831.00000000,592.97610000,1082619.54900000,2509,279.67880000
2023-02-12 00:00:00.000000 ,1830.00000000,1833.00000000,1821.00000000,1827.00000000,363.85330000,663832.38280000,2367,146.14090000
2023-02-13 00:00:00.000000 ,1827.00000000,1831.00000000,1716.00000000,1808.00000000,8868.63980000,15974917.29640000,26094,4433.99950000
2023-02-14 00:00:00.000000 ,1807.00000000,1850.00000000,1803.00000000,1834.00000000,4229.89140000,7758147.97420000,18491,2453.24900000
2023-02-15 00:00:00.000000 ,1834.00000000,1842.00000000,1811.00000000,1826.00000000,875.24920000,1595707.03950000,8664,495.39500000
2023-02-16 00:00:00.000000 ,1826.00000000,1836.00000000,1811.00000000,1821.00000000,1716.79210000,3130339.38800000,8271,1017.12110000
2023-02-17 00:00:00.000000 ,1821.00000000,1830.00000000,1800.00000000,1815.00000000,1321.25050000,2398427.35810000,5511,660.20650000
2023-02-18 00:00:00.000000 ,1816.00000000,1826.00000000,1809.00000000,1823.00000000,453.82990000,824766.17710000,2979,308.28030000
2023-02-19 00:00:00.000000 ,1823.00000000,1826.00000000,1817.00000000,1822.00000000,474.01930000,863483.93960000,3020,228.68410000
2023-02-20 00:00:00.000000 ,1821.00000000,1828.00000000,1811.00000000,1816.00000000,736.70470000,1341179.74660000,4672,386.92480000
2023-02-21 00:00:00.000000 ,1815.00000000,1818.00000000,1806.00000000,1812.00000000,661.50830000,1198703.29020000,4588,288.62680000
2023-02-22 00:00:00.000000 ,1813.00000000,1820.00000000,1807.00000000,1811.00000000,785.62170000,1425801.26060000,3802,428.58660000
2023-02-23 00:00:00.000000 ,1811.00000000,1820.00000000,1806.00000000,1814.00000000,479.49990000,868744.87490000,4027,203.62040000
2023-02-24 00:00:00.000000 ,1814.00000000,1816.00000000,1791.00000000,1800.00000000,650.56190000,1172780.24650000,3962,285.31810000
2023-02-25 00:00:00.000000 ,1800.00000000,1802.00000000,1791.00000000,1793.00000000,315.35810000,566013.78450000,1949,109.84550000
2023-02-26 00:00:00.000000 ,1792.00000000,1799.00000000,1791.00000000,1796.00000000,251.22950000,450775.87280000,1830,111.67030000
2023-02-27 00:00:00.000000 ,1796.00000000,1806.00000000,1792.00000000,1805.00000000,468.57310000,843522.79890000,2637,259.08670000
2023-02-28 00:00:00.000000 ,1804.00000000,1816.00000000,1792.00000000,1809.00000000,1285.59860000,2321270.64370000,3937,696.90920000
2023-03-01 00:00:00.000000 ,1808.00000000,1828.00000000,1806.00000000,1823.00000000,741.20980000,1349753.72200000,4129,388.15100000
2023-03-02 00:00:00.000000 ,1824.00000000,1828.00000000,1816.00000000,1828.00000000,583.18230000,1062308.01750000,3107,350.44500000
2023-03-03 00:00:00.000000 ,1827.00000000,1847.00000000,1819.00000000,1842.00000000,1499.47820000,2743976.53860000,7657,920.84060000
2023-03-04 00:00:00.000000 ,1842.00000000,1851.00000000,1840.00000000,1851.00000000,562.51720000,1038602.09430000,3880,297.76850000
2023-03-05 00:00:00.000000 ,1850.00000000,1863.00000000,1842.00000000,1846.00000000,516.64300000,956289.59500000,5003,257.79860000
2023-03-06 00:00:00.000000 ,1846.00000000,1862.00000000,1830.00000000,1832.00000000,838.13930000,1548504.83580000,6197,431.72460000
2023-03-07 00:00:00.000000 ,1832.00000000,1840.00000000,1801.00000000,1805.00000000,772.80590000,1407467.47440000,4692,382.71500000
2023-03-08 00:00:00.000000 ,1804.00000000,1813.00000000,1797.00000000,1806.00000000,922.17660000,1663194.84940000,4220,535.30200000
2023-03-09 00:00:00.000000 ,1806.00000000,1820.00000000,1802.00000000,1810.00000000,1029.38120000,1865018.18160000,5844,556.41940000
2023-03-10 00:00:00.000000 ,1809.00000000,1874.00000000,1808.00000000,1860.00000000,2659.96400000,4896786.53840000,11498,1602.71410000
2023-03-11 00:00:00.000000 ,1860.00000000,1937.00000000,1859.00000000,1889.00000000,9267.93350000,17604466.99660000,35847,5069.01440000
2023-03-12 00:00:00.000000 ,1887.00000000,1938.00000000,1876.00000000,1902.00000000,3293.52430000,6277838.71510000,20269,1821.58420000
2023-03-13 00:00:00.000000 ,1904.00000000,1976.00000000,1882.00000000,1921.00000000,4740.15660000,9074882.67230000,24580,2454.39360000
2023-03-14 00:00:00.000000 ,1922.00000000,1939.00000000,1891.00000000,1905.00000000,3262.86950000,6236143.12240000,24712,1812.27630000
2023-03-15 00:00:00.000000 ,1904.00000000,1949.00000000,1892.00000000,1924.00000000,3371.01210000,6479957.00360000,22848,1525.12270000
2023-03-16 00:00:00.000000 ,1924.00000000,1940.00000000,1902.00000000,1908.00000000,1821.41500000,3493009.19070000,11941,862.56540000
2023-03-17 00:00:00.000000 ,1908.00000000,2000.00000000,1900.00000000,1960.00000000,3982.02130000,7713036.82580000,17478,2252.33790000
2023-03-18 00:00:00.000000 ,1960.00000000,1965.00000000,1948.00000000,1962.00000000,1727.75910000,3384779.46910000,8224,844.76140000
2023-03-19 00:00:00.000000 ,1962.00000000,1980.00000000,1961.00000000,1969.00000000,2293.52420000,4516130.66490000,8130,1266.95720000
2023-03-20 00:00:00.000000 ,1971.00000000,2017.00000000,1963.00000000,1981.00000000,2614.38370000,5190700.30020000,18383,1352.77680000
2023-03-21 00:00:00.000000 ,1982.00000000,1988.00000000,1931.00000000,1945.00000000,1529.34830000,2999116.39960000,11583,683.80130000
2023-03-22 00:00:00.000000 ,1944.00000000,1982.00000000,1938.00000000,1974.00000000,2309.78890000,4518827.43500000,14845,1243.65310000
2023-03-23 00:00:00.000000 ,1974.00000000,2010.00000000,1971.00000000,1991.00000000,1980.99540000,3934179.96070000,12063,1036.47680000
2023-03-24 00:00:00.000000 ,1992.00000000,2010.00000000,1978.00000000,1986.00000000,1379.50400000,2752379.99180000,10377,635.61470000
2023-03-25 00:00:00.000000 ,1986.00000000,2031.00000000,1983.00000000,1998.00000000,1089.97490000,2180055.28580000,8168,636.60630000
2023-03-26 00:00:00.000000 ,1997.00000000,2002.00000000,1986.00000000,1989.00000000,705.15810000,1406039.70820000,6313,383.80730000
2023-03-27 00:00:00.000000 ,1989.00000000,1992.00000000,1962.00000000,1980.00000000,1408.12800000,2780263.25210000,9482,598.22720000
2023-03-28 00:00:00.000000 ,1981.00000000,1998.00000000,1971.00000000,1985.00000000,1711.46500000,3395087.62570000,8498,698.13850000
2023-03-29 00:00:00.000000 ,1986.00000000,1997.00000000,1979.00000000,1982.00000000,1141.44690000,2266544.20360000,7333,620.09720000
2023-03-30 00:00:00.000000 ,1983.00000000,1988.00000000,1968.00000000,1983.00000000,1312.25920000,2598499.40870000,9002,679.61320000
2023-03-31 00:00:00.000000 ,1983.00000000,1992.00000000,1970.00000000,1976.00000000,683.56910000,1355254.15390000,5569,367.67690000
2023-04-01 00:00:00.000000 ,1977.00000000,1981.00000000,1969.00000000,1976.00000000,519.76870000,1026279.52870000,5172,260.22990000
2023-04-02 00:00:00.000000 ,1977.00000000,1980.00000000,1968.00000000,1972.00000000,461.36460000,911119.92260000,5894,244.98340000
2023-04-03 00:00:00.000000 ,1971.00000000,1993.00000000,1962.00000000,1985.00000000,1131.11750000,2239739.49530000,7312,614.72250000
2023-04-04 00:00:00.000000 ,1985.00000000,2029.00000000,1978.00000000,2024.00000000,1603.06440000,3219230.89820000,10705,861.83160000
2023-04-05 00:00:00.000000 ,2024.00000000,2054.00000000,2023.00000000,2030.00000000,2405.79290000,4904709.85990000,11372,1153.74110000
2023-04-06 00:00:00.000000 ,2031.00000000,2031.00000000,2008.00000000,2016.00000000,1107.71140000,2237334.20030000,8411,555.29440000
2023-04-07 00:00:00.000000 ,2017.00000000,2027.00000000,2009.00000000,2020.00000000,878.00100000,1772127.71280000,5648,419.91950000
2023-04-08 00:00:00.000000 ,2021.00000000,2026.00000000,2015.00000000,2018.00000000,506.50260000,1022924.13770000,5770,269.82130000
2023-04-09 00:00:00.000000 ,2019.00000000,2028.00000000,2013.00000000,2019.00000000,637.68420000,1288316.38720000,6133,323.85360000
2023-04-10 00:00:00.000000 ,2019.00000000,2021.00000000,1998.00000000,2004.00000000,1450.76920000,2913880.73570000,9119,657.31980000
2023-04-11 00:00:00.000000 ,2004.00000000,2030.00000000,2000.00000000,2021.00000000,1990.03310000,4017091.84780000,11738,654.22000000
2023-04-12 00:00:00.000000 ,2022.00000000,2033.00000000,2015.00000000,2025.00000000,2644.41840000,5352877.27900000,10641,1196.45460000
2023-04-13 00:00:00.000000 ,2025.00000000,2049.00000000,2025.00000000,2043.00000000,1306.15900000,2663207.97040000,6524,685.04200000
2023-04-14 00:00:00.000000 ,2044.00000000,2053.00000000,2001.00000000,2015.00000000,3409.50610000,6904103.85240000,10468,1047.16720000
2023-04-15 00:00:00.000000 ,2015.00000000,2025.00000000,2013.00000000,2016.00000000,558.48110000,1127177.32370000,5413,303.22530000
2023-04-16 00:00:00.000000 ,2016.00000000,2025.00000000,2012.00000000,2018.00000000,675.62970000,1363131.76490000,5639,327.59940000
2023-04-17 00:00:00.000000 ,2018.00000000,2030.00000000,2000.00000000,2012.00000000,1913.82780000,3853312.28790000,7760,869.10160000
2023-04-18 00:00:00.000000 ,2012.00000000,2028.00000000,2008.00000000,2012.00000000,1323.46420000,2668997.81200000,7849,711.87340000
2023-04-19 00:00:00.000000 ,2013.00000000,2015.00000000,1991.00000000,2003.00000000,2319.08800000,4639092.36850000,9713,961.12090000
2023-04-20 00:00:00.000000 ,2004.00000000,2014.00000000,1995.00000000,2007.00000000,1300.75690000,2608725.73090000,6016,694.19780000
2023-04-21 00:00:00.000000 ,2006.00000000,2006.00000000,1981.00000000,1984.00000000,1375.36130000,2740963.19000000,6522,674.38940000
2023-04-22 00:00:00.000000 ,1984.00000000,1987.00000000,1981.00000000,1983.00000000,512.64940000,1016710.13580000,4802,214.70260000
2023-04-23 00:00:00.000000 ,1983.00000000,1988.00000000,1981.00000000,1987.00000000,602.90260000,1195783.80150000,4181,232.18490000
2023-04-24 00:00:00.000000 ,1986.00000000,1997.00000000,1981.00000000,1996.00000000,1119.12390000,2223756.18010000,5365,561.52670000
2023-04-25 00:00:00.000000 ,1995.00000000,2014.00000000,1983.00000000,2003.00000000,1336.90160000,2669102.71640000,6024,678.23300000
2023-04-26 00:00:00.000000 ,2002.00000000,2006.00000000,1984.00000000,1988.00000000,2072.19540000,4137270.34000000,10076,949.40180000
2023-04-27 00:00:00.000000 ,1987.00000000,2000.00000000,1981.00000000,1986.00000000,1286.85780000,2562185.47930000,5466,595.70690000
2023-04-28 00:00:00.000000 ,1986.00000000,1994.00000000,1983.00000000,1987.00000000,896.24340000,1781770.26220000,3936,456.07960000
2023-04-29 00:00:00.000000 ,1987.00000000,2008.00000000,1986.00000000,1998.00000000,550.79670000,1099764.70560000,2896,327.56630000
2023-04-30 00:00:00.000000 ,1998.00000000,2002.00000000,1993.00000000,1999.00000000,458.19570000,915215.94620000,2534,223.47870000
2023-05-01 00:00:00.000000 ,1999.00000000,2004.00000000,1985.00000000,1995.00000000,1423.05950000,2838134.89000000,4768,513.02720000
2023-05-02 00:00:00.000000 ,1995.00000000,2021.00000000,1981.00000000,2014.00000000,1800.87150000,3604059.89330000,8157,853.91830000
2023-05-03 00:00:00.000000 ,2013.00000000,2047.00000000,2007.00000000,2044.00000000,1873.95610000,3788546.02590000,7423,1079.26420000
2023-05-04 00:00:00.000000 ,2044.00000000,2087.00000000,2030.00000000,2049.00000000,1878.14000000,3838852.11330000,6979,1087.30360000
2023-05-05 00:00:00.000000 ,2049.00000000,2055.00000000,2009.00000000,2018.00000000,1988.59320000,4027749.80170000,8177,983.60220000
2023-05-06 00:00:00.000000 ,2018.00000000,2023.00000000,2013.00000000,2020.00000000,725.38830000,1464056.21150000,3898,382.58570000
2023-05-07 00:00:00.000000 ,2021.00000000,2021.00000000,2012.00000000,2015.00000000,468.81690000,945435.21270000,3542,265.20630000
2023-05-08 00:00:00.000000 ,2014.00000000,2032.00000000,2009.00000000,2026.00000000,1642.44800000,3323392.50530000,7639,892.02150000
2023-05-09 00:00:00.000000 ,2025.00000000,2042.00000000,2024.00000000,2039.00000000,1224.90380000,2490860.55720000,5275,646.58320000
2023-05-10 00:00:00.000000 ,2039.00000000,2050.00000000,2028.00000000,2043.00000000,1550.23060000,3158223.41100000,7561,836.25030000
2023-05-11 00:00:00.000000 ,2043.00000000,2050.00000000,2015.00000000,2024.00000000,2252.97400000,4576250.61940000,9660,1084.31910000
2023-05-12 00:00:00.000000 ,2024.00000000,2033.00000000,2011.00000000,2024.00000000,1481.97700000,2992644.36230000,6622,707.68070000
2023-05-13 00:00:00.000000 ,2024.00000000,2027.00000000,2010.00000000,2019.00000000,463.57270000,934891.59700000,3865,165.72040000
2023-05-14 00:00:00.000000 ,2019.00000000,2021.00000000,2014.00000000,2018.00000000,338.43380000,682750.35840000,2104,173.32190000
2023-05-15 00:00:00.000000 ,2018.00000000,2028.00000000,2010.00000000,2017.00000000,1166.28070000,2357472.67140000,5310,618.57310000
2023-05-16 00:00:00.000000 ,2016.00000000,2018.00000000,1989.00000000,1995.00000000,1401.02630000,2808605.81150000,6695,734.94390000
2023-05-17 00:00:00.000000 ,1996.00000000,2002.00000000,1981.00000000,1995.00000000,1382.17670000,2756042.37420000,7022,627.52190000
2023-05-18 00:00:00.000000 ,1995.00000000,1996.00000000,1969.00000000,1979.00000000,1454.61240000,2884679.61840000,8843,527.68060000
2023-05-19 00:00:00.000000 ,1978.00000000,1999.00000000,1974.00000000,1997.00000000,754.22010000,1498109.97490000,6565,349.69520000
2023-05-20 00:00:00.000000 ,1997.00000000,2000.00000000,1990.00000000,1993.00000000,721.06550000,1438505.40630000,7767,388.73170000
2023-05-21 00:00:00.000000 ,1994.00000000,1998.00000000,1986.00000000,1989.00000000,362.57830000,722218.54580000,2360,149.86940000
2023-05-22 00:00:00.000000 ,1989.00000000,1989.00000000,1976.00000000,1980.00000000,609.46880000,1208196.14580000,3555,320.07630000
2023-05-23 00:00:00.000000 ,1980.00000000,1988.00000000,1971.00000000,1985.00000000,1082.32880000,2138443.91970000,5470,497.53580000
2023-05-24 00:00:00.000000 ,1985.00000000,1994.00000000,1971.00000000,1971.00000000,1053.09590000,2086100.12570000,5236,524.51270000
2023-05-25 00:00:00.000000 ,1972.00000000,1976.00000000,1958.00000000,1964.00000000,920.81530000,1811224.04730000,5799,434.65870000
2023-05-26 00:00:00.000000 ,1964.00000000,1977.00000000,1961.00000000,1962.00000000,961.52730000,1890219.95000000,5648,548.89050000
2023-05-27 00:00:00.000000 ,1962.00000000,1968.00000000,1961.00000000,1964.00000000,297.01840000,583157.50930000,2255,114.50980000
2023-05-28 00:00:00.000000 ,1964.00000000,1970.00000000,1961.00000000,1962.00000000,759.68010000,1492380.09420000,4824,297.49660000
2023-05-29 00:00:00.000000 ,1962.00000000,1963.00000000,1953.00000000,1958.00000000,1125.70120000,2205360.80330000,5932,521.44700000
2023-05-30 00:00:00.000000 ,1958.00000000,1974.00000000,1947.00000000,1969.00000000,950.90320000,1866264.95390000,8943,551.69360000
2023-05-31 00:00:00.000000 ,1969.00000000,1981.00000000,1964.00000000,1969.00000000,1214.36050000,2392927.49950000,6782,656.55370000
2023-06-01 00:00:00.000000 ,1968.00000000,1986.00000000,1957.00000000,1981.00000000,1475.35180000,2913586.27760000,5065,868.72460000
2023-06-02 00:00:00.000000 ,1981.00000000,1986.00000000,1953.00000000,1956.00000000,1265.35590000,2493151.82190000,4946,491.15040000
2023-06-03 00:00:00.000000 ,1955.00000000,1956.00000000,1942.00000000,1946.00000000,976.78670000,1903458.37180000,4247,515.38640000
2023-06-04 00:00:00.000000 ,1946.00000000,1955.00000000,1940.00000000,1946.00000000,715.34810000,1392270.30270000,5748,335.29310000
2023-06-05 00:00:00.000000 ,1946.00000000,1955.00000000,1916.00000000,1920.00000000,2807.02240000,5435934.72860000,16317,1238.48180000
2023-06-06 00:00:00.000000 ,1920.00000000,1952.00000000,1916.00000000,1935.00000000,2377.84800000,4602020.67410000,11648,1075.50200000
2023-06-07 00:00:00.000000 ,1936.00000000,1939.00000000,1913.00000000,1924.00000000,1727.15980000,3329554.58730000,9475,715.32770000
2023-06-08 00:00:00.000000 ,1925.00000000,1940.00000000,1916.00000000,1921.00000000,1504.05310000,2897075.12160000,7784,593.55650000
2023-06-09 00:00:00.000000 ,1921.00000000,1936.00000000,1910.00000000,1916.00000000,1377.67130000,2646300.23800000,7049,542.74950000
2023-06-10 00:00:00.000000 ,1917.00000000,1931.00000000,1890.00000000,1920.00000000,2523.88940000,4819128.86160000,13958,1027.90240000
2023-06-11 00:00:00.000000 ,1920.00000000,1925.00000000,1910.00000000,1918.00000000,711.87270000,1364539.11990000,4347,324.11920000
2023-06-12 00:00:00.000000 ,1918.00000000,1935.00000000,1911.00000000,1931.00000000,1059.83790000,2039623.54170000,4876,453.93630000
2023-06-13 00:00:00.000000 ,1932.00000000,1940.00000000,1912.00000000,1916.00000000,1370.49170000,2643304.60210000,5171,639.28880000
2023-06-14 00:00:00.000000 ,1915.00000000,1940.00000000,1915.00000000,1919.00000000,1060.58790000,2044528.39510000,5190,483.79390000
2023-06-15 00:00:00.000000 ,1919.00000000,1939.00000000,1910.00000000,1933.00000000,1916.27490000,3690220.22110000,7591,1148.36690000
2023-06-16 00:00:00.000000 ,1934.00000000,1948.00000000,1925.00000000,1945.00000000,1886.60960000,3649224.06140000,5855,1272.17180000
2023-06-17 00:00:00.000000 ,1944.00000000,1949.00000000,1927.00000000,1929.00000000,521.36370000,1010570.34520000,3153,206.39570000
2023-06-18 00:00:00.000000 ,1930.00000000,1935.00000000,1925.00000000,1928.00000000,338.79870000,653416.11260000,3089,175.47930000
2023-06-19 00:00:00.000000 ,1929.00000000,1932.00000000,1921.00000000,1926.00000000,536.53080000,1033565.22310000,2902,252.38950000
2023-06-20 00:00:00.000000 ,1926.00000000,1933.00000000,1920.00000000,1924.00000000,1002.02860000,1930609.30220000,5206,425.32420000
2023-06-21 00:00:00.000000 ,1924.00000000,1931.00000000,1915.00000000,1924.00000000,1978.09310000,3803859.63800000,11573,936.41650000
2023-06-22 00:00:00.000000 ,1925.00000000,1925.00000000,1901.00000000,1908.00000000,1496.30910000,2864515.18750000,10033,681.82390000
2023-06-23 00:00:00.000000 ,1908.00000000,1919.00000000,1894.00000000,1908.00000000,1152.85500000,2198637.23550000,8736,555.77370000
2023-06-24 00:00:00.000000 ,1908.00000000,1916.00000000,1901.00000000,1908.00000000,812.63640000,1550808.98400000,4679,273.84100000
2023-06-25 00:00:00.000000 ,1909.00000000,1911.00000000,1899.00000000,1905.00000000,416.81570000,793774.79370000,3142,163.56910000
2023-06-26 00:00:00.000000 ,1906.00000000,1919.00000000,1900.00000000,1906.00000000,1002.26150000,1913492.18220000,5851,503.21620000
2023-06-27 00:00:00.000000 ,1906.00000000,1914.00000000,1901.00000000,1904.00000000,619.12500000,1181450.08160000,4197,236.32820000
2023-06-28 00:00:00.000000 ,1904.00000000,1906.00000000,1886.00000000,1891.00000000,1033.02790000,1959026.46200000,6403,465.17770000
2023-06-29 00:00:00.000000 ,1891.00000000,1899.00000000,1884.00000000,1893.00000000,851.07490000,1610885.25610000,5023,401.85030000
2023-06-30 00:00:00.000000 ,1894.00000000,1909.00000000,1890.00000000,1902.00000000,1222.16160000,2319366.88980000,7576,637.78940000
2023-07-01 00:00:00.000000 ,1903.00000000,1905.00000000,1890.00000000,1895.00000000,613.62780000,1166219.90180000,3054,342.76350000
2023-07-02 00:00:00.000000 ,1896.00000000,1900.00000000,1894.00000000,1897.00000000,461.76190000,876080.28210000,3337,252.47580000
2023-07-03 00:00:00.000000 ,1898.00000000,1907.00000000,1882.00000000,1897.00000000,1415.54530000,2685202.12590000,8543,750.91640000
2023-07-04 00:00:00.000000 ,1897.00000000,1904.00000000,1889.00000000,1898.00000000,930.26520000,1763917.69190000,4035,534.89880000
2023-07-05 00:00:00.000000 ,1899.00000000,1904.00000000,1890.00000000,1893.00000000,956.74660000,1813204.85860000,4516,454.00280000
2023-07-06 00:00:00.000000 ,1894.00000000,1905.00000000,1886.00000000,1891.00000000,1201.66620000,2278660.91120000,4883,435.62490000
2023-07-07 00:00:00.000000 ,1891.00000000,1914.00000000,1888.00000000,1904.00000000,1028.40210000,1956047.06270000,4052,536.86720000
2023-07-08 00:00:00.000000 ,1905.00000000,1907.00000000,1901.00000000,1903.00000000,218.07910000,415168.81800000,2355,106.83560000
2023-07-09 00:00:00.000000 ,1904.00000000,1907.00000000,1899.00000000,1904.00000000,291.85400000,555355.94820000,1652,127.77150000
2023-07-10 00:00:00.000000 ,1903.00000000,1910.00000000,1896.00000000,1907.00000000,804.72830000,1533396.41240000,3581,383.40820000
2023-07-11 00:00:00.000000 ,1908.00000000,1921.00000000,1907.00000000,1919.00000000,888.16270000,1701484.56760000,5422,413.98440000
2023-07-12 00:00:00.000000 ,1919.00000000,1947.00000000,1910.00000000,1945.00000000,1523.40310000,2939363.43280000,6616,784.42180000
2023-07-13 00:00:00.000000 ,1945.00000000,1960.00000000,1931.00000000,1939.00000000,2261.13730000,4395722.41690000,8912,1227.26740000
2023-07-14 00:00:00.000000 ,1940.00000000,1949.00000000,1926.00000000,1926.00000000,1486.93370000,2879272.22720000,8211,734.88630000
2023-07-15 00:00:00.000000 ,1927.00000000,1930.00000000,1920.00000000,1921.00000000,278.69410000,536555.24010000,3679,120.60660000
2023-07-16 00:00:00.000000 ,1920.00000000,1928.00000000,1919.00000000,1925.00000000,458.49890000,882263.87890000,3726,193.70200000
2023-07-17 00:00:00.000000 ,1925.00000000,1944.00000000,1912.00000000,1918.00000000,1636.26150000,3142414.64950000,4583,1087.47750000
2023-07-18 00:00:00.000000 ,1918.00000000,1952.00000000,1914.00000000,1939.00000000,2048.09440000,3955204.22840000,5714,1405.20850000
2023-07-19 00:00:00.000000 ,1938.00000000,1945.00000000,1935.00000000,1939.00000000,855.74100000,1659879.01760000,3420,476.68330000
2023-07-20 00:00:00.000000 ,1938.00000000,1944.00000000,1929.00000000,1934.00000000,1729.77560000,3350533.56580000,19227,991.47610000
2023-07-21 00:00:00.000000 ,1934.00000000,1938.00000000,1921.00000000,1924.00000000,842.98630000,1625866.45650000,27096,219.53970000
2023-07-22 00:00:00.000000 ,1924.00000000,1929.00000000,1921.00000000,1927.00000000,420.52670000,809199.35460000,11053,131.18880000
2023-07-23 00:00:00.000000 ,1927.00000000,1934.00000000,1923.00000000,1933.00000000,230.24550000,443935.16800000,2763,81.53540000
2023-07-24 00:00:00.000000 ,1932.00000000,1947.00000000,1930.00000000,1936.00000000,923.11920000,1788185.35370000,5861,545.70210000
2023-07-25 00:00:00.000000 ,1937.00000000,1951.00000000,1929.00000000,1945.00000000,619.42410000,1203325.04080000,4574,365.53720000
2023-07-26 00:00:00.000000 ,1945.00000000,1965.00000000,1941.00000000,1955.00000000,965.52580000,1886325.69910000,6998,518.69150000
2023-07-27 00:00:00.000000 ,1956.00000000,1968.00000000,1934.00000000,1942.00000000,834.15670000,1622732.57240000,4227,359.00800000
2023-07-28 00:00:00.000000 ,1942.00000000,1951.00000000,1938.00000000,1950.00000000,339.51270000,660915.82950000,3759,197.78620000
2023-07-29 00:00:00.000000 ,1950.00000000,1954.00000000,1945.00000000,1947.00000000,120.04880000,233967.77140000,2407,64.54150000
2023-07-30 00:00:00.000000 ,1947.00000000,1960.00000000,1942.00000000,1947.00000000,194.74600000,379304.91760000,3522,81.60720000
2023-07-31 00:00:00.000000 ,1946.00000000,1961.00000000,1938.00000000,1954.00000000,413.56900000,806312.52190000,3375,193.45910000
2023-08-01 00:00:00.000000 ,1954.00000000,1954.00000000,1936.00000000,1948.00000000,581.43040000,1130187.93640000,4815,284.11440000
2023-08-02 00:00:00.000000 ,1949.00000000,1949.00000000,1924.00000000,1929.00000000,657.82740000,1273135.01080000,4023,231.07220000
2023-08-03 00:00:00.000000 ,1931.00000000,1937.00000000,1923.00000000,1934.00000000,407.04400000,785977.05410000,2513,192.07300000
2023-08-04 00:00:00.000000 ,1934.00000000,1946.00000000,1924.00000000,1944.00000000,547.19750000,1059666.27260000,3007,300.01600000
2023-08-05 00:00:00.000000 ,1944.00000000,1950.00000000,1938.00000000,1943.00000000,309.34530000,601387.91450000,3732,195.16000000
2023-08-06 00:00:00.000000 ,1942.00000000,1949.00000000,1934.00000000,1941.00000000,379.82580000,737836.35980000,3470,207.97450000
2023-08-07 00:00:00.000000 ,1941.00000000,1947.00000000,1930.00000000,1944.00000000,890.19090000,1728008.75560000,4462,579.11620000
2023-08-08 00:00:00.000000 ,1945.00000000,1945.00000000,1928.00000000,1930.00000000,738.25620000,1429083.06200000,2992,230.25040000
2023-08-09 00:00:00.000000 ,1930.00000000,1939.00000000,1915.00000000,1920.00000000,1022.29620000,1969980.89760000,4935,408.13010000
2023-08-10 00:00:00.000000 ,1920.00000000,1929.00000000,1917.00000000,1917.00000000,542.60190000,1043315.67560000,3029,268.97950000
2023-08-11 00:00:00.000000 ,1917.00000000,1924.00000000,1910.00000000,1910.00000000,409.72330000,785440.84470000,2604,169.69680000
2023-08-12 00:00:00.000000 ,1910.00000000,1912.00000000,1890.00000000,1904.00000000,719.39180000,1367804.26670000,4502,206.56630000
2023-08-13 00:00:00.000000 ,1905.00000000,1911.00000000,1896.00000000,1906.00000000,261.78370000,498669.75340000,2883,107.16200000
2023-08-14 00:00:00.000000 ,1907.00000000,1915.00000000,1899.00000000,1902.00000000,488.37620000,931303.38290000,2704,203.29590000
2023-08-15 00:00:00.000000 ,1901.00000000,1911.00000000,1897.00000000,1899.00000000,442.27610000,841589.95120000,3434,204.92930000
2023-08-16 00:00:00.000000 ,1899.00000000,1908.00000000,1890.00000000,1894.00000000,613.13890000,1164441.74520000,4169,286.13800000
2023-08-17 00:00:00.000000 ,1892.00000000,1902.00000000,1865.00000000,1871.00000000,1547.44520000,2916275.78560000,10538,660.67670000
2023-08-18 00:00:00.000000 ,1872.00000000,1899.00000000,1867.00000000,1874.00000000,1107.15140000,2088729.68940000,6725,435.73080000
2023-08-19 00:00:00.000000 ,1874.00000000,1883.00000000,1870.00000000,1875.00000000,386.35750000,724954.36900000,4262,121.47500000
2023-08-20 00:00:00.000000 ,1874.00000000,1879.00000000,1868.00000000,1876.00000000,331.71340000,621727.60580000,2516,108.94760000
2023-08-21 00:00:00.000000 ,1875.00000000,1886.00000000,1871.00000000,1879.00000000,500.19270000,939435.49480000,4228,258.69370000
2023-08-22 00:00:00.000000 ,1880.00000000,1899.00000000,1877.00000000,1888.00000000,628.90370000,1187181.55430000,5795,339.35620000
2023-08-23 00:00:00.000000 ,1888.00000000,1918.00000000,1888.00000000,1910.00000000,864.75010000,1648542.96200000,7802,496.11810000
2023-08-24 00:00:00.000000 ,1910.00000000,1913.00000000,1903.00000000,1909.00000000,473.59220000,903784.43800000,4203,236.07760000
2023-08-25 00:00:00.000000 ,1908.00000000,1913.00000000,1896.00000000,1903.00000000,369.60080000,703736.11040000,4970,162.43780000
2023-08-26 00:00:00.000000 ,1902.00000000,1905.00000000,1897.00000000,1904.00000000,177.67350000,337788.16520000,3372,106.75430000
2023-08-27 00:00:00.000000 ,1903.00000000,1907.00000000,1896.00000000,1899.00000000,237.83780000,452165.73830000,2219,61.02600000
2023-08-28 00:00:00.000000 ,1901.00000000,1911.00000000,1899.00000000,1905.00000000,432.46940000,823313.47800000,1983,256.80370000
2023-08-29 00:00:00.000000 ,1904.00000000,1920.00000000,1890.00000000,1913.00000000,875.21360000,1673193.20080000,5849,394.58130000
2023-08-30 00:00:00.000000 ,1913.00000000,1929.00000000,1910.00000000,1923.00000000,510.03000000,979068.47960000,4382,240.54150000
2023-08-31 00:00:00.000000 ,1924.00000000,1934.00000000,1912.00000000,1918.00000000,633.83690000,1217921.32460000,4698,329.09410000
2023-09-01 00:00:00.000000 ,1918.00000000,1934.00000000,1915.00000000,1917.00000000,452.95160000,870507.70860000,4413,185.74570000
2023-09-02 00:00:00.000000 ,1917.00000000,1922.00000000,1912.00000000,1914.00000000,195.65680000,375097.94860000,3592,78.95110000
2023-09-03 00:00:00.000000 ,1914.00000000,1922.00000000,1912.00000000,1917.00000000,183.46610000,351599.18190000,1836,89.39010000
2023-09-04 00:00:00.000000 ,1917.00000000,1928.00000000,1916.00000000,1920.00000000,199.35210000,382851.78580000,2948,80.77690000
2023-09-05 00:00:00.000000 ,1920.00000000,1920.00000000,1906.00000000,1912.00000000,318.37790000,609082.21240000,2724,147.38040000
2023-09-06 00:00:00.000000 ,1911.00000000,1912.00000000,1891.00000000,1898.00000000,353.62090000,673290.12900000,2593,159.37250000
2023-09-07 00:00:00.000000 ,1898.00000000,1908.00000000,1898.00000000,1908.00000000,327.15570000,622860.31520000,2689,144.76700000
2023-09-08 00:00:00.000000 ,1908.00000000,1911.00000000,1897.00000000,1903.00000000,378.04590000,719868.44010000,2288,182.05050000
2023-09-09 00:00:00.000000 ,1903.00000000,1903.00000000,1896.00000000,1898.00000000,112.90520000,214394.01970000,1361,43.14400000
2023-09-10 00:00:00.000000 ,1899.00000000,1902.00000000,1890.00000000,1898.00000000,298.14210000,565104.51140000,5006,84.71350000
2023-09-11 00:00:00.000000 ,1898.00000000,1908.00000000,1897.00000000,1903.00000000,643.97410000,1225194.09680000,4614,305.85630000
2023-09-12 00:00:00.000000 ,1903.00000000,1910.00000000,1885.00000000,1892.00000000,619.75110000,1175960.24730000,5255,186.68750000
2023-09-13 00:00:00.000000 ,1892.00000000,1900.00000000,1882.00000000,1889.00000000,444.91510000,841345.31500000,2640,231.31920000
2023-09-14 00:00:00.000000 ,1888.00000000,1901.00000000,1888.00000000,1894.00000000,364.31610000,690202.83910000,2994,136.04070000
2023-09-15 00:00:00.000000 ,1894.00000000,1914.00000000,1893.00000000,1910.00000000,721.44020000,1373395.12100000,4205,259.26300000
2023-09-16 00:00:00.000000 ,1909.00000000,1914.00000000,1904.00000000,1906.00000000,232.13920000,443040.86050000,1905,65.84860000
2023-09-17 00:00:00.000000 ,1906.00000000,1910.00000000,1902.00000000,1909.00000000,226.25710000,431476.36080000,3383,96.33130000
2023-09-18 00:00:00.000000 ,1909.00000000,1921.00000000,1906.00000000,1921.00000000,644.66490000,1234162.98690000,2745,238.53890000
2023-09-19 00:00:00.000000 ,1921.00000000,1929.00000000,1914.00000000,1921.00000000,565.31790000,1085733.53160000,3615,204.50510000
2023-09-20 00:00:00.000000 ,1920.00000000,1934.00000000,1914.00000000,1920.00000000,552.14360000,1062511.12010000,2277,265.19470000
2023-09-21 00:00:00.000000 ,1921.00000000,1923.00000000,1907.00000000,1910.00000000,382.52660000,732750.35350000,2117,140.64010000
2023-09-22 00:00:00.000000 ,1911.00000000,1918.00000000,1909.00000000,1912.00000000,170.31780000,325944.93430000,1721,57.66850000
2023-09-23 00:00:00.000000 ,1911.00000000,1919.00000000,1911.00000000,1913.00000000,207.66590000,397414.76020000,1436,69.30200000
2023-09-24 00:00:00.000000 ,1914.00000000,1916.00000000,1910.00000000,1912.00000000,222.41500000,425484.98050000,979,56.70130000
2023-09-25 00:00:00.000000 ,1913.00000000,1919.00000000,1905.00000000,1908.00000000,360.59330000,689598.75180000,2023,178.45610000
2023-09-26 00:00:00.000000 ,1907.00000000,1915.00000000,1897.00000000,1899.00000000,348.52670000,663833.80130000,2030,172.48930000
2023-09-27 00:00:00.000000 ,1899.00000000,1901.00000000,1878.00000000,1881.00000000,737.07330000,1391640.92360000,3079,447.43970000
2023-09-28 00:00:00.000000 ,1882.00000000,1884.00000000,1868.00000000,1871.00000000,811.16020000,1522806.00530000,3913,328.90370000
2023-09-29 00:00:00.000000 ,1872.00000000,1884.00000000,1862.00000000,1864.00000000,690.01040000,1292204.14480000,4272,364.76510000
2023-09-30 00:00:00.000000 ,1865.00000000,1870.00000000,1862.00000000,1868.00000000,284.54890000,531142.87850000,2954,123.67040000
2023-10-01 00:00:00.000000 ,1868.00000000,1873.00000000,1855.00000000,1865.00000000,535.65000000,999407.30980000,5765,268.03940000
2023-10-02 00:00:00.000000 ,1865.00000000,1870.00000000,1839.00000000,1840.00000000,1055.19870000,1952264.66210000,8119,461.02800000
2023-10-03 00:00:00.000000 ,1841.00000000,1841.00000000,1824.00000000,1827.00000000,851.41830000,1559336.54110000,8812,391.07150000
2023-10-04 00:00:00.000000 ,1827.00000000,1839.00000000,1821.00000000,1836.00000000,826.21770000,1511602.21760000,5401,505.39750000
2023-10-05 00:00:00.000000 ,1837.00000000,1839.00000000,1825.00000000,1830.00000000,473.10710000,866848.30090000,2894,234.18150000
2023-10-06 00:00:00.000000 ,1830.00000000,1842.00000000,1823.00000000,1840.00000000,588.33680000,1077930.00200000,3330,329.71230000
2023-10-07 00:00:00.000000 ,1840.00000000,1857.00000000,1835.00000000,1855.00000000,458.40000000,846634.95120000,3100,273.32640000
2023-10-08 00:00:00.000000 ,1856.00000000,1872.00000000,1849.00000000,1864.00000000,987.80420000,1839246.55330000,6369,498.73400000
2023-10-09 00:00:00.000000 ,1863.00000000,1870.00000000,1850.00000000,1868.00000000,1536.76580000,2861639.12660000,6284,809.21400000
2023-10-10 00:00:00.000000 ,1868.00000000,1872.00000000,1860.00000000,1863.00000000,443.51380000,827477.73500000,4012,202.65040000
2023-10-11 00:00:00.000000 ,1864.00000000,1880.00000000,1859.00000000,1876.00000000,722.74700000,1351775.10180000,5445,383.21110000
2023-10-12 00:00:00.000000 ,1875.00000000,1882.00000000,1862.00000000,1873.00000000,469.79200000,880616.45410000,4577,225.63130000
2023-10-13 00:00:00.000000 ,1873.00000000,1922.00000000,1870.00000000,1917.00000000,1248.62460000,2376823.12490000,6097,663.04940000
2023-10-14 00:00:00.000000 ,1917.00000000,1920.00000000,1908.00000000,1919.00000000,560.14100000,1073796.95980000,4248,216.56470000
2023-10-15 00:00:00.000000 ,1919.00000000,1935.00000000,1915.00000000,1916.00000000,905.11100000,1743483.98460000,8008,494.60810000
2023-10-16 00:00:00.000000 ,1916.00000000,1921.00000000,1892.00000000,1908.00000000,953.32620000,1820203.76180000,8284,472.89480000
2023-10-17 00:00:00.000000 ,1908.00000000,1926.00000000,1900.00000000,1919.00000000,894.40250000,1711188.01380000,6353,389.71450000
2023-10-18 00:00:00.000000 ,1919.00000000,1947.00000000,1916.00000000,1941.00000000,1181.06660000,2285684.69260000,6903,634.16990000
2023-10-19 00:00:00.000000 ,1941.00000000,1964.00000000,1932.00000000,1962.00000000,1702.71200000,3318018.58040000,8113,902.01120000
2023-10-20 00:00:00.000000 ,1963.00000000,1979.00000000,1956.00000000,1965.00000000,1955.72960000,3846949.89430000,8475,819.11140000
2023-10-21 00:00:00.000000 ,1965.00000000,1969.00000000,1957.00000000,1965.00000000,402.87300000,791203.41510000,4140,120.37190000
2023-10-22 00:00:00.000000 ,1965.00000000,1975.00000000,1960.00000000,1965.00000000,532.61280000,1047524.81800000,5366,241.56240000
2023-10-23 00:00:00.000000 ,1965.00000000,1975.00000000,1945.00000000,1954.00000000,1207.67610000,2366341.72120000,9192,459.88130000
2023-10-24 00:00:00.000000 ,1956.00000000,1968.00000000,1936.00000000,1953.00000000,1614.71900000,3152753.30550000,12479,498.72550000
2023-10-25 00:00:00.000000 ,1952.00000000,1970.00000000,1949.00000000,1962.00000000,1056.37380000,2069047.66550000,6599,392.66550000
2023-10-26 00:00:00.000000 ,1962.00000000,1972.00000000,1953.00000000,1966.00000000,1159.41050000,2276426.23800000,6293,622.08160000
2023-10-27 00:00:00.000000 ,1966.00000000,1992.00000000,1961.00000000,1987.00000000,1505.00020000,2976176.17460000,7560,656.64900000
2023-10-28 00:00:00.000000 ,1987.00000000,1993.00000000,1984.00000000,1986.00000000,389.32540000,774101.41310000,5221,199.05410000
2023-10-29 00:00:00.000000 ,1986.00000000,1992.00000000,1973.00000000,1983.00000000,948.58690000,1880370.09660000,8409,363.30440000
2023-10-30 00:00:00.000000 ,1982.00000000,1989.00000000,1971.00000000,1976.00000000,695.43620000,1375910.30790000,4555,267.92770000
2023-10-31 00:00:00.000000 ,1976.00000000,1986.00000000,1962.00000000,1966.00000000,725.26440000,1431851.01900000,5668,245.93190000
2023-11-01 00:00:00.000000 ,1966.00000000,1973.00000000,1948.00000000,1964.00000000,982.83410000,1926539.29170000,7420,393.41440000
2023-11-02 00:00:00.000000 ,1964.00000000,1968.00000000,1950.00000000,1963.00000000,1233.73180000,2420488.43820000,7086,443.56300000
2023-11-03 00:00:00.000000 ,1962.00000000,1983.00000000,1958.00000000,1971.00000000,796.89750000,1568233.47550000,6504,295.78020000
2023-11-04 00:00:00.000000 ,1971.00000000,1976.00000000,1954.00000000,1966.00000000,640.35250000,1259453.82190000,5208,218.04940000
2023-11-05 00:00:00.000000 ,1966.00000000,1975.00000000,1946.00000000,1960.00000000,1163.94090000,2283122.82140000,10531,376.53410000
2023-11-06 00:00:00.000000 ,1959.00000000,1966.00000000,1951.00000000,1956.00000000,577.62070000,1131676.98380000,6134,199.84690000
2023-11-07 00:00:00.000000 ,1956.00000000,1956.00000000,1936.00000000,1947.00000000,847.67100000,1650198.41510000,4765,241.85530000
2023-11-08 00:00:00.000000 ,1947.00000000,1950.00000000,1928.00000000,1930.00000000,729.28880000,1414255.39390000,6037,232.59300000
2023-11-09 00:00:00.000000 ,1930.00000000,1949.00000000,1924.00000000,1943.00000000,1510.40960000,2924772.03220000,13242,645.56490000
2023-11-10 00:00:00.000000 ,1942.00000000,1945.00000000,1919.00000000,1924.00000000,1065.61590000,2055707.13680000,8466,496.86390000
2023-11-11 00:00:00.000000 ,1924.00000000,1927.00000000,1913.00000000,1920.00000000,551.57260000,1058057.18260000,6785,236.78240000
2023-11-12 00:00:00.000000 ,1920.00000000,1921.00000000,1913.00000000,1919.00000000,413.33050000,792190.78670000,4701,178.78170000
2023-11-13 00:00:00.000000 ,1919.00000000,1941.00000000,1913.00000000,1929.00000000,973.93200000,1873777.86330000,7939,491.78990000
2023-11-14 00:00:00.000000 ,1930.00000000,1953.00000000,1906.00000000,1942.00000000,1464.56240000,2836054.49890000,10235,579.06840000
2023-11-15 00:00:00.000000 ,1941.00000000,1959.00000000,1933.00000000,1939.00000000,1055.01800000,2053091.97740000,8452,451.36780000
2023-11-16 00:00:00.000000 ,1940.00000000,1966.00000000,1930.00000000,1960.00000000,1309.07750000,2553097.48820000,9223,583.52570000
2023-11-17 00:00:00.000000 ,1960.00000000,1977.00000000,1960.00000000,1967.00000000,895.80140000,1762219.03250000,9041,352.06390000
2023-11-18 00:00:00.000000 ,1967.00000000,1969.00000000,1958.00000000,1960.00000000,379.64100000,745060.33500000,4447,140.77740000
2023-11-19 00:00:00.000000 ,1961.00000000,1966.00000000,1951.00000000,1957.00000000,388.24100000,760918.71690000,3843,117.10800000
2023-11-20 00:00:00.000000 ,1958.00000000,1965.00000000,1950.00000000,1961.00000000,594.61200000,1163784.78670000,6241,259.97100000
2023-11-21 00:00:00.000000 ,1961.00000000,1989.00000000,1959.00000000,1977.00000000,1534.63580000,3037042.12030000,12672,759.97460000
2023-11-22 00:00:00.000000 ,1977.00000000,1988.00000000,1972.00000000,1982.00000000,815.83020000,1615664.00120000,8016,380.78620000
2023-11-23 00:00:00.000000 ,1982.00000000,1988.00000000,1976.00000000,1980.00000000,699.41280000,1384687.02960000,3811,271.14330000
2023-11-24 00:00:00.000000 ,1979.00000000,1989.00000000,1976.00000000,1985.00000000,552.93800000,1096014.48560000,5942,251.27630000
2023-11-25 00:00:00.000000 ,1985.00000000,1989.00000000,1975.00000000,1983.00000000,516.94410000,1025030.79620000,5464,149.12290000
2023-11-26 00:00:00.000000 ,1982.00000000,1989.00000000,1980.00000000,1984.00000000,376.55310000,746666.89230000,4620,96.74430000
2023-11-27 00:00:00.000000 ,1983.00000000,2000.00000000,1983.00000000,1997.00000000,1193.69480000,2380662.75600000,8202,607.24550000
2023-11-28 00:00:00.000000 ,1997.00000000,2031.00000000,1993.00000000,2023.00000000,1391.32970000,2798464.47610000,7398,804.08840000
2023-11-29 00:00:00.000000 ,2023.00000000,2031.00000000,2011.00000000,2025.00000000,707.87860000,1432357.03760000,4687,257.93470000
2023-11-30 00:00:00.000000 ,2024.00000000,2031.00000000,2015.00000000,2023.00000000,594.03750000,1201608.74600000,5325,232.10130000
2023-12-01 00:00:00.000000 ,2023.00000000,2058.00000000,2019.00000000,2051.00000000,1626.57240000,3318001.45550000,7422,845.81790000
2023-12-02 00:00:00.000000 ,2050.00000000,2053.00000000,2042.00000000,2044.00000000,731.76350000,1497425.01020000,5705,275.86650000
2023-12-03 00:00:00.000000 ,2044.00000000,2095.00000000,2041.00000000,2088.00000000,1408.00930000,2900332.35040000,7728,838.49500000
2023-12-04 00:00:00.000000 ,2090.00000000,2090.00000000,2014.00000000,2026.00000000,1746.34360000,3570046.36720000,14132,804.89690000
2023-12-05 00:00:00.000000 ,2026.00000000,2034.00000000,2006.00000000,2012.00000000,1119.76010000,2259014.71800000,8396,435.65860000
2023-12-06 00:00:00.000000 ,2012.00000000,2020.00000000,2002.00000000,2007.00000000,902.35280000,1813462.83070000,9801,470.61850000
2023-12-07 00:00:00.000000 ,2007.00000000,2026.00000000,2005.00000000,2018.00000000,872.25390000,1759305.60620000,14859,411.88440000
2023-12-08 00:00:00.000000 ,2018.00000000,2023.00000000,1989.00000000,2003.00000000,1136.60830000,2277609.02170000,12444,539.16350000
2023-12-09 00:00:00.000000 ,2003.00000000,2012.00000000,1979.00000000,1997.00000000,1214.13210000,2417766.62680000,14807,559.09580000
2023-12-10 00:00:00.000000 ,1997.00000000,1998.00000000,1982.00000000,1990.00000000,590.80980000,1174716.16910000,11125,259.57600000
2023-12-11 00:00:00.000000 ,1991.00000000,1994.00000000,1965.00000000,1970.00000000,1529.26710000,3020699.85950000,12150,723.12230000
2023-12-12 00:00:00.000000 ,1970.00000000,1979.00000000,1957.00000000,1964.00000000,850.22750000,1672932.92390000,7721,351.80640000
2023-12-13 00:00:00.000000 ,1964.00000000,2012.00000000,1950.00000000,2011.00000000,1206.48080000,2386067.91030000,7851,623.70050000
2023-12-14 00:00:00.000000 ,2012.00000000,2029.00000000,2001.00000000,2017.00000000,1344.29800000,2709018.68390000,7956,731.43810000
2023-12-15 00:00:00.000000 ,2017.00000000,2027.00000000,2001.00000000,2003.00000000,645.90780000,1301183.38660000,5209,294.25510000
2023-12-16 00:00:00.000000 ,2003.00000000,2008.00000000,1993.00000000,1995.00000000,325.65190000,650373.92730000,3621,111.78370000
2023-12-17 00:00:00.000000 ,1996.00000000,2002.00000000,1989.00000000,1999.00000000,380.08650000,758360.92280000,3406,121.43390000
2023-12-18 00:00:00.000000 ,1997.00000000,2019.00000000,1997.00000000,2011.00000000,763.56400000,1532571.65130000,5915,351.37680000
2023-12-19 00:00:00.000000 ,2012.00000000,2028.00000000,2005.00000000,2020.00000000,788.79900000,1592417.11510000,6847,387.26120000
2023-12-20 00:00:00.000000 ,2020.00000000,2028.00000000,2007.00000000,2012.00000000,517.13140000,1042545.10870000,5216,213.36020000
2023-12-21 00:00:00.000000 ,2011.00000000,2033.00000000,2010.00000000,2030.00000000,1163.17420000,2348931.79930000,6535,491.78110000
2023-12-22 00:00:00.000000 ,2030.00000000,2048.00000000,2026.00000000,2028.00000000,938.17180000,1910108.97760000,8123,353.42330000
2023-12-23 00:00:00.000000 ,2028.00000000,2038.00000000,2024.00000000,2026.00000000,487.84370000,989476.09750000,3546,124.88580000
2023-12-24 00:00:00.000000 ,2025.00000000,2032.00000000,2023.00000000,2029.00000000,336.17000000,681434.86010000,4579,145.86110000
2023-12-25 00:00:00.000000 ,2028.00000000,2033.00000000,2016.00000000,2031.00000000,651.08270000,1319166.91500000,5296,298.68700000
2023-12-26 00:00:00.000000 ,2030.00000000,2039.00000000,2024.00000000,2036.00000000,1099.30210000,2234093.28260000,9738,545.45860000
2023-12-27 00:00:00.000000 ,2035.00000000,2058.00000000,2034.00000000,2053.00000000,933.52620000,1909137.83610000,9015,415.19140000
2023-12-28 00:00:00.000000 ,2052.00000000,2069.00000000,2040.00000000,2047.00000000,672.38560000,1383108.70980000,9277,339.76760000
2023-12-29 00:00:00.000000 ,2047.00000000,2054.00000000,2030.00000000,2035.00000000,930.79900000,1898830.32100000,9177,433.85400000
2023-12-30 00:00:00.000000 ,2034.00000000,2044.00000000,2022.00000000,2029.00000000,433.54040000,880075.25030000,4231,144.79710000
2023-12-31 00:00:00.000000 ,2028.00000000,2036.00000000,2024.00000000,2028.00000000,375.76760000,762505.45400000,4332,106.24470000
2024-01-01 00:00:00.000000 ,2027.00000000,2038.00000000,2024.00000000,2029.00000000,376.82700000,764724.73150000,4697,190.17280000
2024-01-02 00:00:00.000000 ,2029.00000000,2051.00000000,2006.00000000,2035.00000000,1137.50660000,2317501.57100000,11348,482.32940000
2024-01-03 00:00:00.000000 ,2033.00000000,2043.00000000,2000.00000000,2018.00000000,1198.40030000,2417480.45080000,13844,528.70340000
2024-01-04 00:00:00.000000 ,2018.00000000,2028.00000000,2010.00000000,2021.00000000,603.93640000,1219767.67670000,8037,214.50530000
2024-01-05 00:00:00.000000 ,2021.00000000,2040.00000000,2011.00000000,2020.00000000,806.39540000,1632679.15970000,7089,468.45990000
2024-01-06 00:00:00.000000 ,2021.00000000,2022.00000000,2004.00000000,2016.00000000,411.08660000,828259.35840000,3420,104.64550000
2024-01-07 00:00:00.000000 ,2017.00000000,2021.00000000,2009.00000000,2015.00000000,271.62170000,547078.01260000,3307,78.40630000
2024-01-08 00:00:00.000000 ,2014.00000000,2025.00000000,2000.00000000,2007.00000000,970.48750000,1951387.81020000,9934,485.05600000
2024-01-09 00:00:00.000000 ,2008.00000000,2022.00000000,2006.00000000,2015.00000000,543.39070000,1094242.13670000,6497,249.35370000
2024-01-10 00:00:00.000000 ,2014.00000000,2028.00000000,1994.00000000,2000.00000000,1493.75780000,2997073.40790000,12753,606.10520000
2024-01-11 00:00:00.000000 ,1999.00000000,2015.00000000,1990.00000000,2012.00000000,1683.09160000,3368543.24460000,12122,708.96240000
2024-01-12 00:00:00.000000 ,2011.00000000,2034.00000000,2004.00000000,2022.00000000,1475.77010000,2981999.86040000,9584,713.60710000
2024-01-13 00:00:00.000000 ,2021.00000000,2027.00000000,2016.00000000,2018.00000000,624.87680000,1262675.15820000,6279,279.38090000
2024-01-14 00:00:00.000000 ,2018.00000000,2025.00000000,2015.00000000,2022.00000000,343.38110000,693619.70750000,5309,152.59580000
2024-01-15 00:00:00.000000 ,2022.00000000,2050.00000000,2022.00000000,2040.00000000,830.71940000,1693242.41220000,6361,378.54540000
2024-01-16 00:00:00.000000 ,2040.00000000,2047.00000000,2011.00000000,2018.00000000,443.13140000,898184.28250000,5594,209.95870000
2024-01-17 00:00:00.000000 ,2019.00000000,2026.00000000,2000.00000000,2005.00000000,663.29030000,1332896.33890000,4735,288.22620000
2024-01-18 00:00:00.000000 ,2005.00000000,2020.00000000,2001.00000000,2016.00000000,608.53760000,1222894.74310000,7025,309.53950000
2024-01-19 00:00:00.000000 ,2015.00000000,2022.00000000,2005.00000000,2010.00000000,708.56570000,1427867.46100000,6480,380.68880000
2024-01-20 00:00:00.000000 ,2010.00000000,2017.00000000,2007.00000000,2014.00000000,211.63110000,425413.03680000,2910,84.24690000
2024-01-21 00:00:00.000000 ,2013.00000000,2016.00000000,2006.00000000,2008.00000000,280.57380000,563659.89760000,1954,104.67340000
2024-01-22 00:00:00.000000 ,2008.00000000,2012.00000000,2000.00000000,2001.00000000,862.10790000,1728357.01270000,4831,379.23920000
2024-01-23 00:00:00.000000 ,2002.00000000,2016.00000000,2000.00000000,2009.00000000,764.09020000,1533369.13120000,5294,221.25330000
2024-01-24 00:00:00.000000 ,2009.00000000,2015.00000000,2000.00000000,2004.00000000,471.66060000,946320.14760000,3490,156.47590000
2024-01-25 00:00:00.000000 ,2004.00000000,2012.00000000,1994.00000000,2003.00000000,786.51360000,1576158.04700000,3345,497.90960000
2024-01-26 00:00:00.000000 ,2004.00000000,2010.00000000,1998.00000000,1999.00000000,537.75270000,1077823.45690000,6513,281.11260000
2024-01-27 00:00:00.000000 ,1999.00000000,2004.00000000,1993.00000000,1998.00000000,367.08140000,733566.10120000,3565,138.04180000
2024-01-28 00:00:00.000000 ,1998.00000000,2008.00000000,1994.00000000,2007.00000000,546.98760000,1095323.72140000,4451,301.04790000
2024-01-29 00:00:00.000000 ,2007.00000000,2016.00000000,2001.00000000,2009.00000000,1225.94360000,2461908.35560000,4928,874.74930000
2024-01-30 00:00:00.000000 ,2009.00000000,2016.00000000,2002.00000000,2015.00000000,1146.99970000,2304890.22240000,5907,758.63890000
2024-01-31 00:00:00.000000 ,2015.00000000,2036.00000000,2012.00000000,2023.00000000,1095.70460000,2216852.97730000,5824,515.87340000
2024-02-01 00:00:00.000000 ,2023.00000000,2044.00000000,2017.00000000,2036.00000000,856.64240000,1738811.03380000,6185,373.92650000
2024-02-02 00:00:00.000000 ,2036.00000000,2040.00000000,2016.00000000,2025.00000000,431.96220000,875735.87320000,3743,216.92060000
2024-02-03 00:00:00.000000 ,2022.00000000,2049.00000000,2018.00000000,2019.00000000,245.13070000,496662.33070000,2744,129.45410000
2024-02-04 00:00:00.000000 ,2019.00000000,2027.00000000,2016.00000000,2019.00000000,351.01390000,708752.63010000,2241,97.65530000
2024-02-05 00:00:00.000000 ,2021.00000000,2021.00000000,2003.00000000,2008.00000000,378.13740000,760327.19200000,5434,133.16980000
2024-02-06 00:00:00.000000 ,2008.00000000,2026.00000000,2005.00000000,2016.00000000,410.56410000,827672.06800000,3717,243.95860000
2024-02-07 00:00:00.000000 ,2016.00000000,2025.00000000,2010.00000000,2017.00000000,527.01930000,1062997.57350000,6048,170.04950000
2024-02-08 00:00:00.000000 ,2016.00000000,2021.00000000,1975.00000000,2013.00000000,925.82290000,1859993.08720000,6216,248.72590000
2024-02-09 00:00:00.000000 ,2012.00000000,2016.00000000,1998.00000000,2002.00000000,1231.86740000,2472853.70940000,8301,511.42810000
2024-02-10 00:00:00.000000 ,2001.00000000,2009.00000000,1984.00000000,1999.00000000,727.59270000,1455177.53020000,5361,260.95980000
2024-02-11 00:00:00.000000 ,1999.00000000,2007.00000000,1996.00000000,2005.00000000,338.35580000,676830.38480000,4379,163.51010000
2024-02-12 00:00:00.000000 ,2004.00000000,2010.00000000,1994.00000000,2001.00000000,1772.89220000,3547391.40250000,7187,1370.42160000
2024-02-13 00:00:00.000000 ,2000.00000000,2009.00000000,1981.00000000,1987.00000000,770.75610000,1538441.96970000,8016,298.56800000
2024-02-14 00:00:00.000000 ,1988.00000000,1994.00000000,1968.00000000,1980.00000000,1417.37120000,2809204.83530000,12323,568.79300000
2024-02-15 00:00:00.000000 ,1980.00000000,1989.00000000,1971.00000000,1982.00000000,1102.00290000,2183639.38720000,9003,502.52470000
2024-02-16 00:00:00.000000 ,1982.00000000,1996.00000000,1974.00000000,1986.00000000,1004.26830000,1993322.28200000,7216,350.42190000
2024-02-17 00:00:00.000000 ,1985.00000000,1999.00000000,1985.00000000,1991.00000000,570.05700000,1134207.21400000,4612,164.76950000
2024-02-18 00:00:00.000000 ,1990.00000000,1994.00000000,1982.00000000,1991.00000000,662.07060000,1316161.11210000,4996,201.84090000
2024-02-19 00:00:00.000000 ,1990.00000000,2000.00000000,1982.00000000,1989.00000000,879.71710000,1754123.09530000,6056,330.63080000
2024-02-20 00:00:00.000000 ,1989.00000000,2009.00000000,1981.00000000,2004.00000000,1017.66010000,2035141.92080000,9184,411.59860000
2024-02-21 00:00:00.000000 ,2004.00000000,2009.00000000,2000.00000000,2002.00000000,603.14870000,1209109.90800000,6030,275.48800000
2024-02-22 00:00:00.000000 ,2002.00000000,2010.00000000,1997.00000000,2001.00000000,800.07130000,1603960.39980000,6036,479.93690000
2024-02-23 00:00:00.000000 ,2001.00000000,2015.00000000,1994.00000000,2008.00000000,793.97250000,1592351.31950000,7040,443.73490000
2024-02-24 00:00:00.000000 ,2008.00000000,2012.00000000,2006.00000000,2008.00000000,316.49390000,635542.77430000,5080,123.01300000
2024-02-25 00:00:00.000000 ,2008.00000000,2011.00000000,1999.00000000,2008.00000000,355.00140000,712192.83040000,4476,114.26380000
2024-02-26 00:00:00.000000 ,2008.00000000,2014.00000000,2001.00000000,2005.00000000,953.76310000,1914535.87270000,7509,371.94990000
2024-02-27 00:00:00.000000 ,2005.00000000,2008.00000000,2000.00000000,2005.00000000,1193.91570000,2394434.28830000,7390,671.73960000
2024-02-28 00:00:00.000000 ,2005.00000000,2022.00000000,2001.00000000,2019.00000000,2194.84790000,4416055.70630000,17374,1226.26490000
2024-02-29 00:00:00.000000 ,2018.00000000,2029.00000000,1989.00000000,1995.00000000,2186.51500000,4398345.37810000,12613,1026.57190000
2024-03-01 00:00:00.000000 ,1996.00000000,2039.00000000,1992.00000000,2019.00000000,4715.78150000,9477464.92540000,14657,3131.72570000
2024-03-02 00:00:00.000000 ,2019.00000000,2034.00000000,2016.00000000,2031.00000000,1015.18580000,2055680.90850000,7180,419.59420000
2024-03-03 00:00:00.000000 ,2030.00000000,2039.00000000,2016.00000000,2023.00000000,1596.28140000,3234058.78390000,9593,778.15380000
2024-03-04 00:00:00.000000 ,2024.00000000,2076.00000000,2003.00000000,2065.00000000,3875.10890000,7903603.19670000,19724,1999.25260000
2024-03-05 00:00:00.000000 ,2065.00000000,2098.00000000,2057.00000000,2089.00000000,4970.50820000,10318200.73850000,34516,1937.70690000
2024-03-06 00:00:00.000000 ,2089.00000000,2119.00000000,2081.00000000,2111.00000000,2125.09035200,4463686.49285676,17781,1271.22202800
2024-03-07 00:00:00.000000 ,2110.00000000,2140.00000000,2106.00000000,2131.00000000,2110.93700000,4489141.18000000,14201,957.01850000
2024-03-08 00:00:00.000000 ,2131.00000000,2167.00000000,2120.00000000,2131.00000000,2115.01110000,4532562.62080000,16245,1212.78850000
2024-03-09 00:00:00.000000 ,2131.00000000,2141.00000000,2126.00000000,2130.00000000,917.06140000,1956211.92240000,7938,479.28920000
2024-03-10 00:00:00.000000 ,2130.00000000,2141.00000000,2116.00000000,2141.00000000,1274.02540000,2713006.56610000,8719,747.64380000
2024-03-11 00:00:00.000000 ,2139.00000000,2174.00000000,2130.00000000,2160.00000000,1942.04510000,4190994.85820000,19350,858.73730000
2024-03-12 00:00:00.000000 ,2161.00000000,2164.00000000,2129.00000000,2144.00000000,1500.22370000,3218657.92330000,14007,698.22740000
2024-03-13 00:00:00.000000 ,2144.00000000,2162.00000000,2137.00000000,2153.00000000,885.12010000,1901991.44530000,11100,448.85660000
2024-03-14 00:00:00.000000 ,2154.00000000,2165.00000000,2138.00000000,2145.00000000,1199.40800000,2577969.11370000,12891,621.74760000
2024-03-15 00:00:00.000000 ,2145.00000000,2155.00000000,2124.00000000,2134.00000000,2002.47230000,4289056.65910000,19356,972.02950000
2024-03-16 00:00:00.000000 ,2133.00000000,2141.00000000,2109.00000000,2118.00000000,1265.58640000,2683999.03110000,14005,507.71470000
2024-03-17 00:00:00.000000 ,2118.00000000,2132.00000000,2111.00000000,2122.00000000,951.45290000,2017567.70830000,9591,385.15960000
2024-03-18 00:00:00.000000 ,2122.00000000,2144.00000000,2117.00000000,2142.00000000,903.15820000,1925617.71850000,9786,446.29440000
2024-03-19 00:00:00.000000 ,2142.00000000,2147.00000000,2126.00000000,2132.00000000,1921.14350000,4100461.22560000,15290,827.92450000
2024-03-20 00:00:00.000000 ,2132.00000000,2196.00000000,2125.00000000,2185.00000000,2169.19790000,4663879.80220000,17671,1094.26330000
2024-03-21 00:00:00.000000 ,2185.00000000,2201.00000000,2156.00000000,2174.00000000,1326.23880000,2890301.95680000,12143,692.10784800
2024-03-22 00:00:00.000000 ,2174.00000000,2181.00000000,2139.00000000,2150.00000000,917.10070000,1978004.51900000,9748,445.23190000
2024-03-23 00:00:00.000000 ,2149.00000000,2164.00000000,2143.00000000,2146.00000000,437.00920000,941013.84760000,5922,214.93490000
2024-03-24 00:00:00.000000 ,2149.00000000,2163.00000000,2139.00000000,2163.00000000,566.58750000,1219684.07850000,7951,275.70890000
2024-03-25 00:00:00.000000 ,2160.00000000,2180.00000000,2150.00000000,2171.00000000,1182.55580000,2560250.14940000,13314,690.80980000
2024-03-26 00:00:00.000000 ,2172.00000000,2184.00000000,2154.00000000,2166.00000000,1050.23770000,2275087.10030000,9626,591.78730000
2024-03-27 00:00:00.000000 ,2165.00000000,2177.00000000,2156.00000000,2172.00000000,900.31700000,1951749.05810000,10028,401.95510000
2024-03-28 00:00:00.000000 ,2172.00000000,2218.00000000,2165.00000000,2212.00000000,998.65970000,2187335.96640000,11483,488.06200000
2024-03-29 00:00:00.000000 ,2213.00000000,2220.00000000,2200.00000000,2218.00000000,579.24580000,1280961.12100000,9711,309.57280000
2024-03-30 00:00:00.000000 ,2219.00000000,2227.00000000,2201.00000000,2205.00000000,476.89210000,1054085.73160000,6274,197.33790000
2024-03-31 00:00:00.000000 ,2205.00000000,2224.00000000,2204.00000000,2222.00000000,442.29270000,978250.58980000,6972,239.55830000
2024-04-01 00:00:00.000000 ,2221.00000000,2245.00000000,2211.00000000,2230.00000000,1116.74180000,2490312.44730000,12466,461.55860000
2024-04-02 00:00:00.000000 ,2230.00000000,2268.00000000,2223.00000000,2262.00000000,1450.12540000,3249389.60245715,12963,729.98620000
2024-04-03 00:00:00.000000 ,2262.00000000,2330.00000000,2248.00000000,2300.00000000,1962.94420000,4481349.69011382,18719,1072.68720000
2024-04-04 00:00:00.000000 ,2301.00000000,2303.00000000,2265.00000000,2269.00000000,1106.14280000,2527646.61360000,9839,497.32250000
2024-04-05 00:00:00.000000 ,2268.00000000,2324.00000000,2250.00000000,2317.00000000,1334.37410000,3056918.96480000,14694,767.84240000
2024-04-06 00:00:00.000000 ,2316.00000000,2317.00000000,2300.00000000,2304.00000000,554.74190000,1279491.79760000,6557,222.93190000
2024-04-07 00:00:00.000000 ,2303.00000000,2313.00000000,2286.00000000,2291.00000000,794.13240000,1826681.95860000,8929,375.27240000
2024-04-08 00:00:00.000000 ,2289.00000000,2329.00000000,2286.00000000,2320.00000000,1340.20100000,3105488.52810000,10029,790.33400000
2024-04-09 00:00:00.000000 ,2319.00000000,2353.00000000,2316.00000000,2333.00000000,1184.58540000,2763369.61470000,11384,539.78470000
2024-04-10 00:00:00.000000 ,2333.00000000,2344.00000000,2300.00000000,2324.00000000,1531.32170000,3555786.56170000,11924,722.54800000
2024-04-11 00:00:00.000000 ,2324.00000000,2375.00000000,2316.00000000,2365.00000000,956.97470000,2237290.34060000,11148,549.24260000
2024-04-12 00:00:00.000000 ,2364.00000000,2429.00000000,2289.00000000,2355.00000000,2989.98460000,7076226.98200000,24289,1566.16180000
2024-04-13 00:00:00.000000 ,2354.00000000,3295.00000000,2323.00000000,2452.00000000,17415.40041600,45129224.39898594,163126,9224.51821600
2024-04-14 00:00:00.000000 ,2452.00000000,2539.00000000,2366.00000000,2391.00000000,8704.31430000,21194591.43960000,75794,4260.51250000
2024-04-15 00:00:00.000000 ,2388.00000000,2487.00000000,2335.00000000,2432.00000000,5391.16140000,12921622.88470000,36547,2678.98440000
2024-04-16 00:00:00.000000 ,2431.00000000,2447.00000000,2381.00000000,2404.00000000,4105.27760000,9894566.90260000,27643,2279.11120000
2024-04-17 00:00:00.000000 ,2403.00000000,2418.00000000,2381.00000000,2396.00000000,2128.93960000,5106866.36360000,16269,1202.72720000
2024-04-18 00:00:00.000000 ,2396.00000000,2404.00000000,2382.00000000,2384.00000000,1344.20670000,3216615.61210000,11744,637.48050000
2024-04-19 00:00:00.000000 ,2385.00000000,2469.00000000,2374.00000000,2394.00000000,4296.48590000,10359920.10170000,27471,2119.25410000
2024-04-20 00:00:00.000000 ,2394.00000000,2402.00000000,2375.00000000,2390.00000000,1454.94670000,3475179.45700000,15768,617.59260000
2024-04-21 00:00:00.000000 ,2389.00000000,2392.00000000,2370.00000000,2377.00000000,951.96970000,2267323.15480000,10059,356.92250000
2024-04-22 00:00:00.000000 ,2377.00000000,2385.00000000,2311.00000000,2322.00000000,1608.65650000,3768699.66650000,13797,759.20560000
2024-04-23 00:00:00.000000 ,2323.00000000,2341.00000000,2281.00000000,2309.00000000,1539.30960000,3552659.30790000,12860,706.35310000
2024-04-24 00:00:00.000000 ,2309.00000000,2322.00000000,2292.00000000,2296.00000000,902.42970000,2081296.24840000,13863,408.94130000
2024-04-25 00:00:00.000000 ,2296.00000000,2367.00000000,2291.00000000,2327.00000000,1249.14500000,2892598.64960000,11240,652.73630000
2024-04-26 00:00:00.000000 ,2327.00000000,2348.00000000,2317.00000000,2345.00000000,631.42600000,1475261.19530000,7307,348.13620000
2024-04-27 00:00:00.000000 ,2344.00000000,2371.00000000,2332.00000000,2357.00000000,742.34500000,1741491.23630000,8604,403.46110000
2024-04-28 00:00:00.000000 ,2356.00000000,2383.00000000,2350.00000000,2356.00000000,794.32720000,1873312.89240000,12711,351.08810000
2024-04-29 00:00:00.000000 ,2355.00000000,2363.00000000,2332.00000000,2344.00000000,1161.64180000,2723376.33100000,9177,425.16020000
2024-04-30 00:00:00.000000 ,2344.00000000,2355.00000000,2286.00000000,2302.00000000,1456.84390000,3368581.10150000,12108,535.20800000
2024-05-01 00:00:00.000000 ,2302.00000000,2323.00000000,2281.00000000,2310.00000000,1860.05410000,4272276.64700000,13175,801.95440000
2024-05-02 00:00:00.000000 ,2311.00000000,2313.00000000,2280.00000000,2291.00000000,818.40680000,1877849.68410000,9496,385.09530000
2024-05-03 00:00:00.000000 ,2291.00000000,2305.00000000,2280.00000000,2289.00000000,909.10620000,2081376.70930000,14745,441.45110000
2024-05-04 00:00:00.000000 ,2289.00000000,2292.00000000,2276.00000000,2286.00000000,923.76050000,2108728.59670000,8587,587.99630000
2024-05-05 00:00:00.000000 ,2286.00000000,2289.00000000,2265.00000000,2284.00000000,434.25190000,991230.23100000,7890,200.05810000
2024-05-06 00:00:00.000000 ,2285.00000000,2314.00000000,2283.00000000,2303.00000000,1217.71320000,2801843.99000000,14856,681.72620000
2024-05-07 00:00:00.000000 ,2303.00000000,2312.00000000,2287.00000000,2288.00000000,765.96020000,1760178.21980000,8838,373.28940000
2024-05-08 00:00:00.000000 ,2289.00000000,2308.00000000,2282.00000000,2297.00000000,1001.30350000,2298596.08720000,12407,434.29800000
2024-05-09 00:00:00.000000 ,2297.00000000,2344.00000000,2288.00000000,2340.00000000,1464.10160000,3387827.48940000,12076,639.25380000
2024-05-10 00:00:00.000000 ,2342.00000000,2361.00000000,2318.00000000,2332.00000000,1585.34380000,3712007.46300000,15123,677.53400000
2024-05-11 00:00:00.000000 ,2332.00000000,2351.00000000,2325.00000000,2340.00000000,380.60800000,891013.24590000,5085,201.05250000
2024-05-12 00:00:00.000000 ,2340.00000000,2349.00000000,2335.00000000,2343.00000000,320.22110000,749533.06870000,5739,149.31520000
2024-05-13 00:00:00.000000 ,2344.00000000,2350.00000000,2320.00000000,2320.00000000,911.93910000,2130516.94320000,9528,467.06380000
2024-05-14 00:00:00.000000 ,2320.00000000,2344.00000000,2320.00000000,2340.00000000,591.05880000,1379189.07110000,7526,313.07710000
2024-05-15 00:00:00.000000 ,2340.00000000,2387.00000000,2338.00000000,2380.00000000,1289.35810000,3046991.10890000,11278,758.25440000
2024-05-16 00:00:00.000000 ,2380.00000000,2392.00000000,2353.00000000,2361.00000000,723.45540000,1713620.11000000,9078,270.63080000
2024-05-17 00:00:00.000000 ,2362.00000000,2397.00000000,2357.00000000,2390.00000000,1184.83400000,2821238.18880000,10987,646.46540000
2024-05-18 00:00:00.000000 ,2390.00000000,2394.00000000,2380.00000000,2385.00000000,411.97030000,983441.44280000,6129,189.88140000
2024-05-19 00:00:00.000000 ,2386.00000000,2418.00000000,2375.00000000,2405.00000000,1088.39170000,2609549.99960000,11249,620.18290000
2024-05-20 00:00:00.000000 ,2405.00000000,2427.00000000,2392.00000000,2414.00000000,2483.67740000,5990798.73630000,17602,1344.22470000
2024-05-21 00:00:00.000000 ,2414.00000000,2423.00000000,2399.00000000,2413.00000000,1628.37830000,3928136.43820000,13129,731.65650000
2024-05-22 00:00:00.000000 ,2413.00000000,2414.00000000,2370.00000000,2385.00000000,1448.97550000,3468697.17560000,10501,349.11730000
2024-05-23 00:00:00.000000 ,2385.00000000,2395.00000000,2331.00000000,2343.00000000,1676.56340000,3954394.05050000,16047,652.46880000
2024-05-24 00:00:00.000000 ,2343.00000000,2400.00000000,2341.00000000,2346.00000000,1416.65020000,3329375.21750000,10633,618.42520000
2024-05-25 00:00:00.000000 ,2347.00000000,2353.00000000,2336.00000000,2346.00000000,440.20530000,1031835.06550000,6057,181.89110000
2024-05-26 00:00:00.000000 ,2346.00000000,2355.00000000,2342.00000000,2351.00000000,339.18310000,796831.58290000,4989,191.88620000
2024-05-27 00:00:00.000000 ,2351.00000000,2370.00000000,2342.00000000,2357.00000000,854.40510000,2012514.26770000,7532,358.91770000
2024-05-28 00:00:00.000000 ,2358.00000000,2361.00000000,2326.00000000,2350.00000000,948.35390000,2227973.18080000,9617,489.32850000
2024-05-29 00:00:00.000000 ,2351.00000000,2358.00000000,2325.00000000,2325.00000000,571.98580000,1337689.00760000,7832,251.38690000
2024-05-30 00:00:00.000000 ,2328.00000000,2350.00000000,2318.00000000,2338.00000000,789.90660000,1843441.03170000,8031,301.11840000
2024-05-31 00:00:00.000000 ,2338.00000000,2355.00000000,2325.00000000,2332.00000000,815.66070000,1904897.44320000,7421,252.44240000
2024-06-01 00:00:00.000000 ,2333.00000000,2349.00000000,2326.00000000,2344.00000000,426.22280000,995762.20450000,4969,150.32050000
2024-06-02 00:00:00.000000 ,2344.00000000,2351.00000000,2333.00000000,2335.00000000,419.44480000,982187.25650000,5962,215.16030000
2024-06-03 00:00:00.000000 ,2335.00000000,2353.00000000,2325.00000000,2347.00000000,664.60490000,1555209.34290000,7096,310.11360000
2024-06-04 00:00:00.000000 ,2347.00000000,2353.00000000,2325.00000000,2335.00000000,646.49550000,1511685.39140000,8629,334.91190000
2024-06-05 00:00:00.000000 ,2336.00000000,2359.00000000,2331.00000000,2359.00000000,645.11990000,1511837.36190000,6853,315.84260000
2024-06-06 00:00:00.000000 ,2359.00000000,2369.00000000,2349.00000000,2365.00000000,544.15800000,1284820.66520000,7000,348.12880000
2024-06-07 00:00:00.000000 ,2365.00000000,2371.00000000,2292.00000000,2310.00000000,1922.42630000,4462164.44080000,13641,650.91510000
2024-06-08 00:00:00.000000 ,2311.00000000,2316.00000000,2295.00000000,2301.00000000,316.27000000,728997.15310000,5926,123.89490000
2024-06-09 00:00:00.000000 ,2302.00000000,2318.00000000,2301.00000000,2312.00000000,356.53690000,823651.63800000,4601,139.47030000
2024-06-10 00:00:00.000000 ,2312.00000000,2325.00000000,2304.00000000,2316.00000000,388.69620000,898634.03020000,5071,188.06230000
2024-06-11 00:00:00.000000 ,2316.00000000,2323.00000000,2306.00000000,2314.00000000,792.95880000,1834935.75470000,9781,357.21660000
2024-06-12 00:00:00.000000 ,2314.00000000,2344.00000000,2310.00000000,2314.00000000,1380.38840000,3210181.01010000,12966,582.77360000
2024-06-13 00:00:00.000000 ,2315.00000000,2318.00000000,2292.00000000,2297.00000000,585.13490000,1348713.46370000,8949,254.02580000
2024-06-14 00:00:00.000000 ,2297.00000000,2330.00000000,2297.00000000,2321.00000000,963.96470000,2233210.02270000,25244,533.23960000
2024-06-15 00:00:00.000000 ,2321.00000000,2337.00000000,2319.00000000,2333.00000000,508.58490000,1185717.23970000,30546,294.81780000
2024-06-16 00:00:00.000000 ,2333.00000000,2370.00000000,2323.00000000,2326.00000000,582.94670000,1363799.41560000,13883,344.38580000
2024-06-17 00:00:00.000000 ,2326.00000000,2327.00000000,2304.00000000,2314.00000000,532.13980000,1231348.19760000,7145,278.09940000
2024-06-18 00:00:00.000000 ,2314.00000000,2330.00000000,2304.00000000,2319.00000000,899.51540000,2083124.82750000,13297,419.58230000
2024-06-19 00:00:00.000000 ,2320.00000000,2328.00000000,2311.00000000,2316.00000000,411.96210000,955052.78750000,4999,223.91230000
2024-06-20 00:00:00.000000 ,2317.00000000,2348.00000000,2313.00000000,2346.00000000,652.77950000,1523703.09070000,11245,345.63820000
2024-06-21 00:00:00.000000 ,2347.00000000,2349.00000000,2311.00000000,2321.00000000,715.59540000,1669630.80330000,12991,393.17720000
2024-06-22 00:00:00.000000 ,2321.00000000,2328.00000000,2315.00000000,2317.00000000,186.73790000,433411.13610000,5035,86.89880000
2024-06-23 00:00:00.000000 ,2318.00000000,2320.00000000,2310.00000000,2313.00000000,201.93980000,467556.68270000,3931,92.38190000
2024-06-24 00:00:00.000000 ,2315.00000000,2321.00000000,2303.00000000,2311.00000000,999.19740000,2310149.73360000,12883,430.67180000
2024-06-25 00:00:00.000000 ,2311.00000000,2319.00000000,2296.00000000,2302.00000000,650.93430000,1501676.90530000,7154,298.21430000
2024-06-26 00:00:00.000000 ,2302.00000000,2305.00000000,2286.00000000,2293.00000000,493.39660000,1132716.91640000,7217,227.49420000
2024-06-27 00:00:00.000000 ,2294.00000000,2315.00000000,2290.00000000,2308.00000000,433.11240000,998080.08800000,8043,234.61940000
2024-06-28 00:00:00.000000 ,2308.00000000,2320.00000000,2306.00000000,2309.00000000,364.47490000,842819.35750000,4935,195.64990000
2024-06-29 00:00:00.000000 ,2309.00000000,2314.00000000,2305.00000000,2308.00000000,173.65660000,400961.22750000,3327,74.20290000
2024-06-30 00:00:00.000000 ,2309.00000000,2316.00000000,2305.00000000,2312.00000000,258.83120000,598172.09870000,3687,117.91460000
2024-07-01 00:00:00.000000 ,2313.00000000,2320.00000000,2308.00000000,2314.00000000,687.79600000,1592104.23660000,6356,445.72160000
2024-07-02 00:00:00.000000 ,2315.00000000,2328.00000000,2313.00000000,2323.00000000,436.14610000,1012006.68140000,5821,287.46640000
2024-07-03 00:00:00.000000 ,2322.00000000,2347.00000000,2315.00000000,2341.00000000,837.79740000,1955356.72920000,8589,389.53440000
2024-07-04 00:00:00.000000 ,2342.00000000,2347.00000000,2323.00000000,2326.00000000,1212.18580000,2830167.61070000,12223,576.81060000
2024-07-05 00:00:00.000000 ,2327.00000000,2361.00000000,2313.00000000,2354.00000000,2209.76930000,5161349.68470000,22724,1099.73770000
2024-07-06 00:00:00.000000 ,2355.00000000,2363.00000000,2337.00000000,2354.00000000,655.16080000,1539699.46050000,10984,238.90050000
2024-07-07 00:00:00.000000 ,2353.00000000,2368.00000000,2347.00000000,2355.00000000,792.27320000,1866691.85190000,8473,434.75390000
2024-07-08 00:00:00.000000 ,2355.00000000,2364.00000000,2327.00000000,2345.00000000,1388.09150000,3260693.52730000,14785,674.33270000
2024-07-09 00:00:00.000000 ,2345.00000000,2350.00000000,2336.00000000,2343.00000000,459.34170000,1076716.02740000,7326,248.87360000
2024-07-10 00:00:00.000000 ,2344.00000000,2362.00000000,2339.00000000,2354.00000000,566.95980000,1333636.06970000,6674,303.43660000
2024-07-11 00:00:00.000000 ,2354.00000000,2399.00000000,2352.00000000,2391.00000000,1059.04740000,2521674.98820000,9324,581.28800000
2024-07-12 00:00:00.000000 ,2392.00000000,2400.00000000,2372.00000000,2390.00000000,584.45670000,1393776.90760000,5757,283.31460000
2024-07-13 00:00:00.000000 ,2390.00000000,2401.00000000,2379.00000000,2390.00000000,427.79670000,1021732.52470000,9152,216.49750000
2024-07-14 00:00:00.000000 ,2389.00000000,2411.00000000,2383.00000000,2391.00000000,653.60130000,1566758.76150000,10682,388.34600000
2024-07-15 00:00:00.000000 ,2392.00000000,2413.00000000,2379.00000000,2403.00000000,860.20870000,2061323.55700000,9492,438.80590000
2024-07-16 00:00:00.000000 ,2403.00000000,2453.00000000,2397.00000000,2446.00000000,1710.12220000,4154560.24060000,19709,837.29920000
2024-07-17 00:00:00.000000 ,2447.00000000,2467.00000000,2432.00000000,2442.00000000,806.06870000,1975485.60890000,9230,422.99500000
2024-07-18 00:00:00.000000 ,2442.00000000,2460.00000000,2411.00000000,2425.00000000,629.52810000,1535589.23940000,6783,273.78570000
2024-07-19 00:00:00.000000 ,2425.00000000,2427.00000000,2387.00000000,2409.00000000,2847.61520000,6866235.80060000,13822,607.57380000
2024-07-20 00:00:00.000000 ,2407.00000000,2418.00000000,2388.00000000,2399.00000000,553.96310000,1333146.56210000,4643,209.25780000
2024-07-21 00:00:00.000000 ,2399.00000000,2418.00000000,2398.00000000,2410.00000000,440.69490000,1060121.16010000,7708,202.27290000
2024-07-22 00:00:00.000000 ,2410.00000000,2438.00000000,2385.00000000,2391.00000000,723.44100000,1738626.19560000,7286,356.93440000
2024-07-23 00:00:00.000000 ,2391.00000000,2406.00000000,2383.00000000,2399.00000000,702.54480000,1681953.85750000,8296,274.10590000
2024-07-24 00:00:00.000000 ,2400.00000000,2419.00000000,2385.00000000,2390.00000000,916.28030000,2201042.35920000,6686,402.80040000
2024-07-25 00:00:00.000000 ,2389.00000000,2393.00000000,2355.00000000,2370.00000000,1134.94750000,2685237.31650000,7588,294.44120000
2024-07-26 00:00:00.000000 ,2369.00000000,2410.00000000,2363.00000000,2387.00000000,571.68870000,1362518.77850000,6738,291.15780000
2024-07-27 00:00:00.000000 ,2387.00000000,2404.00000000,2375.00000000,2384.00000000,365.06610000,871777.27310000,4617,127.48470000
2024-07-28 00:00:00.000000 ,2383.00000000,2398.00000000,2378.00000000,2392.00000000,249.53610000,596041.45280000,5811,123.07520000
2024-07-29 00:00:00.000000 ,2392.00000000,2411.00000000,2371.00000000,2385.00000000,546.64320000,1308117.11730000,7108,290.73350000
2024-07-30 00:00:00.000000 ,2385.00000000,2410.00000000,2382.00000000,2400.00000000,440.35470000,1054791.60690000,6598,175.34970000
2024-07-31 00:00:00.000000 ,2401.00000000,2452.00000000,2397.00000000,2434.00000000,1062.48020000,2578176.94580000,10585,674.95130000
2024-08-01 00:00:00.000000 ,2435.00000000,2453.00000000,2416.00000000,2430.00000000,1152.18070000,2801628.05280000,12819,563.80740000
2024-08-02 00:00:00.000000 ,2430.00000000,2484.00000000,2405.00000000,2458.00000000,2084.75780000,5102054.20770000,18781,1204.87020000
2024-08-03 00:00:00.000000 ,2458.00000000,2476.00000000,2428.00000000,2467.00000000,1329.85230000,3260479.69430000,24341,681.76170000
2024-08-04 00:00:00.000000 ,2467.00000000,2510.00000000,2443.00000000,2452.00000000,2042.18550000,5051175.03450000,29606,1221.29370000
2024-08-05 00:00:00.000000 ,2452.00000000,2469.00000000,2339.00000000,2395.00000000,5393.84680000,12959853.33910000,49646,2636.84720000
2024-08-06 00:00:00.000000 ,2395.00000000,2418.00000000,2380.00000000,2384.00000000,1593.51780000,3821643.08930000,24228,729.61070000
2024-08-07 00:00:00.000000 ,2386.00000000,2392.00000000,2370.00000000,2374.00000000,1416.95060000,3377299.74730000,15226,658.69200000
2024-08-08 00:00:00.000000 ,2373.00000000,2427.00000000,2371.00000000,2417.00000000,1199.90690000,2883355.78000000,12387,719.89910000
2024-08-09 00:00:00.000000 ,2417.00000000,2425.00000000,2409.00000000,2419.00000000,714.89130000,1728361.84080000,8671,345.54790000
2024-08-10 00:00:00.000000 ,2419.00000000,2429.00000000,2413.00000000,2427.00000000,264.66420000,641728.51860000,2882,141.75560000
2024-08-11 00:00:00.000000 ,2428.00000000,2437.00000000,2421.00000000,2431.00000000,618.80420000,1503741.88040000,7319,350.19880000
2024-08-12 00:00:00.000000 ,2432.00000000,2469.00000000,2421.00000000,2465.00000000,1140.63160000,2791433.67770000,12716,653.71410000
2024-08-13 00:00:00.000000 ,2466.00000000,2477.00000000,2407.00000000,2454.00000000,1835.92210000,4513646.05210000,10452,1082.93290000
2024-08-14 00:00:00.000000 ,2454.00000000,2474.00000000,2438.00000000,2443.00000000,979.18960000,2405520.80680000,9000,549.84470000
2024-08-15 00:00:00.000000 ,2444.00000000,2468.00000000,2439.00000000,2451.00000000,902.11300000,2211081.98850000,9527,413.02840000
2024-08-16 00:00:00.000000 ,2451.00000000,2499.00000000,2427.00000000,2491.00000000,1923.92980000,4760346.62560000,10977,1006.39110000
2024-08-17 00:00:00.000000 ,2492.00000000,2530.00000000,2489.00000000,2517.00000000,948.70010000,2381205.76400000,8025,486.55750000
2024-08-18 00:00:00.000000 ,2517.00000000,2520.00000000,2500.00000000,2505.00000000,495.74540000,1244100.99660000,6250,191.26730000
2024-08-19 00:00:00.000000 ,2505.00000000,2511.00000000,2486.00000000,2509.00000000,837.87290000,2094045.85550000,7177,417.46130000
2024-08-20 00:00:00.000000 ,2505.00000000,2521.00000000,2491.00000000,2506.00000000,918.17350000,2304297.05890000,8228,425.05110000
2024-08-21 00:00:00.000000 ,2507.00000000,2514.00000000,2490.00000000,2502.00000000,771.26420000,1930177.14700000,9047,371.30350000
2024-08-22 00:00:00.000000 ,2504.00000000,2505.00000000,2476.00000000,2486.00000000,689.26090000,1716549.23030000,7132,303.67510000
2024-08-23 00:00:00.000000 ,2488.00000000,2520.00000000,2485.00000000,2511.00000000,1111.25020000,2782053.39560000,11803,519.21900000
2024-08-24 00:00:00.000000 ,2511.00000000,2519.00000000,2504.00000000,2510.00000000,475.11420000,1192874.85140000,7970,219.90240000
2024-08-25 00:00:00.000000 ,2512.00000000,2527.00000000,2506.00000000,2512.00000000,602.94310000,1516307.51920000,14769,261.75550000
2024-08-26 00:00:00.000000 ,2513.00000000,2524.00000000,2482.00000000,2508.00000000,1086.28440000,2728111.59700000,11554,398.17810000
2024-08-27 00:00:00.000000 ,2508.00000000,2520.00000000,2490.00000000,2508.00000000,1087.53630000,2721977.80810000,12189,467.67650000
2024-08-28 00:00:00.000000 ,2509.00000000,2512.00000000,2484.00000000,2499.00000000,806.78270000,2013680.90860000,12449,462.68730000
2024-08-29 00:00:00.000000 ,2500.00000000,2516.00000000,2499.00000000,2509.00000000,643.04250000,1613691.71240000,8799,318.37480000
2024-08-30 00:00:00.000000 ,2509.00000000,2515.00000000,2487.00000000,2496.00000000,805.87990000,2017080.19130000,8057,437.88560000
2024-08-31 00:00:00.000000 ,2496.00000000,2503.00000000,2489.00000000,2496.00000000,261.66640000,653386.92260000,3750,161.20600000
2024-09-01 00:00:00.000000 ,2496.00000000,2515.00000000,2490.00000000,2493.00000000,618.13160000,1544036.77020000,8109,344.41810000
2024-09-02 00:00:00.000000 ,2492.00000000,2524.00000000,2480.00000000,2497.00000000,817.39690000,2041174.30830000,8640,430.61320000
2024-09-03 00:00:00.000000 ,2497.00000000,2505.00000000,2479.00000000,2493.00000000,683.84780000,1703819.60500000,11217,259.36690000
2024-09-04 00:00:00.000000 ,2493.00000000,2503.00000000,2473.00000000,2501.00000000,704.14140000,1754139.76640000,17221,394.26950000
2024-09-05 00:00:00.000000 ,2501.00000000,2516.00000000,2493.00000000,2510.00000000,985.65390000,2471135.77790000,17871,451.68730000
2024-09-06 00:00:00.000000 ,2509.00000000,2533.00000000,2493.00000000,2502.00000000,2181.10620000,5488371.96650000,26161,601.60830000
2024-09-07 00:00:00.000000 ,2502.00000000,2515.00000000,2493.00000000,2493.00000000,422.09690000,1056173.67440000,11355,190.20980000
2024-09-08 00:00:00.000000 ,2493.00000000,2507.00000000,2493.00000000,2497.00000000,276.58540000,691431.21950000,7559,151.77390000
2024-09-09 00:00:00.000000 ,2498.00000000,2518.00000000,2496.00000000,2507.00000000,684.79840000,1715694.45110000,16056,285.69470000
2024-09-10 00:00:00.000000 ,2507.00000000,2523.00000000,2502.00000000,2518.00000000,814.36030000,2047203.47520000,13700,375.70460000
2024-09-11 00:00:00.000000 ,2518.00000000,2527.00000000,2500.00000000,2513.00000000,892.40340000,2242800.54970000,13449,452.62590000
2024-09-12 00:00:00.000000 ,2513.00000000,2555.00000000,2509.00000000,2553.00000000,1481.99580000,3756783.34380000,13916,761.72340000
2024-09-13 00:00:00.000000 ,2554.00000000,2585.00000000,2552.00000000,2578.00000000,882.43800000,2268201.51690000,14607,462.17480000
2024-09-14 00:00:00.000000 ,2578.00000000,2581.00000000,2569.00000000,2577.00000000,368.74450000,949737.61360000,12187,158.92020000
2024-09-15 00:00:00.000000 ,2577.00000000,2600.00000000,2570.00000000,2579.00000000,575.65490000,1484243.51940000,10462,337.65830000
2024-09-16 00:00:00.000000 ,2579.00000000,2609.00000000,2576.00000000,2592.00000000,1141.69170000,2955347.01400000,20356,669.18010000
2024-09-17 00:00:00.000000 ,2592.00000000,2618.00000000,2571.00000000,2582.00000000,1517.58190000,3928184.92550000,22861,651.58330000
2024-09-18 00:00:00.000000 ,2581.00000000,2608.00000000,2560.00000000,2578.00000000,1466.47340000,3788519.17440000,26616,789.02040000
2024-09-19 00:00:00.000000 ,2577.00000000,2597.00000000,2553.00000000,2590.00000000,1494.75550000,3851929.75730000,30248,738.87390000
2024-09-20 00:00:00.000000 ,2589.00000000,2630.00000000,2587.00000000,2625.00000000,1117.07160000,2917437.66140000,21362,592.61420000
2024-09-21 00:00:00.000000 ,2625.00000000,2633.00000000,2613.00000000,2631.00000000,479.47910000,1256817.81550000,14619,231.44010000
2024-09-22 00:00:00.000000 ,2631.00000000,2632.00000000,2611.00000000,2622.00000000,620.10210000,1624692.25840000,19585,307.79430000
2024-09-23 00:00:00.000000 ,2621.00000000,2636.00000000,2611.00000000,2627.00000000,807.88610000,2120602.09900000,16175,380.96550000
2024-09-24 00:00:00.000000 ,2627.00000000,2660.00000000,2622.00000000,2652.00000000,980.87690000,2591381.73130000,23772,541.80480000
2024-09-25 00:00:00.000000 ,2652.00000000,2667.00000000,2648.00000000,2653.00000000,992.21430000,2635280.68220000,18249,535.50150000
2024-09-26 00:00:00.000000 ,2652.00000000,2678.00000000,2648.00000000,2660.00000000,1153.04670000,3067943.52060000,32396,565.82260000
2024-09-27 00:00:00.000000 ,2661.00000000,2673.00000000,2645.00000000,2651.00000000,1159.66960000,3082525.24480000,17352,485.07950000
2024-09-28 00:00:00.000000 ,2650.00000000,2663.00000000,2648.00000000,2659.00000000,382.95690000,1016907.26360000,12815,203.93950000
2024-09-29 00:00:00.000000 ,2659.00000000,2670.00000000,2653.00000000,2662.00000000,428.73610000,1140698.49330000,17194,244.99460000
2024-09-30 00:00:00.000000 ,2663.00000000,2665.00000000,2619.00000000,2636.00000000,1597.79680000,4220021.66710000,30793,793.31070000
2024-10-01 00:00:00.000000 ,2637.00000000,2700.00000000,2635.00000000,2678.00000000,3649.94900000,9744712.51250000,62112,2114.81130000
2024-10-02 00:00:00.000000 ,2681.00000000,2699.00000000,2650.00000000,2669.00000000,1875.76160000,5003109.82330000,37294,943.72030000
2024-10-03 00:00:00.000000 ,2669.00000000,2677.00000000,2649.00000000,2666.00000000,1184.96670000,3154994.09950000,16646,561.54920000
2024-10-04 00:00:00.000000 ,2663.00000000,2691.00000000,2648.00000000,2661.00000000,1387.73850000,3700119.02140000,18116,722.81610000
2024-10-05 00:00:00.000000 ,2661.00000000,2711.00000000,2654.00000000,2684.00000000,1624.31670000,4359487.49680000,17143,886.51580000
2024-10-06 00:00:00.000000 ,2685.00000000,2692.00000000,2671.00000000,2678.00000000,505.85340000,1356525.79010000,10205,250.02490000
2024-10-07 00:00:00.000000 ,2679.00000000,2691.00000000,2653.00000000,2657.00000000,1526.51000000,4074591.27480000,19315,697.68190000
2024-10-08 00:00:00.000000 ,2657.00000000,2668.00000000,2611.00000000,2633.00000000,1460.69020000,3854027.22110000,19711,594.20570000
2024-10-09 00:00:00.000000 ,2635.00000000,2644.00000000,2617.00000000,2622.00000000,653.96470000,1720426.28780000,14647,277.00800000
2024-10-10 00:00:00.000000 ,2624.00000000,2647.00000000,2616.00000000,2644.00000000,890.59190000,2344041.34080000,16137,438.98020000
2024-10-11 00:00:00.000000 ,2645.00000000,2672.00000000,2643.00000000,2670.00000000,861.21190000,2291892.81920000,19905,458.85410000
2024-10-12 00:00:00.000000 ,2670.00000000,2676.00000000,2657.00000000,2659.00000000,389.87290000,1038981.22600000,16000,172.13750000
2024-10-13 00:00:00.000000 ,2660.00000000,2677.00000000,2658.00000000,2661.00000000,515.36380000,1374883.15980000,15122,305.80530000
2024-10-14 00:00:00.000000 ,2662.00000000,2678.00000000,2659.00000000,2660.00000000,881.40590000,2351440.18890000,19056,457.77840000
2024-10-15 00:00:00.000000 ,2660.00000000,2673.00000000,2651.00000000,2671.00000000,992.99480000,2644108.45860000,17600,456.89860000
2024-10-16 00:00:00.000000 ,2671.00000000,2688.00000000,2668.00000000,2678.00000000,986.70140000,2644088.27950000,23400,508.03960000
2024-10-17 00:00:00.000000 ,2679.00000000,2710.00000000,2678.00000000,2705.00000000,1326.18910000,3572706.37130000,23093,724.26440000
2024-10-18 00:00:00.000000 ,2705.00000000,2740.00000000,2700.00000000,2727.00000000,1343.92740000,3656517.26380000,26753,634.83940000
2024-10-19 00:00:00.000000 ,2726.00000000,2749.00000000,2725.00000000,2738.00000000,628.04910000,1718110.08570000,19579,320.05230000
2024-10-20 00:00:00.000000 ,2739.00000000,2751.00000000,2736.00000000,2741.00000000,739.14000000,2028641.41570000,22926,391.77720000
2024-10-21 00:00:00.000000 ,2741.00000000,2755.00000000,2730.00000000,2735.00000000,1226.85630000,3366572.95540000,22324,579.50890000
2024-10-22 00:00:00.000000 ,2735.00000000,2765.00000000,2733.00000000,2760.00000000,1384.27650000,3812680.43680000,31148,667.66100000
2024-10-23 00:00:00.000000 ,2761.00000000,2783.00000000,2727.00000000,2740.00000000,1805.37700000,4975510.50190000,30942,938.58420000
2024-10-24 00:00:00.000000 ,2741.00000000,2763.00000000,2737.00000000,2756.00000000,1295.96590000,3565295.69860000,29253,779.28240000
2024-10-25 00:00:00.000000 ,2756.00000000,2769.00000000,2736.00000000,2764.00000000,2269.10910000,6242194.20070000,28416,1179.72850000
2024-10-26 00:00:00.000000 ,2764.00000000,2769.00000000,2748.00000000,2761.00000000,1050.84170000,2900180.66080000,21583,513.44670000
2024-10-27 00:00:00.000000 ,2761.00000000,2771.00000000,2750.00000000,2750.00000000,751.58760000,2076387.15400000,21534,389.76610000
2024-10-28 00:00:00.000000 ,2751.00000000,2768.00000000,2747.00000000,2753.00000000,1040.45120000,2867710.50730000,25102,499.06050000
2024-10-29 00:00:00.000000 ,2753.00000000,2774.00000000,2745.00000000,2766.00000000,1674.96470000,4622378.98800000,24790,827.03030000
2024-10-30 00:00:00.000000 ,2766.00000000,2786.00000000,2763.00000000,2785.00000000,1115.34070000,3097252.55530000,13782,600.64210000
2024-10-31 00:00:00.000000 ,2785.00000000,2786.00000000,2750.00000000,2754.00000000,1583.37180000,4382656.75320000,19361,779.65870000
2024-11-01 00:00:00.000000 ,2754.00000000,2768.00000000,2740.00000000,2745.00000000,1075.73460000,2963799.80210000,19773,463.53550000
2024-11-02 00:00:00.000000 ,2746.00000000,2756.00000000,2736.00000000,2751.00000000,484.08920000,1329475.81840000,13413,263.74520000
2024-11-03 00:00:00.000000 ,2753.00000000,2755.00000000,2737.00000000,2746.00000000,778.81010000,2137991.21140000,18477,380.46150000
2024-11-04 00:00:00.000000 ,2746.00000000,2755.00000000,2740.00000000,2743.00000000,579.89130000,1593206.53980000,12330,282.79510000
2024-11-05 00:00:00.000000 ,2743.00000000,2750.00000000,2733.00000000,2736.00000000,907.95000000,2487983.37240000,21601,399.89450000
2024-11-06 00:00:00.000000 ,2737.00000000,2741.00000000,2639.00000000,2654.00000000,4416.05250000,11882326.73660000,49167,2334.19090000
2024-11-07 00:00:00.000000 ,2655.00000000,2711.00000000,2648.00000000,2708.00000000,2252.48420000,6037745.30190000,21140,1291.92800000
2024-11-08 00:00:00.000000 ,2707.00000000,2715.00000000,2668.00000000,2671.00000000,1159.79360000,3112421.64690000,16714,486.37410000
2024-11-09 00:00:00.000000 ,2671.00000000,2684.00000000,2662.00000000,2664.00000000,797.61650000,2129257.27180000,14411,392.74660000
2024-11-10 00:00:00.000000 ,2665.00000000,2675.00000000,2643.00000000,2664.00000000,2225.07560000,5909874.46200000,41086,1026.66630000
2024-11-11 00:00:00.000000 ,2663.00000000,2667.00000000,2585.00000000,2608.00000000,2825.65200000,7386188.69000000,47847,1340.49470000
2024-11-12 00:00:00.000000 ,2607.00000000,2633.00000000,2542.00000000,2559.00000000,5093.48260000,13121871.41250000,66572,2233.34180000
2024-11-13 00:00:00.000000 ,2559.00000000,2610.00000000,2557.00000000,2563.00000000,2659.11270000,6861435.05280000,79325,1447.06200000
2024-11-14 00:00:00.000000 ,2564.00000000,2581.00000000,2545.00000000,2558.00000000,2211.34710000,5665715.64820000,34090,1085.45440000
2024-11-15 00:00:00.000000 ,2558.00000000,2584.00000000,2554.00000000,2570.00000000,1573.39730000,4040728.42620000,17548,908.65620000
2024-11-16 00:00:00.000000 ,2573.00000000,2580.00000000,2540.00000000,2562.00000000,1295.04700000,3318959.11420000,21319,584.92630000
2024-11-17 00:00:00.000000 ,2564.00000000,2584.00000000,2550.00000000,2579.00000000,966.95320000,2480589.03640000,26656,462.83800000
2024-11-18 00:00:00.000000 ,2580.00000000,2628.00000000,2577.00000000,2621.00000000,1966.42070000,5119628.65580000,38247,1001.79160000
2024-11-19 00:00:00.000000 ,2621.00000000,2649.00000000,2618.00000000,2643.00000000,1857.37020000,4897063.90470000,26612,906.47740000
2024-11-20 00:00:00.000000 ,2644.00000000,2662.00000000,2628.00000000,2651.00000000,1468.01910000,3886047.11420000,21094,718.54840000
2024-11-21 00:00:00.000000 ,2651.00000000,2690.00000000,2650.00000000,2669.00000000,2317.93590000,6197286.17290000,27013,1246.89090000
2024-11-22 00:00:00.000000 ,2669.00000000,2724.00000000,2665.00000000,2721.00000000,1909.19260000,5142746.90620000,25168,1082.93180000
2024-11-23 00:00:00.000000 ,2722.00000000,2745.00000000,2717.00000000,2722.00000000,1409.73440000,3848325.29060000,20778,666.88520000
2024-11-24 00:00:00.000000 ,2722.00000000,2737.00000000,2708.00000000,2730.00000000,1401.55510000,3816937.27260000,31247,727.63270000
2024-11-25 00:00:00.000000 ,2730.00000000,2730.00000000,2628.00000000,2630.00000000,3101.32850000,8264235.26640000,42841,1461.63690000
2024-11-26 00:00:00.000000 ,2631.00000000,2658.00000000,2623.00000000,2637.00000000,1589.24170000,4194156.18010000,48629,738.63100000
2024-11-27 00:00:00.000000 ,2636.00000000,2669.00000000,2632.00000000,2645.00000000,1726.04720000,4570011.59740000,26293,849.73550000
2024-11-28 00:00:00.000000 ,2646.00000000,2653.00000000,2623.00000000,2637.00000000,932.90190000,2462062.90110000,20382,398.87030000
2024-11-29 00:00:00.000000 ,2638.00000000,2663.00000000,2632.00000000,2638.00000000,1322.02400000,3501109.08830000,26143,590.23370000
2024-11-30 00:00:00.000000 ,2639.00000000,2654.00000000,2636.00000000,2637.00000000,602.41030000,1592246.46810000,18630,291.53330000
2024-12-01 00:00:00.000000 ,2637.00000000,2660.00000000,2636.00000000,2655.00000000,1088.43910000,2884383.37660000,12131,472.97660000
2024-12-02 00:00:00.000000 ,2655.00000000,2657.00000000,2627.00000000,2637.00000000,1594.75580000,4207578.83490000,24303,701.03590000
2024-12-03 00:00:00.000000 ,2637.00000000,2644.00000000,2631.00000000,2635.00000000,1650.11680000,4350896.40740000,18068,998.35110000
2024-12-04 00:00:00.000000 ,2635.00000000,2644.00000000,2631.00000000,2637.00000000,2068.10760000,5458528.97460000,19553,1292.80910000
2024-12-05 00:00:00.000000 ,2637.00000000,2648.00000000,2605.00000000,2625.00000000,2801.55300000,7376217.67660000,29797,1558.44410000
2024-12-06 00:00:00.000000 ,2625.00000000,2640.00000000,2612.00000000,2627.00000000,1681.49520000,4416668.26370000,18311,893.42180000
2024-12-07 00:00:00.000000 ,2627.00000000,2634.00000000,2620.00000000,2624.00000000,801.12280000,2103190.63090000,18716,354.70900000
2024-12-08 00:00:00.000000 ,2624.00000000,2635.00000000,2619.00000000,2629.00000000,707.76420000,1858384.82150000,19652,375.39190000
2024-12-09 00:00:00.000000 ,2629.00000000,2658.00000000,2622.00000000,2648.00000000,3330.78880000,8811734.62940000,48579,1798.10800000
2024-12-10 00:00:00.000000 ,2649.00000000,2755.00000000,2641.00000000,2684.00000000,4366.16730000,11670564.92640000,71914,2245.21680000
2024-12-11 00:00:00.000000 ,2684.00000000,2705.00000000,2670.00000000,2701.00000000,2872.13930000,7718044.30640000,53309,1222.20950000
2024-12-12 00:00:00.000000 ,2703.00000000,2712.00000000,2674.00000000,2678.00000000,2355.36440000,6345365.36460000,17295,886.27870000
2024-12-13 00:00:00.000000 ,2679.00000000,2688.00000000,2656.00000000,2663.00000000,1406.77120000,3755963.28950000,14889,428.04160000
2024-12-14 00:00:00.000000 ,2663.00000000,2678.00000000,2647.00000000,2650.00000000,732.18270000,1948239.27780000,9294,305.17140000
2024-12-15 00:00:00.000000 ,2650.00000000,2664.00000000,2648.00000000,2658.00000000,665.27390000,1766809.50060000,10311,333.35570000
2024-12-16 00:00:00.000000 ,2658.00000000,2675.00000000,2647.00000000,2656.00000000,1260.69560000,3354059.30960000,14728,608.33560000
2024-12-17 00:00:00.000000 ,2654.00000000,2670.00000000,2643.00000000,2654.00000000,1464.84650000,3891664.11470000,16724,525.09530000
2024-12-18 00:00:00.000000 ,2655.00000000,2661.00000000,2597.00000000,2601.00000000,2351.97700000,6203671.41370000,27990,1047.82720000
2024-12-19 00:00:00.000000 ,2602.00000000,2658.00000000,2600.00000000,2610.00000000,2845.35270000,7460913.44510000,23205,1550.39350000
2024-12-20 00:00:00.000000 ,2608.00000000,2639.00000000,2603.00000000,2630.00000000,2563.69180000,6713210.54690000,28256,1121.31830000
2024-12-21 00:00:00.000000 ,2630.00000000,2640.00000000,2620.00000000,2624.00000000,833.54640000,2190411.57710000,14185,332.24120000
2024-12-22 00:00:00.000000 ,2624.00000000,2630.00000000,2610.00000000,2626.00000000,721.34030000,1891300.34920000,10386,312.99180000
2024-12-23 00:00:00.000000 ,2626.00000000,2654.00000000,2608.00000000,2622.00000000,1859.53350000,4890903.74970000,16818,1030.97910000
2024-12-24 00:00:00.000000 ,2622.00000000,2637.00000000,2619.00000000,2630.00000000,883.86420000,2324096.74990000,11151,339.98710000
2024-12-25 00:00:00.000000 ,2630.00000000,2648.00000000,2623.00000000,2633.00000000,609.15870000,1605343.59670000,6681,265.25930000
2024-12-26 00:00:00.000000 ,2633.00000000,2656.00000000,2631.00000000,2654.00000000,1079.53070000,2852920.84540000,9129,557.60970000
2024-12-27 00:00:00.000000 ,2654.00000000,2655.00000000,2627.00000000,2643.00000000,994.56580000,2626660.87260000,7819,399.03170000
2024-12-28 00:00:00.000000 ,2643.00000000,2660.00000000,2637.00000000,2656.00000000,784.12580000,2077895.10680000,7978,408.26350000
2024-12-29 00:00:00.000000 ,2657.00000000,2660.00000000,2647.00000000,2651.00000000,602.95210000,1600159.05110000,6956,268.29070000
2024-12-30 00:00:00.000000 ,2651.00000000,2660.00000000,2618.00000000,2621.00000000,989.61890000,2609978.54030000,11619,485.11270000
2024-12-31 00:00:00.000000 ,2621.00000000,2641.00000000,2618.00000000,2633.00000000,822.46890000,2162823.22820000,9652,316.48980000
2025-01-01 00:00:00.000000 ,2633.00000000,2660.00000000,2627.00000000,2629.00000000,434.83360000,1145889.05450000,8331,181.36810000
2025-01-02 00:00:00.000000 ,2631.00000000,2657.00000000,2630.00000000,2656.00000000,952.10380000,2520541.30350000,8645,442.01030000
2025-01-03 00:00:00.000000 ,2657.00000000,2664.00000000,2647.00000000,2648.00000000,1045.13660000,2775767.98210000,7481,345.61050000
2025-01-04 00:00:00.000000 ,2649.00000000,2655.00000000,2643.00000000,2647.00000000,334.46830000,885856.42190000,7575,164.43110000
2025-01-05 00:00:00.000000 ,2648.00000000,2656.00000000,2644.00000000,2645.00000000,256.77960000,680344.54760000,6002,121.51340000
2025-01-06 00:00:00.000000 ,2646.00000000,2660.00000000,2639.00000000,2655.00000000,776.98780000,2057958.22120000,7731,363.50450000
2025-01-07 00:00:00.000000 ,2655.00000000,2669.00000000,2641.00000000,2652.00000000,1100.97700000,2923420.12580000,9878,480.12000000
2025-01-08 00:00:00.000000 ,2653.00000000,2680.00000000,2645.00000000,2665.00000000,1456.84220000,3878902.35650000,13955,719.59450000
2025-01-09 00:00:00.000000 ,2666.00000000,2683.00000000,2659.00000000,2670.00000000,1109.09080000,2965072.59890000,11376,572.28650000
2025-01-10 00:00:00.000000 ,2672.00000000,2694.00000000,2666.00000000,2686.00000000,988.14580000,2650433.44400000,14370,518.96680000
2025-01-11 00:00:00.000000 ,2688.00000000,2700.00000000,2681.00000000,2697.00000000,672.99970000,1812086.70760000,6773,361.85550000
2025-01-12 00:00:00.000000 ,2698.00000000,2712.00000000,2692.00000000,2697.00000000,574.35480000,1550939.44740000,7840,259.44330000
2025-01-13 00:00:00.000000 ,2698.00000000,2710.00000000,2659.00000000,2670.00000000,2090.00500000,5600816.07870000,16938,1072.34920000
2025-01-14 00:00:00.000000 ,2670.00000000,2681.00000000,2660.00000000,2674.00000000,970.97030000,2592174.91400000,11559,427.04270000
2025-01-15 00:00:00.000000 ,2676.00000000,2706.00000000,2668.00000000,2693.00000000,1785.54840000,4807247.84750000,14101,909.97110000
2025-01-16 00:00:00.000000 ,2693.00000000,2724.00000000,2687.00000000,2716.00000000,1141.61980000,3088931.74660000,12821,588.17980000
2025-01-17 00:00:00.000000 ,2717.00000000,2720.00000000,2699.00000000,2701.00000000,1052.54350000,2851326.85120000,10448,550.46540000
2025-01-18 00:00:00.000000 ,2702.00000000,2708.00000000,2684.00000000,2696.00000000,921.99380000,2487084.12650000,10399,373.18050000
2025-01-19 00:00:00.000000 ,2696.00000000,2705.00000000,2664.00000000,2682.00000000,1561.20700000,4193338.80820000,19484,662.53730000
2025-01-20 00:00:00.000000 ,2683.00000000,2718.00000000,2679.00000000,2701.00000000,2112.32300000,5704130.74300000,23535,1086.34680000
2025-01-21 00:00:00.000000 ,2701.00000000,2747.00000000,2696.00000000,2739.00000000,1709.69740000,4661850.97350000,16293,829.42530000
2025-01-22 00:00:00.000000 ,2739.00000000,2777.00000000,2738.00000000,2754.00000000,1819.90260000,5017832.08520000,14444,1043.36630000
2025-01-23 00:00:00.000000 ,2755.00000000,2763.00000000,2736.00000000,2749.00000000,1019.91130000,2803218.44660000,11601,428.13780000
2025-01-24 00:00:00.000000 ,2749.00000000,2771.00000000,2736.00000000,2760.00000000,1305.87420000,3600687.03600000,12307,632.67070000
2025-01-25 00:00:00.000000 ,2761.00000000,2770.00000000,2757.00000000,2769.00000000,349.89040000,967680.73510000,6575,164.15730000
2025-01-26 00:00:00.000000 ,2769.00000000,2775.00000000,2758.00000000,2762.00000000,304.81730000,843578.88070000,4921,147.75960000
2025-01-27 00:00:00.000000 ,2761.00000000,2764.00000000,2730.00000000,2742.00000000,1613.10950000,4429038.23520000,15940,837.53720000
2025-01-28 00:00:00.000000 ,2743.00000000,2772.00000000,2735.00000000,2763.00000000,1077.71270000,2966283.23160000,11731,604.35270000
2025-01-29 00:00:00.000000 ,2763.00000000,2797.00000000,2746.00000000,2762.00000000,983.94410000,2719897.16480000,11709,593.69530000
2025-01-30 00:00:00.000000 ,2762.00000000,2800.00000000,2761.00000000,2794.00000000,1148.45200000,3192655.07850000,11332,668.96160000
2025-01-31 00:00:00.000000 ,2794.00000000,2819.00000000,2790.00000000,2805.00000000,1753.12330000,4918808.97120000,11747,880.89230000
2025-02-01 00:00:00.000000 ,2805.00000000,2830.00000000,2800.00000000,2819.00000000,1120.74820000,3153240.06690000,11424,544.82930000
2025-02-02 00:00:00.000000 ,2819.00000000,2946.00000000,2808.00000000,2818.00000000,8182.98730000,23499875.09100000,55258,4267.16970000
2025-02-03 00:00:00.000000 ,2816.00000000,2850.00000000,2772.00000000,2832.00000000,5930.44220000,16693205.10720000,45612,2564.65480000
2025-02-04 00:00:00.000000 ,2832.00000000,2855.00000000,2812.00000000,2854.00000000,2086.64610000,5921819.75320000,24737,1096.68710000
2025-02-05 00:00:00.000000 ,2854.00000000,2928.00000000,2852.00000000,2917.00000000,4442.49440000,12852935.18790000,28840,2274.62500000
2025-02-06 00:00:00.000000 ,2917.00000000,2927.00000000,2866.00000000,2878.00000000,3709.46540000,10730008.35480000,24610,1858.03510000
2025-02-07 00:00:00.000000 ,2879.00000000,2926.00000000,2869.00000000,2877.00000000,2829.45440000,8174673.40820000,19030,1177.34840000
2025-02-08 00:00:00.000000 ,2879.00000000,2887.00000000,2856.00000000,2877.00000000,775.84360000,2229626.99530000,10200,365.75090000
2025-02-09 00:00:00.000000 ,2878.00000000,2908.00000000,2875.00000000,2901.00000000,879.04240000,2538655.96240000,12337,498.14890000
2025-02-10 00:00:00.000000 ,2901.00000000,2934.00000000,2892.00000000,2931.00000000,2049.55490000,5982203.74420000,17740,1095.09670000
2025-02-11 00:00:00.000000 ,2932.00000000,2950.00000000,2908.00000000,2915.00000000,3354.97730000,9819440.28570000,24349,1585.20990000
2025-02-12 00:00:00.000000 ,2916.00000000,2930.00000000,2890.00000000,2926.00000000,2433.80430000,7085253.53400000,18151,1301.85620000
2025-02-13 00:00:00.000000 ,2926.00000000,2950.00000000,2907.00000000,2948.00000000,1704.25100000,4997570.44220000,14231,1029.57790000
2025-02-14 00:00:00.000000 ,2949.00000000,2957.00000000,2898.00000000,2913.00000000,2628.53550000,7702367.54440000,18967,1047.80730000
2025-02-15 00:00:00.000000 ,2913.00000000,2914.00000000,2898.00000000,2907.00000000,661.65560000,1922433.96030000,10971,353.91970000
2025-02-16 00:00:00.000000 ,2906.00000000,2908.00000000,2892.00000000,2900.00000000,804.30140000,2333090.50390000,9701,385.22160000
2025-02-17 00:00:00.000000 ,2901.00000000,2932.00000000,2898.00000000,2913.00000000,1429.69780000,4171937.38180000,13873,850.09400000
2025-02-18 00:00:00.000000 ,2914.00000000,2960.00000000,2910.00000000,2948.00000000,1482.59860000,4354017.04710000,14344,833.24670000
2025-02-19 00:00:00.000000 ,2948.00000000,2985.00000000,2927.00000000,2947.00000000,1874.20790000,5524727.76960000,10772,1058.08520000
2025-02-20 00:00:00.000000 ,2947.00000000,2965.00000000,2931.00000000,2953.00000000,2066.73020000,6102144.61760000,13265,995.88600000
2025-02-21 00:00:00.000000 ,2953.00000000,2957.00000000,2935.00000000,2950.00000000,1559.32740000,4594889.99230000,15885,707.27990000
2025-02-22 00:00:00.000000 ,2950.00000000,2958.00000000,2934.00000000,2955.00000000,645.45560000,1902158.73910000,11027,317.83170000
2025-02-23 00:00:00.000000 ,2954.00000000,2970.00000000,2944.00000000,2963.00000000,1254.85230000,3714515.17870000,10509,670.94010000
2025-02-24 00:00:00.000000 ,2963.00000000,2991.00000000,2951.00000000,2988.00000000,2458.66020000,7296016.26870000,21263,1298.63800000
2025-02-25 00:00:00.000000 ,2988.00000000,3000.00000000,2919.00000000,2940.00000000,4289.87350000,12675449.73380000,38327,2120.02480000
2025-02-26 00:00:00.000000 ,2940.00000000,2944.00000000,2908.00000000,2934.00000000,2141.37770000,6265047.66670000,24108,1078.81250000
2025-02-27 00:00:00.000000 ,2935.00000000,2935.00000000,2877.00000000,2888.00000000,2321.61760000,6739342.93970000,21431,918.41680000
2025-02-28 00:00:00.000000 ,2889.00000000,2893.00000000,2821.00000000,2861.00000000,3356.72200000,9596123.40450000,36276,1536.82400000
2025-03-01 00:00:00.000000 ,2862.00000000,2893.00000000,2838.00000000,2855.00000000,1079.05520000,3086744.12500000,11580,471.07540000
2025-03-02 00:00:00.000000 ,2855.00000000,2893.00000000,2850.00000000,2876.00000000,2433.06020000,6975874.84620000,19970,1328.83200000
2025-03-03 00:00:00.000000 ,2876.00000000,2898.00000000,2861.00000000,2888.00000000,1967.85820000,5664222.39870000,16750,943.46860000
2025-03-04 00:00:00.000000 ,2888.00000000,2945.00000000,2877.00000000,2928.00000000,2810.53230000,8192078.44020000,27414,1427.24990000
2025-03-05 00:00:00.000000 ,2929.00000000,2949.00000000,2912.00000000,2933.00000000,1648.69940000,4828980.11690000,17134,821.49870000
2025-03-06 00:00:00.000000 ,2933.00000000,2938.00000000,2905.00000000,2925.00000000,1827.54370000,5346997.63500000,15744,800.23390000
2025-03-07 00:00:00.000000 ,2926.00000000,2944.00000000,2911.00000000,2928.00000000,1825.88150000,5352226.34060000,23278,717.50000000
2025-03-08 00:00:00.000000 ,2928.00000000,2942.00000000,2926.00000000,2936.00000000,633.72950000,1859580.83760000,7688,420.54980000
2025-03-09 00:00:00.000000 ,2937.00000000,2945.00000000,2922.00000000,2933.00000000,1447.10380000,4247343.46150000,24622,726.76110000
2025-03-10 00:00:00.000000 ,2934.00000000,2936.00000000,2883.00000000,2895.00000000,2783.76030000,8100864.71300000,25784,1507.73360000
2025-03-11 00:00:00.000000 ,2894.00000000,2928.00000000,2887.00000000,2924.00000000,1601.29900000,4662641.87180000,15011,758.14710000
2025-03-12 00:00:00.000000 ,2924.00000000,2949.00000000,2905.00000000,2946.00000000,3292.97880000,9654916.56170000,31785,1696.00250000
2025-03-13 00:00:00.000000 ,2947.00000000,3006.00000000,2944.00000000,3003.00000000,2294.47790000,6833779.90720000,17741,1263.00690000
2025-03-14 00:00:00.000000 ,3003.00000000,3030.00000000,2987.00000000,2996.00000000,2388.95600000,7177761.82520000,12763,1244.71550000
2025-03-15 00:00:00.000000 ,2996.00000000,3002.00000000,2982.00000000,3002.00000000,1111.05170000,3325401.79290000,13778,630.98700000
2025-03-16 00:00:00.000000 ,3002.00000000,3002.00000000,2982.00000000,3001.00000000,544.45800000,1631156.10370000,6454,270.77770000
2025-03-17 00:00:00.000000 ,3002.00000000,3017.00000000,2990.00000000,3011.00000000,1741.45840000,5234419.75840000,10174,1099.14970000
2025-03-18 00:00:00.000000 ,3011.00000000,3163.00000000,3005.00000000,3067.00000000,4556.67670000,13981805.28450000,37805,2405.75240000
2025-03-19 00:00:00.000000 ,3067.00000000,3081.00000000,3044.00000000,3064.00000000,3062.09720000,9377174.68960000,24669,1335.29200000
2025-03-20 00:00:00.000000 ,3065.00000000,3072.00000000,3047.00000000,3057.00000000,1422.29570000,4351300.88230000,17615,682.97050000
2025-03-21 00:00:00.000000 ,3059.00000000,3100.00000000,3031.00000000,3039.00000000,4140.43400000,12665178.08530000,37343,1983.97470000
2025-03-22 00:00:00.000000 ,3039.00000000,3051.00000000,3039.00000000,3050.00000000,738.62490000,2247788.73730000,12420,374.97050000
2025-03-23 00:00:00.000000 ,3051.00000000,3062.00000000,3042.00000000,3054.00000000,1105.59000000,3372846.38250000,15066,661.69090000
2025-03-24 00:00:00.000000 ,3054.00000000,3058.00000000,3002.00000000,3019.00000000,2388.94690000,7232705.94420000,24935,1126.10410000
2025-03-25 00:00:00.000000 ,3019.00000000,3046.00000000,3015.00000000,3028.00000000,1666.42060000,5049279.98280000,8801,810.90180000
2025-03-26 00:00:00.000000 ,3028.00000000,3037.00000000,3017.00000000,3023.00000000,1052.06280000,3183791.29880000,5949,481.28740000
2025-03-27 00:00:00.000000 ,3024.00000000,3068.00000000,3024.00000000,3059.00000000,2310.58940000,7055703.52500000,14471,1062.19660000
2025-03-28 00:00:00.000000 ,3059.00000000,3098.00000000,3059.00000000,3093.00000000,3550.14500000,10938851.94310000,23207,1678.23000000
2025-03-29 00:00:00.000000 ,3092.00000000,3121.00000000,3090.00000000,3119.00000000,2244.46350000,6970639.97020000,19136,1408.97090000
2025-03-30 00:00:00.000000 ,3119.00000000,3145.00000000,3108.00000000,3109.00000000,2343.68820000,7321294.43990000,27970,1188.37440000
2025-03-31 00:00:00.000000 ,3110.00000000,3166.00000000,3106.00000000,3149.00000000,5962.34860000,18740508.31370000,65057,3095.44220000
2025-04-01 00:00:00.000000 ,3148.00000000,3181.00000000,3125.00000000,3132.00000000,4275.77630000,13463180.87880000,40795,1965.07280000
2025-04-02 00:00:00.000000 ,3132.00000000,3193.00000000,3120.00000000,3192.00000000,4504.83270000,14170006.95910000,50125,2127.72660000
2025-04-03 00:00:00.000000 ,3191.00000000,3195.00000000,3078.00000000,3127.00000000,8779.49170000,27512910.88470000,53278,4028.59850000
2025-04-04 00:00:00.000000 ,3127.00000000,3158.00000000,3043.00000000,3055.00000000,5516.93370000,17062419.95060000,48143,2624.72080000
2025-04-05 00:00:00.000000 ,3055.00000000,3072.00000000,3047.00000000,3068.00000000,1664.96650000,5094643.73770000,20097,881.95250000
2025-04-06 00:00:00.000000 ,3068.00000000,3072.00000000,2987.00000000,3004.00000000,3938.20160000,11973632.97270000,35530,1565.41360000
2025-04-07 00:00:00.000000 ,3003.00000000,3069.00000000,2988.00000000,3005.00000000,9320.52400000,28272589.68520000,61065,3961.64530000
2025-04-08 00:00:00.000000 ,3005.00000000,3039.00000000,2990.00000000,3001.00000000,3533.55760000,10654973.21620000,25235,1745.92810000
2025-04-09 00:00:00.000000 ,3000.00000000,3116.00000000,2995.00000000,3099.00000000,7564.94200000,23253478.41050000,44712,3822.59750000
2025-04-10 00:00:00.000000 ,3100.00000000,3220.00000000,3096.00000000,3216.00000000,5813.80960000,18382255.68280000,40581,2926.57600000
2025-04-11 00:00:00.000000 ,3215.00000000,3271.00000000,3213.00000000,3265.00000000,10665.66140000,34642846.66910000,48626,5311.13410000
2025-04-12 00:00:00.000000 ,3265.00000000,3300.00000000,3234.00000000,3242.00000000,4959.81080000,16203980.43450000,33812,2127.50800000
2025-04-13 00:00:00.000000 ,3243.00000000,3272.00000000,3239.00000000,3247.00000000,3852.28040000,12534795.74600000,26233,1991.13500000
2025-04-14 00:00:00.000000 ,3248.00000000,3272.00000000,3211.00000000,3238.00000000,4607.84940000,14942056.82930000,36870,2284.83260000
2025-04-15 00:00:00.000000 ,3237.00000000,3268.00000000,3230.00000000,3266.00000000,3939.21210000,12786636.33560000,28415,1836.86250000
2025-04-16 00:00:00.000000 ,3267.00000000,3381.00000000,3266.00000000,3378.00000000,7923.78950000,26346826.51760000,44706,4137.93650000
2025-04-17 00:00:00.000000 ,3377.00000000,3385.00000000,3309.00000000,3347.00000000,6282.00720000,21028696.18170000,36938,3296.51330000
2025-04-18 00:00:00.000000 ,3346.00000000,3364.00000000,3337.00000000,3353.00000000,3312.13940000,11104345.46150000,25551,1768.61360000
2025-04-19 00:00:00.000000 ,3353.00000000,3357.00000000,3341.00000000,3348.00000000,1810.42900000,6064481.39250000,29097,853.29130000
2025-04-20 00:00:00.000000 ,3348.00000000,3375.00000000,3342.00000000,3370.00000000,2058.80130000,6903162.45380000,16040,1139.35060000
2025-04-21 00:00:00.000000 ,3370.00000000,3471.00000000,3369.00000000,3462.00000000,8915.61740000,30553368.08980000,48944,4275.00980000
2025-04-22 00:00:00.000000 ,3463.00000000,3523.00000000,3332.00000000,3349.00000000,17280.70890000,59547173.85974005,80713,8614.47450000
2025-04-23 00:00:00.000000 ,3349.00000000,3404.00000000,3280.00000000,3335.00000000,10874.15690000,36294014.65380000,53460,5191.85060000
2025-04-24 00:00:00.000000 ,3335.00000000,3384.00000000,3324.00000000,3365.00000000,6698.44480000,22475304.53020000,35027,3436.19530000
2025-04-25 00:00:00.000000 ,3365.00000000,3375.00000000,3260.00000000,3313.00000000,7862.12140000,25981926.43240000,40827,3235.86390000
2025-04-26 00:00:00.000000 ,3313.00000000,3322.00000000,3301.00000000,3312.00000000,2209.70960000,7317072.64610000,13922,1043.98380000
2025-04-27 00:00:00.000000 ,3313.00000000,3332.00000000,3306.00000000,3308.00000000,1892.74380000,6282284.53150000,12134,1002.40320000
2025-04-28 00:00:00.000000 ,3309.00000000,3355.00000000,3277.00000000,3339.00000000,5316.93040000,17635605.59390000,27505,2684.38350000
2025-04-29 00:00:00.000000 ,3338.00000000,3339.00000000,3306.00000000,3317.00000000,4111.42700000,13650107.75950000,22574,1830.19370000
2025-04-30 00:00:00.000000 ,3317.00000000,3331.00000000,3280.00000000,3282.00000000,3769.16210000,12457331.51250000,22457,1873.04870000
2025-05-01 00:00:00.000000 ,3283.00000000,3288.00000000,3218.00000000,3250.00000000,5837.39040000,18936173.97750000,28126,2704.22650000
2025-05-02 00:00:00.000000 ,3250.00000000,3282.00000000,3242.00000000,3253.00000000,4605.80790000,15037097.62900000,25481,2515.46140000
2025-05-03 00:00:00.000000 ,3253.00000000,3268.00000000,3247.00000000,3258.00000000,1206.97650000,3933925.08700000,11478,633.31990000
2025-05-04 00:00:00.000000 ,3258.00000000,3267.00000000,3247.00000000,3263.00000000,1624.57300000,5290519.23490000,12159,836.04860000
2025-05-05 00:00:00.000000 ,3263.00000000,3366.00000000,3259.00000000,3348.00000000,4802.73160000,15931335.14500000,30784,2634.12370000
2025-05-06 00:00:00.000000 ,3347.00000000,3456.00000000,3341.00000000,3409.00000000,7881.96580000,26781210.04250000,45557,4040.28860000
2025-05-07 00:00:00.000000 ,3409.00000000,3410.00000000,3366.00000000,3383.00000000,6053.75830000,20504298.70910000,32702,3072.94130000
2025-05-08 00:00:00.000000 ,3383.00000000,3418.00000000,3258.00000000,3322.00000000,9864.11110000,33043514.08150000,44687,4460.51440000
2025-05-09 00:00:00.000000 ,3322.00000000,3352.00000000,3287.00000000,3335.00000000,4036.44620000,13435080.79740000,23959,1996.53340000
2025-05-10 00:00:00.000000 ,3335.00000000,3345.00000000,3324.00000000,3327.00000000,2178.52690000,7264356.57040000,13499,1096.54320000
2025-05-11 00:00:00.000000 ,3327.00000000,3332.00000000,3276.00000000,3294.00000000,3004.94510000,9957986.78310000,20466,1375.13810000
2025-05-12 00:00:00.000000 ,3295.00000000,3296.00000000,3223.00000000,3245.00000000,7781.18070000,25300633.49530000,44539,3534.57620000
2025-05-13 00:00:00.000000 ,3246.00000000,3274.00000000,3228.00000000,3261.00000000,3632.62610000,11832780.66300000,19536,1725.49990000
2025-05-14 00:00:00.000000 ,3261.00000000,3262.00000000,3183.00000000,3196.00000000,5693.16180000,18293516.52560000,30391,2458.01350000
2025-05-15 00:00:00.000000 ,3197.00000000,3261.00000000,3142.00000000,3246.00000000,6817.31960000,21806626.32810000,36584,3676.69400000
2025-05-16 00:00:00.000000 ,3247.00000000,3253.00000000,3169.34000000,3221.00000000,5567.50840000,17863018.98018700,38583,2581.48750000
2025-05-17 00:00:00.000000 ,3221.01000000,3229.99000000,3206.08000000,3225.66000000,2688.76100000,8656578.93048500,23951,1430.97470000
2025-05-18 00:00:00.000000 ,3225.66000000,3257.00000000,3210.00000000,3245.99000000,3134.32090000,10114762.39748300,31573,1682.63500000
2025-05-19 00:00:00.000000 ,3246.00000000,3270.14000000,3225.00000000,3235.96000000,4265.34880000,13853550.23740800,38603,1686.69370000
2025-05-20 00:00:00.000000 ,3235.73000000,3313.86000000,3219.00000000,3303.02000000,6336.80030000,20714850.29909100,47900,2933.97780000
2025-05-21 00:00:00.000000 ,3303.02000000,3333.59000000,3277.35000000,3322.47000000,4387.46680000,14547950.81284000,46695,2424.67620000
2025-05-22 00:00:00.000000 ,3322.48000000,3349.78000000,3292.69000000,3308.78000000,4531.19840000,15043665.82867000,48664,2088.85250000
2025-05-23 00:00:00.000000 ,3309.27000000,3371.00000000,3300.00000000,3360.80000000,5333.33940000,17834620.15012900,49765,2875.02310000
2025-05-24 00:00:00.000000 ,3360.97000000,3379.97000000,3354.98000000,3361.57000000,1379.08370000,4641079.36724300,16965,657.32330000
2025-05-25 00:00:00.000000 ,3361.57000000,3380.00000000,3343.88000000,3347.64000000,2148.21440000,7232597.87434900,34414,1037.96450000
2025-05-26 00:00:00.000000 ,3347.65000000,3371.50000000,3334.21000000,3357.58000000,2799.84720000,9375586.62372500,34010,1455.11220000
2025-05-27 00:00:00.000000 ,3357.58000000,3361.21000000,3302.00000000,3321.28000000,3416.79000000,11334765.84031900,33882,1655.23930000
2025-05-28 00:00:00.000000 ,3321.79000000,3337.88000000,3268.41000000,3276.02000000,3402.06900000,11265270.67473300,45920,1589.42260000
2025-05-29 00:00:00.000000 ,3275.74000000,3339.78000000,3262.56000000,3326.45000000,2553.95100000,8447053.14068400,35833,1279.98850000
2025-05-30 00:00:00.000000 ,3326.45000000,3333.37000000,3288.20000000,3302.25000000,3062.65800000,10128545.41695600,36187,1434.30000000
2025-05-31 00:00:00.000000 ,3302.28000000,3309.76000000,3295.36000000,3296.52000000,1202.49160000,3971013.24656600,16451,521.99460000
2025-06-01 00:00:00.000000 ,3296.52000000,3325.14000000,3293.00000000,3319.57000000,1326.09380000,4385655.93056500,18430,649.03380000
2025-06-02 00:00:00.000000 ,3319.71000000,3403.90000000,3312.00000000,3396.98000000,4460.11230000,15039988.81148600,38894,1967.20650000
2025-06-03 00:00:00.000000 ,3396.99000000,3397.57000000,3346.85000000,3369.43000000,3138.65690000,10567493.84048400,28187,1366.04340000
2025-06-04 00:00:00.000000 ,3369.43000000,3394.95000000,3358.51000000,3391.20000000,2325.81050000,7850154.71498800,20067,1055.25390000
2025-06-05 00:00:00.000000 ,3391.22000000,3418.53000000,3361.00000000,3381.55000000,4505.01420000,15249473.69492300,49550,1943.33720000
2025-06-06 00:00:00.000000 ,3381.55000000,3418.00000000,3328.00000000,3333.88000000,3912.10210000,13167284.97055000,44011,1622.16810000
2025-06-07 00:00:00.000000 ,3333.89000000,3338.47000000,3329.18000000,3332.40000000,872.43680000,2908531.51366100,14483,426.90930000
2025-06-08 00:00:00.000000 ,3332.40000000,3352.20000000,3330.23000000,3340.75000000,1768.87530000,5903327.60693200,20265,925.38790000
2025-06-09 00:00:00.000000 ,3340.76000000,3356.99000000,3316.87000000,3346.45000000,2925.33230000,9768585.91787600,33596,1099.98530000
2025-06-10 00:00:00.000000 ,3346.45000000,3362.01000000,3320.82000000,3340.18000000,3309.83000000,11056166.91203000,38026,1447.61260000
2025-06-11 00:00:00.000000 ,3340.33000000,3387.23000000,3337.60000000,3379.40000000,3613.12740000,12132920.26408600,38914,1866.32270000
2025-06-12 00:00:00.000000 ,3379.40000000,3428.61000000,3357.52000000,3408.42000000,6026.28430000,20462451.51714500,48953,3054.79000000
2025-06-13 00:00:00.000000 ,3408.42000000,3600.00000000,3405.42000000,3461.98000000,13747.33990000,47462172.66980100,112475,6765.94060000
2025-06-14 00:00:00.000000 ,3461.98000000,3497.00000000,3452.02000000,3487.60000000,3716.91770000,12896952.20541300,35901,2152.71550000
2025-06-15 00:00:00.000000 ,3487.60000000,3496.01000000,3465.00000000,3476.97000000,3789.87050000,13200857.96342500,38404,1613.51830000
2025-06-16 00:00:00.000000 ,3476.94000000,3485.12000000,3401.00000000,3432.41000000,7561.73880000,25957797.57581600,60351,3067.32430000
2025-06-17 00:00:00.000000 ,3432.40000000,3436.04000000,3392.20000000,3413.75000000,7684.85970000,26228187.58341400,65334,3791.78370000
2025-06-18 00:00:00.000000 ,3413.76000000,3418.79000000,3384.36000000,3395.40000000,6129.63570000,20870543.48047000,50886,2755.55800000
2025-06-19 00:00:00.000000 ,3395.40000000,3405.12000000,3370.00000000,3389.80000000,3398.45160000,11512336.88857600,34250,1526.66700000
2025-06-20 00:00:00.000000 ,3389.80000000,3395.89000000,3362.75000000,3394.69000000,5718.80860000,19320340.45630000,45187,2637.14350000
2025-06-21 00:00:00.000000 ,3394.69000000,3410.66000000,3385.13000000,3395.84000000,4099.90840000,13923517.29544800,31887,1760.17850000
2025-06-22 00:00:00.000000 ,3395.83000000,3483.20000000,3395.33000000,3402.00000000,11300.81150000,38788667.09756100,103725,5507.03880000
2025-06-23 00:00:00.000000 ,3401.99000000,3431.60000000,3367.39000000,3368.74000000,17808.08620000,60410189.21639000,151775,10237.66190000
2025-06-24 00:00:00.000000 ,3368.74000000,3386.02000000,3322.00000000,3344.64000000,17322.98020000,58165577.74738800,114284,9497.65360000
2025-06-25 00:00:00.000000 ,3344.60000000,3353.97000000,3323.87000000,3352.99000000,5606.90250000,18734963.48527200,43679,2358.79060000
2025-06-26 00:00:00.000000 ,3352.99000000,3359.00000000,3327.70000000,3332.97000000,4827.45220000,16140718.63554300,38569,2245.73300000
2025-06-27 00:00:00.000000 ,3333.00000000,3335.87000000,3274.97000000,3296.15000000,7379.53570000,24346300.13359700,49360,2807.52680000
2025-06-28 00:00:00.000000 ,3296.20000000,3298.35000000,3286.84000000,3289.58000000,1301.81200000,4286253.68565900,14764,637.72280000
2025-06-29 00:00:00.000000 ,3289.58000000,3295.06000000,3265.62000000,3277.01000000,1712.22820000,5622023.98367000,16851,743.98680000
2025-06-30 00:00:00.000000 ,3277.00000000,3321.77000000,3273.34000000,3319.99000000,4561.24830000,15045526.81929100,37469,2170.39120000
2025-07-01 00:00:00.000000 ,3319.99000000,3363.00000000,3319.00000000,3346.83000000,4599.00190000,15389244.04125600,35995,2346.83500000
2025-07-02 00:00:00.000000 ,3346.83000000,3364.50000000,3335.00000000,3351.67000000,3765.79710000,12607872.31782000,26531,1663.26930000
2025-07-03 00:00:00.000000 ,3351.66000000,3362.60000000,3320.00000000,3335.52000000,2988.07420000,9983017.57143100,21076,1375.71140000
2025-07-04 00:00:00.000000 ,3335.51000000,3347.53000000,3330.84000000,3342.65000000,1707.70630000,5705338.63073800,14551,753.28810000
2025-07-05 00:00:00.000000 ,3342.65000000,3350.00000000,3341.27000000,3343.44000000,1068.32240000,3573287.32586800,9438,521.14620000
2025-07-06 00:00:00.000000 ,3343.46000000,3348.65000000,3318.31000000,3334.76000000,1203.88160000,4022863.08164600,15158,504.49950000
2025-07-07 00:00:00.000000 ,3334.77000000,3347.37000000,3306.20000000,3335.91000000,3302.13900000,10976139.85417700,26444,1510.78050000
2025-07-08 00:00:00.000000 ,3335.90000000,3343.77000000,3297.80000000,3309.20000000,3076.20000000,10204102.39177000,22280,1609.93400000
2025-07-09 00:00:00.000000 ,3309.74000000,3323.84000000,3292.58000000,3318.48000000,3855.19330000,12765007.97314600,24257,1564.02630000
2025-07-10 00:00:00.000000 ,3318.48000000,3329.81000000,3312.21000000,3322.24000000,3612.24610000,12001050.25418600,27340,1942.29580000
2025-07-11 00:00:00.000000 ,3322.25000000,3362.30000000,3320.11000000,3348.49000000,5004.39350000,16713644.97493200,38769,2414.50310000
2025-07-12 00:00:00.000000 ,3348.49000000,3352.60000000,3340.93000000,3351.45000000,1407.49510000,4710511.50298500,17569,602.76820000
2025-07-13 00:00:00.000000 ,3351.51000000,3360.13000000,3343.37000000,3354.18000000,2028.28490000,6794359.64722100,21885,997.49590000
2025-07-14 00:00:00.000000 ,3354.17000000,3370.75000000,3343.37000000,3349.21000000,9514.63440000,31996310.00587900,56213,3691.39680000
2025-07-15 00:00:00.000000 ,3349.22000000,3369.00000000,3329.90000000,3338.51000000,5971.35530000,20016714.09983100,36272,2762.69210000
2025-07-16 00:00:00.000000 ,3338.52000000,3375.00000000,3328.00000000,3351.41000000,4456.42860000,14922327.52151900,33464,2098.32340000
2025-07-17 00:00:00.000000 ,3351.60000000,3352.34000000,3321.41000000,3340.67000000,4725.78840000,15780399.88607900,28556,1847.08800000
2025-07-18 00:00:00.000000 ,3340.68000000,3366.80000000,3332.47000000,3347.84000000,4254.50430000,14250559.81866400,30084,1860.29480000
2025-07-19 00:00:00.000000 ,3347.84000000,3361.50000000,3345.63000000,3357.30000000,1365.21090000,4583987.22161700,9751,496.52860000
2025-07-20 00:00:00.000000 ,3357.31000000,3361.00000000,3351.15000000,3351.63000000,1513.71490000,5079798.78283300,13008,707.54650000
2025-07-21 00:00:00.000000 ,3351.63000000,3400.86000000,3351.62000000,3395.40000000,4645.65470000,15711261.86722800,34375,2683.84000000
2025-07-22 00:00:00.000000 ,3395.40000000,3430.56000000,3385.20000000,3424.79000000,3366.05120000,11469922.83274300,21766,1785.19290000
2025-07-23 00:00:00.000000 ,3424.79000000,3434.52000000,3386.11000000,3393.79000000,3347.30740000,11423022.02287200,26024,1361.88140000
2025-07-24 00:00:00.000000 ,3393.79000000,3396.34000000,3359.33000000,3375.74000000,2995.33040000,10111655.93665500,20727,1264.68790000
2025-07-25 00:00:00.000000 ,3375.62000000,3378.93000000,3336.03000000,3348.69000000,3550.94970000,11910522.28368800,23953,1522.49060000
2025-07-26 00:00:00.000000 ,3348.69000000,3358.00000000,3346.35000000,3354.45000000,1227.60980000,4117977.86042900,10018,700.62150000
2025-07-27 00:00:00.000000 ,3354.45000000,3359.45000000,3340.00000000,3345.45000000,1807.41260000,6055388.17721200,15957,690.69630000
2025-07-28 00:00:00.000000 ,3345.46000000,3351.53000000,3312.00000000,3320.59000000,5784.64540000,19290816.00213500,42784,1858.67040000
2025-07-29 00:00:00.000000 ,3320.34000000,3338.23000000,3318.39000000,3335.13000000,1872.93960000,6235389.91765100,15145,844.09920000
2025-07-30 00:00:00.000000 ,3335.29000000,3340.28000000,3283.00000000,3299.01000000,4102.35060000,13594725.41646600,28653,1830.27760000
2025-07-31 00:00:00.000000 ,3299.01000000,3321.34000000,3294.11000000,3294.12000000,3744.95000000,12376689.72197500,24485,1786.82670000
2025-08-01 00:00:00.000000 ,3294.12000000,3365.97000000,3289.05000000,3364.79000000,6300.56790000,21013963.40439600,40643,3468.29080000
2025-08-02 00:00:00.000000 ,3364.80000000,3369.98000000,3355.58000000,3362.05000000,1892.76710000,6363894.09351900,15851,946.61820000
2025-08-03 00:00:00.000000 ,3362.05000000,3371.00000000,3343.00000000,3365.68000000,1783.89270000,5997779.30160500,14504,751.80540000
2025-08-04 00:00:00.000000 ,3365.69000000,3384.39000000,3348.80000000,3377.60000000,2910.22300000,9806593.47522200,20314,1433.08420000
2025-08-05 00:00:00.000000 ,3377.60000000,3393.62000000,3353.80000000,3384.32000000,2453.58490000,8282561.35168900,17598,1271.81320000
2025-08-06 00:00:00.000000 ,3384.32000000,3384.80000000,3362.51000000,3370.99000000,1966.70680000,6634946.96480900,16642,754.32400000
2025-08-07 00:00:00.000000 ,3371.15000000,3397.81000000,3368.80000000,3393.46000000,2887.34920000,9773049.87964000,21703,1545.90710000
2025-08-08 00:00:00.000000 ,3393.46000000,3394.99000000,3375.19000000,3385.75000000,4200.62460000,14220560.09488300,25939,1867.86060000
2025-08-09 00:00:00.000000 ,3385.76000000,3393.80000000,3375.00000000,3383.62000000,2863.14550000,9688999.47719500,14916,1576.28370000
2025-08-10 00:00:00.000000 ,3383.62000000,3391.70000000,3382.00000000,3382.52000000,1354.83090000,4588237.44573900,13219,543.53270000
2025-08-11 00:00:00.000000 ,3382.53000000,3385.04000000,3338.72000000,3345.71000000,5483.94430000,18415116.31661300,35849,2312.86330000
2025-08-12 00:00:00.000000 ,3345.71000000,3357.52000000,3332.00000000,3340.96000000,4686.37430000,15680090.23879700,42177,1914.36610000
2025-08-13 00:00:00.000000 ,3340.96000000,3358.60000000,3335.55000000,3353.91000000,3856.47880000,12911396.18122400,31674,1568.27660000
2025-08-14 00:00:00.000000 ,3353.91000000,3361.00000000,3324.39000000,3329.67000000,3216.69670000,10750747.83386800,25302,1280.64370000
2025-08-15 00:00:00.000000 ,3329.67000000,3341.09000000,3327.01000000,3330.31000000,1672.83900000,5576713.94935000,16929,886.02860000
2025-08-16 00:00:00.000000 ,3330.30000000,3336.01000000,3327.00000000,3329.49000000,773.89400000,2577217.14694700,8968,373.65560000
2025-08-17 00:00:00.000000 ,3329.57000000,3334.05000000,3322.00000000,3323.69000000,823.22480000,2740902.17759400,13044,371.84640000
2025-08-18 00:00:00.000000 ,3323.70000000,3380.00000000,3323.70000000,3330.97000000,2898.30380000,9686338.15211000,24353,1641.28010000
2025-08-19 00:00:00.000000 ,3330.96000000,3342.06000000,3307.58000000,3312.70000000,1771.59910000,5892575.44030900,17244,745.45760000
2025-08-20 00:00:00.000000 ,3312.71000000,3342.56000000,3301.77000000,3339.92000000,2992.53210000,9931424.29586600,24385,1376.69020000
2025-08-21 00:00:00.000000 ,3339.92000000,3339.93000000,3318.25000000,3331.50000000,1132.00170000,3772797.02777700,11290,469.93370000
2025-08-22 00:00:00.000000 ,3331.50000000,3365.50000000,3318.28000000,3364.74000000,2432.52740000,8137899.88003800,23147,1158.58360000
2025-08-23 00:00:00.000000 ,3364.74000000,3366.18000000,3345.51000000,3360.64000000,1045.25340000,3510814.55186500,10575,371.69190000
2025-08-24 00:00:00.000000 ,3360.65000000,3364.62000000,3354.12000000,3360.81000000,1076.12130000,3615946.90540300,11649,492.42050000
2025-08-25 00:00:00.000000 ,3360.81000000,3363.30000000,3336.00000000,3343.11000000,2281.35560000,7652672.00202000,24036,1082.32840000
2025-08-26 00:00:00.000000 ,3343.04000000,3382.93000000,3339.64000000,3378.00000000,2232.36000000,7516421.35207300,23059,1274.37880000
2025-08-27 00:00:00.000000 ,3378.00000000,3390.77000000,3365.00000000,3387.82000000,2100.35200000,7090960.98058600,18477,1104.38760000
2025-08-28 00:00:00.000000 ,3387.82000000,3423.25000000,3378.00000000,3415.80000000,4101.68290000,13948232.70347800,27035,2394.75280000
2025-08-29 00:00:00.000000 ,3415.81000000,3464.70000000,3407.80000000,3461.84000000,5474.70880000,18818018.33529900,33719,2740.79820000
2025-08-30 00:00:00.000000 ,3461.83000000,3466.73000000,3452.66000000,3462.72000000,2012.42060000,6964001.59371900,18225,1109.34360000
2025-08-31 00:00:00.000000 ,3462.72000000,3471.76000000,3456.00000000,3460.40000000,2386.02220000,8263514.62387000,18174,1161.31400000
2025-09-01 00:00:00.000000 ,3460.41000000,3505.03000000,3451.13000000,3503.19000000,7552.11990000,26337237.15693700,52635,4108.39630000
2025-09-02 00:00:00.000000 ,3502.92000000,3556.69000000,3486.35000000,3548.15000000,7844.78110000,27606040.45601600,55712,3820.85210000
2025-09-03 00:00:00.000000 ,3548.15000000,3587.50000000,3542.40000000,3574.99000000,4717.48410000,16807080.35751900,36870,2113.30090000
2025-09-04 00:00:00.000000 ,3574.99000000,3577.09000000,3527.55000000,3559.09000000,6519.04020000,23144375.55231600,57892,3119.56210000
2025-09-05 00:00:00.000000 ,3559.10000000,3599.10000000,3550.00000000,3593.64000000,4275.86130000,15293265.33683700,43609,2123.67200000
2025-09-06 00:00:00.000000 ,3593.65000000,3630.11000000,3590.51000000,3626.00000000,3124.85152300,11284008.50933406,30301,1533.00732300
2025-09-07 00:00:00.000000 ,3626.00000000,3627.24000000,3598.06000000,3602.37000000,3896.95790000,14089203.73759400,36078,1665.13490000
2025-09-08 00:00:00.000000 ,3602.37000000,3649.32000000,3588.12000000,3640.80000000,6437.11560000,23318757.44770200,60848,2721.92900000
2025-09-09 00:00:00.000000 ,3640.80000000,3681.70000000,3632.55000000,3643.12000000,7563.58860000,27652579.53092400,66561,3365.29610000
2025-09-10 00:00:00.000000 ,3643.12000000,3664.00000000,3630.00000000,3642.26000000,5747.56600000,20958199.79994100,56897,2412.21450000
2025-09-11 00:00:00.000000 ,3642.26000000,3645.81000000,3614.09000000,3632.10000000,5546.59390000,20134299.11614900,49549,2535.93670000
2025-09-12 00:00:00.000000 ,3632.10000000,3655.89000000,3630.53000000,3641.99000000,3892.37290000,14185113.68340000,36215,1801.41960000
2025-09-13 00:00:00.000000 ,3641.99000000,3645.43000000,3625.47000000,3638.72000000,2584.54090000,9394436.63244300,22399,1295.04210000
2025-09-14 00:00:00.000000 ,3638.68000000,3683.35000000,3637.44000000,3644.54000000,2361.96130000,8620411.07739300,23830,1250.00730000
2025-09-15 00:00:00.000000 ,3644.54000000,3692.79000000,3635.07000000,3683.89000000,5552.59230000,20347743.03493400,49125,2746.71900000
2025-09-16 00:00:00.000000 ,3683.88000000,3712.69000000,3683.88000000,3705.04000000,6230.61100000,23044803.37369300,47871,2978.87010000
2025-09-17 00:00:00.000000 ,3705.05000000,3708.49000000,3657.59000000,3671.86000000,6568.51480000,24183650.28347300,47576,2822.15090000
2025-09-18 00:00:00.000000 ,3671.86000000,3674.14000000,3638.08000000,3645.24000000,5501.43380000,20109823.49889000,37066,2472.29480000
2025-09-19 00:00:00.000000 ,3645.24000000,3692.88000000,3641.01000000,3690.16000000,4495.55480000,16487704.32471800,32458,2737.76400000
2025-09-20 00:00:00.000000 ,3690.16000000,3693.04000000,3683.34000000,3686.05000000,1460.95380000,5388920.52578500,11896,619.85210000
2025-09-21 00:00:00.000000 ,3686.05000000,3695.34000000,3681.00000000,3691.63000000,1235.33490000,4555946.95324100,11381,654.99000000
2025-09-22 00:00:00.000000 ,3691.59000000,3766.40000000,3690.00000000,3757.71000000,9140.59270000,34136161.27496500,74181,5000.74350000
2025-09-23 00:00:00.000000 ,3757.74000000,3800.00000000,3748.89000000,3774.33000000,8413.95170000,31776969.57585600,66408,3980.57340000
2025-09-24 00:00:00.000000 ,3774.34000000,3788.79000000,3720.78000000,3754.88000000,7458.26190000,28047786.09170900,45971,3041.95790000
2025-09-25 00:00:00.000000 ,3754.88000000,3773.55000000,3730.00000000,3753.29000000,6673.57770000,25038075.14512700,65661,3301.01680000
2025-09-26 00:00:00.000000 ,3753.29000000,3799.00000000,3742.04000000,3772.99000000,4977.73830000,18765728.65404700,47939,2276.17880000
2025-09-27 00:00:00.000000 ,3773.00000000,3784.69000000,3768.56000000,3774.88000000,1498.09970000,5658546.54776700,21169,730.99150000
2025-09-28 00:00:00.000000 ,3774.88000000,3780.51000000,3766.16000000,3775.98000000,1816.00160000,6856003.49005000,21712,880.99900000
2025-09-29 00:00:00.000000 ,3775.99000000,3859.48000000,3773.21000000,3847.63000000,7813.02130000,29889414.71348500,68085,3508.59730000
2025-09-30 00:00:00.000000 ,3847.63000000,3880.69000000,3806.92000000,3875.76000000,9282.34130000,35731055.42283600,96201,4503.14940000
2025-10-01 00:00:00.000000 ,3875.75000000,3904.58000000,3863.63000000,3870.01000000,7272.12750000,28230794.75167000,64494,3114.43180000
2025-10-02 00:00:00.000000 ,3870.49000000,3899.00000000,3823.79000000,3865.37000000,7065.06970000,27313217.40436900,69154,2999.08510000
2025-10-03 00:00:00.000000 ,3865.38000000,3889.99000000,3842.52000000,3883.56000000,4739.60570000,18358130.74871000,48420,2147.48370000
2025-10-04 00:00:00.000000 ,3883.57000000,3909.20000000,3883.21000000,3900.87000000,4620.85140000,18004632.07259900,32589,2238.19510000
2025-10-05 00:00:00.000000 ,3900.88000000,3922.65000000,3886.84000000,3914.20000000,3964.29330000,15452358.65417300,32943,2072.77310000
2025-10-06 00:00:00.000000 ,3914.21000000,3989.89000000,3906.36000000,3983.21000000,6343.59330000,25087902.88452900,67453,3433.92000000
2025-10-07 00:00:00.000000 ,3983.22000000,4004.84000000,3953.39000000,4000.88000000,9737.84270000,38810919.64389200,80396,3776.33750000
2025-10-08 00:00:00.000000 ,4000.87000000,4079.48000000,3996.75000000,4032.21000000,18411.74640000,74407725.82798200,168851,7769.56720000
2025-10-09 00:00:00.000000 ,4032.22000000,4072.00000000,3961.94000000,4000.27000000,12411.93230000,50003661.22213300,168921,5793.20950000
2025-10-10 00:00:00.000000 ,4000.28000000,4033.00000000,3600.00000000,3983.01000000,18957.99140000,75264975.93330200,289511,8877.74900000
2025-10-11 00:00:00.000000 ,3983.00000000,4002.45000000,3950.00000000,3992.15000000,13768.62490000,54780589.10098900,142962,5922.06480000
2025-10-12 00:00:00.000000 ,3992.14000000,4058.65000000,3980.00000000,4036.56000000,10221.89800000,41040021.94770700,84476,4981.13310000
2025-10-13 00:00:00.000000 ,4036.57000000,4142.30000000,4026.55000000,4141.69000000,12804.72070000,52389492.51467800,118654,6542.15380000
2025-10-14 00:00:00.000000 ,4141.69000000,4200.00000000,4103.38000000,4176.71000000,19040.13120000,78993863.62668700,180824,9125.10860000
2025-10-15 00:00:00.000000 ,4176.70000000,4247.41000000,4170.81000000,4238.42000000,17960.73810000,75720781.08538800,151973,7455.19860000
2025-10-16 00:00:00.000000 ,4238.42000000,4790.00000000,4225.28000000,4436.75000000,32114.35618200,139044068.26199820,262358,15293.63660000
2025-10-17 00:00:00.000000 ,4436.74000000,4499.00000000,4188.00000000,4238.93000000,49889.99940000,216760890.26634600,514678,23172.80720000
2025-10-18 00:00:00.000000 ,4238.93000000,4266.66000000,4226.00000000,4242.81000000,5828.95640000,24742749.07476200,47644,2820.82360000
2025-10-19 00:00:00.000000 ,4242.81000000,4265.00000000,4228.00000000,4242.46000000,8722.56630000,37000071.51529400,90124,3514.17480000
2025-10-20 00:00:00.000000 ,4242.34000000,4401.66000000,4214.16000000,4364.09000000,18164.18220000,78021760.46438900,164085,8093.83440000
2025-10-21 00:00:00.000000 ,4363.81000000,4375.49000000,4094.72000000,4098.31000000,24592.28920000,103203531.29445600,244048,11702.69040000
2025-10-22 00:00:00.000000 ,4098.82000000,4167.79000000,4020.00000000,4091.78000000,24472.28850000,99937344.81837700,297979,11190.86200000
2025-10-23 00:00:00.000000 ,4092.05000000,4157.46000000,4057.14000000,4117.46000000,15481.69940000,63564082.75739600,151306,6853.81660000
2025-10-24 00:00:00.000000 ,4117.92000000,4139.62000000,4045.25000000,4110.53000000,12594.59340000,51575124.74333700,116352,5869.56460000
2025-10-25 00:00:00.000000 ,4110.54000000,4127.13000000,4099.93000000,4110.33000000,3397.07230000,13964563.92768400,29915,1808.25620000
2025-10-26 00:00:00.000000 ,4110.32000000,4114.50000000,4056.26000000,4059.96000000,7708.76340000,31549314.24125000,63356,3719.99540000
2025-10-27 00:00:00.000000 ,4059.95000000,4094.71000000,3951.00000000,3992.20000000,17415.92610000,70052902.71470500,186049,7340.83480000
2025-10-28 00:00:00.000000 ,3992.19000000,4013.17000000,3900.00000000,3968.36000000,21354.52220000,84225414.81522900,158699,10037.94190000
2025-10-29 00:00:00.000000 ,3968.42000000,4031.43000000,3921.71000000,3956.23000000,14614.75110000,58210203.17313900,138196,6819.71310000
2025-10-30 00:00:00.000000 ,3955.76000000,4040.00000000,3923.15000000,4034.25000000,16344.62630000,65146631.45994600,165229,7102.64610000
2025-10-31 00:00:00.000000 ,4034.26000000,4035.00000000,3971.81000000,4000.16000000,10103.71260000,40477532.02917300,116641,4933.15260000
2025-11-01 00:00:00.000000 ,4000.16000000,4016.63000000,3995.51000000,4008.41000000,3077.66110000,12334762.86008200,26101,1423.98440000
2025-11-02 00:00:00.000000 ,4008.42000000,4012.69000000,3976.88000000,3979.05000000,3114.74850000,12456386.42459100,31549,1173.71770000
2025-11-03 00:00:00.000000 ,3979.05000000,4024.93000000,3962.20000000,3992.01000000,8142.42020000,32587771.79591000,97349,3805.09170000
2025-11-04 00:00:00.000000 ,3992.02000000,4009.00000000,3918.00000000,3929.18000000,10990.33400000,43497807.75542300,113399,5253.95560000
2025-11-05 00:00:00.000000 ,3929.45000000,3988.23000000,3920.00000000,3971.74000000,8333.88000000,33000769.41998700,109349,4858.77030000
2025-11-06 00:00:00.000000 ,3971.75000000,4020.00000000,3958.68000000,3986.26000000,7022.33950000,28015291.97432600,80511,3352.65910000
2025-11-07 00:00:00.000000 ,3986.26000000,4014.99000000,3977.01000000,3992.01000000,8980.38640000,35838711.22846900,105259,5410.86540000
2025-11-08 00:00:00.000000 ,3992.02000000,4000.00000000,3983.66000000,3989.36000000,1718.30280000,6857626.67416100,19681,836.58150000
2025-11-09 00:00:00.000000 ,3989.36000000,4004.69000000,3986.47000000,4004.69000000,2800.95120000,11187050.19206100,24904,1244.01150000
2025-11-10 00:00:00.000000 ,4004.79000000,4117.00000000,4004.65000000,4114.67000000,8722.31480000,35538598.35358000,67258,4163.22880000
2025-11-11 00:00:00.000000 ,4114.68000000,4139.34000000,4085.13000000,4127.99000000,8821.94570000,36351899.39435600,71974,3897.49490000
2025-11-12 00:00:00.000000 ,4128.04000000,4201.78000000,4088.21000000,4178.16000000,9717.70900000,40347472.89109500,101437,5248.39540000
2025-11-13 00:00:00.000000 ,4178.16000000,4237.72000000,4129.78000000,4175.95000000,14494.05550000,60704987.01274800,156812,7159.82400000
2025-11-14 00:00:00.000000 ,4175.95000000,4202.00000000,4022.35000000,4074.73000000,15327.92960000,62989156.33062700,152031,7185.89760000
2025-11-15 00:00:00.000000 ,4074.72000000,4102.02000000,4069.41000000,4093.95000000,4709.57530000,19234743.74753100,43512,2362.79940000
2025-11-16 00:00:00.000000 ,4093.96000000,4116.75000000,4075.00000000,4090.82000000,6142.98100000,25178281.56874500,53668,2961.96520000
2025-11-17 00:00:00.000000 ,4091.30000000,4094.96000000,4000.00000000,4028.61000000,12316.19190000,49908474.23158500,125413,5969.74140000
2025-11-18 00:00:00.000000 ,4028.61000000,4074.72000000,3996.15000000,4069.00000000,10299.78370000,41527506.50066700,70470,4782.96010000
2025-11-19 00:00:00.000000 ,4069.00000000,4130.40000000,4049.14000000,4096.93000000,13564.62820000,55385906.13208100,72542,6837.83180000
2025-11-20 00:00:00.000000 ,4097.12000000,4105.87000000,4035.73000000,4074.87000000,13959.70920000,56756247.99661600,84204,6632.87340000
2025-11-21 00:00:00.000000 ,4074.87000000,4101.46000000,4015.42000000,4065.92000000,25229.45870000,102281191.95972300,105867,12479.12970000
2025-11-22 00:00:00.000000 ,4065.92000000,4065.92000000,4054.27000000,4058.06000000,4124.02890000,16742091.75109500,26262,2016.67740000
2025-11-23 00:00:00.000000 ,4058.41000000,4067.99000000,4040.66000000,4065.69000000,4943.08230000,20046281.62351800,28095,2483.05740000
2025-11-24 00:00:00.000000 ,4065.70000000,4143.95000000,4034.86000000,4143.60000000,13724.45830000,56111988.49541900,62200,6857.11190000
2025-11-25 00:00:00.000000 ,4143.83000000,4156.22000000,4106.48000000,4128.55000000,10192.27210000,42115254.01213100,59872,5233.24780000
2025-11-26 00:00:00.000000 ,4128.56000000,4172.33000000,4126.44000000,4165.21000000,9510.25570000,39538688.42138800,47271,4784.63340000
2025-11-27 00:00:00.000000 ,4165.21000000,4166.01000000,4141.17000000,4160.64000000,5251.57040000,21816120.89372400,29388,2587.47670000
2025-11-28 00:00:00.000000 ,4160.99000000,4232.83000000,4159.02000000,4232.82000000,10079.40600000,42318552.23314500,51303,5406.24250000
2025-11-29 00:00:00.000000 ,4232.83000000,4254.98000000,4224.60000000,4248.13000000,5335.53780000,22629473.98189000,33416,2334.98000000
2025-11-30 00:00:00.000000 ,4248.13000000,4254.98000000,4228.88000000,4238.44000000,4931.63830000,20932280.32595000,30666,2123.75140000
2025-12-01 00:00:00.000000 ,4238.09000000,4283.00000000,4221.50000000,4243.87000000,22133.96880000,94110922.37449400,133194,10406.36760000
2025-12-02 00:00:00.000000 ,4243.88000000,4245.46000000,4169.29000000,4212.80000000,15586.01410000,65602554.61546800,84318,7351.98230000
2025-12-03 00:00:00.000000 ,4212.79000000,4247.83000000,4199.42000000,4214.88000000,7950.56110000,33561234.00581700,46144,3778.24340000
2025-12-04 00:00:00.000000 ,4214.87000000,4222.51000000,4183.00000000,4213.55000000,4367.76770000,18370518.41331200,30367,2074.60680000
2025-12-05 00:00:00.000000 ,4213.81000000,4260.48000000,4201.64000000,4209.92000000,6617.76970000,27977089.38637500,38846,3345.98220000
2025-12-06 00:00:00.000000 ,4209.93000000,4216.24000000,4205.65000000,4213.55000000,2016.52990000,8493375.89784600,16122,915.64750000
2025-12-07 00:00:00.000000 ,4213.56000000,4214.86000000,4202.45000000,4213.34000000,2383.02070000,10030380.63664200,15199,934.84140000
2025-12-08 00:00:00.000000 ,4213.34000000,4226.68000000,4188.74000000,4204.10000000,3960.61790000,16679202.94271100,32714,1864.49310000
2025-12-09 00:00:00.000000 ,4204.09000000,4227.77000000,4182.52000000,4215.63000000,3445.93910000,14503228.61222200,30620,1543.22550000
2025-12-10 00:00:00.000000 ,4215.63000000,4239.65000000,4191.00000000,4239.31000000,5149.90920000,21707856.84932200,35549,2489.80630000
2025-12-11 00:00:00.000000 ,4239.30000000,4293.00000000,4213.02000000,4285.37000000,6630.41740000,28245072.04497100,39712,3348.28020000
2025-12-12 00:00:00.000000 ,4285.38000000,4363.55000000,4274.63000000,4308.81000000,11056.59180000,47694277.22389600,59133,4798.84630000
2025-12-13 00:00:00.000000 ,4308.80000000,4324.75000000,4307.55000000,4316.79000000,1829.82080000,7897263.48601600,15060,967.49580000
2025-12-14 00:00:00.000000 ,4316.80000000,4325.80000000,4311.03000000,4316.55000000,2408.43330000,10405314.27878900,18497,1175.97540000
2025-12-15 00:00:00.000000 ,4316.32000000,4363.50000000,4300.00000000,4315.50000000,10405.96730000,45106372.75067100,57564,4096.71310000
2025-12-16 00:00:00.000000 ,4315.54000000,4348.05000000,4287.05000000,4322.11000000,6972.20110000,30085702.23174900,42936,3175.89820000
2025-12-17 00:00:00.000000 ,4322.11000000,4362.55000000,4321.40000000,4358.26000000,8223.19890000,35722316.32810000,45881,3978.03630000
2025-12-18 00:00:00.000000 ,4358.26000000,4384.99000000,4322.45000000,4348.19000000,7728.07510000,33586801.24380000,47431,3815.55990000
2025-12-19 00:00:00.000000 ,4348.25000000,4367.99000000,4325.56000000,4351.32000000,3814.09870000,16558944.17101400,28888,1844.12770000
2025-12-20 00:00:00.000000 ,4351.32000000,4359.06000000,4350.65000000,4352.06000000,848.97120000,3697095.86138400,9445,453.70720000
2025-12-21 00:00:00.000000 ,4352.07000000,4368.59000000,4350.72000000,4367.25000000,1682.58360000,7335783.80138100,15942,972.26000000
2025-12-22 00:00:00.000000 ,4367.35000000,4484.99000000,4367.35000000,4484.98000000,14371.97240000,63726470.46290800,61006,7282.39240000
2025-12-23 00:00:00.000000 ,4484.98000000,4539.06000000,4451.01000000,4531.01000000,13225.76100000,59517584.60625400,65453,6701.46890000
2025-12-24 00:00:00.000000 ,4531.01000000,4544.86000000,4466.00000000,4496.84000000,9560.94820000,43123213.74499200,47980,3915.34330000
2025-12-25 00:00:00.000000 ,4496.84000000,4520.19000000,4490.49000000,4516.05000000,3058.16310000,13776030.18070400,18752,1699.82970000
2025-12-26 00:00:00.000000 ,4516.09000000,4572.40000000,4508.66000000,4557.34000000,12276.48700000,55768535.73602700,56524,5189.18410000
2025-12-27 00:00:00.000000 ,4557.33000000,4575.66000000,4540.78000000,4571.49000000,4205.08680000,19185863.78077700,27075,2072.49530000
2025-12-28 00:00:00.000000 ,4571.74000000,4577.99000000,4548.25000000,4549.54000000,5217.92420000,23791620.87317100,29110,2351.05880000
2025-12-29 00:00:00.000000 ,4549.75000000,4549.99000000,4330.00000000,4364.34000000,19798.84130000,87790364.60160000,104787,8704.74070000
2025-12-30 00:00:00.000000 ,4364.34000000,4422.79000000,4346.82000000,4360.54000000,12983.63460000,56939015.48992800,60612,4812.61900000
2025-12-31 00:00:00.000000 ,4360.55000000,4386.25000000,4295.94000000,4336.99000000,12638.46100000,54885514.48161800,61174,5348.29630000
2026-01-01 00:00:00.000000 ,4337.00000000,4364.00000000,4335.13000000,4362.83000000,2657.24810000,11544008.85713700,17435,1321.85860000
2026-01-02 00:00:00.000000 ,4362.84000000,4414.83000000,4326.34000000,4340.85000000,11653.32200000,50943782.87198600,65758,5063.24800000
2026-01-03 00:00:00.000000 ,4340.85000000,4374.96000000,4338.00000000,4355.79000000,5240.57020000,22838814.36376100,34452,2601.28490000
2026-01-04 00:00:00.000000 ,4355.80000000,4387.08000000,4346.89000000,4384.45000000,5617.11180000,24507188.43421200,34182,2802.49590000
2026-01-05 00:00:00.000000 ,4384.25000000,4467.16000000,4382.60000000,4445.45000000,13032.44230000,57750134.29521100,74007,5939.21790000
2026-01-06 00:00:00.000000 ,4445.45000000,4517.00000000,4431.40000000,4509.80000000,12604.82450000,56495899.48052600,65135,7031.35620000
2026-01-07 00:00:00.000000 ,4509.79000000,4510.20000000,4439.15000000,4477.97000000,10524.90950000,47089546.48541100,55795,4289.18260000
2026-01-08 00:00:00.000000 ,4477.97000000,4490.00000000,4422.05000000,4482.19000000,8827.22760000,39344723.52685900,48968,3663.30790000
2026-01-09 00:00:00.000000 ,4482.20000000,4519.13000000,4464.81000000,4508.45000000,6492.97530000,29176078.29858100,40485,2647.31540000
2026-01-10 00:00:00.000000 ,4508.46000000,4523.43000000,4506.05000000,4523.42000000,2391.41100000,10797091.86767500,17524,1181.42370000
2026-01-11 00:00:00.000000 ,4523.43000000,4549.35000000,4501.90000000,4544.29000000,3504.66770000,15840953.65447600,21859,1502.57780000
2026-01-12 00:00:00.000000 ,4544.35000000,4638.88000000,4541.04000000,4615.31000000,10784.46030000,49614067.50499000,66546,5560.04040000
2026-01-13 00:00:00.000000 ,4615.30000000,4646.99000000,4568.20000000,4604.97000000,8529.70740000,39294301.86911900,57137,4028.84230000
2026-01-14 00:00:00.000000 ,4604.97000000,4649.16000000,4603.96000000,4628.41000000,9359.77040000,43353345.98869600,57087,4489.13510000
2026-01-15 00:00:00.000000 ,4628.41000000,4634.00000000,4540.00000000,4623.99000000,8892.00930000,40994795.88786300,66471,3918.91810000
2026-01-16 00:00:00.000000 ,4623.98000000,4629.64000000,4558.13000000,4603.15000000,6473.49820000,29794715.93631500,51242,2848.62540000
2026-01-17 00:00:00.000000 ,4603.16000000,4613.02000000,4602.93000000,4611.39000000,2108.49020000,9717348.18130100,15002,988.15800000
2026-01-18 00:00:00.000000 ,4611.40000000,4700.00000000,4611.39000000,4685.60000000,5074.27610000,23624809.67234200,29962,2843.98330000
2026-01-19 00:00:00.000000 ,4685.55000000,4696.10000000,4666.00000000,4683.97000000,8552.80910000,40027808.27386600,55073,3374.00740000
2026-01-20 00:00:00.000000 ,4683.97000000,4840.39000000,4676.16000000,4806.70000000,21747.91570000,103452222.75411500,124371,10299.28040000
2026-01-21 00:00:00.000000 ,4806.79000000,4915.00000000,4785.42000000,4800.05000000,30143.60610000,146505182.13494400,200600,14175.50520000
2026-01-22 00:00:00.000000 ,4800.05000000,4982.11000000,4790.91000000,4979.98000000,15991.62860000,77924732.61382800,104473,7881.00250000
2026-01-23 00:00:00.000000 ,4980.00000000,5009.96000000,4918.79000000,5007.31000000,21805.52210000,108272388.96546400,115997,9913.14790000
2026-01-24 00:00:00.000000 ,5007.31000000,5125.43000000,5005.23000000,5069.89000000,11466.42200000,58022041.32155400,81751,6520.91530000
2026-01-25 00:00:00.000000 ,5069.89000000,5127.00000000,5031.00000000,5070.35000000,18277.12370000,92811677.16748600,155367,8025.72370000
2026-01-26 00:00:00.000000 ,5070.35000000,5150.00000000,4991.10000000,5058.04000000,25520.30240000,130004660.90271600,176603,10791.73620000
2026-01-27 00:00:00.000000 ,5058.04000000,5235.00000000,5028.88000000,5192.99000000,21456.32420000,109973086.22215600,157577,10902.44560000
2026-01-28 00:00:00.000000 ,5193.00000000,5615.97000000,5180.00000000,5541.45000000,37206.44750000,198637195.78936100,276469,18789.84880000
2026-01-29 00:00:00.000000 ,5541.46000000,5650.86000000,5181.23000000,5479.54000000,86131.74020000,467505103.76391200,545371,40250.00160000
2026-01-30 00:00:00.000000 ,5479.54000000,5490.34000000,4754.06000000,4924.45000000,110873.43410000,562389636.87380700,773099,52482.62950000
2026-01-31 00:00:00.000000 ,4924.45000000,4991.03000000,4800.00000000,4839.88000000,26185.04280000,128435625.23368800,224751,12027.06010000
2026-02-01 00:00:00.000000 ,4839.88000000,4902.00000000,4715.00000000,4754.40000000,17751.14690000,85639777.26652200,208780,8935.20130000
2026-02-02 00:00:00.000000 ,4754.64000000,4895.00000000,4463.73000000,4794.36000000,83580.68900000,392060106.21179300,767928,39081.86140000
2026-02-03 00:00:00.000000 ,4794.37000000,5018.00000000,4770.84000000,4962.85000000,52565.44230000,258117241.81724000,343132,26800.23000000
2026-02-04 00:00:00.000000 ,4962.86000000,5118.00000000,4871.44000000,5030.90000000,45042.51180000,226019407.25470700,299794,21540.69470000
2026-02-05 00:00:00.000000 ,5030.99000000,5044.04000000,4697.54000000,4699.98000000,51149.90000000,248890383.26987000,357898,24266.40950000
2026-02-06 00:00:00.000000 ,4699.97000000,4970.00000000,4600.84000000,4942.27000000,32300.22630000,156163032.50074300,311391,15160.64570000
2026-02-07 00:00:00.000000 ,4942.28000000,4997.74000000,4924.26000000,4992.63000000,6356.06910000,31459786.32549000,78095,2907.87250000
2026-02-08 00:00:00.000000 ,4992.63000000,5049.57000000,4983.61000000,5043.44000000,9040.66280000,45299607.71388500,90138,4257.90810000
2026-02-09 00:00:00.000000 ,5043.41000000,5096.62000000,4973.92000000,5036.85000000,20433.22650000,102930732.71890700,180406,9014.09630000
2026-02-10 00:00:00.000000 ,5036.99000000,5084.85000000,5007.88000000,5044.30000000,16737.56490000,84323720.99614800,167212,6858.73010000
2026-02-11 00:00:00.000000 ,5044.30000000,5133.18000000,5032.00000000,5073.02000000,15299.50490000,77767131.97653600,139566,8485.59420000
2026-02-12 00:00:00.000000 ,5073.10000000,5100.40000000,4894.13000000,4928.02000000,17321.93730000,86271747.17217500,144432,8425.57150000
2026-02-13 00:00:00.000000 ,4928.02000000,5053.08000000,4921.42000000,5045.26000000,10632.00340000,53121598.91344400,111700,5686.66540000
2026-02-14 00:00:00.000000 ,5045.12000000,5046.94000000,5021.20000000,5023.84000000,2541.64480000,12793106.22513100,25879,1105.88430000
2026-02-15 00:00:00.000000 ,5023.84000000,5050.32000000,5011.19000000,5024.90000000,4352.16250000,21913028.02809500,51867,2598.90500000
2026-02-16 00:00:00.000000 ,5024.86000000,5033.02000000,4972.82000000,4998.59000000,4453.87400000,22275773.02080100,58546,2103.75040000
2026-02-17 00:00:00.000000 ,4998.60000000,4999.57000000,4793.81000000,4866.71000000,17256.06770000,84557045.03089200,135066,8416.43400000
2026-02-18 00:00:00.000000 ,4866.71000000,5014.27000000,4866.23000000,4979.96000000,7010.71820000,34795587.65738300,68092,3226.26740000
2026-02-19 00:00:00.000000 ,4979.96000000,5030.05000000,4966.07000000,4997.71000000,6853.37950000,34283984.83061900,68112,4113.92000000
2026-02-20 00:00:00.000000 ,4997.70000000,5121.75000000,4995.41000000,5116.08000000,25397.83720000,128415949.41675200,151665,13366.13510000
2026-02-21 00:00:00.000000 ,5116.08000000,5155.77000000,5112.83000000,5141.88000000,4462.12830000,22901043.16579000,31890,2410.48240000
2026-02-22 00:00:00.000000 ,5141.88000000,5192.92000000,5123.54000000,5186.69000000,7797.18000000,40163157.19036700,54906,3485.66240000
2026-02-23 00:00:00.000000 ,5186.49000000,5269.55000000,5138.44000000,5254.81000000,14523.07820000,75447117.63027700,102501,6166.47450000
2026-02-24 00:00:00.000000 ,5254.80000000,5254.80000000,5116.60000000,5164.90000000,30747.27540000,159443933.96086500,204710,15140.04530000
2026-02-25 00:00:00.000000 ,5164.91000000,5228.00000000,5156.01000000,5175.31000000,13603.87020000,70734639.57034700,122752,6829.80600000
2026-02-26 00:00:00.000000 ,5175.74000000,5210.25000000,5143.00000000,5195.26000000,7480.68530000,38817707.44634400,86606,3204.20800000
2026-02-27 00:00:00.000000 ,5195.26000000,5306.18000000,5181.39000000,5290.66000000,16139.75310000,84451907.90607500,120760,7163.59150000
2026-02-28 00:00:00.000000 ,5290.66000000,5600.00000000,5284.61000000,5369.78000000,52092.83900000,283875101.38235500,448854,29708.61490000
2026-03-01 00:00:00.000000 ,5369.79000000,5448.09000000,5286.25000000,5436.45000000,24070.62980000,129589604.15533700,194591,12099.45640000
2026-03-02 00:00:00.000000 ,5436.60000000,5459.65000000,5275.22000000,5360.01000000,28541.04080000,153087307.26710300,222706,13955.73910000
2026-03-03 00:00:00.000000 ,5360.44000000,5400.00000000,5027.33000000,5142.55000000,47657.23680000,246728397.68638200,414676,22858.52490000
2026-03-04 00:00:00.000000 ,5143.32000000,5216.70000000,5116.05000000,5179.00000000,24316.87220000,125708989.30150600,223897,10959.33990000
2026-03-05 00:00:00.000000 ,5179.00000000,5202.00000000,5064.00000000,5098.75000000,15329.15890000,78734189.50199100,119335,7362.73090000
2026-03-06 00:00:00.000000 ,5098.74000000,5189.69000000,5075.41000000,5182.45000000,10983.37490000,56353129.83544900,141835,5218.46710000
2026-03-07 00:00:00.000000 ,5182.44000000,5188.85000000,5162.00000000,5172.35000000,6499.09100000,33642447.86288800,54882,3921.48130000
2026-03-08 00:00:00.000000 ,5172.34000000,5191.28000000,5056.10000000,5085.29000000,9348.71090000,48185017.22974100,85225,3545.50710000
2026-03-09 00:00:00.000000 ,5085.01000000,5158.91000000,5030.00000000,5143.80000000,15783.02470000,80476012.47471700,133157,6190.96350000
2026-03-10 00:00:00.000000 ,5143.80000000,5239.80000000,5129.57000000,5197.87000000,18268.62030000,94885656.42561600,148518,6986.03430000
2026-03-11 00:00:00.000000 ,5197.87000000,5221.34000000,5136.37000000,5136.84000000,9990.95200000,51792343.78973600,88261,4533.92390000
2026-03-12 00:00:00.000000 ,5137.28000000,5188.72000000,5069.11000000,5109.98000000,11394.19590000,58507939.78072500,112833,5354.36860000
2026-03-13 00:00:00.000000 ,5109.97000000,5131.43000000,5005.54000000,5028.83000000,15926.02190000,80728222.52678300,111470,7045.59150000
2026-03-14 00:00:00.000000 ,5028.83000000,5047.18000000,5018.51000000,5020.60000000,2402.96610000,12089228.32558700,21359,1198.03020000
2026-03-15 00:00:00.000000 ,5020.60000000,5027.62000000,4960.42000000,4989.59000000,5811.17230000,29066250.38646800,48736,2254.37320000
2026-03-16 00:00:00.000000 ,4989.59000000,5030.82000000,4962.82000000,5001.04000000,10839.08580000,54185389.06422600,94017,5514.96570000
2026-03-17 00:00:00.000000 ,5001.04000000,5029.87000000,4972.00000000,4992.90000000,5036.75580000,25207121.15332100,49692,2353.20900000
2026-03-18 00:00:00.000000 ,4992.90000000,5006.75000000,4800.00000000,4829.04000000,24607.29630000,119902147.30758600,147968,9038.44890000
2026-03-19 00:00:00.000000 ,4829.03000000,4855.42000000,4511.00000000,4652.38000000,32560.85000000,151486097.95654900,234490,16320.08670000
2026-03-20 00:00:00.000000 ,4652.39000000,4739.74000000,4497.35000000,4509.76000000,22787.74390000,104866567.72283700,197834,10642.80610000
2026-03-21 00:00:00.000000 ,4509.76000000,4531.76000000,4501.17000000,4503.29000000,3854.56400000,17391854.69681000,32977,2076.47540000
2026-03-22 00:00:00.000000 ,4503.30000000,4541.88000000,4450.48000000,4474.61000000,8934.21360000,40117608.73361300,63115,4014.68870000
2026-03-23 00:00:00.000000 ,4474.96000000,4511.36000000,4141.06000000,4447.45000000,90541.41330000,393218755.21156000,590628,44167.07980000
2026-03-24 00:00:00.000000 ,4447.50000000,4554.99000000,4319.46000000,4549.65000000,25365.96220000,112168450.53970800,214199,12621.62100000
2026-03-25 00:00:00.000000 ,4549.70000000,4601.84000000,4494.35000000,4502.38000000,19457.59900000,88691051.42820000,123127,9445.86640000
2026-03-26 00:00:00.000000 ,4502.38000000,4545.11000000,4361.07000000,4411.60000000,16368.47840000,72647580.80819900,120528,7394.46190000
2026-03-27 00:00:00.000000 ,4411.61000000,4554.54000000,4382.74000000,4501.27000000,10919.88470000,48782112.67216000,100569,5089.12110000
2026-03-28 00:00:00.000000 ,4501.27000000,4513.58000000,4487.11000000,4501.78000000,3163.40910000,14238735.22661400,26978,1783.02760000
2026-03-29 00:00:00.000000 ,4501.78000000,4524.72000000,4450.74000000,4454.73000000,5358.81040000,24102587.13625700,47092,2496.05660000
2026-03-30 00:00:00.000000 ,4454.94000000,4581.02000000,4425.78000000,4512.80000000,11068.01300000,49987937.06612000,130815,5723.35760000
2026-03-31 00:00:00.000000 ,4512.79000000,4691.19000000,4480.02000000,4687.74000000,12074.92200000,55641155.36501200,110316,5989.63720000
2026-04-01 00:00:00.000000 ,4687.56000000,4783.67000000,4659.17000000,4768.56000000,13032.08920000,61579411.78571400,111024,6272.57210000
2026-04-02 00:00:00.000000 ,4768.56000000,4783.19000000,4550.62000000,4668.14000000,13690.32060000,63550238.26737200,114101,6635.92970000
2026-04-03 00:00:00.000000 ,4668.15000000,4670.08000000,4642.00000000,4648.94000000,2859.66850000,13305696.58323700,19345,1246.18370000
2026-04-04 00:00:00.000000 ,4648.91000000,4658.74000000,4646.95000000,4648.59000000,1092.18820000,5081051.06985200,21931,582.32050000
2026-04-05 00:00:00.000000 ,4648.60000000,4653.18000000,4595.00000000,4598.82000000,7983.02720000,36925788.15944000,112802,3809.85410000
2026-04-06 00:00:00.000000 ,4599.39000000,4692.80000000,4588.55000000,4644.39000000,7157.63640000,33278621.37329800,70856,3168.82330000
2026-04-07 00:00:00.000000 ,4643.80000000,4812.14000000,4596.24000000,4809.74000000,11198.79650000,52620365.47008000,105966,6058.91780000
2026-04-08 00:00:00.000000 ,4809.75000000,4834.28000000,4683.80000000,4702.52000000,11148.90630000,53037740.28236400,98651,4889.65600000
2026-04-09 00:00:00.000000 ,4702.53000000,4788.88000000,4684.00000000,4747.51000000,6921.97600000,32807841.57664900,66311,3626.72590000
2026-04-10 00:00:00.000000 ,4748.04000000,4777.44000000,4716.24000000,4734.00000000,4062.45960000,19283691.14049100,44753,2267.21790000
2026-04-11 00:00:00.000000 ,4734.00000000,4740.00000000,4726.55000000,4731.88000000,1846.25840000,8736743.06700700,17675,622.92950000
2026-04-12 00:00:00.000000 ,4731.88000000,4735.29000000,4629.36000000,4655.92000000,5233.94850000,24471926.94364800,45678,2221.80820000
2026-04-13 00:00:00.000000 ,4656.00000000,4750.84000000,4649.80000000,4741.09000000,10359.10220000,48751838.64347500,71886,6885.63550000
2026-04-14 00:00:00.000000 ,4741.09000000,4840.00000000,4735.67000000,4827.05000000,12782.85020000,61467864.62503700,75151,4439.42340000
2026-04-15 00:00:00.000000 ,4827.31000000,4861.14000000,4779.44000000,4810.84000000,5836.84600000,28034815.96588600,59418,2086.42260000
2026-04-16 00:00:00.000000 ,4810.85000000,4825.00000000,4747.20000000,4775.61000000,7166.80480000,34301180.20197800,63949,2450.57890000
2026-04-17 00:00:00.000000 ,4775.40000000,4872.86000000,4753.34000000,4820.59000000,8722.86410000,42069932.41671400,71000,5044.36180000
2026-04-18 00:00:00.000000 ,4820.58000000,4831.90000000,4774.79000000,4775.26000000,2726.96970000,13080740.05902900,25850,1255.44250000
2026-04-19 00:00:00.000000 ,4775.26000000,4797.84000000,4726.74000000,4740.00000000,3774.96290000,18009787.56402700,41330,1829.48680000
2026-04-20 00:00:00.000000 ,4739.99000000,4815.52000000,4730.26000000,4806.48000000,7722.49330000,36977186.01852300,62752,5554.82890000
2026-04-21 00:00:00.000000 ,4806.48000000,4814.44000000,4656.71000000,4728.00000000,6085.47050000,28795402.28404600,70016,2963.90440000
2026-04-22 00:00:00.000000 ,4728.60000000,4758.99000000,4710.00000000,4713.80000000,4823.64370000,22845036.29012400,46802,2348.23450000
2026-04-23 00:00:00.000000 ,4713.80000000,4737.59000000,4657.87000000,4684.89000000,3740.43610000,17575940.05601700,49785,1716.66560000
2026-04-24 00:00:00.000000 ,4685.10000000,4726.00000000,4651.50000000,4696.12000000,2993.18170000,14038836.42159300,40786,1343.71420000
2026-04-25 00:00:00.000000 ,4696.13000000,4702.80000000,4689.01000000,4689.63000000,655.88040000,3080514.64225700,14529,263.73770000
2026-04-26 00:00:00.000000 ,4689.62000000,4710.00000000,4668.01000000,4673.25000000,1540.63610000,7230582.31631200,32589,705.61460000
2026-04-27 00:00:00.000000 ,4673.24000000,4717.53000000,4658.44000000,4683.83000000,2455.33850000,11500071.81029200,35081,1360.03100000
2026-04-28 00:00:00.000000 ,4683.64000000,4690.49000000,4552.08000000,4589.54000000,6254.24290000,28820557.74304900,89868,2852.98380000
2026-04-29 00:00:00.000000 ,4589.53000000,4604.08000000,4508.14000000,4555.97000000,4741.49020000,21586561.58373200,62838,2105.92620000
2026-04-30 00:00:00.000000 ,4556.01000000,4641.49000000,4535.91000000,4618.20000000,2810.18390000,12935761.65937900,42156,1614.94010000
2026-05-01 00:00:00.000000 ,4618.00000000,4652.13000000,4557.01000000,4603.82000000,3069.96030000,14140996.14873600,50435,1638.44490000
2026-05-02 00:00:00.000000 ,4603.83000000,4605.00000000,4595.91000000,4597.94000000,677.92240000,3119055.32635900,9999,234.39800000
2026-05-03 00:00:00.000000 ,4597.94000000,4638.74000000,4595.79000000,4605.79000000,1639.14530000,7565005.63229700,23599,973.53550000
2026-05-04 00:00:00.000000 ,4605.79000000,4611.42000000,4500.55000000,4516.67000000,5926.38720000,26938945.92491100,75836,3057.54150000
2026-05-05 00:00:00.000000 ,4516.68000000,4585.92000000,4511.65000000,4584.31000000,3558.50580000,16200398.14196000,42275,1908.91180000
2026-05-06 00:00:00.000000 ,4584.31000000,4712.39000000,4578.29000000,4687.19000000,7122.22760000,33232013.69490500,65980,3720.91620000
2026-05-07 00:00:00.000000 ,4687.20000000,4756.00000000,4674.36000000,4696.64000000,12342.94450000,58231071.90697300,119637,6453.97020000
2026-05-08 00:00:00.000000 ,4697.00000000,4741.20000000,4687.75000000,4706.72000000,4534.30650000,21371256.54609400,52156,2551.18670000
2026-05-09 00:00:00.000000 ,4706.72000000,4716.38000000,4702.96000000,4712.54000000,773.76560000,3642649.64312100,13797,330.86500000
2026-05-10 00:00:00.000000 ,4712.54000000,4724.50000000,4676.00000000,4686.76000000,2392.39640000,11242393.39050500,22533,1106.05180000
2026-05-11 00:00:00.000000 ,4687.19000000,4758.66000000,4645.29000000,4757.62000000,6681.22600000,31412387.00139000,61167,3332.58150000
2026-05-12 00:00:00.000000 ,4757.58000000,4762.50000000,4638.01000000,4712.40000000,6464.67390000,30301048.51429400,54708,2779.00630000
2026-05-13 00:00:00.000000 ,4712.18000000,4721.83000000,4666.08000000,4689.00000000,4093.89230000,19177643.69055700,38793,2004.87180000
2026-05-14 00:00:00.000000 ,4689.19000000,4710.00000000,4643.01000000,4650.74000000,2986.62610000,13963498.50937700,38241,1507.71940000
2026-05-15 00:00:00.000000 ,4650.41000000,4654.80000000,4518.22000000,4543.10000000,7308.98840000,33411551.04468000,73143,3625.22640000
2026-05-16 00:00:00.000000 ,4543.11000000,4547.03000000,4514.99000000,4537.00000000,3219.57320000,14569083.51236200,21729,2154.50980000
2026-05-17 00:00:00.000000 ,4537.01000000,4554.99000000,4526.00000000,4535.60000000,1651.86370000,7494854.66694800,16370,795.87630000
2026-05-18 00:00:00.000000 ,4535.60000000,4584.00000000,4480.02000000,4577.41000000,5671.80590000,25739687.50329300,59821,2639.45710000
2026-05-19 00:00:00.000000 ,4577.42000000,4584.41000000,4470.00000000,4491.76000000,3641.85010000,16435343.02161700,42988,1775.40210000
2026-05-20 00:00:00.000000 ,4491.75000000,4550.00000000,4460.00000000,4541.50000000,3950.37330000,17784510.98193200,42413,1845.79830000
2026-05-21 00:00:00.000000 ,4541.75000000,4564.00000000,4489.01000000,4529.71000000,2564.22280000,11598258.55019900,32112,1142.62780000
2026-05-22 00:00:00.000000 ,4529.72000000,4534.14000000,4488.00000000,4499.27000000,2397.91690000,10819079.90677000,27068,1047.65650000
2026-05-23 00:00:00.000000 ,4499.28000000,4529.03000000,4497.67000000,4528.07000000,1476.49220000,6662768.11273700,19994,677.59300000
2026-05-24 00:00:00.000000 ,4528.07000000,4573.63000000,4517.00000000,4561.78000000,3810.75130000,17307474.67524100,30566,2441.22550000
2026-05-25 00:00:00.000000 ,4561.79000000,4573.74000000,4543.78000000,4551.68000000,1868.64790000,8518176.69898700,24593,905.43780000
2026-05-26 00:00:00.000000 ,4551.40000000,4551.40000000,4484.71000000,4520.62000000,3986.19110000,18001680.13982900,34887,1432.97400000
2026-05-27 00:00:00.000000 ,4520.36000000,4526.08000000,4410.50000000,4448.64000000,6555.43910000,29231530.00398500,56521,3018.37660000
2026-05-28 00:00:00.000000 ,4448.63000000,4507.00000000,4374.00000000,4487.89000000,7593.59140000,33648882.08680300,65360,3543.41660000
2026-05-29 00:00:00.000000 ,4487.60000000,4584.62000000,4485.58000000,4534.99000000,4504.03190000,20392497.03451000,46255,2225.58550000
2026-05-30 00:00:00.000000 ,4535.00000000,4538.72000000,4522.53000000,4523.42000000,810.33170000,3671477.08973300,12177,296.62320000
2026-05-31 00:00:00.000000 ,4523.43000000,4539.48000000,4514.72000000,4535.00000000,1029.14480000,4660029.61686500,13542,540.56020000
2026-06-01 00:00:00.000000 ,4534.99000000,4540.56000000,4448.33000000,4482.21000000,4389.12850000,19706267.80468900,38579,2034.77270000
2026-06-02 00:00:00.000000 ,4481.76000000,4534.99000000,4456.53000000,4470.86000000,4136.31850000,18625707.41508800,44631,2026.54960000
2026-06-03 00:00:00.000000 ,4471.04000000,4491.20000000,4422.00000000,4452.41000000,3669.88560000,16328686.24799100,42326,1790.99140000
2026-06-04 00:00:00.000000 ,4452.45000000,4514.01000000,4438.65000000,4456.21000000,4839.97340000,21643935.03514000,49074,2440.65820000
2026-06-05 00:00:00.000000 ,4456.21000000,4468.74000000,4310.59000000,4321.34000000,7528.30470000,33105296.61387900,72821,3078.48280000
2026-06-06 00:00:00.000000 ,4321.60000000,4333.19000000,4290.01000000,4299.99000000,2236.79040000,9621153.07269600,36743,1001.24260000
2026-06-07 00:00:00.000000 ,4300.00000000,4338.53000000,4294.25000000,4336.87000000,3530.50720000,15213066.44777700,54816,1859.32460000
2026-06-08 00:00:00.000000 ,4336.86000000,4345.78000000,4264.10000000,4310.54000000,3566.02510000,15374740.18963500,52725,1921.69590000
2026-06-09 00:00:00.000000 ,4310.73000000,4354.58000000,4208.30000000,4218.22000000,3806.89650000,16321422.65797600,55230,1874.07380000
2026-06-10 00:00:00.000000 ,4218.28000000,4223.88000000,4026.48000000,4052.10000000,7807.26110000,32302930.24391100,98594,3824.98100000
2026-06-11 00:00:00.000000 ,4051.85000000,4242.05000000,4041.71000000,4215.12000000,5866.02190000,24197161.81623200,84471,3020.29030000
2026-06-12 00:00:00.000000 ,4215.38000000,4230.47000000,4166.44000000,4212.35000000,3424.47920000,14381646.18166400,40354,1769.29090000
2026-06-13 00:00:00.000000 ,4212.35000000,4229.21000000,4203.05000000,4222.73000000,838.18680000,3535602.44244000,18888,402.24420000
2026-06-14 00:00:00.000000 ,4222.73000000,4304.85000000,4217.56000000,4289.62000000,3131.35090000,13324067.78747600,44372,1610.26390000
2026-06-15 00:00:00.000000 ,4289.18000000,4361.22000000,4282.40000000,4308.66000000,3233.93150000,13985534.94762800,36303,1650.18060000
2026-06-16 00:00:00.000000 ,4307.70000000,4347.20000000,4299.07000000,4323.01000000,2852.07070000,12340421.10098000,27840,1932.07190000
2026-06-17 00:00:00.000000 ,4323.02000000,4373.95000000,4216.86000000,4273.45000000,4989.64520000,21468117.40305200,60088,2632.89200000
2026-06-18 00:00:00.000000 ,4273.46000000,4323.72000000,4183.37000000,4184.64000000,3205.36580000,13634090.45612800,42315,1462.30040000
2026-06-19 00:00:00.000000 ,4184.72000000,4193.71000000,4120.04000000,4154.95000000,2605.53570000,10831488.72720600,34180,1219.83120000
2026-06-20 00:00:00.000000 ,4154.94000000,4162.60000000,4148.59000000,4154.20000000,675.35750000,2806383.95563200,12529,313.07630000
2026-06-21 00:00:00.000000 ,4154.20000000,4166.77000000,4134.45000000,4137.03000000,872.61750000,3626200.83139600,12391,417.83720000
2026-06-22 00:00:00.000000 ,4137.03000000,4216.86000000,4137.03000000,4183.46000000,2461.04920000,10305674.49625500,30894,1276.74920000
2026-06-23 00:00:00.000000 ,4183.22000000,4193.14000000,4079.01000000,4096.15000000,4296.07450000,17705678.83701100,36961,2383.09530000
2026-06-24 00:00:00.000000 ,4097.39000000,4108.42000000,3959.00000000,4014.13000000,8080.64700000,32568554.51535400,77523,2997.44900000
2026-06-25 00:00:00.000000 ,4014.07000000,4042.75000000,3965.10000000,4014.32000000,4294.67640000,17202998.80137300,55273,2267.35490000
2026-06-26 00:00:00.000000 ,4013.64000000,4091.28000000,3982.76000000,4082.38000000,3742.64780000,15145023.30218700,30982,2118.64670000
2026-06-27 00:00:00.000000 ,4082.38000000,4083.98000000,4071.21000000,4075.86000000,635.72440000,2593289.61515600,11991,282.74980000
2026-06-28 00:00:00.000000 ,4075.87000000,4081.64000000,4048.60000000,4059.57000000,1364.51130000,5557666.04304700,26916,586.98190000
2026-06-29 00:00:00.000000 ,4059.47000000,4072.00000000,3998.45000000,4013.73000000,1929.32850000,7783586.00405000,30371,821.21520000
2026-06-30 00:00:00.000000 ,4013.71000000,4060.41000000,3944.57000000,4004.47000000,8011.01500000,32031932.29535800,52550,3950.34950000
2026-07-01 00:00:00.000000 ,4004.47000000,4110.89000000,3956.89000000,4032.89000000,5063.05410000,20439034.72138000,47947,2614.94950000
2026-07-02 00:00:00.000000 ,4032.85000000,4138.90000000,4029.92000000,4124.31000000,3736.43950000,15306248.59102100,48521,1780.02280000
2026-07-03 00:00:00.000000 ,4124.30000000,4188.74000000,4121.22000000,4168.71000000,2578.12970000,10747127.83428900,32852,1203.86790000
2026-07-04 00:00:00.000000 ,4168.72000000,4171.88000000,4158.91000000,4168.00000000,555.28880000,2313489.91988100,9169,295.72320000
2026-07-05 00:00:00.000000 ,4168.01000000,4196.06000000,4163.51000000,4179.65000000,985.88340000,4117024.01796200,10684,664.37180000
2026-07-06 00:00:00.000000 ,4178.41000000,4197.02000000,4125.04000000,4152.03000000,2438.55840000,10127212.85077000,29052,1063.31850000
2026-07-07 00:00:00.000000 ,4152.02000000,4174.81000000,4089.00000000,4094.25000000,3565.38780000,14713394.66723900,35735,1184.81390000
2026-07-08 00:00:00.000000 ,4095.03000000,4129.03000000,4021.15000000,4073.01000000,2949.73280000,12028960.52679700,35627,1408.94810000
2026-07-09 00:00:00.000000 ,4073.01000000,4131.28000000,4051.62000000,4117.45000000,1940.30120000,7952879.63064900,22230,1095.17260000
2026-07-10 00:00:00.000000 ,4117.81000000,4128.12000000,4070.10000000,4113.34000000,2185.78120000,8966329.39259200,35148,1106.09670000
2026-07-11 00:00:00.000000 ,4113.34000000,4116.02000000,4100.40000000,4102.09000000,439.06380000,1804090.55113500,7755,227.94680000
