timestamp,Close
2020-09-14 04:00:00+00:00,3.3666
2020-09-14 08:00:00+00:00,3.3799
2020-09-14 12:00:00+00:00,3.3795
2020-09-14 16:00:00+00:00,3.3009
2020-09-14 20:00:00+00:00,3.2661
2020-09-15 00:00:00+00:00,3.255
2020-09-15 04:00:00+00:00,3.1807
2020-09-15 08:00:00+00:00,3.2371
2020-09-15 12:00:00+00:00,3.0758
2020-09-15 16:00:00+00:00,3.0389
2020-09-15 20:00:00+00:00,2.9332
2020-09-16 00:00:00+00:00,2.6918
2020-09-16 04:00:00+00:00,2.737
2020-09-16 08:00:00+00:00,2.587
2020-09-16 12:00:00+00:00,2.5341
2020-09-16 16:00:00+00:00,2.5302
2020-09-16 20:00:00+00:00,2.5395
2020-09-17 00:00:00+00:00,2.4836
2020-09-17 04:00:00+00:00,2.5296
2020-09-17 08:00:00+00:00,2.5396
2020-09-17 12:00:00+00:00,2.6094
2020-09-17 16:00:00+00:00,2.7698
2020-09-17 20:00:00+00:00,2.8855
2020-09-18 00:00:00+00:00,2.8813
2020-09-18 04:00:00+00:00,2.951
2020-09-18 08:00:00+00:00,3.0668
2020-09-18 12:00:00+00:00,2.8959
2020-09-18 16:00:00+00:00,3.1152
2020-09-18 20:00:00+00:00,3.108
2020-09-19 00:00:00+00:00,3.1087
2020-09-19 04:00:00+00:00,3.0778
2020-09-19 08:00:00+00:00,3.0428
2020-09-19 12:00:00+00:00,3.012
2020-09-19 16:00:00+00:00,3.0151
2020-09-19 20:00:00+00:00,3.0193
2020-09-20 00:00:00+00:00,2.9114
2020-09-20 04:00:00+00:00,2.9473
2020-09-20 08:00:00+00:00,2.9616
2020-09-20 12:00:00+00:00,2.8076
2020-09-20 16:00:00+00:00,2.7796
2020-09-20 20:00:00+00:00,2.8635
2020-09-21 00:00:00+00:00,2.9924
2020-09-21 04:00:00+00:00,2.7265
2020-09-21 08:00:00+00:00,2.6142
2020-09-21 12:00:00+00:00,2.6825
2020-09-21 16:00:00+00:00,2.8332
2020-09-21 20:00:00+00:00,2.7539
2020-09-22 00:00:00+00:00,2.8965
2020-09-22 04:00:00+00:00,2.6677
2020-09-22 08:00:00+00:00,2.8096
2020-09-22 12:00:00+00:00,2.8967
2020-09-22 16:00:00+00:00,2.9517
2020-09-22 20:00:00+00:00,2.9183
2020-09-23 00:00:00+00:00,2.841
2020-09-23 04:00:00+00:00,2.7804
2020-09-23 08:00:00+00:00,2.9298
2020-09-23 12:00:00+00:00,2.9083
2020-09-23 16:00:00+00:00,2.7881
2020-09-23 20:00:00+00:00,2.8313
2020-09-24 00:00:00+00:00,2.9525
2020-09-24 04:00:00+00:00,3.0398
2020-09-24 08:00:00+00:00,3.0094
2020-09-24 12:00:00+00:00,3.0222
2020-09-24 16:00:00+00:00,3.1681
2020-09-24 20:00:00+00:00,3.1392
2020-09-25 00:00:00+00:00,3.0089
2020-09-25 04:00:00+00:00,2.9968
2020-09-25 08:00:00+00:00,3.0239
2020-09-25 12:00:00+00:00,3.1319
2020-09-25 16:00:00+00:00,3.2128
2020-09-25 20:00:00+00:00,3.1821
2020-09-26 00:00:00+00:00,3.1178
2020-09-26 04:00:00+00:00,3.1268
2020-09-26 08:00:00+00:00,3.1426
2020-09-26 12:00:00+00:00,3.1318
2020-09-26 16:00:00+00:00,3.0644
2020-09-26 20:00:00+00:00,3.1262
2020-09-27 00:00:00+00:00,3.1314
2020-09-27 04:00:00+00:00,3.0633
2020-09-27 08:00:00+00:00,3.0446
2020-09-27 12:00:00+00:00,3.133
2020-09-27 16:00:00+00:00,3.1269
2020-09-27 20:00:00+00:00,3.1617
2020-09-28 00:00:00+00:00,3.1092
2020-09-28 04:00:00+00:00,3.0638
2020-09-28 08:00:00+00:00,3.039
2020-09-28 12:00:00+00:00,3.0795
2020-09-28 16:00:00+00:00,3.006
2020-09-28 20:00:00+00:00,2.9564
2020-09-29 00:00:00+00:00,2.9371
2020-09-29 04:00:00+00:00,2.9878
2020-09-29 08:00:00+00:00,2.9908
2020-09-29 12:00:00+00:00,2.9856
2020-09-29 16:00:00+00:00,2.8933
2020-09-29 20:00:00+00:00,2.9517
2020-09-30 00:00:00+00:00,2.9512
2020-09-30 04:00:00+00:00,2.9233
2020-09-30 08:00:00+00:00,2.8505
2020-09-30 12:00:00+00:00,2.8911
2020-09-30 16:00:00+00:00,2.8501
2020-09-30 20:00:00+00:00,2.9004
2020-10-01 00:00:00+00:00,2.9226
2020-10-01 04:00:00+00:00,2.9709
2020-10-01 08:00:00+00:00,2.958
2020-10-01 12:00:00+00:00,2.8538
2020-10-01 16:00:00+00:00,2.7625
2020-10-01 20:00:00+00:00,2.8701
2020-10-02 00:00:00+00:00,2.8672
2020-10-02 04:00:00+00:00,2.6662
2020-10-02 08:00:00+00:00,2.4777
2020-10-02 12:00:00+00:00,2.6118
2020-10-02 16:00:00+00:00,2.6088
2020-10-02 20:00:00+00:00,2.6236
2020-10-03 00:00:00+00:00,2.6413
2020-10-03 04:00:00+00:00,2.6349
2020-10-03 08:00:00+00:00,2.6656
2020-10-03 12:00:00+00:00,2.6373
2020-10-03 16:00:00+00:00,2.6544
2020-10-03 20:00:00+00:00,2.5454
2020-10-04 00:00:00+00:00,2.5027
2020-10-04 04:00:00+00:00,2.5541
2020-10-04 08:00:00+00:00,2.5376
2020-10-04 12:00:00+00:00,2.4556
2020-10-04 16:00:00+00:00,2.4781
2020-10-04 20:00:00+00:00,2.5236
2020-10-05 00:00:00+00:00,2.52
2020-10-05 04:00:00+00:00,2.4905
2020-10-05 08:00:00+00:00,2.5264
2020-10-05 12:00:00+00:00,2.6159
2020-10-05 16:00:00+00:00,2.6184
2020-10-05 20:00:00+00:00,2.6495
2020-10-06 00:00:00+00:00,2.5938
2020-10-06 04:00:00+00:00,2.5314
2020-10-06 08:00:00+00:00,2.3962
2020-10-06 12:00:00+00:00,2.4373
2020-10-06 16:00:00+00:00,2.2713
2020-10-06 20:00:00+00:00,2.1732
2020-10-07 00:00:00+00:00,2.1875
2020-10-07 04:00:00+00:00,2.2613
2020-10-07 08:00:00+00:00,2.2121
2020-10-07 12:00:00+00:00,2.261
2020-10-07 16:00:00+00:00,2.3314
2020-10-07 20:00:00+00:00,2.3027
2020-10-08 00:00:00+00:00,2.243
2020-10-08 04:00:00+00:00,2.0859
2020-10-08 08:00:00+00:00,2.1684
2020-10-08 12:00:00+00:00,2.4271
2020-10-08 16:00:00+00:00,2.3279
2020-10-08 20:00:00+00:00,2.3716
2020-10-09 00:00:00+00:00,2.3845
2020-10-09 04:00:00+00:00,2.4106
2020-10-09 08:00:00+00:00,2.5493
2020-10-09 12:00:00+00:00,2.5956
2020-10-09 16:00:00+00:00,2.4901
2020-10-09 20:00:00+00:00,2.5363
2020-10-10 00:00:00+00:00,2.5812
2020-10-10 04:00:00+00:00,2.5359
2020-10-10 08:00:00+00:00,2.5003
2020-10-10 12:00:00+00:00,2.5065
2020-10-10 16:00:00+00:00,2.4505
2020-10-10 20:00:00+00:00,2.407
2020-10-11 00:00:00+00:00,2.3488
2020-10-11 04:00:00+00:00,2.3907
2020-10-11 08:00:00+00:00,2.4539
2020-10-11 12:00:00+00:00,2.4213
2020-10-11 16:00:00+00:00,2.4267
2020-10-11 20:00:00+00:00,2.4257
2020-10-12 00:00:00+00:00,2.4982
2020-10-12 04:00:00+00:00,2.5773
2020-10-12 08:00:00+00:00,2.4753
2020-10-12 12:00:00+00:00,2.5414
2020-10-12 16:00:00+00:00,2.6303
2020-10-12 20:00:00+00:00,2.5825
2020-10-13 00:00:00+00:00,2.4728
2020-10-13 04:00:00+00:00,2.4866
2020-10-13 08:00:00+00:00,2.512
2020-10-13 12:00:00+00:00,2.4268
2020-10-13 16:00:00+00:00,2.3654
2020-10-13 20:00:00+00:00,2.4048
2020-10-14 00:00:00+00:00,2.386
2020-10-14 04:00:00+00:00,2.383
2020-10-14 08:00:00+00:00,2.3462
2020-10-14 12:00:00+00:00,2.2641
2020-10-14 16:00:00+00:00,2.2582
2020-10-14 20:00:00+00:00,2.3087
2020-10-15 00:00:00+00:00,2.254
2020-10-15 04:00:00+00:00,2.32
2020-10-15 08:00:00+00:00,2.2455
2020-10-15 12:00:00+00:00,2.2923
2020-10-15 16:00:00+00:00,2.2981
2020-10-15 20:00:00+00:00,2.267
2020-10-16 00:00:00+00:00,2.2235
2020-10-16 04:00:00+00:00,2.1335
2020-10-16 08:00:00+00:00,2.1785
2020-10-16 12:00:00+00:00,2.1972
2020-10-16 16:00:00+00:00,2.1564
2020-10-16 20:00:00+00:00,2.1404
2020-10-17 00:00:00+00:00,2.2073
2020-10-17 04:00:00+00:00,2.223
2020-10-17 08:00:00+00:00,2.219
2020-10-17 12:00:00+00:00,2.1771
2020-10-17 16:00:00+00:00,2.181
2020-10-17 20:00:00+00:00,2.2062
2020-10-18 00:00:00+00:00,2.2113
2020-10-18 04:00:00+00:00,2.2417
2020-10-18 08:00:00+00:00,2.2058
2020-10-18 12:00:00+00:00,2.2359
2020-10-18 16:00:00+00:00,2.2342
2020-10-18 20:00:00+00:00,2.2186
2020-10-19 00:00:00+00:00,2.1143
2020-10-19 04:00:00+00:00,2.1073
2020-10-19 08:00:00+00:00,2.0653
2020-10-19 12:00:00+00:00,2.1083
2020-10-19 16:00:00+00:00,2.0956
2020-10-19 20:00:00+00:00,2.0578
2020-10-20 00:00:00+00:00,2.0636
2020-10-20 04:00:00+00:00,1.9786
2020-10-20 08:00:00+00:00,1.8507
2020-10-20 12:00:00+00:00,1.8967
2020-10-20 16:00:00+00:00,1.891
2020-10-20 20:00:00+00:00,1.8905
2020-10-21 00:00:00+00:00,1.9768
2020-10-21 04:00:00+00:00,1.9317
2020-10-21 08:00:00+00:00,1.9248
2020-10-21 12:00:00+00:00,1.9904
2020-10-21 16:00:00+00:00,1.9138
2020-10-21 20:00:00+00:00,1.8933
2020-10-22 00:00:00+00:00,1.9449
2020-10-22 04:00:00+00:00,1.9802
2020-10-22 08:00:00+00:00,2.0707
2020-10-22 12:00:00+00:00,2.0532
2020-10-22 16:00:00+00:00,2.0111
2020-10-22 20:00:00+00:00,1.9619
2020-10-23 00:00:00+00:00,1.9505
2020-10-23 04:00:00+00:00,1.9274
2020-10-23 08:00:00+00:00,1.9563
2020-10-23 12:00:00+00:00,1.9275
2020-10-23 16:00:00+00:00,1.9356
2020-10-23 20:00:00+00:00,1.9645
2020-10-24 00:00:00+00:00,1.9378
2020-10-24 04:00:00+00:00,1.9126
2020-10-24 08:00:00+00:00,1.934
2020-10-24 12:00:00+00:00,1.9357
2020-10-24 16:00:00+00:00,1.9429
2020-10-24 20:00:00+00:00,1.9196
2020-10-25 00:00:00+00:00,1.9155
2020-10-25 04:00:00+00:00,1.8829
2020-10-25 08:00:00+00:00,1.8799
2020-10-25 12:00:00+00:00,1.8436
2020-10-25 16:00:00+00:00,1.829
2020-10-25 20:00:00+00:00,1.7937
2020-10-26 00:00:00+00:00,1.8308
2020-10-26 04:00:00+00:00,1.8358
2020-10-26 08:00:00+00:00,1.8437
2020-10-26 12:00:00+00:00,1.783
2020-10-26 16:00:00+00:00,1.6662
2020-10-26 20:00:00+00:00,1.6786
2020-10-27 00:00:00+00:00,1.6698
2020-10-27 04:00:00+00:00,1.6583
2020-10-27 08:00:00+00:00,1.6851
2020-10-27 12:00:00+00:00,1.735
2020-10-27 16:00:00+00:00,1.6949
2020-10-27 20:00:00+00:00,1.7135
2020-10-28 00:00:00+00:00,1.5794
2020-10-28 04:00:00+00:00,1.5466
2020-10-28 08:00:00+00:00,1.557
2020-10-28 12:00:00+00:00,1.5524
2020-10-28 16:00:00+00:00,1.5011
2020-10-28 20:00:00+00:00,1.5196
2020-10-29 00:00:00+00:00,1.5761
2020-10-29 04:00:00+00:00,1.5242
2020-10-29 08:00:00+00:00,1.4954
2020-10-29 12:00:00+00:00,1.4931
2020-10-29 16:00:00+00:00,1.4726
2020-10-29 20:00:00+00:00,1.4325
2020-10-30 00:00:00+00:00,1.399
2020-10-30 04:00:00+00:00,1.3745
2020-10-30 08:00:00+00:00,1.3785
2020-10-30 12:00:00+00:00,1.445
2020-10-30 16:00:00+00:00,1.4619
2020-10-30 20:00:00+00:00,1.4378
2020-10-31 00:00:00+00:00,1.4835
2020-10-31 04:00:00+00:00,1.5032
2020-10-31 08:00:00+00:00,1.4774
2020-10-31 12:00:00+00:00,1.5173
2020-10-31 16:00:00+00:00,1.5203
2020-10-31 20:00:00+00:00,1.5472
2020-11-01 00:00:00+00:00,1.54
2020-11-01 04:00:00+00:00,1.5533
2020-11-01 08:00:00+00:00,1.5341
2020-11-01 12:00:00+00:00,1.5668
2020-11-01 16:00:00+00:00,1.5959
2020-11-01 20:00:00+00:00,1.6076
2020-11-02 00:00:00+00:00,1.5929
2020-11-02 04:00:00+00:00,1.597
2020-11-02 08:00:00+00:00,1.4871
2020-11-02 12:00:00+00:00,1.4895
2020-11-02 16:00:00+00:00,1.4791
2020-11-02 20:00:00+00:00,1.4741
2020-11-03 00:00:00+00:00,1.4411
2020-11-03 04:00:00+00:00,1.4513
2020-11-03 08:00:00+00:00,1.447
2020-11-03 12:00:00+00:00,1.4395
2020-11-03 16:00:00+00:00,1.4364
2020-11-03 20:00:00+00:00,1.4131
2020-11-04 00:00:00+00:00,1.3537
2020-11-04 04:00:00+00:00,1.3532
2020-11-04 08:00:00+00:00,1.3603
2020-11-04 12:00:00+00:00,1.2979
2020-11-04 16:00:00+00:00,1.3881
2020-11-04 20:00:00+00:00,1.391
2020-11-05 00:00:00+00:00,1.4025
2020-11-05 04:00:00+00:00,1.4217
2020-11-05 08:00:00+00:00,1.3405
2020-11-05 12:00:00+00:00,1.4322
2020-11-05 16:00:00+00:00,1.4215
2020-11-05 20:00:00+00:00,1.4011
2020-11-06 00:00:00+00:00,1.5361
2020-11-06 04:00:00+00:00,1.6368
2020-11-06 08:00:00+00:00,1.715
2020-11-06 12:00:00+00:00,1.6952
2020-11-06 16:00:00+00:00,1.8007
2020-11-06 20:00:00+00:00,1.8998
2020-11-07 00:00:00+00:00,2.1425
2020-11-07 04:00:00+00:00,2.2129
2020-11-07 08:00:00+00:00,2.3997
2020-11-07 12:00:00+00:00,2.172
2020-11-07 16:00:00+00:00,1.8944
2020-11-07 20:00:00+00:00,2.0283
2020-11-08 00:00:00+00:00,2.0516
2020-11-08 04:00:00+00:00,1.9909
2020-11-08 08:00:00+00:00,2.1666
2020-11-08 12:00:00+00:00,2.2426
2020-11-08 16:00:00+00:00,2.1439
2020-11-08 20:00:00+00:00,2.1571
2020-11-09 00:00:00+00:00,2.1027
2020-11-09 04:00:00+00:00,2.0428
2020-11-09 08:00:00+00:00,2.1647
2020-11-09 12:00:00+00:00,1.981
2020-11-09 16:00:00+00:00,2.0566
2020-11-09 20:00:00+00:00,2.0393
2020-11-10 00:00:00+00:00,2.1419
2020-11-10 04:00:00+00:00,2.133
2020-11-10 08:00:00+00:00,2.1396
2020-11-10 12:00:00+00:00,2.1845
2020-11-10 16:00:00+00:00,2.2488
2020-11-10 20:00:00+00:00,2.2652
2020-11-11 00:00:00+00:00,2.2674
2020-11-11 04:00:00+00:00,2.2188
2020-11-11 08:00:00+00:00,2.1092
2020-11-11 12:00:00+00:00,2.1164
2020-11-11 16:00:00+00:00,2.0414
2020-11-11 20:00:00+00:00,2.003
2020-11-12 00:00:00+00:00,2.0064
2020-11-12 04:00:00+00:00,2.0432
2020-11-12 08:00:00+00:00,1.9689
2020-11-12 12:00:00+00:00,1.9082
2020-11-12 16:00:00+00:00,1.8659
2020-11-12 20:00:00+00:00,1.9083
2020-11-13 00:00:00+00:00,1.9591
2020-11-13 04:00:00+00:00,1.955
2020-11-13 08:00:00+00:00,2.0084
2020-11-13 12:00:00+00:00,2.035
2020-11-13 16:00:00+00:00,2.0123
2020-11-13 20:00:00+00:00,2.0191
2020-11-14 00:00:00+00:00,2.021
2020-11-14 04:00:00+00:00,1.9606
2020-11-14 08:00:00+00:00,1.904
2020-11-14 12:00:00+00:00,1.918
2020-11-14 16:00:00+00:00,1.9378
2020-11-14 20:00:00+00:00,1.92
2020-11-15 00:00:00+00:00,1.9708
2020-11-15 04:00:00+00:00,2.0977
2020-11-15 08:00:00+00:00,2.1256
2020-11-15 12:00:00+00:00,2.2003
2020-11-15 16:00:00+00:00,2.0328
2020-11-15 20:00:00+00:00,2.0431
2020-11-16 00:00:00+00:00,2.1531
2020-11-16 04:00:00+00:00,2.1919
2020-11-16 08:00:00+00:00,2.2739
2020-11-16 12:00:00+00:00,2.2877
2020-11-16 16:00:00+00:00,2.244
2020-11-16 20:00:00+00:00,2.268
2020-11-17 00:00:00+00:00,2.3035
2020-11-17 04:00:00+00:00,2.2502
2020-11-17 08:00:00+00:00,2.226
2020-11-17 12:00:00+00:00,2.171
2020-11-17 16:00:00+00:00,2.2395
2020-11-17 20:00:00+00:00,2.207
2020-11-18 00:00:00+00:00,2.1899
2020-11-18 04:00:00+00:00,2.1251
2020-11-18 08:00:00+00:00,2.0796
2020-11-18 12:00:00+00:00,2.0622
2020-11-18 16:00:00+00:00,2.0976
2020-11-18 20:00:00+00:00,2.1166
2020-11-19 00:00:00+00:00,2.0587
2020-11-19 04:00:00+00:00,2.0582
2020-11-19 08:00:00+00:00,2.0623
2020-11-19 12:00:00+00:00,2.1505
2020-11-19 16:00:00+00:00,2.1064
2020-11-19 20:00:00+00:00,2.0797
2020-11-20 00:00:00+00:00,2.1069
2020-11-20 04:00:00+00:00,2.1721
2020-11-20 08:00:00+00:00,2.1834
2020-11-20 12:00:00+00:00,2.1542
2020-11-20 16:00:00+00:00,2.14
2020-11-20 20:00:00+00:00,2.1052
2020-11-21 00:00:00+00:00,2.0656
2020-11-21 04:00:00+00:00,2.1666
2020-11-21 08:00:00+00:00,2.1665
2020-11-21 12:00:00+00:00,2.4015
2020-11-21 16:00:00+00:00,2.4521
2020-11-21 20:00:00+00:00,2.3991
2020-11-22 00:00:00+00:00,2.2176
2020-11-22 04:00:00+00:00,2.2048
2020-11-22 08:00:00+00:00,2.097
2020-11-22 12:00:00+00:00,2.1701
2020-11-22 16:00:00+00:00,2.2716
2020-11-22 20:00:00+00:00,2.1502
2020-11-23 00:00:00+00:00,2.2198
2020-11-23 04:00:00+00:00,2.2687
2020-11-23 08:00:00+00:00,2.2878
2020-11-23 12:00:00+00:00,2.1996
2020-11-23 16:00:00+00:00,2.2323
2020-11-23 20:00:00+00:00,2.2826
2020-11-24 00:00:00+00:00,2.396
2020-11-24 04:00:00+00:00,2.3686
2020-11-24 08:00:00+00:00,2.2236
2020-11-24 12:00:00+00:00,2.2349
2020-11-24 16:00:00+00:00,2.2638
2020-11-24 20:00:00+00:00,2.2894
2020-11-25 00:00:00+00:00,2.1959
2020-11-25 04:00:00+00:00,2.252
2020-11-25 08:00:00+00:00,2.3058
2020-11-25 12:00:00+00:00,2.4164
2020-11-25 16:00:00+00:00,2.4149
2020-11-25 20:00:00+00:00,2.2673
2020-11-26 00:00:00+00:00,1.9243
2020-11-26 04:00:00+00:00,1.8338
2020-11-26 08:00:00+00:00,1.8371
2020-11-26 12:00:00+00:00,1.8242
2020-11-26 16:00:00+00:00,1.7907
2020-11-26 20:00:00+00:00,1.9032
2020-11-27 00:00:00+00:00,1.9429
2020-11-27 04:00:00+00:00,1.9107
2020-11-27 08:00:00+00:00,1.8201
2020-11-27 12:00:00+00:00,1.7786
2020-11-27 16:00:00+00:00,1.81
2020-11-27 20:00:00+00:00,1.8558
2020-11-28 00:00:00+00:00,1.839
2020-11-28 04:00:00+00:00,1.8301
2020-11-28 08:00:00+00:00,1.8593
2020-11-28 12:00:00+00:00,1.9244
2020-11-28 16:00:00+00:00,1.9114
2020-11-28 20:00:00+00:00,1.8821
2020-11-29 00:00:00+00:00,1.8842
2020-11-29 04:00:00+00:00,1.888
2020-11-29 08:00:00+00:00,1.9206
2020-11-29 12:00:00+00:00,1.91
2020-11-29 16:00:00+00:00,1.868
2020-11-29 20:00:00+00:00,1.9093
2020-11-30 00:00:00+00:00,1.9639
2020-11-30 04:00:00+00:00,1.9443
2020-11-30 08:00:00+00:00,1.956
2020-11-30 12:00:00+00:00,1.9534
2020-11-30 16:00:00+00:00,1.9632
2020-11-30 20:00:00+00:00,1.959
2020-12-01 00:00:00+00:00,1.9678
2020-12-01 04:00:00+00:00,2.1186
2020-12-01 08:00:00+00:00,2.0609
2020-12-01 12:00:00+00:00,2.0428
2020-12-01 16:00:00+00:00,2.0013
2020-12-01 20:00:00+00:00,1.9695
2020-12-02 00:00:00+00:00,2.02
2020-12-02 04:00:00+00:00,2.0592
2020-12-02 08:00:00+00:00,2.0783
2020-12-02 12:00:00+00:00,2.1153
2020-12-02 16:00:00+00:00,2.1365
2020-12-02 20:00:00+00:00,2.116
2020-12-03 00:00:00+00:00,2.1389
2020-12-03 04:00:00+00:00,2.1802
2020-12-03 08:00:00+00:00,2.2031
2020-12-03 12:00:00+00:00,2.1127
2020-12-03 16:00:00+00:00,2.114
2020-12-03 20:00:00+00:00,2.0989
2020-12-04 00:00:00+00:00,2.0094
2020-12-04 04:00:00+00:00,2.0415
2020-12-04 08:00:00+00:00,1.943
2020-12-04 12:00:00+00:00,1.967
2020-12-04 16:00:00+00:00,1.9424
2020-12-04 20:00:00+00:00,1.8463
2020-12-05 00:00:00+00:00,1.8634
2020-12-05 04:00:00+00:00,1.8869
2020-12-05 08:00:00+00:00,1.9095
2020-12-05 12:00:00+00:00,1.9331
2020-12-05 16:00:00+00:00,1.9707
2020-12-05 20:00:00+00:00,1.9776
2020-12-06 00:00:00+00:00,1.9209
2020-12-06 04:00:00+00:00,1.9343
2020-12-06 08:00:00+00:00,1.8767
2020-12-06 12:00:00+00:00,1.8448
2020-12-06 16:00:00+00:00,1.8476
2020-12-06 20:00:00+00:00,1.8515
2020-12-07 00:00:00+00:00,1.8424
2020-12-07 04:00:00+00:00,1.8542
2020-12-07 08:00:00+00:00,1.8265
2020-12-07 12:00:00+00:00,1.8913
2020-12-07 16:00:00+00:00,1.8192
2020-12-07 20:00:00+00:00,1.8299
2020-12-08 00:00:00+00:00,1.792
2020-12-08 04:00:00+00:00,1.7951
2020-12-08 08:00:00+00:00,1.6795
2020-12-08 12:00:00+00:00,1.7077
2020-12-08 16:00:00+00:00,1.7337
2020-12-08 20:00:00+00:00,1.6617
2020-12-09 00:00:00+00:00,1.6595
2020-12-09 04:00:00+00:00,1.553
2020-12-09 08:00:00+00:00,1.6236
2020-12-09 12:00:00+00:00,1.6466
2020-12-09 16:00:00+00:00,1.6103
2020-12-09 20:00:00+00:00,1.6553
2020-12-10 00:00:00+00:00,1.618
2020-12-10 04:00:00+00:00,1.5896
2020-12-10 08:00:00+00:00,1.5726
2020-12-10 12:00:00+00:00,1.5693
2020-12-10 16:00:00+00:00,1.6134
2020-12-10 20:00:00+00:00,1.5686
2020-12-11 00:00:00+00:00,1.5121
2020-12-11 04:00:00+00:00,1.503
2020-12-11 08:00:00+00:00,1.4504
2020-12-11 12:00:00+00:00,1.4934
2020-12-11 16:00:00+00:00,1.4743
2020-12-11 20:00:00+00:00,1.4406
2020-12-12 00:00:00+00:00,1.485
2020-12-12 04:00:00+00:00,1.503
2020-12-12 08:00:00+00:00,1.5258
2020-12-12 12:00:00+00:00,1.4754
2020-12-12 16:00:00+00:00,1.5059
2020-12-12 20:00:00+00:00,1.4886
2020-12-13 00:00:00+00:00,1.4673
2020-12-13 04:00:00+00:00,1.5175
2020-12-13 08:00:00+00:00,1.5542
2020-12-13 12:00:00+00:00,1.5839
2020-12-13 16:00:00+00:00,1.5843
2020-12-13 20:00:00+00:00,1.5636
2020-12-14 00:00:00+00:00,1.5923
2020-12-14 04:00:00+00:00,1.5885
2020-12-14 08:00:00+00:00,1.5446
2020-12-14 12:00:00+00:00,1.5615
2020-12-14 16:00:00+00:00,1.5469
2020-12-14 20:00:00+00:00,1.5936
2020-12-15 00:00:00+00:00,1.7319
2020-12-15 04:00:00+00:00,1.7262
2020-12-15 08:00:00+00:00,1.7711
2020-12-15 12:00:00+00:00,1.7247
2020-12-15 16:00:00+00:00,1.7463
2020-12-15 20:00:00+00:00,1.7534
2020-12-16 00:00:00+00:00,1.6247
2020-12-16 04:00:00+00:00,1.6566
2020-12-16 08:00:00+00:00,1.6364
2020-12-16 12:00:00+00:00,1.7379
2020-12-16 16:00:00+00:00,1.7063
2020-12-16 20:00:00+00:00,1.7869
2020-12-17 00:00:00+00:00,1.7151
2020-12-17 04:00:00+00:00,1.7418
2020-12-17 08:00:00+00:00,1.7413
2020-12-17 12:00:00+00:00,1.7416
2020-12-17 16:00:00+00:00,1.6737
2020-12-17 20:00:00+00:00,1.6808
2020-12-18 00:00:00+00:00,1.6682
2020-12-18 04:00:00+00:00,1.6848
2020-12-18 08:00:00+00:00,1.6812
2020-12-18 12:00:00+00:00,1.6468
2020-12-18 16:00:00+00:00,1.6696
2020-12-18 20:00:00+00:00,1.7003
2020-12-19 00:00:00+00:00,1.7476
2020-12-19 04:00:00+00:00,1.716
2020-12-19 08:00:00+00:00,1.7497
2020-12-19 12:00:00+00:00,1.7021
2020-12-19 16:00:00+00:00,1.6851
2020-12-19 20:00:00+00:00,1.6683
2020-12-20 00:00:00+00:00,1.641
2020-12-20 04:00:00+00:00,1.6667
2020-12-20 08:00:00+00:00,1.6662
2020-12-20 12:00:00+00:00,1.6468
2020-12-20 16:00:00+00:00,1.5651
2020-12-20 20:00:00+00:00,1.5638
2020-12-21 00:00:00+00:00,1.6136
2020-12-21 04:00:00+00:00,1.6017
2020-12-21 08:00:00+00:00,1.515
2020-12-21 12:00:00+00:00,1.536
2020-12-21 16:00:00+00:00,1.5316
2020-12-21 20:00:00+00:00,1.5347
2020-12-22 00:00:00+00:00,1.5482
2020-12-22 04:00:00+00:00,1.5147
2020-12-22 08:00:00+00:00,1.5192
2020-12-22 12:00:00+00:00,1.5504
2020-12-22 16:00:00+00:00,1.5317
2020-12-22 20:00:00+00:00,1.4905
2020-12-23 00:00:00+00:00,1.4629
2020-12-23 04:00:00+00:00,1.3971
2020-12-23 08:00:00+00:00,1.3176
2020-12-23 12:00:00+00:00,1.2952
2020-12-23 16:00:00+00:00,1.3001
2020-12-23 20:00:00+00:00,1.1975
2020-12-24 00:00:00+00:00,1.2519
2020-12-24 04:00:00+00:00,1.27
2020-12-24 08:00:00+00:00,1.2854
2020-12-24 12:00:00+00:00,1.31
2020-12-24 16:00:00+00:00,1.3189
2020-12-24 20:00:00+00:00,1.3638
2020-12-25 00:00:00+00:00,1.4223
2020-12-25 04:00:00+00:00,1.4183
2020-12-25 08:00:00+00:00,1.4062
2020-12-25 12:00:00+00:00,1.3771
2020-12-25 16:00:00+00:00,1.422
2020-12-25 20:00:00+00:00,1.4448
2020-12-26 00:00:00+00:00,1.4237
2020-12-26 04:00:00+00:00,1.3751
2020-12-26 08:00:00+00:00,1.3747
2020-12-26 12:00:00+00:00,1.3584
2020-12-26 16:00:00+00:00,1.349
2020-12-26 20:00:00+00:00,1.3215
2020-12-27 00:00:00+00:00,1.315
2020-12-27 04:00:00+00:00,1.3052
2020-12-27 08:00:00+00:00,1.2949
2020-12-27 12:00:00+00:00,1.3972
2020-12-27 16:00:00+00:00,1.3546
2020-12-27 20:00:00+00:00,1.3023
2020-12-28 00:00:00+00:00,1.3264
2020-12-28 04:00:00+00:00,1.35
2020-12-28 08:00:00+00:00,1.3815
2020-12-28 12:00:00+00:00,1.3902
2020-12-28 16:00:00+00:00,1.4226
2020-12-28 20:00:00+00:00,1.5169
2020-12-29 00:00:00+00:00,1.4407
2020-12-29 04:00:00+00:00,1.542
2020-12-29 08:00:00+00:00,1.5734
2020-12-29 12:00:00+00:00,1.5552
2020-12-29 16:00:00+00:00,1.6447
2020-12-29 20:00:00+00:00,1.666
2020-12-30 00:00:00+00:00,1.6308
2020-12-30 04:00:00+00:00,1.5764
2020-12-30 08:00:00+00:00,1.5747
2020-12-30 12:00:00+00:00,1.5753
2020-12-30 16:00:00+00:00,1.5695
2020-12-30 20:00:00+00:00,1.5304
2020-12-31 00:00:00+00:00,1.4881
2020-12-31 04:00:00+00:00,1.5225
2020-12-31 08:00:00+00:00,1.4889
2020-12-31 12:00:00+00:00,1.4529
2020-12-31 16:00:00+00:00,1.541
2020-12-31 20:00:00+00:00,1.504
2021-01-01 00:00:00+00:00,1.5934
2021-01-01 04:00:00+00:00,1.6147
2021-01-01 08:00:00+00:00,1.6244
2021-01-01 12:00:00+00:00,1.6374
2021-01-01 16:00:00+00:00,1.7235
2021-01-01 20:00:00+00:00,1.8382
2021-01-02 00:00:00+00:00,1.8603
2021-01-02 04:00:00+00:00,1.7501
2021-01-02 08:00:00+00:00,1.7629
2021-01-02 12:00:00+00:00,1.7767
2021-01-02 16:00:00+00:00,1.9124
2021-01-02 20:00:00+00:00,1.7976
2021-01-03 00:00:00+00:00,1.9396
2021-01-03 04:00:00+00:00,2.0592
2021-01-03 08:00:00+00:00,2.2602
2021-01-03 12:00:00+00:00,2.06
2021-01-03 16:00:00+00:00,1.9542
2021-01-03 20:00:00+00:00,2.1767
2021-01-04 00:00:00+00:00,2.3076
2021-01-04 04:00:00+00:00,2.1087
2021-01-04 08:00:00+00:00,2.0433
2021-01-04 12:00:00+00:00,2.2718
2021-01-04 16:00:00+00:00,2.423
2021-01-04 20:00:00+00:00,2.4832
2021-01-05 00:00:00+00:00,2.157
2021-01-05 04:00:00+00:00,2.1672
2021-01-05 08:00:00+00:00,2.3778
2021-01-05 12:00:00+00:00,2.168
2021-01-05 16:00:00+00:00,2.2135
2021-01-05 20:00:00+00:00,2.1355
2021-01-06 00:00:00+00:00,1.9392
2021-01-06 04:00:00+00:00,2.0062
2021-01-06 08:00:00+00:00,2.0324
2021-01-06 12:00:00+00:00,2.048
2021-01-06 16:00:00+00:00,1.7542
2021-01-06 20:00:00+00:00,1.8753
2021-01-07 00:00:00+00:00,2.1123
2021-01-07 04:00:00+00:00,2.0439
2021-01-07 08:00:00+00:00,2.215
2021-01-07 12:00:00+00:00,2.4011
2021-01-07 16:00:00+00:00,2.3648
2021-01-07 20:00:00+00:00,2.3651
2021-01-08 00:00:00+00:00,2.263
2021-01-08 04:00:00+00:00,2.4178
2021-01-08 08:00:00+00:00,3.1504
2021-01-08 12:00:00+00:00,3.3143
2021-01-08 16:00:00+00:00,3.2061
2021-01-08 20:00:00+00:00,3.222
2021-01-09 00:00:00+00:00,3.1683
2021-01-09 04:00:00+00:00,3.0902
2021-01-09 08:00:00+00:00,3.1409
2021-01-09 12:00:00+00:00,3.1102
2021-01-09 16:00:00+00:00,3.6552
2021-01-09 20:00:00+00:00,3.3776
2021-01-10 00:00:00+00:00,3.5298
2021-01-10 04:00:00+00:00,3.7361
2021-01-10 08:00:00+00:00,3.2544
2021-01-10 12:00:00+00:00,3.4121
2021-01-10 16:00:00+00:00,3.3202
2021-01-10 20:00:00+00:00,3.446
2021-01-11 00:00:00+00:00,3.1449
2021-01-11 04:00:00+00:00,3.0008
2021-01-11 08:00:00+00:00,2.8717
2021-01-11 12:00:00+00:00,2.7631
2021-01-11 16:00:00+00:00,2.8581
2021-01-11 20:00:00+00:00,3.0988
2021-01-12 00:00:00+00:00,3.2758
2021-01-12 04:00:00+00:00,3.3838
2021-01-12 08:00:00+00:00,3.4215
2021-01-12 12:00:00+00:00,3.3035
2021-01-12 16:00:00+00:00,3.6832
2021-01-12 20:00:00+00:00,3.6276
2021-01-13 00:00:00+00:00,3.525
2021-01-13 04:00:00+00:00,3.4879
2021-01-13 08:00:00+00:00,3.3702
2021-01-13 12:00:00+00:00,3.5435
2021-01-13 16:00:00+00:00,3.4792
2021-01-13 20:00:00+00:00,3.5291
2021-01-14 00:00:00+00:00,3.3778
2021-01-14 04:00:00+00:00,3.4088
2021-01-14 08:00:00+00:00,3.4238
2021-01-14 12:00:00+00:00,3.4917
2021-01-14 16:00:00+00:00,3.2869
2021-01-14 20:00:00+00:00,3.2949
2021-01-15 00:00:00+00:00,3.3268
2021-01-15 04:00:00+00:00,3.3691
2021-01-15 08:00:00+00:00,3.3793
2021-01-15 12:00:00+00:00,3.102
2021-01-15 16:00:00+00:00,3.1574
2021-01-15 20:00:00+00:00,3.2464
2021-01-16 00:00:00+00:00,3.4476
2021-01-16 04:00:00+00:00,3.4588
2021-01-16 08:00:00+00:00,3.4108
2021-01-16 12:00:00+00:00,3.4032
2021-01-16 16:00:00+00:00,3.5853
2021-01-16 20:00:00+00:00,3.4259
2021-01-17 00:00:00+00:00,3.7215
2021-01-17 04:00:00+00:00,3.3841
2021-01-17 08:00:00+00:00,3.6003
2021-01-17 12:00:00+00:00,3.5531
2021-01-17 16:00:00+00:00,3.8032
2021-01-17 20:00:00+00:00,3.8328
2021-01-18 00:00:00+00:00,3.7595
2021-01-18 04:00:00+00:00,4.0216
2021-01-18 08:00:00+00:00,3.9146
2021-01-18 12:00:00+00:00,3.959
2021-01-18 16:00:00+00:00,3.9059
2021-01-18 20:00:00+00:00,3.7933
2021-01-19 00:00:00+00:00,3.9616
2021-01-19 04:00:00+00:00,3.8207
2021-01-19 08:00:00+00:00,3.9045
2021-01-19 12:00:00+00:00,3.8361
2021-01-19 16:00:00+00:00,3.6342
2021-01-19 20:00:00+00:00,3.6276
2021-01-20 00:00:00+00:00,3.5424
2021-01-20 04:00:00+00:00,3.6087
2021-01-20 08:00:00+00:00,3.4102
2021-01-20 12:00:00+00:00,3.5036
2021-01-20 16:00:00+00:00,3.6643
2021-01-20 20:00:00+00:00,3.7133
2021-01-21 00:00:00+00:00,3.5274
2021-01-21 04:00:00+00:00,3.5564
2021-01-21 08:00:00+00:00,3.4781
2021-01-21 12:00:00+00:00,3.3008
2021-01-21 16:00:00+00:00,3.3163
2021-01-21 20:00:00+00:00,2.9793
2021-01-22 00:00:00+00:00,3.1543
2021-01-22 04:00:00+00:00,3.0892
2021-01-22 08:00:00+00:00,3.2116
2021-01-22 12:00:00+00:00,3.3849
2021-01-22 16:00:00+00:00,3.4219
2021-01-22 20:00:00+00:00,3.3286
2021-01-23 00:00:00+00:00,3.4198
2021-01-23 04:00:00+00:00,3.553
2021-01-23 08:00:00+00:00,3.4585
2021-01-23 12:00:00+00:00,3.4773
2021-01-23 16:00:00+00:00,3.5159
2021-01-23 20:00:00+00:00,3.5094
2021-01-24 00:00:00+00:00,3.5568
2021-01-24 04:00:00+00:00,3.7313
2021-01-24 08:00:00+00:00,3.744
2021-01-24 12:00:00+00:00,3.6004
2021-01-24 16:00:00+00:00,3.5496
2021-01-24 20:00:00+00:00,3.6369
2021-01-25 00:00:00+00:00,3.5599
2021-01-25 04:00:00+00:00,3.5251
2021-01-25 08:00:00+00:00,3.575
2021-01-25 12:00:00+00:00,3.7116
2021-01-25 16:00:00+00:00,3.8923
2021-01-25 20:00:00+00:00,3.7044
2021-01-26 00:00:00+00:00,3.7324
2021-01-26 04:00:00+00:00,3.7529
2021-01-26 08:00:00+00:00,4.0056
2021-01-26 12:00:00+00:00,3.7863
2021-01-26 16:00:00+00:00,4.0319
2021-01-26 20:00:00+00:00,4.0447
2021-01-27 00:00:00+00:00,3.851
2021-01-27 04:00:00+00:00,3.7813
2021-01-27 08:00:00+00:00,3.6241
2021-01-27 12:00:00+00:00,3.7237
2021-01-27 16:00:00+00:00,3.7067
2021-01-27 20:00:00+00:00,3.6727
2021-01-28 00:00:00+00:00,3.7291
2021-01-28 04:00:00+00:00,3.7612
2021-01-28 08:00:00+00:00,3.8248
2021-01-28 12:00:00+00:00,3.8954
2021-01-28 16:00:00+00:00,3.8572
2021-01-28 20:00:00+00:00,3.8139
2021-01-29 00:00:00+00:00,3.7934
2021-01-29 04:00:00+00:00,3.6696
2021-01-29 08:00:00+00:00,3.7405
2021-01-29 12:00:00+00:00,3.8224
2021-01-29 16:00:00+00:00,3.7429
2021-01-29 20:00:00+00:00,3.8409
2021-01-30 00:00:00+00:00,3.8318
2021-01-30 04:00:00+00:00,3.837
2021-01-30 08:00:00+00:00,3.8935
2021-01-30 12:00:00+00:00,4.0425
2021-01-30 16:00:00+00:00,4.0313
2021-01-30 20:00:00+00:00,4.2462
2021-01-31 00:00:00+00:00,4.3325
2021-01-31 04:00:00+00:00,4.4963
2021-01-31 08:00:00+00:00,4.5615
2021-01-31 12:00:00+00:00,4.2325
2021-01-31 16:00:00+00:00,4.3015
2021-01-31 20:00:00+00:00,4.2628
2021-02-01 00:00:00+00:00,4.2262
2021-02-01 04:00:00+00:00,4.1734
2021-02-01 08:00:00+00:00,4.3764
2021-02-01 12:00:00+00:00,4.2148
2021-02-01 16:00:00+00:00,4.4944
2021-02-01 20:00:00+00:00,4.6234
2021-02-02 00:00:00+00:00,4.8084
2021-02-02 04:00:00+00:00,4.9663
2021-02-02 08:00:00+00:00,5.235
2021-02-02 12:00:00+00:00,5.0672
2021-02-02 16:00:00+00:00,5.1789
2021-02-02 20:00:00+00:00,5.2529
2021-02-03 00:00:00+00:00,5.1125
2021-02-03 04:00:00+00:00,5.1937
2021-02-03 08:00:00+00:00,5.2328
2021-02-03 12:00:00+00:00,5.6214
2021-02-03 16:00:00+00:00,5.4662
2021-02-03 20:00:00+00:00,5.7373
2021-02-04 00:00:00+00:00,5.9326
2021-02-04 04:00:00+00:00,5.8506
2021-02-04 08:00:00+00:00,5.7791
2021-02-04 12:00:00+00:00,5.7176
2021-02-04 16:00:00+00:00,5.9056
2021-02-04 20:00:00+00:00,6.4358
2021-02-05 00:00:00+00:00,6.8652
2021-02-05 04:00:00+00:00,6.7944
2021-02-05 08:00:00+00:00,6.6943
2021-02-05 12:00:00+00:00,6.9592
2021-02-05 16:00:00+00:00,6.7334
2021-02-05 20:00:00+00:00,6.7101
2021-02-06 00:00:00+00:00,6.1626
2021-02-06 04:00:00+00:00,5.9967
2021-02-06 08:00:00+00:00,6.026
2021-02-06 12:00:00+00:00,5.7954
2021-02-06 16:00:00+00:00,6.1004
2021-02-06 20:00:00+00:00,6.1325
2021-02-07 00:00:00+00:00,5.9132
2021-02-07 04:00:00+00:00,5.9133
2021-02-07 08:00:00+00:00,6.6651
2021-02-07 12:00:00+00:00,6.4677
2021-02-07 16:00:00+00:00,6.554
2021-02-07 20:00:00+00:00,6.7037
2021-02-08 00:00:00+00:00,6.6514
2021-02-08 04:00:00+00:00,7.5769
2021-02-08 08:00:00+00:00,7.5043
2021-02-08 12:00:00+00:00,7.7665
2021-02-08 16:00:00+00:00,8.0463
2021-02-08 20:00:00+00:00,7.8917
2021-02-09 00:00:00+00:00,8.3489
2021-02-09 04:00:00+00:00,8.1038
2021-02-09 08:00:00+00:00,7.8025
2021-02-09 12:00:00+00:00,7.7136
2021-02-09 16:00:00+00:00,7.9607
2021-02-09 20:00:00+00:00,7.8335
2021-02-10 00:00:00+00:00,8.345
2021-02-10 04:00:00+00:00,8.2041
2021-02-10 08:00:00+00:00,8.2905
2021-02-10 12:00:00+00:00,7.7916
2021-02-10 16:00:00+00:00,8.3832
2021-02-10 20:00:00+00:00,9.1102
2021-02-11 00:00:00+00:00,9.1205
2021-02-11 04:00:00+00:00,9.4435
2021-02-11 08:00:00+00:00,9.1885
2021-02-11 12:00:00+00:00,9.2901
2021-02-11 16:00:00+00:00,9.1604
2021-02-11 20:00:00+00:00,9.2215
2021-02-12 00:00:00+00:00,9.4246
2021-02-12 04:00:00+00:00,9.3443
2021-02-12 08:00:00+00:00,9.7869
2021-02-12 12:00:00+00:00,9.5605
2021-02-12 16:00:00+00:00,9.4793
2021-02-12 20:00:00+00:00,9.2344
2021-02-13 00:00:00+00:00,9.4327
2021-02-13 04:00:00+00:00,9.1632
2021-02-13 08:00:00+00:00,8.8851
2021-02-13 12:00:00+00:00,9.0912
2021-02-13 16:00:00+00:00,8.9242
2021-02-13 20:00:00+00:00,8.7627
2021-02-14 00:00:00+00:00,8.9514
2021-02-14 04:00:00+00:00,8.7215
2021-02-14 08:00:00+00:00,8.5941
2021-02-14 12:00:00+00:00,8.6976
2021-02-14 16:00:00+00:00,8.8564
2021-02-14 20:00:00+00:00,8.7306
2021-02-15 00:00:00+00:00,8.1177
2021-02-15 04:00:00+00:00,8.2797
2021-02-15 08:00:00+00:00,8.6367
2021-02-15 12:00:00+00:00,8.9208
2021-02-15 16:00:00+00:00,9.1907
2021-02-15 20:00:00+00:00,8.8695
2021-02-16 00:00:00+00:00,8.9131
2021-02-16 04:00:00+00:00,8.7393
2021-02-16 08:00:00+00:00,8.6011
2021-02-16 12:00:00+00:00,8.4023
2021-02-16 16:00:00+00:00,8.1565
2021-02-16 20:00:00+00:00,8.3036
2021-02-17 00:00:00+00:00,7.7276
2021-02-17 04:00:00+00:00,7.9681
2021-02-17 08:00:00+00:00,8.1294
2021-02-17 12:00:00+00:00,8.2528
2021-02-17 16:00:00+00:00,8.4122
2021-02-17 20:00:00+00:00,8.2533
2021-02-18 00:00:00+00:00,8.4827
2021-02-18 04:00:00+00:00,8.5585
2021-02-18 08:00:00+00:00,8.5372
2021-02-18 12:00:00+00:00,9.2483
2021-02-18 16:00:00+00:00,9.0522
2021-02-18 20:00:00+00:00,8.9956
2021-02-19 00:00:00+00:00,8.704
2021-02-19 04:00:00+00:00,9.5189
2021-02-19 08:00:00+00:00,9.8642
2021-02-19 12:00:00+00:00,10.9619
2021-02-19 16:00:00+00:00,11.4686
2021-02-19 20:00:00+00:00,11.5096
2021-02-20 00:00:00+00:00,11.1196
2021-02-20 04:00:00+00:00,10.917
2021-02-20 08:00:00+00:00,10.8054
2021-02-20 12:00:00+00:00,10.2689
2021-02-20 16:00:00+00:00,10.4871
2021-02-20 20:00:00+00:00,9.9965
2021-02-21 00:00:00+00:00,10.2359
2021-02-21 04:00:00+00:00,10.0476
2021-02-21 08:00:00+00:00,10.7361
2021-02-21 12:00:00+00:00,10.6074
2021-02-21 16:00:00+00:00,11.3332
2021-02-21 20:00:00+00:00,11.0851
2021-02-22 00:00:00+00:00,10.5325
2021-02-22 04:00:00+00:00,10.6773
2021-02-22 08:00:00+00:00,9.9285
2021-02-22 12:00:00+00:00,10.272
2021-02-22 16:00:00+00:00,13.2878
2021-02-22 20:00:00+00:00,14.3413
2021-02-23 00:00:00+00:00,13.9962
2021-02-23 04:00:00+00:00,13.1525
2021-02-23 08:00:00+00:00,13.9334
2021-02-23 12:00:00+00:00,15.4038
2021-02-23 16:00:00+00:00,14.2893
2021-02-23 20:00:00+00:00,15.2413
2021-02-24 00:00:00+00:00,16.0406
2021-02-24 04:00:00+00:00,15.6227
2021-02-24 08:00:00+00:00,15.8364
2021-02-24 12:00:00+00:00,16.6793
2021-02-24 16:00:00+00:00,17.4511
2021-02-24 20:00:00+00:00,17.2227
2021-02-25 00:00:00+00:00,16.358
2021-02-25 04:00:00+00:00,16.3425
2021-02-25 08:00:00+00:00,16.205
2021-02-25 12:00:00+00:00,16.1385
2021-02-25 16:00:00+00:00,15.2862
2021-02-25 20:00:00+00:00,13.8484
2021-02-26 00:00:00+00:00,14.6207
2021-02-26 04:00:00+00:00,13.3524
2021-02-26 08:00:00+00:00,13.8317
2021-02-26 12:00:00+00:00,14.4606
2021-02-26 16:00:00+00:00,14.7441
2021-02-26 20:00:00+00:00,13.5941
2021-02-27 00:00:00+00:00,14.2415
2021-02-27 04:00:00+00:00,13.8845
2021-02-27 08:00:00+00:00,13.9508
2021-02-27 12:00:00+00:00,13.4102
2021-02-27 16:00:00+00:00,13.8528
2021-02-27 20:00:00+00:00,13.19
2021-02-28 00:00:00+00:00,12.0919
2021-02-28 04:00:00+00:00,12.1589
2021-02-28 08:00:00+00:00,12.4023
2021-02-28 12:00:00+00:00,11.5438
2021-02-28 16:00:00+00:00,13.2761
2021-02-28 20:00:00+00:00,13.1072
2021-03-01 00:00:00+00:00,13.9545
2021-03-01 04:00:00+00:00,14.528
2021-03-01 08:00:00+00:00,14.87
2021-03-01 12:00:00+00:00,15.4695
2021-03-01 16:00:00+00:00,14.8046
2021-03-01 20:00:00+00:00,15.0036
2021-03-02 00:00:00+00:00,14.3855
2021-03-02 04:00:00+00:00,14.3167
2021-03-02 08:00:00+00:00,14.5812
2021-03-02 12:00:00+00:00,14.69
2021-03-02 16:00:00+00:00,13.7107
2021-03-02 20:00:00+00:00,13.9565
2021-03-03 00:00:00+00:00,14.0459
2021-03-03 04:00:00+00:00,14.2269
2021-03-03 08:00:00+00:00,14.5703
2021-03-03 12:00:00+00:00,14.171
2021-03-03 16:00:00+00:00,14.3208
2021-03-03 20:00:00+00:00,14.0941
2021-03-04 00:00:00+00:00,13.7924
2021-03-04 04:00:00+00:00,13.7596
2021-03-04 08:00:00+00:00,13.4599
2021-03-04 12:00:00+00:00,13.4756
2021-03-04 16:00:00+00:00,12.9235
2021-03-04 20:00:00+00:00,13.0784
2021-03-05 00:00:00+00:00,12.5586
2021-03-05 04:00:00+00:00,12.5164
2021-03-05 08:00:00+00:00,12.5346
2021-03-05 12:00:00+00:00,12.741
2021-03-05 16:00:00+00:00,12.5503
2021-03-05 20:00:00+00:00,12.5659
2021-03-06 00:00:00+00:00,12.3949
2021-03-06 04:00:00+00:00,12.3093
2021-03-06 08:00:00+00:00,12.1041
2021-03-06 12:00:00+00:00,12.2969
2021-03-06 16:00:00+00:00,12.918
2021-03-06 20:00:00+00:00,13.0512
2021-03-07 00:00:00+00:00,12.9696
2021-03-07 04:00:00+00:00,12.7931
2021-03-07 08:00:00+00:00,13.6515
2021-03-07 12:00:00+00:00,13.5709
2021-03-07 16:00:00+00:00,13.7619
2021-03-07 20:00:00+00:00,13.845
2021-03-08 00:00:00+00:00,13.4765
2021-03-08 04:00:00+00:00,13.3256
2021-03-08 08:00:00+00:00,13.3067
2021-03-08 12:00:00+00:00,13.6533
2021-03-08 16:00:00+00:00,13.7533
2021-03-08 20:00:00+00:00,13.6344
2021-03-09 00:00:00+00:00,13.9483
2021-03-09 04:00:00+00:00,13.8929
2021-03-09 08:00:00+00:00,14.3516
2021-03-09 12:00:00+00:00,14.6923
2021-03-09 16:00:00+00:00,14.8496
2021-03-09 20:00:00+00:00,14.9102
2021-03-10 00:00:00+00:00,14.2537
2021-03-10 04:00:00+00:00,14.5267
2021-03-10 08:00:00+00:00,14.7429
2021-03-10 12:00:00+00:00,14.81
2021-03-10 16:00:00+00:00,14.6895
2021-03-10 20:00:00+00:00,14.2333
2021-03-11 00:00:00+00:00,14.1151
2021-03-11 04:00:00+00:00,13.9111
2021-03-11 08:00:00+00:00,14.1105
2021-03-11 12:00:00+00:00,14.2701
2021-03-11 16:00:00+00:00,15.7626
2021-03-11 20:00:00+00:00,16.0763
2021-03-12 00:00:00+00:00,16.1596
2021-03-12 04:00:00+00:00,16.078
2021-03-12 08:00:00+00:00,15.5753
2021-03-12 12:00:00+00:00,15.5387
2021-03-12 16:00:00+00:00,14.701
2021-03-12 20:00:00+00:00,14.5742
2021-03-13 00:00:00+00:00,14.1544
2021-03-13 04:00:00+00:00,14.3932
2021-03-13 08:00:00+00:00,14.6761
2021-03-13 12:00:00+00:00,14.9295
2021-03-13 16:00:00+00:00,15.0454
2021-03-13 20:00:00+00:00,15.3216
2021-03-14 00:00:00+00:00,15.0637
2021-03-14 04:00:00+00:00,14.5732
2021-03-14 08:00:00+00:00,14.5555
2021-03-14 12:00:00+00:00,14.5139
2021-03-14 16:00:00+00:00,14.8983
2021-03-14 20:00:00+00:00,14.4642
2021-03-15 00:00:00+00:00,14.7897
2021-03-15 04:00:00+00:00,13.9348
2021-03-15 08:00:00+00:00,14.2766
2021-03-15 12:00:00+00:00,14.0918
2021-03-15 16:00:00+00:00,14.3111
2021-03-15 20:00:00+00:00,14.184
2021-03-16 00:00:00+00:00,13.5304
2021-03-16 04:00:00+00:00,13.5766
2021-03-16 08:00:00+00:00,13.6656
2021-03-16 12:00:00+00:00,13.7882
2021-03-16 16:00:00+00:00,13.8093
2021-03-16 20:00:00+00:00,13.6639
2021-03-17 00:00:00+00:00,13.4228
2021-03-17 04:00:00+00:00,13.5251
2021-03-17 08:00:00+00:00,13.3038
2021-03-17 12:00:00+00:00,13.4988
2021-03-17 16:00:00+00:00,14.2021
2021-03-17 20:00:00+00:00,14.2288
2021-03-18 00:00:00+00:00,14.2139
2021-03-18 04:00:00+00:00,14.2475
2021-03-18 08:00:00+00:00,14.1005
2021-03-18 12:00:00+00:00,14.2274
2021-03-18 16:00:00+00:00,14.3271
2021-03-18 20:00:00+00:00,14.2183
2021-03-19 00:00:00+00:00,14.1268
2021-03-19 04:00:00+00:00,14.022
2021-03-19 08:00:00+00:00,14.1952
2021-03-19 12:00:00+00:00,14.3725
2021-03-19 16:00:00+00:00,14.3488
2021-03-19 20:00:00+00:00,14.1535
2021-03-20 00:00:00+00:00,14.3279
2021-03-20 04:00:00+00:00,14.5355
2021-03-20 08:00:00+00:00,14.8249
2021-03-20 12:00:00+00:00,14.7096
2021-03-20 16:00:00+00:00,14.6825
2021-03-20 20:00:00+00:00,14.1892
2021-03-21 00:00:00+00:00,14.0865
2021-03-21 04:00:00+00:00,13.9593
2021-03-21 08:00:00+00:00,13.7308
2021-03-21 12:00:00+00:00,13.9261
2021-03-21 16:00:00+00:00,14.2008
2021-03-21 20:00:00+00:00,14.3395
2021-03-22 00:00:00+00:00,15.1359
2021-03-22 04:00:00+00:00,16.2011
2021-03-22 08:00:00+00:00,16.4166
2021-03-22 12:00:00+00:00,15.8662
2021-03-22 16:00:00+00:00,15.4368
2021-03-22 20:00:00+00:00,14.7957
2021-03-23 00:00:00+00:00,15.0995
2021-03-23 04:00:00+00:00,14.4099
2021-03-23 08:00:00+00:00,14.373
2021-03-23 12:00:00+00:00,14.6977
2021-03-23 16:00:00+00:00,14.3467
2021-03-23 20:00:00+00:00,14.142
2021-03-24 00:00:00+00:00,14.3288
2021-03-24 04:00:00+00:00,14.672
2021-03-24 08:00:00+00:00,14.727
2021-03-24 12:00:00+00:00,14.8322
2021-03-24 16:00:00+00:00,14.6705
2021-03-24 20:00:00+00:00,13.5875
2021-03-25 00:00:00+00:00,13.335
2021-03-25 04:00:00+00:00,13.2992
2021-03-25 08:00:00+00:00,13.1131
2021-03-25 12:00:00+00:00,12.7953
2021-03-25 16:00:00+00:00,12.9845
2021-03-25 20:00:00+00:00,12.9776
2021-03-26 00:00:00+00:00,12.7078
2021-03-26 04:00:00+00:00,14.0202
2021-03-26 08:00:00+00:00,13.9921
2021-03-26 12:00:00+00:00,13.9749
2021-03-26 16:00:00+00:00,14.2921
2021-03-26 20:00:00+00:00,14.7725
2021-03-27 00:00:00+00:00,14.8898
2021-03-27 04:00:00+00:00,16.0553
2021-03-27 08:00:00+00:00,15.6383
2021-03-27 12:00:00+00:00,15.994
2021-03-27 16:00:00+00:00,15.9144
2021-03-27 20:00:00+00:00,16.4803
2021-03-28 00:00:00+00:00,17.2574
2021-03-28 04:00:00+00:00,17.5414
2021-03-28 08:00:00+00:00,18.3259
2021-03-28 12:00:00+00:00,18.9577
2021-03-28 16:00:00+00:00,18.5778
2021-03-28 20:00:00+00:00,18.1022
2021-03-29 00:00:00+00:00,18.4618
2021-03-29 04:00:00+00:00,18.1188
2021-03-29 08:00:00+00:00,18.4257
2021-03-29 12:00:00+00:00,18.1731
2021-03-29 16:00:00+00:00,18.8561
2021-03-29 20:00:00+00:00,18.9811
2021-03-30 00:00:00+00:00,20.0412
2021-03-30 04:00:00+00:00,20.4484
2021-03-30 08:00:00+00:00,20.5415
2021-03-30 12:00:00+00:00,19.4205
2021-03-30 16:00:00+00:00,19.3459
2021-03-30 20:00:00+00:00,19.0933
2021-03-31 00:00:00+00:00,18.7557
2021-03-31 04:00:00+00:00,18.6017
2021-03-31 08:00:00+00:00,19.4569
2021-03-31 12:00:00+00:00,19.455
2021-03-31 16:00:00+00:00,19.5404
2021-03-31 20:00:00+00:00,19.4044
2021-04-01 00:00:00+00:00,19.8151
2021-04-01 04:00:00+00:00,20.0295
2021-04-01 08:00:00+00:00,19.3179
2021-04-01 12:00:00+00:00,19.4382
2021-04-01 16:00:00+00:00,19.172
2021-04-01 20:00:00+00:00,19.0497
2021-04-02 00:00:00+00:00,18.7663
2021-04-02 04:00:00+00:00,19.0596
2021-04-02 08:00:00+00:00,19.1474
2021-04-02 12:00:00+00:00,19.5115
2021-04-02 16:00:00+00:00,19.3099
2021-04-02 20:00:00+00:00,19.8353
2021-04-03 00:00:00+00:00,21.1064
2021-04-03 04:00:00+00:00,21.1895
2021-04-03 08:00:00+00:00,22.5265
2021-04-03 12:00:00+00:00,21.0354
2021-04-03 16:00:00+00:00,22.2157
2021-04-03 20:00:00+00:00,22.4904
2021-04-04 00:00:00+00:00,22.8219
2021-04-04 04:00:00+00:00,23.8306
2021-04-04 08:00:00+00:00,23.7007
2021-04-04 12:00:00+00:00,24.7489
2021-04-04 16:00:00+00:00,24.1523
2021-04-04 20:00:00+00:00,23.7879
2021-04-05 00:00:00+00:00,24.3311
2021-04-05 04:00:00+00:00,23.2058
2021-04-05 08:00:00+00:00,23.8903
2021-04-05 12:00:00+00:00,24.1609
2021-04-05 16:00:00+00:00,23.633
2021-04-05 20:00:00+00:00,23.018
2021-04-06 00:00:00+00:00,22.7799
2021-04-06 04:00:00+00:00,23.0414
2021-04-06 08:00:00+00:00,22.8498
2021-04-06 12:00:00+00:00,22.763
2021-04-06 16:00:00+00:00,24.2299
2021-04-06 20:00:00+00:00,25.0987
2021-04-07 00:00:00+00:00,25.2094
2021-04-07 04:00:00+00:00,25.3515
2021-04-07 08:00:00+00:00,23.9822
2021-04-07 12:00:00+00:00,26.661
2021-04-07 16:00:00+00:00,26.8703
2021-04-07 20:00:00+00:00,26.5699
2021-04-08 00:00:00+00:00,26.0508
2021-04-08 04:00:00+00:00,27.0856
2021-04-08 08:00:00+00:00,26.5343
2021-04-08 12:00:00+00:00,26.1841
2021-04-08 16:00:00+00:00,26.3168
2021-04-08 20:00:00+00:00,26.9589
2021-04-09 00:00:00+00:00,27.6649
2021-04-09 04:00:00+00:00,28.1956
2021-04-09 08:00:00+00:00,28.7314
2021-04-09 12:00:00+00:00,28.2125
2021-04-09 16:00:00+00:00,28.67
2021-04-09 20:00:00+00:00,27.6623
2021-04-10 00:00:00+00:00,27.5399
2021-04-10 04:00:00+00:00,27.095
2021-04-10 08:00:00+00:00,27.8885
2021-04-10 12:00:00+00:00,27.1244
2021-04-10 16:00:00+00:00,26.6218
2021-04-10 20:00:00+00:00,26.8349
2021-04-11 00:00:00+00:00,26.2769
2021-04-11 04:00:00+00:00,26.3483
2021-04-11 08:00:00+00:00,26.1285
2021-04-11 12:00:00+00:00,27.598
2021-04-11 16:00:00+00:00,28.5963
2021-04-11 20:00:00+00:00,27.9493
2021-04-12 00:00:00+00:00,29.0219
2021-04-12 04:00:00+00:00,28.3901
2021-04-12 08:00:00+00:00,28.1359
2021-04-12 12:00:00+00:00,27.1489
2021-04-12 16:00:00+00:00,27.6068
2021-04-12 20:00:00+00:00,28.585
2021-04-13 00:00:00+00:00,27.9892
2021-04-13 04:00:00+00:00,26.8024
2021-04-13 08:00:00+00:00,26.8588
2021-04-13 12:00:00+00:00,27.5387
2021-04-13 16:00:00+00:00,27.7336
2021-04-13 20:00:00+00:00,27.5083
2021-04-14 00:00:00+00:00,26.8786
2021-04-14 04:00:00+00:00,26.3895
2021-04-14 08:00:00+00:00,26.0718
2021-04-14 12:00:00+00:00,25.7884
2021-04-14 16:00:00+00:00,25.4777
2021-04-14 20:00:00+00:00,26.4194
2021-04-15 00:00:00+00:00,25.7999
2021-04-15 04:00:00+00:00,26.7932
2021-04-15 08:00:00+00:00,26.6095
2021-04-15 12:00:00+00:00,27.3428
2021-04-15 16:00:00+00:00,27.3918
2021-04-15 20:00:00+00:00,27.7857
2021-04-16 00:00:00+00:00,27.9986
2021-04-16 04:00:00+00:00,27.0255
2021-04-16 08:00:00+00:00,26.1621
2021-04-16 12:00:00+00:00,26.0567
2021-04-16 16:00:00+00:00,25.7782
2021-04-16 20:00:00+00:00,25.3449
2021-04-17 00:00:00+00:00,25.8189
2021-04-17 04:00:00+00:00,26.183
2021-04-17 08:00:00+00:00,25.9078
2021-04-17 12:00:00+00:00,25.9286
2021-04-17 16:00:00+00:00,25.3654
2021-04-17 20:00:00+00:00,24.8423
2021-04-18 00:00:00+00:00,21.9195
2021-04-18 04:00:00+00:00,27.2676
2021-04-18 08:00:00+00:00,25.4743
2021-04-18 12:00:00+00:00,28.1156
2021-04-18 16:00:00+00:00,30.2616
2021-04-18 20:00:00+00:00,32.3492
2021-04-19 00:00:00+00:00,31.8207
2021-04-19 04:00:00+00:00,30.7922
2021-04-19 08:00:00+00:00,33.8483
2021-04-19 12:00:00+00:00,30.5442
2021-04-19 16:00:00+00:00,34.4887
2021-04-19 20:00:00+00:00,31.5856
2021-04-20 00:00:00+00:00,30.3179
2021-04-20 04:00:00+00:00,29.8472
2021-04-20 08:00:00+00:00,31.2808
2021-04-20 12:00:00+00:00,29.7548
2021-04-20 16:00:00+00:00,31.7782
2021-04-20 20:00:00+00:00,31.7022
2021-04-21 00:00:00+00:00,32.6029
2021-04-21 04:00:00+00:00,31.7954
2021-04-21 08:00:00+00:00,30.8001
2021-04-21 12:00:00+00:00,34.3666
2021-04-21 16:00:00+00:00,33.6793
2021-04-21 20:00:00+00:00,32.6637
2021-04-22 00:00:00+00:00,35.8659
2021-04-22 04:00:00+00:00,37.8053
2021-04-22 08:00:00+00:00,36.5708
2021-04-22 12:00:00+00:00,38.8369
2021-04-22 16:00:00+00:00,38.3077
2021-04-22 20:00:00+00:00,38.9341
2021-04-23 00:00:00+00:00,36.63
2021-04-23 04:00:00+00:00,32.2492
2021-04-23 08:00:00+00:00,35.285
2021-04-23 12:00:00+00:00,34.9539
2021-04-23 16:00:00+00:00,35.7455
2021-04-23 20:00:00+00:00,37.3702
2021-04-24 00:00:00+00:00,35.898
2021-04-24 04:00:00+00:00,35.9212
2021-04-24 08:00:00+00:00,35.3176
2021-04-24 12:00:00+00:00,36.994
2021-04-24 16:00:00+00:00,42.028
2021-04-24 20:00:00+00:00,40.8663
2021-04-25 00:00:00+00:00,41.0287
2021-04-25 04:00:00+00:00,41.2232
2021-04-25 08:00:00+00:00,42.1035
2021-04-25 12:00:00+00:00,46.6252
2021-04-25 16:00:00+00:00,44.0469
2021-04-25 20:00:00+00:00,47.3823
2021-04-26 00:00:00+00:00,47.1641
2021-04-26 04:00:00+00:00,47.8523
2021-04-26 08:00:00+00:00,45.507
2021-04-26 12:00:00+00:00,46.8615
2021-04-26 16:00:00+00:00,45.3509
2021-04-26 20:00:00+00:00,43.9698
2021-04-27 00:00:00+00:00,45.1186
2021-04-27 04:00:00+00:00,45.731
2021-04-27 08:00:00+00:00,45.204
2021-04-27 12:00:00+00:00,43.9076
2021-04-27 16:00:00+00:00,43.4482
2021-04-27 20:00:00+00:00,43.2296
2021-04-28 00:00:00+00:00,43.1952
2021-04-28 04:00:00+00:00,42.4784
2021-04-28 08:00:00+00:00,44.1855
2021-04-28 12:00:00+00:00,45.8405
2021-04-28 16:00:00+00:00,45.6488
2021-04-28 20:00:00+00:00,44.8884
2021-04-29 00:00:00+00:00,43.2798
2021-04-29 04:00:00+00:00,43.6902
2021-04-29 08:00:00+00:00,44.1078
2021-04-29 12:00:00+00:00,44.304
2021-04-29 16:00:00+00:00,41.9867
2021-04-29 20:00:00+00:00,42.4925
2021-04-30 00:00:00+00:00,42.3523
2021-04-30 04:00:00+00:00,43.1017
2021-04-30 08:00:00+00:00,43.0268
2021-04-30 12:00:00+00:00,42.7246
2021-04-30 16:00:00+00:00,43.8093
2021-04-30 20:00:00+00:00,42.8771
2021-05-01 00:00:00+00:00,43.1018
2021-05-01 04:00:00+00:00,42.9202
2021-05-01 08:00:00+00:00,44.4247
2021-05-01 12:00:00+00:00,47.4102
2021-05-01 16:00:00+00:00,49.463
2021-05-01 20:00:00+00:00,49.7035
2021-05-02 00:00:00+00:00,47.4949
2021-05-02 04:00:00+00:00,46.5858
2021-05-02 08:00:00+00:00,46.7528
2021-05-02 12:00:00+00:00,47.1015
2021-05-02 16:00:00+00:00,47.9345
2021-05-02 20:00:00+00:00,46.9593
2021-05-03 00:00:00+00:00,47.6825
2021-05-03 04:00:00+00:00,48.5018
2021-05-03 08:00:00+00:00,48.3619
2021-05-03 12:00:00+00:00,47.9111
2021-05-03 16:00:00+00:00,47.1344
2021-05-03 20:00:00+00:00,46.0232
2021-05-04 00:00:00+00:00,45.0199
2021-05-04 04:00:00+00:00,45.9502
2021-05-04 08:00:00+00:00,47.1542
2021-05-04 12:00:00+00:00,43.6235
2021-05-04 16:00:00+00:00,44.5856
2021-05-04 20:00:00+00:00,42.6551
2021-05-05 00:00:00+00:00,43.9482
2021-05-05 04:00:00+00:00,44.5817
2021-05-05 08:00:00+00:00,44.474
2021-05-05 12:00:00+00:00,44.2209
2021-05-05 16:00:00+00:00,46.0267
2021-05-05 20:00:00+00:00,45.0381
2021-05-06 00:00:00+00:00,44.2857
2021-05-06 04:00:00+00:00,43.899
2021-05-06 08:00:00+00:00,44.6129
2021-05-06 12:00:00+00:00,43.8256
2021-05-06 16:00:00+00:00,43.8568
2021-05-06 20:00:00+00:00,43.5641
2021-05-07 00:00:00+00:00,42.0808
2021-05-07 04:00:00+00:00,42.335
2021-05-07 08:00:00+00:00,42.8276
2021-05-07 12:00:00+00:00,45.0171
2021-05-07 16:00:00+00:00,43.8477
2021-05-07 20:00:00+00:00,43.2345
2021-05-08 00:00:00+00:00,43.5819
2021-05-08 04:00:00+00:00,43.6687
2021-05-08 08:00:00+00:00,44.3043
2021-05-08 12:00:00+00:00,43.611
2021-05-08 16:00:00+00:00,44.9419
2021-05-08 20:00:00+00:00,45.7022
2021-05-09 00:00:00+00:00,44.6288
2021-05-09 04:00:00+00:00,44.7615
2021-05-09 08:00:00+00:00,44.8224
2021-05-09 12:00:00+00:00,44.2189
2021-05-09 16:00:00+00:00,44.3352
2021-05-09 20:00:00+00:00,44.3591
2021-05-10 00:00:00+00:00,45.0857
2021-05-10 04:00:00+00:00,45.5464
2021-05-10 08:00:00+00:00,44.0035
2021-05-10 12:00:00+00:00,43.9108
2021-05-10 16:00:00+00:00,42.0664
2021-05-10 20:00:00+00:00,42.8909
2021-05-11 00:00:00+00:00,40.429
2021-05-11 04:00:00+00:00,41.572
2021-05-11 08:00:00+00:00,41.401
2021-05-11 12:00:00+00:00,41.474
2021-05-11 16:00:00+00:00,43.001
2021-05-11 20:00:00+00:00,44.624
2021-05-12 00:00:00+00:00,44.52
2021-05-12 04:00:00+00:00,44.9
2021-05-12 08:00:00+00:00,46.138
2021-05-12 12:00:00+00:00,47.486
2021-05-12 16:00:00+00:00,44.911
2021-05-12 20:00:00+00:00,43.484
2021-05-13 00:00:00+00:00,42.66
2021-05-13 04:00:00+00:00,44.246
2021-05-13 08:00:00+00:00,41.595
2021-05-13 12:00:00+00:00,41.449
2021-05-13 16:00:00+00:00,39.114
2021-05-13 20:00:00+00:00,41.052
2021-05-14 00:00:00+00:00,40.809
2021-05-14 04:00:00+00:00,41.118
2021-05-14 08:00:00+00:00,42.83
2021-05-14 12:00:00+00:00,44.605
2021-05-14 16:00:00+00:00,43.195
2021-05-14 20:00:00+00:00,42.741
2021-05-15 00:00:00+00:00,42.19
2021-05-15 04:00:00+00:00,40.829
2021-05-15 08:00:00+00:00,41.275
2021-05-15 12:00:00+00:00,41.374
2021-05-15 16:00:00+00:00,42.317
2021-05-15 20:00:00+00:00,43.53
2021-05-16 00:00:00+00:00,47.637
2021-05-16 04:00:00+00:00,46.472
2021-05-16 08:00:00+00:00,47.229
2021-05-16 12:00:00+00:00,48.577
2021-05-16 16:00:00+00:00,43.71
2021-05-16 20:00:00+00:00,46.866
2021-05-17 00:00:00+00:00,44.095
2021-05-17 04:00:00+00:00,50.62
2021-05-17 08:00:00+00:00,50.239
2021-05-17 12:00:00+00:00,48.576
2021-05-17 16:00:00+00:00,49.157
2021-05-17 20:00:00+00:00,46.74
2021-05-18 00:00:00+00:00,47.739
2021-05-18 04:00:00+00:00,52.048
2021-05-18 08:00:00+00:00,54.534
2021-05-18 12:00:00+00:00,53.411
2021-05-18 16:00:00+00:00,55.199
2021-05-18 20:00:00+00:00,55.95
2021-05-19 00:00:00+00:00,52.075
2021-05-19 04:00:00+00:00,50.885
2021-05-19 08:00:00+00:00,43.974
2021-05-19 12:00:00+00:00,46.722
2021-05-19 16:00:00+00:00,40.963
2021-05-19 20:00:00+00:00,34.952
2021-05-20 00:00:00+00:00,36.47
2021-05-20 04:00:00+00:00,41.651
2021-05-20 08:00:00+00:00,43.235
2021-05-20 12:00:00+00:00,45.821
2021-05-20 16:00:00+00:00,44.91
2021-05-20 20:00:00+00:00,44.431
2021-05-21 00:00:00+00:00,45.497
2021-05-21 04:00:00+00:00,43.955
2021-05-21 08:00:00+00:00,42.23
2021-05-21 12:00:00+00:00,36.93
2021-05-21 16:00:00+00:00,38.186
2021-05-21 20:00:00+00:00,38.921
2021-05-22 00:00:00+00:00,37.727
2021-05-22 04:00:00+00:00,35.227
2021-05-22 08:00:00+00:00,36.972
2021-05-22 12:00:00+00:00,35.384
2021-05-22 16:00:00+00:00,31.374
2021-05-22 20:00:00+00:00,31.225
2021-05-23 00:00:00+00:00,30.238
2021-05-23 04:00:00+00:00,26.667
2021-05-23 08:00:00+00:00,25.661
2021-05-23 12:00:00+00:00,22.913
2021-05-23 16:00:00+00:00,22.913
2021-05-23 20:00:00+00:00,24.517
2021-05-24 00:00:00+00:00,26.657
2021-05-24 04:00:00+00:00,28.58
2021-05-24 08:00:00+00:00,30.26
2021-05-24 12:00:00+00:00,30.292
2021-05-24 16:00:00+00:00,31.886
2021-05-24 20:00:00+00:00,31.417
2021-05-25 00:00:00+00:00,29.213
2021-05-25 04:00:00+00:00,29.601
2021-05-25 08:00:00+00:00,26.279
2021-05-25 12:00:00+00:00,29.537
2021-05-25 16:00:00+00:00,28.414
2021-05-25 20:00:00+00:00,30.007
2021-05-26 00:00:00+00:00,32.495
2021-05-26 04:00:00+00:00,35.065
2021-05-26 08:00:00+00:00,36.199
2021-05-26 12:00:00+00:00,34.322
2021-05-26 16:00:00+00:00,33.568
2021-05-26 20:00:00+00:00,35.42
2021-05-27 00:00:00+00:00,31.85
2021-05-27 04:00:00+00:00,33.143
2021-05-27 08:00:00+00:00,35.024
2021-05-27 12:00:00+00:00,34.17
2021-05-27 16:00:00+00:00,34.491
2021-05-27 20:00:00+00:00,33.779
2021-05-28 00:00:00+00:00,33.846
2021-05-28 04:00:00+00:00,31.03
2021-05-28 08:00:00+00:00,28.501
2021-05-28 12:00:00+00:00,31.16
2021-05-28 16:00:00+00:00,30.842
2021-05-28 20:00:00+00:00,28.993
2021-05-29 00:00:00+00:00,29.42
2021-05-29 04:00:00+00:00,29.135
2021-05-29 08:00:00+00:00,28.729
2021-05-29 12:00:00+00:00,26.973
2021-05-29 16:00:00+00:00,26.029
2021-05-29 20:00:00+00:00,27.38
2021-05-30 00:00:00+00:00,26.759
2021-05-30 04:00:00+00:00,29.528
2021-05-30 08:00:00+00:00,29.407
2021-05-30 12:00:00+00:00,27.794
2021-05-30 16:00:00+00:00,29.101
2021-05-30 20:00:00+00:00,28.59
2021-05-31 00:00:00+00:00,28.056
2021-05-31 04:00:00+00:00,30.611
2021-05-31 08:00:00+00:00,31.559
2021-05-31 12:00:00+00:00,32.627
2021-05-31 16:00:00+00:00,31.622
2021-05-31 20:00:00+00:00,32.749
2021-06-01 00:00:00+00:00,32.227
2021-06-01 04:00:00+00:00,32.131
2021-06-01 08:00:00+00:00,32.04
2021-06-01 12:00:00+00:00,31.185
2021-06-01 16:00:00+00:00,30.066
2021-06-01 20:00:00+00:00,30.955
2021-06-02 00:00:00+00:00,31.029
2021-06-02 04:00:00+00:00,31.712
2021-06-02 08:00:00+00:00,32.424
2021-06-02 12:00:00+00:00,33.634
2021-06-02 16:00:00+00:00,34.13
2021-06-02 20:00:00+00:00,33.994
2021-06-03 00:00:00+00:00,35.533
2021-06-03 04:00:00+00:00,36.667
2021-06-03 08:00:00+00:00,36.745
2021-06-03 12:00:00+00:00,38.507
2021-06-03 16:00:00+00:00,39.455
2021-06-03 20:00:00+00:00,39.627
2021-06-04 00:00:00+00:00,38.829
2021-06-04 04:00:00+00:00,36.715
2021-06-04 08:00:00+00:00,35.594
2021-06-04 12:00:00+00:00,38.131
2021-06-04 16:00:00+00:00,37.786
2021-06-04 20:00:00+00:00,37.37
2021-06-05 00:00:00+00:00,41.462
2021-06-05 04:00:00+00:00,41.527
2021-06-05 08:00:00+00:00,40.029
2021-06-05 12:00:00+00:00,40.495
2021-06-05 16:00:00+00:00,39.528
2021-06-05 20:00:00+00:00,39.658
2021-06-06 00:00:00+00:00,39.701
2021-06-06 04:00:00+00:00,39.773
2021-06-06 08:00:00+00:00,40.576
2021-06-06 12:00:00+00:00,42.781
2021-06-06 16:00:00+00:00,41.658
2021-06-06 20:00:00+00:00,42.199
2021-06-07 00:00:00+00:00,42.603
2021-06-07 04:00:00+00:00,43.713
2021-06-07 08:00:00+00:00,43.29
2021-06-07 12:00:00+00:00,42.2
2021-06-07 16:00:00+00:00,42.747
2021-06-07 20:00:00+00:00,38.247
2021-06-08 00:00:00+00:00,37.455
2021-06-08 04:00:00+00:00,36.801
2021-06-08 08:00:00+00:00,37.239
2021-06-08 12:00:00+00:00,36.659
2021-06-08 16:00:00+00:00,41.057
2021-06-08 20:00:00+00:00,41.229
2021-06-09 00:00:00+00:00,40.535
2021-06-09 04:00:00+00:00,42.98
2021-06-09 08:00:00+00:00,43.508
2021-06-09 12:00:00+00:00,42.565
2021-06-09 16:00:00+00:00,41.737
2021-06-09 20:00:00+00:00,42.024
2021-06-10 00:00:00+00:00,40.74
2021-06-10 04:00:00+00:00,42.096
2021-06-10 08:00:00+00:00,41.968
2021-06-10 12:00:00+00:00,41.122
2021-06-10 16:00:00+00:00,40.92
2021-06-10 20:00:00+00:00,41.09
2021-06-11 00:00:00+00:00,40.175
2021-06-11 04:00:00+00:00,38.769
2021-06-11 08:00:00+00:00,39.319
2021-06-11 12:00:00+00:00,37.82
2021-06-11 16:00:00+00:00,37.154
2021-06-11 20:00:00+00:00,36.162
2021-06-12 00:00:00+00:00,35.428
2021-06-12 04:00:00+00:00,36.071
2021-06-12 08:00:00+00:00,36.615
2021-06-12 12:00:00+00:00,36.543
2021-06-12 16:00:00+00:00,36.425
2021-06-12 20:00:00+00:00,36.474
2021-06-13 00:00:00+00:00,35.713
2021-06-13 04:00:00+00:00,35.727
2021-06-13 08:00:00+00:00,35.862
2021-06-13 12:00:00+00:00,34.965
2021-06-13 16:00:00+00:00,38.071
2021-06-13 20:00:00+00:00,38.708
2021-06-14 00:00:00+00:00,37.872
2021-06-14 04:00:00+00:00,37.81
2021-06-14 08:00:00+00:00,37.343
2021-06-14 12:00:00+00:00,39.869
2021-06-14 16:00:00+00:00,39.045
2021-06-14 20:00:00+00:00,39.672
2021-06-15 00:00:00+00:00,40.508
2021-06-15 04:00:00+00:00,41.299
2021-06-15 08:00:00+00:00,40.535
2021-06-15 12:00:00+00:00,39.984
2021-06-15 16:00:00+00:00,40.052
2021-06-15 20:00:00+00:00,39.54
2021-06-16 00:00:00+00:00,39.04
2021-06-16 04:00:00+00:00,39.453
2021-06-16 08:00:00+00:00,38.093
2021-06-16 12:00:00+00:00,39.55
2021-06-16 16:00:00+00:00,39.496
2021-06-16 20:00:00+00:00,39.677
2021-06-17 00:00:00+00:00,40.274
2021-06-17 04:00:00+00:00,40.976
2021-06-17 08:00:00+00:00,40.643
2021-06-17 12:00:00+00:00,40.297
2021-06-17 16:00:00+00:00,39.289
2021-06-17 20:00:00+00:00,39.269
2021-06-18 00:00:00+00:00,39.168
2021-06-18 04:00:00+00:00,39.013
2021-06-18 08:00:00+00:00,38.229
2021-06-18 12:00:00+00:00,35.572
2021-06-18 16:00:00+00:00,35.387
2021-06-18 20:00:00+00:00,36.8
2021-06-19 00:00:00+00:00,35.667
2021-06-19 04:00:00+00:00,36.312
2021-06-19 08:00:00+00:00,36.327
2021-06-19 12:00:00+00:00,36.269
2021-06-19 16:00:00+00:00,35.553
2021-06-19 20:00:00+00:00,35.151
2021-06-20 00:00:00+00:00,34.955
2021-06-20 04:00:00+00:00,35.284
2021-06-20 08:00:00+00:00,32.461
2021-06-20 12:00:00+00:00,33.716
2021-06-20 16:00:00+00:00,35.027
2021-06-20 20:00:00+00:00,35.228
2021-06-21 00:00:00+00:00,32.736
2021-06-21 04:00:00+00:00,31.048
2021-06-21 08:00:00+00:00,30.44
2021-06-21 12:00:00+00:00,29.665
2021-06-21 16:00:00+00:00,28.567
2021-06-21 20:00:00+00:00,26.578
2021-06-22 00:00:00+00:00,27.92
2021-06-22 04:00:00+00:00,26.475
2021-06-22 08:00:00+00:00,22.0
2021-06-22 12:00:00+00:00,25.616
2021-06-22 16:00:00+00:00,26.418
2021-06-22 20:00:00+00:00,26.956
2021-06-23 00:00:00+00:00,29.902
2021-06-23 04:00:00+00:00,30.613
2021-06-23 08:00:00+00:00,30.933
2021-06-23 12:00:00+00:00,29.086
2021-06-23 16:00:00+00:00,28.432
2021-06-23 20:00:00+00:00,30.774
2021-06-24 00:00:00+00:00,28.958
2021-06-24 04:00:00+00:00,29.414
2021-06-24 08:00:00+00:00,30.69
2021-06-24 12:00:00+00:00,30.7
2021-06-24 16:00:00+00:00,32.083
2021-06-24 20:00:00+00:00,31.151
2021-06-25 00:00:00+00:00,32.634
2021-06-25 04:00:00+00:00,31.236
2021-06-25 08:00:00+00:00,29.565
2021-06-25 12:00:00+00:00,29.061
2021-06-25 16:00:00+00:00,29.391
2021-06-25 20:00:00+00:00,28.591
2021-06-26 00:00:00+00:00,29.19
2021-06-26 04:00:00+00:00,27.272
2021-06-26 08:00:00+00:00,28.752
2021-06-26 12:00:00+00:00,28.379
2021-06-26 16:00:00+00:00,28.237
2021-06-26 20:00:00+00:00,29.639
2021-06-27 00:00:00+00:00,30.661
2021-06-27 04:00:00+00:00,30.554
2021-06-27 08:00:00+00:00,30.447
2021-06-27 12:00:00+00:00,30.183
2021-06-27 16:00:00+00:00,29.923
2021-06-27 20:00:00+00:00,31.853
2021-06-28 00:00:00+00:00,31.42
2021-06-28 04:00:00+00:00,32.531
2021-06-28 08:00:00+00:00,31.596
2021-06-28 12:00:00+00:00,33.999
2021-06-28 16:00:00+00:00,33.518
2021-06-28 20:00:00+00:00,33.013
2021-06-29 00:00:00+00:00,33.116
2021-06-29 04:00:00+00:00,33.452
2021-06-29 08:00:00+00:00,34.306
2021-06-29 12:00:00+00:00,35.257
2021-06-29 16:00:00+00:00,34.789
2021-06-29 20:00:00+00:00,33.949
2021-06-30 00:00:00+00:00,32.249
2021-06-30 04:00:00+00:00,33.491
2021-06-30 08:00:00+00:00,33.001
2021-06-30 12:00:00+00:00,31.92
2021-06-30 16:00:00+00:00,34.299
2021-06-30 20:00:00+00:00,35.493
2021-07-01 00:00:00+00:00,33.766
2021-07-01 04:00:00+00:00,32.395
2021-07-01 08:00:00+00:00,34.231
2021-07-01 12:00:00+00:00,33.476
2021-07-01 16:00:00+00:00,33.685
2021-07-01 20:00:00+00:00,33.254
2021-07-02 00:00:00+00:00,32.163
2021-07-02 04:00:00+00:00,32.481
2021-07-02 08:00:00+00:00,31.919
2021-07-02 12:00:00+00:00,32.999
2021-07-02 16:00:00+00:00,33.239
2021-07-02 20:00:00+00:00,33.97
2021-07-03 00:00:00+00:00,33.52
2021-07-03 04:00:00+00:00,34.767
2021-07-03 08:00:00+00:00,35.105
2021-07-03 12:00:00+00:00,34.825
2021-07-03 16:00:00+00:00,34.827
2021-07-03 20:00:00+00:00,34.5
2021-07-04 00:00:00+00:00,33.821
2021-07-04 04:00:00+00:00,35.327
2021-07-04 08:00:00+00:00,35.171
2021-07-04 12:00:00+00:00,34.897
2021-07-04 16:00:00+00:00,35.017
2021-07-04 20:00:00+00:00,34.29
2021-07-05 00:00:00+00:00,33.632
2021-07-05 04:00:00+00:00,33.983
2021-07-05 08:00:00+00:00,33.187
2021-07-05 12:00:00+00:00,32.776
2021-07-05 16:00:00+00:00,33.222
2021-07-05 20:00:00+00:00,32.887
2021-07-06 00:00:00+00:00,33.339
2021-07-06 04:00:00+00:00,34.222
2021-07-06 08:00:00+00:00,33.715
2021-07-06 12:00:00+00:00,33.831
2021-07-06 16:00:00+00:00,33.698
2021-07-06 20:00:00+00:00,34.206
2021-07-07 00:00:00+00:00,34.805
2021-07-07 04:00:00+00:00,34.987
2021-07-07 08:00:00+00:00,36.941
2021-07-07 12:00:00+00:00,36.275
2021-07-07 16:00:00+00:00,37.548
2021-07-07 20:00:00+00:00,36.659
2021-07-08 00:00:00+00:00,36.597
2021-07-08 04:00:00+00:00,34.178
2021-07-08 08:00:00+00:00,34.961
2021-07-08 12:00:00+00:00,34.341
2021-07-08 16:00:00+00:00,33.969
2021-07-08 20:00:00+00:00,33.128
2021-07-09 00:00:00+00:00,33.382
2021-07-09 04:00:00+00:00,32.955
2021-07-09 08:00:00+00:00,32.443
2021-07-09 12:00:00+00:00,33.903
2021-07-09 16:00:00+00:00,32.928
2021-07-09 20:00:00+00:00,33.325
2021-07-10 00:00:00+00:00,33.267
2021-07-10 04:00:00+00:00,33.335
2021-07-10 08:00:00+00:00,32.758
2021-07-10 12:00:00+00:00,32.377
2021-07-10 16:00:00+00:00,31.807
2021-07-10 20:00:00+00:00,31.688
2021-07-11 00:00:00+00:00,31.667
2021-07-11 04:00:00+00:00,31.63
2021-07-11 08:00:00+00:00,32.189
2021-07-11 12:00:00+00:00,32.385
2021-07-11 16:00:00+00:00,32.004
2021-07-11 20:00:00+00:00,32.173
2021-07-12 00:00:00+00:00,32.527
2021-07-12 04:00:00+00:00,32.219
2021-07-12 08:00:00+00:00,31.339
2021-07-12 12:00:00+00:00,31.07
2021-07-12 16:00:00+00:00,30.354
2021-07-12 20:00:00+00:00,30.751
2021-07-13 00:00:00+00:00,30.789
2021-07-13 04:00:00+00:00,30.492
2021-07-13 08:00:00+00:00,30.131
2021-07-13 12:00:00+00:00,30.231
2021-07-13 16:00:00+00:00,29.03
2021-07-13 20:00:00+00:00,29.147
2021-07-14 00:00:00+00:00,28.137
2021-07-14 04:00:00+00:00,28.082
2021-07-14 08:00:00+00:00,28.985
2021-07-14 12:00:00+00:00,30.559
2021-07-14 16:00:00+00:00,30.493
2021-07-14 20:00:00+00:00,31.355
2021-07-15 00:00:00+00:00,30.579
2021-07-15 04:00:00+00:00,30.366
2021-07-15 08:00:00+00:00,29.133
2021-07-15 12:00:00+00:00,28.755
2021-07-15 16:00:00+00:00,28.641
2021-07-15 20:00:00+00:00,28.572
2021-07-16 00:00:00+00:00,29.161
2021-07-16 04:00:00+00:00,28.326
2021-07-16 08:00:00+00:00,27.129
2021-07-16 12:00:00+00:00,28.314
2021-07-16 16:00:00+00:00,27.132
2021-07-16 20:00:00+00:00,26.259
2021-07-17 00:00:00+00:00,26.227
2021-07-17 04:00:00+00:00,26.611
2021-07-17 08:00:00+00:00,26.448
2021-07-17 12:00:00+00:00,26.512
2021-07-17 16:00:00+00:00,27.132
2021-07-17 20:00:00+00:00,26.79
2021-07-18 00:00:00+00:00,27.487
2021-07-18 04:00:00+00:00,26.879
2021-07-18 08:00:00+00:00,27.369
2021-07-18 12:00:00+00:00,26.573
2021-07-18 16:00:00+00:00,26.761
2021-07-18 20:00:00+00:00,26.662
2021-07-19 00:00:00+00:00,25.94
2021-07-19 04:00:00+00:00,25.702
2021-07-19 08:00:00+00:00,24.79
2021-07-19 12:00:00+00:00,24.169
2021-07-19 16:00:00+00:00,24.38
2021-07-19 20:00:00+00:00,24.511
2021-07-20 00:00:00+00:00,22.838
2021-07-20 04:00:00+00:00,23.081
2021-07-20 08:00:00+00:00,22.861
2021-07-20 12:00:00+00:00,23.773
2021-07-20 16:00:00+00:00,23.79
2021-07-20 20:00:00+00:00,23.466
2021-07-21 00:00:00+00:00,24.052
2021-07-21 04:00:00+00:00,25.691
2021-07-21 08:00:00+00:00,26.183
2021-07-21 12:00:00+00:00,26.921
2021-07-21 16:00:00+00:00,25.526
2021-07-21 20:00:00+00:00,26.675
2021-07-22 00:00:00+00:00,26.282
2021-07-22 04:00:00+00:00,27.028
2021-07-22 08:00:00+00:00,26.737
2021-07-22 12:00:00+00:00,27.787
2021-07-22 16:00:00+00:00,27.866
2021-07-22 20:00:00+00:00,27.679
2021-07-23 00:00:00+00:00,28.26
2021-07-23 04:00:00+00:00,27.903
2021-07-23 08:00:00+00:00,27.52
2021-07-23 12:00:00+00:00,26.872
2021-07-23 16:00:00+00:00,26.594
2021-07-23 20:00:00+00:00,28.519
2021-07-24 00:00:00+00:00,28.697
2021-07-24 04:00:00+00:00,28.74
2021-07-24 08:00:00+00:00,28.67
2021-07-24 12:00:00+00:00,28.402
2021-07-24 16:00:00+00:00,28.408
2021-07-24 20:00:00+00:00,28.621
2021-07-25 00:00:00+00:00,27.892
2021-07-25 04:00:00+00:00,28.605
2021-07-25 08:00:00+00:00,27.992
2021-07-25 12:00:00+00:00,27.357
2021-07-25 16:00:00+00:00,27.527
2021-07-25 20:00:00+00:00,28.232
2021-07-26 00:00:00+00:00,30.112
2021-07-26 04:00:00+00:00,29.727
2021-07-26 08:00:00+00:00,30.058
2021-07-26 12:00:00+00:00,30.071
2021-07-26 16:00:00+00:00,29.662
2021-07-26 20:00:00+00:00,28.18
2021-07-27 00:00:00+00:00,27.601
2021-07-27 04:00:00+00:00,27.864
2021-07-27 08:00:00+00:00,28.669
2021-07-27 12:00:00+00:00,27.698
2021-07-27 16:00:00+00:00,27.246
2021-07-27 20:00:00+00:00,28.102
2021-07-28 00:00:00+00:00,27.963
2021-07-28 04:00:00+00:00,28.049
2021-07-28 08:00:00+00:00,28.599
2021-07-28 12:00:00+00:00,28.283
2021-07-28 16:00:00+00:00,27.99
2021-07-28 20:00:00+00:00,27.875
2021-07-29 00:00:00+00:00,27.612
2021-07-29 04:00:00+00:00,28.154
2021-07-29 08:00:00+00:00,28.139
2021-07-29 12:00:00+00:00,29.575
2021-07-29 16:00:00+00:00,31.344
2021-07-29 20:00:00+00:00,31.25
2021-07-30 00:00:00+00:00,32.74
2021-07-30 04:00:00+00:00,32.074
2021-07-30 08:00:00+00:00,30.935
2021-07-30 12:00:00+00:00,31.006
2021-07-30 16:00:00+00:00,31.765
2021-07-30 20:00:00+00:00,32.35
2021-07-31 00:00:00+00:00,32.637
2021-07-31 04:00:00+00:00,32.189
2021-07-31 08:00:00+00:00,34.644
2021-07-31 12:00:00+00:00,34.271
2021-07-31 16:00:00+00:00,34.398
2021-07-31 20:00:00+00:00,36.721
2021-08-01 00:00:00+00:00,36.122
2021-08-01 04:00:00+00:00,35.331
2021-08-01 08:00:00+00:00,35.146
2021-08-01 12:00:00+00:00,35.478
2021-08-01 16:00:00+00:00,35.554
2021-08-01 20:00:00+00:00,34.164
2021-08-02 00:00:00+00:00,34.829
2021-08-02 04:00:00+00:00,35.419
2021-08-02 08:00:00+00:00,34.605
2021-08-02 12:00:00+00:00,33.843
2021-08-02 16:00:00+00:00,33.691
2021-08-02 20:00:00+00:00,33.194
2021-08-03 00:00:00+00:00,33.227
2021-08-03 04:00:00+00:00,33.536
2021-08-03 08:00:00+00:00,34.384
2021-08-03 12:00:00+00:00,34.93
2021-08-03 16:00:00+00:00,34.672
2021-08-03 20:00:00+00:00,34.136
2021-08-04 00:00:00+00:00,33.765
2021-08-04 04:00:00+00:00,33.726
2021-08-04 08:00:00+00:00,34.359
2021-08-04 12:00:00+00:00,35.368
2021-08-04 16:00:00+00:00,36.24
2021-08-04 20:00:00+00:00,35.771
2021-08-05 00:00:00+00:00,37.265
2021-08-05 04:00:00+00:00,36.67
2021-08-05 08:00:00+00:00,36.879
2021-08-05 12:00:00+00:00,36.727
2021-08-05 16:00:00+00:00,36.962
2021-08-05 20:00:00+00:00,37.399
2021-08-06 00:00:00+00:00,35.943
2021-08-06 04:00:00+00:00,37.031
2021-08-06 08:00:00+00:00,36.991
2021-08-06 12:00:00+00:00,39.688
2021-08-06 16:00:00+00:00,39.902
2021-08-06 20:00:00+00:00,39.546
2021-08-07 00:00:00+00:00,40.112
2021-08-07 04:00:00+00:00,39.488
2021-08-07 08:00:00+00:00,40.071
2021-08-07 12:00:00+00:00,38.568
2021-08-07 16:00:00+00:00,38.62
2021-08-07 20:00:00+00:00,39.489
2021-08-08 00:00:00+00:00,38.763
2021-08-08 04:00:00+00:00,38.802
2021-08-08 08:00:00+00:00,38.26
2021-08-08 12:00:00+00:00,37.77
2021-08-08 16:00:00+00:00,37.429
2021-08-08 20:00:00+00:00,37.688
2021-08-09 00:00:00+00:00,37.325
2021-08-09 04:00:00+00:00,37.789
2021-08-09 08:00:00+00:00,39.28
2021-08-09 12:00:00+00:00,39.872
2021-08-09 16:00:00+00:00,39.294
2021-08-09 20:00:00+00:00,38.68
2021-08-10 00:00:00+00:00,39.855
2021-08-10 04:00:00+00:00,40.001
2021-08-10 08:00:00+00:00,40.842
2021-08-10 12:00:00+00:00,40.154
2021-08-10 16:00:00+00:00,40.645
2021-08-10 20:00:00+00:00,40.676
2021-08-11 00:00:00+00:00,41.808
2021-08-11 04:00:00+00:00,42.538
2021-08-11 08:00:00+00:00,42.566
2021-08-11 12:00:00+00:00,42.636
2021-08-11 16:00:00+00:00,43.438
2021-08-11 20:00:00+00:00,41.65
2021-08-12 00:00:00+00:00,43.033
2021-08-12 04:00:00+00:00,41.454
2021-08-12 08:00:00+00:00,40.825
2021-08-12 12:00:00+00:00,39.876
2021-08-12 16:00:00+00:00,41.039
2021-08-12 20:00:00+00:00,41.122
2021-08-13 00:00:00+00:00,42.549
2021-08-13 04:00:00+00:00,43.425
2021-08-13 08:00:00+00:00,43.623
2021-08-13 12:00:00+00:00,43.66
2021-08-13 16:00:00+00:00,43.564
2021-08-13 20:00:00+00:00,44.9
2021-08-14 00:00:00+00:00,44.153
2021-08-14 04:00:00+00:00,44.523
2021-08-14 08:00:00+00:00,43.8
2021-08-14 12:00:00+00:00,44.1
2021-08-14 16:00:00+00:00,43.944
2021-08-14 20:00:00+00:00,44.141
2021-08-15 00:00:00+00:00,44.606
2021-08-15 04:00:00+00:00,43.681
2021-08-15 08:00:00+00:00,46.828
2021-08-15 12:00:00+00:00,48.707
2021-08-15 16:00:00+00:00,53.003
2021-08-15 20:00:00+00:00,53.565
2021-08-16 00:00:00+00:00,58.65
2021-08-16 04:00:00+00:00,61.998
2021-08-16 08:00:00+00:00,61.869
2021-08-16 12:00:00+00:00,67.099
2021-08-16 16:00:00+00:00,63.11
2021-08-16 20:00:00+00:00,62.128
2021-08-17 00:00:00+00:00,71.961
2021-08-17 04:00:00+00:00,74.077
2021-08-17 08:00:00+00:00,70.251
2021-08-17 12:00:00+00:00,69.902
2021-08-17 16:00:00+00:00,65.233
2021-08-17 20:00:00+00:00,64.218
2021-08-18 00:00:00+00:00,65.869
2021-08-18 04:00:00+00:00,67.503
2021-08-18 08:00:00+00:00,74.948
2021-08-18 12:00:00+00:00,77.414
2021-08-18 16:00:00+00:00,73.457
2021-08-18 20:00:00+00:00,72.787
2021-08-19 00:00:00+00:00,69.75
2021-08-19 04:00:00+00:00,71.377
2021-08-19 08:00:00+00:00,69.682
2021-08-19 12:00:00+00:00,73.563
2021-08-19 16:00:00+00:00,72.451
2021-08-19 20:00:00+00:00,72.873
2021-08-20 00:00:00+00:00,72.45
2021-08-20 04:00:00+00:00,71.326
2021-08-20 08:00:00+00:00,71.581
2021-08-20 12:00:00+00:00,73.438
2021-08-20 16:00:00+00:00,78.284
2021-08-20 20:00:00+00:00,78.771
2021-08-21 00:00:00+00:00,79.808
2021-08-21 04:00:00+00:00,78.938
2021-08-21 08:00:00+00:00,75.959
2021-08-21 12:00:00+00:00,75.49
2021-08-21 16:00:00+00:00,73.293
2021-08-21 20:00:00+00:00,73.904
2021-08-22 00:00:00+00:00,74.367
2021-08-22 04:00:00+00:00,75.588
2021-08-22 08:00:00+00:00,77.142
2021-08-22 12:00:00+00:00,74.68
2021-08-22 16:00:00+00:00,73.133
2021-08-22 20:00:00+00:00,72.806
2021-08-23 00:00:00+00:00,75.474
2021-08-23 04:00:00+00:00,73.474
2021-08-23 08:00:00+00:00,72.85
2021-08-23 12:00:00+00:00,72.112
2021-08-23 16:00:00+00:00,72.935
2021-08-23 20:00:00+00:00,75.702
2021-08-24 00:00:00+00:00,78.334
2021-08-24 04:00:00+00:00,77.349
2021-08-24 08:00:00+00:00,77.86
2021-08-24 12:00:00+00:00,72.072
2021-08-24 16:00:00+00:00,71.633
2021-08-24 20:00:00+00:00,70.511
2021-08-25 00:00:00+00:00,70.682
2021-08-25 04:00:00+00:00,71.144
2021-08-25 08:00:00+00:00,67.724
2021-08-25 12:00:00+00:00,71.311
2021-08-25 16:00:00+00:00,70.25
2021-08-25 20:00:00+00:00,72.028
2021-08-26 00:00:00+00:00,70.726
2021-08-26 04:00:00+00:00,67.633
2021-08-26 08:00:00+00:00,67.245
2021-08-26 12:00:00+00:00,74.782
2021-08-26 16:00:00+00:00,74.817
2021-08-26 20:00:00+00:00,74.875
2021-08-27 00:00:00+00:00,81.417
2021-08-27 04:00:00+00:00,81.923
2021-08-27 08:00:00+00:00,82.332
2021-08-27 12:00:00+00:00,82.49
2021-08-27 16:00:00+00:00,85.576
2021-08-27 20:00:00+00:00,87.954
2021-08-28 00:00:00+00:00,86.387
2021-08-28 04:00:00+00:00,86.928
2021-08-28 08:00:00+00:00,92.359
2021-08-28 12:00:00+00:00,94.673
2021-08-28 16:00:00+00:00,94.009
2021-08-28 20:00:00+00:00,96.225
2021-08-29 00:00:00+00:00,93.95
2021-08-29 04:00:00+00:00,94.119
2021-08-29 08:00:00+00:00,91.876
2021-08-29 12:00:00+00:00,92.282
2021-08-29 16:00:00+00:00,93.936
2021-08-29 20:00:00+00:00,94.239
2021-08-30 00:00:00+00:00,97.731
2021-08-30 04:00:00+00:00,100.128
2021-08-30 08:00:00+00:00,101.067
2021-08-30 12:00:00+00:00,105.661
2021-08-30 16:00:00+00:00,109.914
2021-08-30 20:00:00+00:00,110.318
2021-08-31 00:00:00+00:00,115.235
2021-08-31 04:00:00+00:00,119.699
2021-08-31 08:00:00+00:00,124.785
2021-08-31 12:00:00+00:00,116.753
2021-08-31 16:00:00+00:00,114.769
2021-08-31 20:00:00+00:00,108.341
2021-09-01 00:00:00+00:00,111.361
2021-09-01 04:00:00+00:00,110.176
2021-09-01 08:00:00+00:00,116.136
2021-09-01 12:00:00+00:00,117.359
2021-09-01 16:00:00+00:00,115.169
2021-09-01 20:00:00+00:00,110.894
2021-09-02 00:00:00+00:00,113.859
2021-09-02 04:00:00+00:00,114.647
2021-09-02 08:00:00+00:00,115.141
2021-09-02 12:00:00+00:00,121.952
2021-09-02 16:00:00+00:00,127.344
2021-09-02 20:00:00+00:00,128.329
2021-09-03 00:00:00+00:00,135.507
2021-09-03 04:00:00+00:00,144.703
2021-09-03 08:00:00+00:00,139.574
2021-09-03 12:00:00+00:00,140.119
2021-09-03 16:00:00+00:00,143.171
2021-09-03 20:00:00+00:00,146.403
2021-09-04 00:00:00+00:00,148.5
2021-09-04 04:00:00+00:00,146.152
2021-09-04 08:00:00+00:00,141.919
2021-09-04 12:00:00+00:00,142.528
2021-09-04 16:00:00+00:00,139.138
2021-09-04 20:00:00+00:00,139.155
2021-09-05 00:00:00+00:00,140.863
2021-09-05 04:00:00+00:00,139.169
2021-09-05 08:00:00+00:00,140.599
2021-09-05 12:00:00+00:00,136.499
2021-09-05 16:00:00+00:00,138.153
2021-09-05 20:00:00+00:00,142.14
2021-09-06 00:00:00+00:00,141.149
2021-09-06 04:00:00+00:00,146.094
2021-09-06 08:00:00+00:00,142.626
2021-09-06 12:00:00+00:00,151.463
2021-09-06 16:00:00+00:00,162.397
2021-09-06 20:00:00+00:00,164.272
2021-09-07 00:00:00+00:00,173.476
2021-09-07 04:00:00+00:00,187.898
2021-09-07 08:00:00+00:00,183.139
2021-09-07 12:00:00+00:00,168.371
2021-09-07 16:00:00+00:00,173.863
2021-09-07 20:00:00+00:00,173.644
2021-09-08 00:00:00+00:00,173.237
2021-09-08 04:00:00+00:00,152.727
2021-09-08 08:00:00+00:00,160.862
2021-09-08 12:00:00+00:00,166.287
2021-09-08 16:00:00+00:00,194.755
2021-09-08 20:00:00+00:00,191.215
2021-09-09 00:00:00+00:00,211.421
2021-09-09 04:00:00+00:00,207.859
2021-09-09 08:00:00+00:00,206.657
2021-09-09 12:00:00+00:00,201.29
2021-09-09 16:00:00+00:00,185.179
2021-09-09 20:00:00+00:00,188.127
2021-09-10 00:00:00+00:00,194.244
2021-09-10 04:00:00+00:00,182.808
2021-09-10 08:00:00+00:00,184.476
2021-09-10 12:00:00+00:00,179.496
2021-09-10 16:00:00+00:00,181.868
2021-09-10 20:00:00+00:00,179.756
2021-09-11 00:00:00+00:00,181.743
2021-09-11 04:00:00+00:00,178.825
2021-09-11 08:00:00+00:00,181.446
2021-09-11 12:00:00+00:00,188.46
2021-09-11 16:00:00+00:00,182.141
2021-09-11 20:00:00+00:00,179.243
2021-09-12 00:00:00+00:00,179.126
2021-09-12 04:00:00+00:00,178.082
2021-09-12 08:00:00+00:00,179.268
2021-09-12 12:00:00+00:00,179.133
2021-09-12 16:00:00+00:00,177.849
2021-09-12 20:00:00+00:00,174.507
2021-09-13 00:00:00+00:00,155.158
2021-09-13 04:00:00+00:00,153.074
2021-09-13 08:00:00+00:00,160.207
2021-09-13 12:00:00+00:00,157.161
2021-09-13 16:00:00+00:00,164.164
2021-09-13 20:00:00+00:00,169.656
2021-09-14 00:00:00+00:00,167.511
2021-09-14 04:00:00+00:00,166.083
2021-09-14 08:00:00+00:00,165.078
2021-09-14 12:00:00+00:00,159.475
2021-09-14 16:00:00+00:00,154.334
2021-09-14 20:00:00+00:00,158.806
2021-09-15 00:00:00+00:00,157.5
2021-09-15 04:00:00+00:00,162.174
2021-09-15 08:00:00+00:00,158.013
2021-09-15 12:00:00+00:00,162.038
2021-09-15 16:00:00+00:00,161.85
2021-09-15 20:00:00+00:00,158.991
2021-09-16 00:00:00+00:00,155.373
2021-09-16 04:00:00+00:00,160.929
2021-09-16 08:00:00+00:00,158.635
2021-09-16 12:00:00+00:00,154.921
2021-09-16 16:00:00+00:00,152.479
2021-09-16 20:00:00+00:00,152.365
2021-09-17 00:00:00+00:00,148.793
2021-09-17 04:00:00+00:00,143.674
2021-09-17 08:00:00+00:00,138.911
2021-09-17 12:00:00+00:00,144.644
2021-09-17 16:00:00+00:00,144.636
2021-09-17 20:00:00+00:00,147.626
2021-09-18 00:00:00+00:00,145.043
2021-09-18 04:00:00+00:00,157.539
2021-09-18 08:00:00+00:00,160.951
2021-09-18 12:00:00+00:00,163.653
2021-09-18 16:00:00+00:00,162.701
2021-09-18 20:00:00+00:00,169.228
2021-09-19 00:00:00+00:00,164.372
2021-09-19 04:00:00+00:00,161.733
2021-09-19 08:00:00+00:00,156.286
2021-09-19 12:00:00+00:00,159.544
2021-09-19 16:00:00+00:00,154.481
2021-09-19 20:00:00+00:00,152.973
2021-09-20 00:00:00+00:00,145.233
2021-09-20 04:00:00+00:00,139.245
2021-09-20 08:00:00+00:00,137.502
2021-09-20 12:00:00+00:00,144.093
2021-09-20 16:00:00+00:00,138.839
2021-09-20 20:00:00+00:00,132.834
2021-09-21 00:00:00+00:00,136.501
2021-09-21 04:00:00+00:00,143.397
2021-09-21 08:00:00+00:00,142.763
2021-09-21 12:00:00+00:00,138.541
2021-09-21 16:00:00+00:00,127.227
2021-09-21 20:00:00+00:00,124.248
2021-09-22 00:00:00+00:00,128.894
2021-09-22 04:00:00+00:00,132.937
2021-09-22 08:00:00+00:00,128.668
2021-09-22 12:00:00+00:00,141.611
2021-09-22 16:00:00+00:00,146.369
2021-09-22 20:00:00+00:00,147.952
2021-09-23 00:00:00+00:00,148.565
2021-09-23 04:00:00+00:00,151.374
2021-09-23 08:00:00+00:00,144.388
2021-09-23 12:00:00+00:00,146.084
2021-09-23 16:00:00+00:00,149.572
2021-09-23 20:00:00+00:00,149.897
2021-09-24 00:00:00+00:00,144.908
2021-09-24 04:00:00+00:00,144.537
2021-09-24 08:00:00+00:00,134.878
2021-09-24 12:00:00+00:00,137.625
2021-09-24 16:00:00+00:00,138.191
2021-09-24 20:00:00+00:00,139.147
2021-09-25 00:00:00+00:00,138.556
2021-09-25 04:00:00+00:00,139.974
2021-09-25 08:00:00+00:00,140.058
2021-09-25 12:00:00+00:00,138.631
2021-09-25 16:00:00+00:00,137.315
2021-09-25 20:00:00+00:00,136.079
2021-09-26 00:00:00+00:00,131.002
2021-09-26 04:00:00+00:00,126.896
2021-09-26 08:00:00+00:00,135.127
2021-09-26 12:00:00+00:00,140.082
2021-09-26 16:00:00+00:00,136.23
2021-09-26 20:00:00+00:00,135.619
2021-09-27 00:00:00+00:00,139.244
2021-09-27 04:00:00+00:00,138.211
2021-09-27 08:00:00+00:00,147.336
2021-09-27 12:00:00+00:00,145.29
2021-09-27 16:00:00+00:00,143.293
2021-09-27 20:00:00+00:00,136.308
2021-09-28 00:00:00+00:00,138.059
2021-09-28 04:00:00+00:00,133.649
2021-09-28 08:00:00+00:00,135.767
2021-09-28 12:00:00+00:00,130.394
2021-09-28 16:00:00+00:00,130.992
2021-09-28 20:00:00+00:00,132.158
2021-09-29 00:00:00+00:00,138.749
2021-09-29 04:00:00+00:00,139.673
2021-09-29 08:00:00+00:00,139.481
2021-09-29 12:00:00+00:00,135.632
2021-09-29 16:00:00+00:00,132.041
2021-09-29 20:00:00+00:00,135.265
2021-09-30 00:00:00+00:00,139.958
2021-09-30 04:00:00+00:00,136.902
2021-09-30 08:00:00+00:00,137.295
2021-09-30 12:00:00+00:00,138.313
2021-09-30 16:00:00+00:00,139.247
2021-09-30 20:00:00+00:00,141.358
2021-10-01 00:00:00+00:00,139.467
2021-10-01 04:00:00+00:00,142.759
2021-10-01 08:00:00+00:00,153.249
2021-10-01 12:00:00+00:00,157.439
2021-10-01 16:00:00+00:00,162.774
2021-10-01 20:00:00+00:00,161.597
2021-10-02 00:00:00+00:00,156.801
2021-10-02 04:00:00+00:00,158.553
2021-10-02 08:00:00+00:00,159.154
2021-10-02 12:00:00+00:00,170.422
2021-10-02 16:00:00+00:00,174.818
2021-10-02 20:00:00+00:00,168.889
2021-10-03 00:00:00+00:00,170.622
2021-10-03 04:00:00+00:00,171.665
2021-10-03 08:00:00+00:00,170.907
2021-10-03 12:00:00+00:00,172.625
2021-10-03 16:00:00+00:00,175.633
2021-10-03 20:00:00+00:00,173.045
2021-10-04 00:00:00+00:00,167.266
2021-10-04 04:00:00+00:00,169.705
2021-10-04 08:00:00+00:00,165.953
2021-10-04 12:00:00+00:00,166.474
2021-10-04 16:00:00+00:00,169.321
2021-10-04 20:00:00+00:00,167.244
2021-10-05 00:00:00+00:00,166.978
2021-10-05 04:00:00+00:00,166.282
2021-10-05 08:00:00+00:00,168.45
2021-10-05 12:00:00+00:00,162.5
2021-10-05 16:00:00+00:00,161.983
2021-10-05 20:00:00+00:00,164.745
2021-10-06 00:00:00+00:00,158.135
2021-10-06 04:00:00+00:00,156.045
2021-10-06 08:00:00+00:00,153.061
2021-10-06 12:00:00+00:00,160.796
2021-10-06 16:00:00+00:00,159.961
2021-10-06 20:00:00+00:00,154.005
2021-10-07 00:00:00+00:00,152.183
2021-10-07 04:00:00+00:00,158.62
2021-10-07 08:00:00+00:00,157.894
2021-10-07 12:00:00+00:00,156.028
2021-10-07 16:00:00+00:00,156.217
2021-10-07 20:00:00+00:00,154.38
2021-10-08 00:00:00+00:00,154.549
2021-10-08 04:00:00+00:00,158.839
2021-10-08 08:00:00+00:00,162.451
2021-10-08 12:00:00+00:00,166.686
2021-10-08 16:00:00+00:00,163.758
2021-10-08 20:00:00+00:00,158.932
2021-10-09 00:00:00+00:00,160.08
2021-10-09 04:00:00+00:00,159.333
2021-10-09 08:00:00+00:00,158.449
2021-10-09 12:00:00+00:00,158.146
2021-10-09 16:00:00+00:00,156.538
2021-10-09 20:00:00+00:00,156.943
2021-10-10 00:00:00+00:00,155.555
2021-10-10 04:00:00+00:00,155.135
2021-10-10 08:00:00+00:00,154.833
2021-10-10 12:00:00+00:00,154.587
2021-10-10 16:00:00+00:00,153.616
2021-10-10 20:00:00+00:00,147.62
2021-10-11 00:00:00+00:00,151.556
2021-10-11 04:00:00+00:00,152.448
2021-10-11 08:00:00+00:00,148.69
2021-10-11 12:00:00+00:00,147.918
2021-10-11 16:00:00+00:00,141.712
2021-10-11 20:00:00+00:00,144.888
2021-10-12 00:00:00+00:00,143.249
2021-10-12 04:00:00+00:00,143.448
2021-10-12 08:00:00+00:00,142.614
2021-10-12 12:00:00+00:00,143.571
2021-10-12 16:00:00+00:00,150.042
2021-10-12 20:00:00+00:00,152.328
2021-10-13 00:00:00+00:00,149.354
2021-10-13 04:00:00+00:00,145.473
2021-10-13 08:00:00+00:00,146.975
2021-10-13 12:00:00+00:00,146.406
2021-10-13 16:00:00+00:00,145.159
2021-10-13 20:00:00+00:00,148.08
2021-10-14 00:00:00+00:00,149.75
2021-10-14 04:00:00+00:00,150.457
2021-10-14 08:00:00+00:00,153.961
2021-10-14 12:00:00+00:00,152.986
2021-10-14 16:00:00+00:00,150.175
2021-10-14 20:00:00+00:00,150.164
2021-10-15 00:00:00+00:00,150.97
2021-10-15 04:00:00+00:00,161.623
2021-10-15 08:00:00+00:00,158.001
2021-10-15 12:00:00+00:00,159.37
2021-10-15 16:00:00+00:00,160.514
2021-10-15 20:00:00+00:00,163.236
2021-10-16 00:00:00+00:00,158.936
2021-10-16 04:00:00+00:00,158.448
2021-10-16 08:00:00+00:00,162.328
2021-10-16 12:00:00+00:00,159.702
2021-10-16 16:00:00+00:00,158.314
2021-10-16 20:00:00+00:00,157.686
2021-10-17 00:00:00+00:00,163.111
2021-10-17 04:00:00+00:00,162.278
2021-10-17 08:00:00+00:00,163.748
2021-10-17 12:00:00+00:00,160.883
2021-10-17 16:00:00+00:00,158.909
2021-10-17 20:00:00+00:00,160.291
2021-10-18 00:00:00+00:00,160.042
2021-10-18 04:00:00+00:00,158.998
2021-10-18 08:00:00+00:00,157.094
2021-10-18 12:00:00+00:00,156.802
2021-10-18 16:00:00+00:00,156.875
2021-10-18 20:00:00+00:00,157.263
2021-10-19 00:00:00+00:00,158.625
2021-10-19 04:00:00+00:00,157.785
2021-10-19 08:00:00+00:00,157.149
2021-10-19 12:00:00+00:00,155.616
2021-10-19 16:00:00+00:00,154.642
2021-10-19 20:00:00+00:00,155.941
2021-10-20 00:00:00+00:00,155.879
2021-10-20 04:00:00+00:00,156.646
2021-10-20 08:00:00+00:00,160.249
2021-10-20 12:00:00+00:00,168.99
2021-10-20 16:00:00+00:00,173.265
2021-10-20 20:00:00+00:00,176.821
2021-10-21 00:00:00+00:00,184.439
2021-10-21 04:00:00+00:00,187.217
2021-10-21 08:00:00+00:00,187.233
2021-10-21 12:00:00+00:00,182.748
2021-10-21 16:00:00+00:00,184.857
2021-10-21 20:00:00+00:00,190.647
2021-10-22 00:00:00+00:00,201.88
2021-10-22 04:00:00+00:00,203.409
2021-10-22 08:00:00+00:00,204.337
2021-10-22 12:00:00+00:00,206.612
2021-10-22 16:00:00+00:00,198.058
2021-10-22 20:00:00+00:00,196.446
2021-10-23 00:00:00+00:00,202.923
2021-10-23 04:00:00+00:00,201.5
2021-10-23 08:00:00+00:00,202.496
2021-10-23 12:00:00+00:00,199.385
2021-10-23 16:00:00+00:00,193.96
2021-10-23 20:00:00+00:00,197.88
2021-10-24 00:00:00+00:00,196.837
2021-10-24 04:00:00+00:00,194.375
2021-10-24 08:00:00+00:00,189.127
2021-10-24 12:00:00+00:00,186.75
2021-10-24 16:00:00+00:00,191.72
2021-10-24 20:00:00+00:00,202.386
2021-10-25 00:00:00+00:00,201.866
2021-10-25 04:00:00+00:00,207.929
2021-10-25 08:00:00+00:00,208.138
2021-10-25 12:00:00+00:00,218.678
2021-10-25 16:00:00+00:00,210.726
2021-10-25 20:00:00+00:00,209.949
2021-10-26 00:00:00+00:00,208.932
2021-10-26 04:00:00+00:00,209.446
2021-10-26 08:00:00+00:00,207.621
2021-10-26 12:00:00+00:00,206.697
2021-10-26 16:00:00+00:00,207.251
2021-10-26 20:00:00+00:00,199.998
2021-10-27 00:00:00+00:00,203.047
2021-10-27 04:00:00+00:00,194.281
2021-10-27 08:00:00+00:00,190.032
2021-10-27 12:00:00+00:00,189.047
2021-10-27 16:00:00+00:00,189.487
2021-10-27 20:00:00+00:00,184.468
2021-10-28 00:00:00+00:00,186.932
2021-10-28 04:00:00+00:00,186.851
2021-10-28 08:00:00+00:00,195.486
2021-10-28 12:00:00+00:00,197.387
2021-10-28 16:00:00+00:00,198.24
2021-10-28 20:00:00+00:00,195.5
2021-10-29 00:00:00+00:00,201.772
2021-10-29 04:00:00+00:00,198.133
2021-10-29 08:00:00+00:00,196.469
2021-10-29 12:00:00+00:00,201.996
2021-10-29 16:00:00+00:00,200.771
2021-10-29 20:00:00+00:00,200.529
2021-10-30 00:00:00+00:00,197.243
2021-10-30 04:00:00+00:00,198.184
2021-10-30 08:00:00+00:00,197.208
2021-10-30 12:00:00+00:00,193.257
2021-10-30 16:00:00+00:00,194.674
2021-10-30 20:00:00+00:00,195.85
2021-10-31 00:00:00+00:00,192.062
2021-10-31 04:00:00+00:00,190.83
2021-10-31 08:00:00+00:00,186.508
2021-10-31 12:00:00+00:00,195.098
2021-10-31 16:00:00+00:00,196.191
2021-10-31 20:00:00+00:00,202.668
2021-11-01 00:00:00+00:00,200.976
2021-11-01 04:00:00+00:00,210.13
2021-11-01 08:00:00+00:00,204.898
2021-11-01 12:00:00+00:00,204.135
2021-11-01 16:00:00+00:00,204.198
2021-11-01 20:00:00+00:00,204.144
2021-11-02 00:00:00+00:00,204.101
2021-11-02 04:00:00+00:00,203.592
2021-11-02 08:00:00+00:00,204.619
2021-11-02 12:00:00+00:00,209.076
2021-11-02 16:00:00+00:00,217.492
2021-11-02 20:00:00+00:00,221.044
2021-11-03 00:00:00+00:00,229.71
2021-11-03 04:00:00+00:00,232.574
2021-11-03 08:00:00+00:00,231.807
2021-11-03 12:00:00+00:00,225.63
2021-11-03 16:00:00+00:00,234.747
2021-11-03 20:00:00+00:00,243.25
2021-11-04 00:00:00+00:00,238.255
2021-11-04 04:00:00+00:00,238.055
2021-11-04 08:00:00+00:00,239.104
2021-11-04 12:00:00+00:00,238.674
2021-11-04 16:00:00+00:00,240.582
2021-11-04 20:00:00+00:00,246.995
2021-11-05 00:00:00+00:00,243.048
2021-11-05 04:00:00+00:00,242.911
2021-11-05 08:00:00+00:00,236.716
2021-11-05 12:00:00+00:00,233.471
2021-11-05 16:00:00+00:00,235.981
2021-11-05 20:00:00+00:00,236.231
2021-11-06 00:00:00+00:00,239.95
2021-11-06 04:00:00+00:00,245.894
2021-11-06 08:00:00+00:00,242.3
2021-11-06 12:00:00+00:00,253.299
2021-11-06 16:00:00+00:00,254.283
2021-11-06 20:00:00+00:00,258.336
2021-11-07 00:00:00+00:00,254.19
2021-11-07 04:00:00+00:00,253.053
2021-11-07 08:00:00+00:00,252.72
2021-11-07 12:00:00+00:00,252.326
2021-11-07 16:00:00+00:00,247.195
2021-11-07 20:00:00+00:00,249.746
2021-11-08 00:00:00+00:00,248.533
2021-11-08 04:00:00+00:00,246.188
2021-11-08 08:00:00+00:00,244.109
2021-11-08 12:00:00+00:00,248.487
2021-11-08 16:00:00+00:00,246.623
2021-11-08 20:00:00+00:00,248.42
2021-11-09 00:00:00+00:00,247.0
2021-11-09 04:00:00+00:00,246.768
2021-11-09 08:00:00+00:00,246.159
2021-11-09 12:00:00+00:00,240.874
2021-11-09 16:00:00+00:00,240.435
2021-11-09 20:00:00+00:00,239.301
2021-11-10 00:00:00+00:00,236.86
2021-11-10 04:00:00+00:00,241.028
2021-11-10 08:00:00+00:00,240.831
2021-11-10 12:00:00+00:00,245.295
2021-11-10 16:00:00+00:00,236.725
2021-11-10 20:00:00+00:00,233.233
2021-11-11 00:00:00+00:00,239.2
2021-11-11 04:00:00+00:00,244.205
2021-11-11 08:00:00+00:00,240.054
2021-11-11 12:00:00+00:00,239.687
2021-11-11 16:00:00+00:00,237.93
2021-11-11 20:00:00+00:00,233.469
2021-11-12 00:00:00+00:00,232.38
2021-11-12 04:00:00+00:00,228.249
2021-11-12 08:00:00+00:00,226.336
2021-11-12 12:00:00+00:00,222.608
2021-11-12 16:00:00+00:00,228.886
2021-11-12 20:00:00+00:00,228.572
2021-11-13 00:00:00+00:00,225.737
2021-11-13 04:00:00+00:00,227.174
2021-11-13 08:00:00+00:00,227.092
2021-11-13 12:00:00+00:00,233.767
2021-11-13 16:00:00+00:00,237.224
2021-11-13 20:00:00+00:00,241.568
2021-11-14 00:00:00+00:00,237.349
2021-11-14 04:00:00+00:00,235.458
2021-11-14 08:00:00+00:00,236.405
2021-11-14 12:00:00+00:00,234.414
2021-11-14 16:00:00+00:00,235.361
2021-11-14 20:00:00+00:00,238.737
2021-11-15 00:00:00+00:00,243.917
2021-11-15 04:00:00+00:00,241.462
2021-11-15 08:00:00+00:00,243.083
2021-11-15 12:00:00+00:00,239.853
2021-11-15 16:00:00+00:00,240.456
2021-11-15 20:00:00+00:00,238.282
2021-11-16 00:00:00+00:00,226.765
2021-11-16 04:00:00+00:00,226.898
2021-11-16 08:00:00+00:00,224.908
2021-11-16 12:00:00+00:00,225.291
2021-11-16 16:00:00+00:00,225.877
2021-11-16 20:00:00+00:00,219.043
2021-11-17 00:00:00+00:00,212.558
2021-11-17 04:00:00+00:00,214.83
2021-11-17 08:00:00+00:00,220.265
2021-11-17 12:00:00+00:00,213.664
2021-11-17 16:00:00+00:00,214.591
2021-11-17 20:00:00+00:00,219.073
2021-11-18 00:00:00+00:00,216.821
2021-11-18 04:00:00+00:00,212.7
2021-11-18 08:00:00+00:00,208.066
2021-11-18 12:00:00+00:00,197.036
2021-11-18 16:00:00+00:00,200.226
2021-11-18 20:00:00+00:00,195.18
2021-11-19 00:00:00+00:00,192.032
2021-11-19 04:00:00+00:00,196.455
2021-11-19 08:00:00+00:00,202.933
2021-11-19 12:00:00+00:00,213.922
2021-11-19 16:00:00+00:00,217.313
2021-11-19 20:00:00+00:00,215.369
2021-11-20 00:00:00+00:00,215.094
2021-11-20 04:00:00+00:00,212.915
2021-11-20 08:00:00+00:00,215.596
2021-11-20 12:00:00+00:00,207.305
2021-11-20 16:00:00+00:00,215.503
2021-11-20 20:00:00+00:00,217.695
2021-11-21 00:00:00+00:00,211.813
2021-11-21 04:00:00+00:00,213.959
2021-11-21 08:00:00+00:00,211.691
2021-11-21 12:00:00+00:00,215.192
2021-11-21 16:00:00+00:00,229.0
2021-11-21 20:00:00+00:00,230.788
2021-11-22 00:00:00+00:00,220.599
2021-11-22 04:00:00+00:00,216.172
2021-11-22 08:00:00+00:00,219.005
2021-11-22 12:00:00+00:00,222.515
2021-11-22 16:00:00+00:00,212.856
2021-11-22 20:00:00+00:00,215.61
2021-11-23 00:00:00+00:00,221.0
2021-11-23 04:00:00+00:00,212.994
2021-11-23 08:00:00+00:00,212.336
2021-11-23 12:00:00+00:00,216.055
2021-11-23 16:00:00+00:00,224.48
2021-11-23 20:00:00+00:00,221.918
2021-11-24 00:00:00+00:00,217.118
2021-11-24 04:00:00+00:00,217.163
2021-11-24 08:00:00+00:00,214.795
2021-11-24 12:00:00+00:00,212.301
2021-11-24 16:00:00+00:00,202.255
2021-11-24 20:00:00+00:00,205.779
2021-11-25 00:00:00+00:00,210.961
2021-11-25 04:00:00+00:00,205.933
2021-11-25 08:00:00+00:00,208.568
2021-11-25 12:00:00+00:00,214.618
2021-11-25 16:00:00+00:00,210.686
2021-11-25 20:00:00+00:00,210.181
2021-11-26 00:00:00+00:00,205.697
2021-11-26 04:00:00+00:00,201.464
2021-11-26 08:00:00+00:00,185.272
2021-11-26 12:00:00+00:00,192.603
2021-11-26 16:00:00+00:00,197.661
2021-11-26 20:00:00+00:00,192.423
2021-11-27 00:00:00+00:00,195.432
2021-11-27 04:00:00+00:00,194.363
2021-11-27 08:00:00+00:00,196.226
2021-11-27 12:00:00+00:00,196.458
2021-11-27 16:00:00+00:00,196.276
2021-11-27 20:00:00+00:00,192.775
2021-11-28 00:00:00+00:00,187.107
2021-11-28 04:00:00+00:00,189.846
2021-11-28 08:00:00+00:00,190.165
2021-11-28 12:00:00+00:00,189.05
2021-11-28 16:00:00+00:00,188.538
2021-11-28 20:00:00+00:00,200.713
2021-11-29 00:00:00+00:00,200.873
2021-11-29 04:00:00+00:00,203.764
2021-11-29 08:00:00+00:00,203.351
2021-11-29 12:00:00+00:00,206.874
2021-11-29 16:00:00+00:00,206.124
2021-11-29 20:00:00+00:00,204.275
2021-11-30 00:00:00+00:00,203.888
2021-11-30 04:00:00+00:00,201.916
2021-11-30 08:00:00+00:00,207.256
2021-11-30 12:00:00+00:00,213.054
2021-11-30 16:00:00+00:00,215.528
2021-11-30 20:00:00+00:00,208.617
2021-12-01 00:00:00+00:00,214.914
2021-12-01 04:00:00+00:00,218.482
2021-12-01 08:00:00+00:00,221.402
2021-12-01 12:00:00+00:00,229.285
2021-12-01 16:00:00+00:00,230.077
2021-12-01 20:00:00+00:00,229.812
2021-12-02 00:00:00+00:00,224.287
2021-12-02 04:00:00+00:00,222.97
2021-12-02 08:00:00+00:00,226.856
2021-12-02 12:00:00+00:00,229.452
2021-12-02 16:00:00+00:00,233.956
2021-12-02 20:00:00+00:00,233.677
2021-12-03 00:00:00+00:00,229.994
2021-12-03 04:00:00+00:00,232.622
2021-12-03 08:00:00+00:00,237.689
2021-12-03 12:00:00+00:00,224.559
2021-12-03 16:00:00+00:00,212.917
2021-12-03 20:00:00+00:00,211.607
2021-12-04 00:00:00+00:00,196.056
2021-12-04 04:00:00+00:00,192.983
2021-12-04 08:00:00+00:00,188.202
2021-12-04 12:00:00+00:00,204.843
2021-12-04 16:00:00+00:00,206.903
2021-12-04 20:00:00+00:00,200.583
2021-12-05 00:00:00+00:00,196.483
2021-12-05 04:00:00+00:00,200.51
2021-12-05 08:00:00+00:00,196.061
2021-12-05 12:00:00+00:00,185.298
2021-12-05 16:00:00+00:00,190.151
2021-12-05 20:00:00+00:00,196.317
2021-12-06 00:00:00+00:00,193.107
2021-12-06 04:00:00+00:00,184.942
2021-12-06 08:00:00+00:00,181.992
2021-12-06 12:00:00+00:00,188.201
2021-12-06 16:00:00+00:00,187.523
2021-12-06 20:00:00+00:00,193.518
2021-12-07 00:00:00+00:00,195.231
2021-12-07 04:00:00+00:00,199.263
2021-12-07 08:00:00+00:00,203.049
2021-12-07 12:00:00+00:00,198.048
2021-12-07 16:00:00+00:00,194.319
2021-12-07 20:00:00+00:00,190.155
2021-12-08 00:00:00+00:00,186.647
2021-12-08 04:00:00+00:00,189.638
2021-12-08 08:00:00+00:00,186.316
2021-12-08 12:00:00+00:00,192.357
2021-12-08 16:00:00+00:00,192.928
2021-12-08 20:00:00+00:00,194.539
2021-12-09 00:00:00+00:00,189.191
2021-12-09 04:00:00+00:00,190.835
2021-12-09 08:00:00+00:00,187.6
2021-12-09 12:00:00+00:00,184.809
2021-12-09 16:00:00+00:00,181.215
2021-12-09 20:00:00+00:00,181.04
2021-12-10 00:00:00+00:00,179.799
2021-12-10 04:00:00+00:00,176.101
2021-12-10 08:00:00+00:00,178.608
2021-12-10 12:00:00+00:00,173.587
2021-12-10 16:00:00+00:00,173.508
2021-12-10 20:00:00+00:00,167.229
2021-12-11 00:00:00+00:00,170.091
2021-12-11 04:00:00+00:00,169.186
2021-12-11 08:00:00+00:00,170.042
2021-12-11 12:00:00+00:00,170.91
2021-12-11 16:00:00+00:00,168.002
2021-12-11 20:00:00+00:00,172.09
2021-12-12 00:00:00+00:00,169.739
2021-12-12 04:00:00+00:00,170.176
2021-12-12 08:00:00+00:00,169.143
2021-12-12 12:00:00+00:00,170.404
2021-12-12 16:00:00+00:00,174.396
2021-12-12 20:00:00+00:00,172.799
2021-12-13 00:00:00+00:00,167.35
2021-12-13 04:00:00+00:00,164.11
2021-12-13 08:00:00+00:00,167.63
2021-12-13 12:00:00+00:00,158.09
2021-12-13 16:00:00+00:00,153.09
2021-12-13 20:00:00+00:00,155.19
2021-12-14 00:00:00+00:00,153.68
2021-12-14 04:00:00+00:00,154.76
2021-12-14 08:00:00+00:00,158.05
2021-12-14 12:00:00+00:00,157.68
2021-12-14 16:00:00+00:00,153.92
2021-12-14 20:00:00+00:00,161.16
2021-12-15 00:00:00+00:00,160.43
2021-12-15 04:00:00+00:00,166.11
2021-12-15 08:00:00+00:00,165.69
2021-12-15 12:00:00+00:00,157.57
2021-12-15 16:00:00+00:00,175.11
2021-12-15 20:00:00+00:00,178.43
2021-12-16 00:00:00+00:00,178.72
2021-12-16 04:00:00+00:00,178.28
2021-12-16 08:00:00+00:00,185.73
2021-12-16 12:00:00+00:00,186.97
2021-12-16 16:00:00+00:00,180.18
2021-12-16 20:00:00+00:00,176.92
2021-12-17 00:00:00+00:00,179.19
2021-12-17 04:00:00+00:00,177.79
2021-12-17 08:00:00+00:00,175.94
2021-12-17 12:00:00+00:00,176.47
2021-12-17 16:00:00+00:00,177.57
2021-12-17 20:00:00+00:00,175.51
2021-12-18 00:00:00+00:00,174.13
2021-12-18 04:00:00+00:00,175.97
2021-12-18 08:00:00+00:00,179.88
2021-12-18 12:00:00+00:00,181.38
2021-12-18 16:00:00+00:00,181.7
2021-12-18 20:00:00+00:00,182.68
2021-12-19 00:00:00+00:00,184.51
2021-12-19 04:00:00+00:00,187.07
2021-12-19 08:00:00+00:00,184.82
2021-12-19 12:00:00+00:00,184.0
2021-12-19 16:00:00+00:00,180.4
2021-12-19 20:00:00+00:00,179.86
2021-12-20 00:00:00+00:00,178.29
2021-12-20 04:00:00+00:00,175.31
2021-12-20 08:00:00+00:00,172.51
2021-12-20 12:00:00+00:00,169.97
2021-12-20 16:00:00+00:00,175.89
2021-12-20 20:00:00+00:00,173.91
2021-12-21 00:00:00+00:00,175.42
2021-12-21 04:00:00+00:00,178.88
2021-12-21 08:00:00+00:00,179.69
2021-12-21 12:00:00+00:00,177.43
2021-12-21 16:00:00+00:00,177.01
2021-12-21 20:00:00+00:00,179.56
2021-12-22 00:00:00+00:00,179.59
2021-12-22 04:00:00+00:00,186.18
2021-12-22 08:00:00+00:00,185.6
2021-12-22 12:00:00+00:00,185.09
2021-12-22 16:00:00+00:00,180.35
2021-12-22 20:00:00+00:00,178.37
2021-12-23 00:00:00+00:00,180.89
2021-12-23 04:00:00+00:00,177.83
2021-12-23 08:00:00+00:00,179.01
2021-12-23 12:00:00+00:00,180.96
2021-12-23 16:00:00+00:00,191.08
2021-12-23 20:00:00+00:00,190.11
2021-12-24 00:00:00+00:00,187.76
2021-12-24 04:00:00+00:00,188.89
2021-12-24 08:00:00+00:00,188.81
2021-12-24 12:00:00+00:00,195.42
2021-12-24 16:00:00+00:00,192.08
2021-12-24 20:00:00+00:00,190.36
2021-12-25 00:00:00+00:00,191.64
2021-12-25 04:00:00+00:00,193.05
2021-12-25 08:00:00+00:00,190.3
2021-12-25 12:00:00+00:00,192.14
2021-12-25 16:00:00+00:00,191.04
2021-12-25 20:00:00+00:00,193.0
2021-12-26 00:00:00+00:00,190.88
2021-12-26 04:00:00+00:00,192.8
2021-12-26 08:00:00+00:00,196.56
2021-12-26 12:00:00+00:00,198.13
2021-12-26 16:00:00+00:00,198.42
2021-12-26 20:00:00+00:00,197.8
2021-12-27 00:00:00+00:00,201.07
2021-12-27 04:00:00+00:00,198.59
2021-12-27 08:00:00+00:00,200.28
2021-12-27 12:00:00+00:00,201.66
2021-12-27 16:00:00+00:00,200.6
2021-12-27 20:00:00+00:00,195.71
2021-12-28 00:00:00+00:00,190.28
2021-12-28 04:00:00+00:00,189.99
2021-12-28 08:00:00+00:00,192.14
2021-12-28 12:00:00+00:00,185.62
2021-12-28 16:00:00+00:00,180.13
2021-12-28 20:00:00+00:00,177.2
2021-12-29 00:00:00+00:00,179.55
2021-12-29 04:00:00+00:00,176.45
2021-12-29 08:00:00+00:00,175.56
2021-12-29 12:00:00+00:00,176.32
2021-12-29 16:00:00+00:00,174.49
2021-12-29 20:00:00+00:00,170.66
2021-12-30 00:00:00+00:00,170.19
2021-12-30 04:00:00+00:00,173.69
2021-12-30 08:00:00+00:00,174.66
2021-12-30 12:00:00+00:00,173.85
2021-12-30 16:00:00+00:00,174.25
2021-12-30 20:00:00+00:00,172.48
2021-12-31 00:00:00+00:00,171.61
2021-12-31 04:00:00+00:00,172.55
2021-12-31 08:00:00+00:00,175.12
2021-12-31 12:00:00+00:00,175.72
2021-12-31 16:00:00+00:00,167.89
2021-12-31 20:00:00+00:00,169.98
2022-01-01 00:00:00+00:00,172.93
2022-01-01 04:00:00+00:00,173.16
2022-01-01 08:00:00+00:00,171.58
2022-01-01 12:00:00+00:00,173.79
2022-01-01 16:00:00+00:00,177.31
2022-01-01 20:00:00+00:00,179.05
2022-01-02 00:00:00+00:00,177.67
2022-01-02 04:00:00+00:00,175.85
2022-01-02 08:00:00+00:00,175.6
2022-01-02 12:00:00+00:00,176.19
2022-01-02 16:00:00+00:00,175.33
2022-01-02 20:00:00+00:00,176.29
2022-01-03 00:00:00+00:00,172.82
2022-01-03 04:00:00+00:00,173.18
2022-01-03 08:00:00+00:00,174.78
2022-01-03 12:00:00+00:00,171.02
2022-01-03 16:00:00+00:00,170.0
2022-01-03 20:00:00+00:00,170.18
2022-01-04 00:00:00+00:00,167.84
2022-01-04 04:00:00+00:00,169.06
2022-01-04 08:00:00+00:00,171.61
2022-01-04 12:00:00+00:00,172.21
2022-01-04 16:00:00+00:00,168.63
2022-01-04 20:00:00+00:00,167.83
2022-01-05 00:00:00+00:00,169.2
2022-01-05 04:00:00+00:00,169.93
2022-01-05 08:00:00+00:00,168.53
2022-01-05 12:00:00+00:00,168.38
2022-01-05 16:00:00+00:00,158.69
2022-01-05 20:00:00+00:00,154.38
2022-01-06 00:00:00+00:00,148.09
2022-01-06 04:00:00+00:00,150.67
2022-01-06 08:00:00+00:00,147.55
2022-01-06 12:00:00+00:00,149.62
2022-01-06 16:00:00+00:00,153.76
2022-01-06 20:00:00+00:00,150.26
2022-01-07 00:00:00+00:00,139.62
2022-01-07 04:00:00+00:00,138.92
2022-01-07 08:00:00+00:00,139.17
2022-01-07 12:00:00+00:00,135.95
2022-01-07 16:00:00+00:00,140.23
2022-01-07 20:00:00+00:00,136.43
2022-01-08 00:00:00+00:00,139.4
2022-01-08 04:00:00+00:00,144.26
2022-01-08 08:00:00+00:00,146.36
2022-01-08 12:00:00+00:00,144.15
2022-01-08 16:00:00+00:00,135.37
2022-01-08 20:00:00+00:00,142.15
2022-01-09 00:00:00+00:00,141.91
2022-01-09 04:00:00+00:00,140.34
2022-01-09 08:00:00+00:00,140.54
2022-01-09 12:00:00+00:00,140.09
2022-01-09 16:00:00+00:00,145.2
2022-01-09 20:00:00+00:00,140.77
2022-01-10 00:00:00+00:00,140.55
2022-01-10 04:00:00+00:00,142.99
2022-01-10 08:00:00+00:00,139.39
2022-01-10 12:00:00+00:00,133.14
2022-01-10 16:00:00+00:00,132.63
2022-01-10 20:00:00+00:00,135.73
2022-01-11 00:00:00+00:00,137.26
2022-01-11 04:00:00+00:00,137.2
2022-01-11 08:00:00+00:00,135.35
2022-01-11 12:00:00+00:00,137.06
2022-01-11 16:00:00+00:00,142.32
2022-01-11 20:00:00+00:00,140.13
2022-01-12 00:00:00+00:00,140.05
2022-01-12 04:00:00+00:00,138.96
2022-01-12 08:00:00+00:00,141.42
2022-01-12 12:00:00+00:00,147.65
2022-01-12 16:00:00+00:00,152.62
2022-01-12 20:00:00+00:00,151.48
2022-01-13 00:00:00+00:00,148.67
2022-01-13 04:00:00+00:00,151.38
2022-01-13 08:00:00+00:00,150.3
2022-01-13 12:00:00+00:00,154.9
2022-01-13 16:00:00+00:00,147.69
2022-01-13 20:00:00+00:00,146.1
2022-01-14 00:00:00+00:00,147.45
2022-01-14 04:00:00+00:00,147.65
2022-01-14 08:00:00+00:00,143.44
2022-01-14 12:00:00+00:00,147.27
2022-01-14 16:00:00+00:00,148.24
2022-01-14 20:00:00+00:00,146.13
2022-01-15 00:00:00+00:00,145.96
2022-01-15 04:00:00+00:00,145.51
2022-01-15 08:00:00+00:00,146.31
2022-01-15 12:00:00+00:00,147.98
2022-01-15 16:00:00+00:00,147.92
2022-01-15 20:00:00+00:00,147.57
2022-01-16 00:00:00+00:00,146.82
2022-01-16 04:00:00+00:00,149.66
2022-01-16 08:00:00+00:00,148.12
2022-01-16 12:00:00+00:00,149.95
2022-01-16 16:00:00+00:00,147.93
2022-01-16 20:00:00+00:00,147.92
2022-01-17 00:00:00+00:00,142.9
2022-01-17 04:00:00+00:00,143.16
2022-01-17 08:00:00+00:00,142.45
2022-01-17 12:00:00+00:00,142.07
2022-01-17 16:00:00+00:00,139.85
2022-01-17 20:00:00+00:00,139.74
2022-01-18 00:00:00+00:00,139.23
2022-01-18 04:00:00+00:00,140.15
2022-01-18 08:00:00+00:00,137.6
2022-01-18 12:00:00+00:00,136.58
2022-01-18 16:00:00+00:00,136.96
2022-01-18 20:00:00+00:00,141.19
2022-01-19 00:00:00+00:00,137.94
2022-01-19 04:00:00+00:00,134.41
2022-01-19 08:00:00+00:00,136.08
2022-01-19 12:00:00+00:00,136.9
2022-01-19 16:00:00+00:00,136.7
2022-01-19 20:00:00+00:00,135.21
2022-01-20 00:00:00+00:00,137.02
2022-01-20 04:00:00+00:00,137.39
2022-01-20 08:00:00+00:00,137.87
2022-01-20 12:00:00+00:00,143.0
2022-01-20 16:00:00+00:00,139.92
2022-01-20 20:00:00+00:00,127.45
2022-01-21 00:00:00+00:00,124.18
2022-01-21 04:00:00+00:00,126.46
2022-01-21 08:00:00+00:00,122.15
2022-01-21 12:00:00+00:00,121.77
2022-01-21 16:00:00+00:00,120.32
2022-01-21 20:00:00+00:00,112.2
2022-01-22 00:00:00+00:00,109.66
2022-01-22 04:00:00+00:00,100.32
2022-01-22 08:00:00+00:00,98.6
2022-01-22 12:00:00+00:00,92.99
2022-01-22 16:00:00+00:00,90.5
2022-01-22 20:00:00+00:00,94.46
2022-01-23 00:00:00+00:00,94.28
2022-01-23 04:00:00+00:00,101.13
2022-01-23 08:00:00+00:00,101.82
2022-01-23 12:00:00+00:00,98.81
2022-01-23 16:00:00+00:00,94.72
2022-01-23 20:00:00+00:00,99.67
2022-01-24 00:00:00+00:00,92.03
2022-01-24 04:00:00+00:00,86.71
2022-01-24 08:00:00+00:00,83.94
2022-01-24 12:00:00+00:00,87.44
2022-01-24 16:00:00+00:00,89.56
2022-01-24 20:00:00+00:00,91.85
2022-01-25 00:00:00+00:00,90.02
2022-01-25 04:00:00+00:00,89.91
2022-01-25 08:00:00+00:00,91.53
2022-01-25 12:00:00+00:00,92.88
2022-01-25 16:00:00+00:00,96.08
2022-01-25 20:00:00+00:00,94.54
2022-01-26 00:00:00+00:00,94.62
2022-01-26 04:00:00+00:00,94.41
2022-01-26 08:00:00+00:00,97.96
2022-01-26 12:00:00+00:00,98.72
2022-01-26 16:00:00+00:00,98.12
2022-01-26 20:00:00+00:00,92.06
2022-01-27 00:00:00+00:00,86.73
2022-01-27 04:00:00+00:00,88.71
2022-01-27 08:00:00+00:00,91.12
2022-01-27 12:00:00+00:00,92.28
2022-01-27 16:00:00+00:00,89.84
2022-01-27 20:00:00+00:00,89.43
2022-01-28 00:00:00+00:00,92.33
2022-01-28 04:00:00+00:00,89.63
2022-01-28 08:00:00+00:00,88.56
2022-01-28 12:00:00+00:00,91.02
2022-01-28 16:00:00+00:00,91.52
2022-01-28 20:00:00+00:00,91.29
2022-01-29 00:00:00+00:00,92.07
2022-01-29 04:00:00+00:00,97.13
2022-01-29 08:00:00+00:00,96.23
2022-01-29 12:00:00+00:00,95.02
2022-01-29 16:00:00+00:00,95.15
2022-01-29 20:00:00+00:00,96.11
2022-01-30 00:00:00+00:00,94.4
2022-01-30 04:00:00+00:00,96.65
2022-01-30 08:00:00+00:00,96.29
2022-01-30 12:00:00+00:00,95.05
2022-01-30 16:00:00+00:00,91.94
2022-01-30 20:00:00+00:00,93.15
2022-01-31 00:00:00+00:00,90.66
2022-01-31 04:00:00+00:00,90.17
2022-01-31 08:00:00+00:00,91.28
2022-01-31 12:00:00+00:00,95.38
2022-01-31 16:00:00+00:00,98.35
2022-01-31 20:00:00+00:00,99.48
2022-02-01 00:00:00+00:00,106.79
2022-02-01 04:00:00+00:00,105.37
2022-02-01 08:00:00+00:00,106.28
2022-02-01 12:00:00+00:00,108.58
2022-02-01 16:00:00+00:00,107.85
2022-02-01 20:00:00+00:00,109.97
2022-02-02 00:00:00+00:00,110.55
2022-02-02 04:00:00+00:00,108.46
2022-02-02 08:00:00+00:00,109.93
2022-02-02 12:00:00+00:00,105.92
2022-02-02 16:00:00+00:00,109.93
2022-02-02 20:00:00+00:00,101.84
2022-02-03 00:00:00+00:00,97.35
2022-02-03 04:00:00+00:00,99.32
2022-02-03 08:00:00+00:00,97.33
2022-02-03 12:00:00+00:00,98.18
2022-02-03 16:00:00+00:00,96.72
2022-02-03 20:00:00+00:00,101.76
2022-02-04 00:00:00+00:00,102.3
2022-02-04 04:00:00+00:00,104.88
2022-02-04 08:00:00+00:00,104.76
2022-02-04 12:00:00+00:00,107.13
2022-02-04 16:00:00+00:00,110.54
2022-02-04 20:00:00+00:00,112.57
2022-02-05 00:00:00+00:00,113.95
2022-02-05 04:00:00+00:00,115.56
2022-02-05 08:00:00+00:00,114.93
2022-02-05 12:00:00+00:00,115.96
2022-02-05 16:00:00+00:00,113.43
2022-02-05 20:00:00+00:00,113.66
2022-02-06 00:00:00+00:00,114.34
2022-02-06 04:00:00+00:00,114.27
2022-02-06 08:00:00+00:00,114.35
2022-02-06 12:00:00+00:00,112.99
2022-02-06 16:00:00+00:00,112.83
2022-02-06 20:00:00+00:00,115.18
2022-02-07 00:00:00+00:00,119.11
2022-02-07 04:00:00+00:00,117.2
2022-02-07 08:00:00+00:00,117.44
2022-02-07 12:00:00+00:00,121.26
2022-02-07 16:00:00+00:00,119.94
2022-02-07 20:00:00+00:00,117.46
2022-02-08 00:00:00+00:00,117.4
2022-02-08 04:00:00+00:00,117.63
2022-02-08 08:00:00+00:00,114.3
2022-02-08 12:00:00+00:00,111.97
2022-02-08 16:00:00+00:00,110.74
2022-02-08 20:00:00+00:00,113.37
2022-02-09 00:00:00+00:00,111.17
2022-02-09 04:00:00+00:00,111.45
2022-02-09 08:00:00+00:00,113.2
2022-02-09 12:00:00+00:00,113.13
2022-02-09 16:00:00+00:00,115.0
2022-02-09 20:00:00+00:00,113.9
2022-02-10 00:00:00+00:00,110.92
2022-02-10 04:00:00+00:00,112.32
2022-02-10 08:00:00+00:00,113.68
2022-02-10 12:00:00+00:00,111.83
2022-02-10 16:00:00+00:00,108.83
2022-02-10 20:00:00+00:00,106.09
2022-02-11 00:00:00+00:00,104.61
2022-02-11 04:00:00+00:00,105.67
2022-02-11 08:00:00+00:00,105.45
2022-02-11 12:00:00+00:00,106.8
2022-02-11 16:00:00+00:00,99.68
2022-02-11 20:00:00+00:00,96.44
2022-02-12 00:00:00+00:00,96.89
2022-02-12 04:00:00+00:00,93.72
2022-02-12 08:00:00+00:00,96.05
2022-02-12 12:00:00+00:00,94.97
2022-02-12 16:00:00+00:00,97.08
2022-02-12 20:00:00+00:00,95.88
2022-02-13 00:00:00+00:00,95.89
2022-02-13 04:00:00+00:00,96.26
2022-02-13 08:00:00+00:00,96.07
2022-02-13 12:00:00+00:00,95.54
2022-02-13 16:00:00+00:00,92.18
2022-02-13 20:00:00+00:00,92.8
2022-02-14 00:00:00+00:00,93.48
2022-02-14 04:00:00+00:00,94.72
2022-02-14 08:00:00+00:00,93.07
2022-02-14 12:00:00+00:00,96.53
2022-02-14 16:00:00+00:00,94.23
2022-02-14 20:00:00+00:00,96.37
2022-02-15 00:00:00+00:00,101.25
2022-02-15 04:00:00+00:00,101.89
2022-02-15 08:00:00+00:00,102.34
2022-02-15 12:00:00+00:00,102.69
2022-02-15 16:00:00+00:00,101.57
2022-02-15 20:00:00+00:00,105.44
2022-02-16 00:00:00+00:00,102.75
2022-02-16 04:00:00+00:00,104.19
2022-02-16 08:00:00+00:00,102.44
2022-02-16 12:00:00+00:00,99.07
2022-02-16 16:00:00+00:00,103.19
2022-02-16 20:00:00+00:00,101.78
2022-02-17 00:00:00+00:00,99.13
2022-02-17 04:00:00+00:00,100.85
2022-02-17 08:00:00+00:00,99.01
2022-02-17 12:00:00+00:00,97.3
2022-02-17 16:00:00+00:00,94.86
2022-02-17 20:00:00+00:00,93.46
2022-02-18 00:00:00+00:00,94.31
2022-02-18 04:00:00+00:00,95.13
2022-02-18 08:00:00+00:00,93.88
2022-02-18 12:00:00+00:00,90.89
2022-02-18 16:00:00+00:00,90.94
2022-02-18 20:00:00+00:00,89.82
2022-02-19 00:00:00+00:00,91.15
2022-02-19 04:00:00+00:00,92.05
2022-02-19 08:00:00+00:00,89.42
2022-02-19 12:00:00+00:00,90.91
2022-02-19 16:00:00+00:00,89.87
2022-02-19 20:00:00+00:00,91.25
2022-02-20 00:00:00+00:00,88.38
2022-02-20 04:00:00+00:00,87.29
2022-02-20 08:00:00+00:00,89.14
2022-02-20 12:00:00+00:00,89.35
2022-02-20 16:00:00+00:00,91.97
2022-02-20 20:00:00+00:00,90.63
2022-02-21 00:00:00+00:00,93.79
2022-02-21 04:00:00+00:00,95.39
2022-02-21 08:00:00+00:00,89.07
2022-02-21 12:00:00+00:00,89.58
2022-02-21 16:00:00+00:00,87.41
2022-02-21 20:00:00+00:00,82.89
2022-02-22 00:00:00+00:00,81.58
2022-02-22 04:00:00+00:00,82.06
2022-02-22 08:00:00+00:00,85.1
2022-02-22 12:00:00+00:00,85.79
2022-02-22 16:00:00+00:00,86.21
2022-02-22 20:00:00+00:00,86.34
2022-02-23 00:00:00+00:00,87.16
2022-02-23 04:00:00+00:00,89.08
2022-02-23 08:00:00+00:00,92.01
2022-02-23 12:00:00+00:00,89.7
2022-02-23 16:00:00+00:00,88.08
2022-02-23 20:00:00+00:00,84.53
2022-02-24 00:00:00+00:00,77.48
2022-02-24 04:00:00+00:00,82.14
2022-02-24 08:00:00+00:00,81.37
2022-02-24 12:00:00+00:00,84.87
2022-02-24 16:00:00+00:00,90.76
2022-02-24 20:00:00+00:00,89.35
2022-02-25 00:00:00+00:00,89.61
2022-02-25 04:00:00+00:00,88.71
2022-02-25 08:00:00+00:00,89.18
2022-02-25 12:00:00+00:00,90.99
2022-02-25 16:00:00+00:00,89.49
2022-02-25 20:00:00+00:00,92.69
2022-02-26 00:00:00+00:00,92.67
2022-02-26 04:00:00+00:00,91.98
2022-02-26 08:00:00+00:00,90.6
2022-02-26 12:00:00+00:00,91.19
2022-02-26 16:00:00+00:00,90.71
2022-02-26 20:00:00+00:00,90.21
2022-02-27 00:00:00+00:00,86.93
2022-02-27 04:00:00+00:00,88.75
2022-02-27 08:00:00+00:00,90.72
2022-02-27 12:00:00+00:00,91.16
2022-02-27 16:00:00+00:00,84.81
2022-02-27 20:00:00+00:00,85.58
2022-02-28 00:00:00+00:00,86.59
2022-02-28 04:00:00+00:00,88.08
2022-02-28 08:00:00+00:00,90.72
2022-02-28 12:00:00+00:00,95.54
2022-02-28 16:00:00+00:00,96.15
2022-02-28 20:00:00+00:00,99.62
2022-03-01 00:00:00+00:00,97.27
2022-03-01 04:00:00+00:00,96.91
2022-03-01 08:00:00+00:00,97.76
2022-03-01 12:00:00+00:00,97.86
2022-03-01 16:00:00+00:00,97.64
2022-03-01 20:00:00+00:00,98.61
2022-03-02 00:00:00+00:00,104.24
2022-03-02 04:00:00+00:00,102.36
2022-03-02 08:00:00+00:00,104.55
2022-03-02 12:00:00+00:00,101.55
2022-03-02 16:00:00+00:00,101.0
2022-03-02 20:00:00+00:00,100.69
2022-03-03 00:00:00+00:00,98.35
2022-03-03 04:00:00+00:00,99.75
2022-03-03 08:00:00+00:00,99.66
2022-03-03 12:00:00+00:00,95.91
2022-03-03 16:00:00+00:00,94.9
2022-03-03 20:00:00+00:00,95.58
2022-03-04 00:00:00+00:00,91.47
2022-03-04 04:00:00+00:00,91.94
2022-03-04 08:00:00+00:00,93.11
2022-03-04 12:00:00+00:00,91.27
2022-03-04 16:00:00+00:00,88.67
2022-03-04 20:00:00+00:00,88.26
2022-03-05 00:00:00+00:00,87.62
2022-03-05 04:00:00+00:00,88.78
2022-03-05 08:00:00+00:00,88.69
2022-03-05 12:00:00+00:00,89.08
2022-03-05 16:00:00+00:00,90.1
2022-03-05 20:00:00+00:00,89.59
2022-03-06 00:00:00+00:00,87.64
2022-03-06 04:00:00+00:00,88.29
2022-03-06 08:00:00+00:00,86.94
2022-03-06 12:00:00+00:00,87.23
2022-03-06 16:00:00+00:00,85.33
2022-03-06 20:00:00+00:00,84.53
2022-03-07 00:00:00+00:00,82.21
2022-03-07 04:00:00+00:00,81.77
2022-03-07 08:00:00+00:00,83.07
2022-03-07 12:00:00+00:00,85.01
2022-03-07 16:00:00+00:00,80.27
2022-03-07 20:00:00+00:00,81.62
2022-03-08 00:00:00+00:00,83.45
2022-03-08 04:00:00+00:00,83.0
2022-03-08 08:00:00+00:00,83.88
2022-03-08 12:00:00+00:00,82.73
2022-03-08 16:00:00+00:00,82.86
2022-03-08 20:00:00+00:00,82.25
2022-03-09 00:00:00+00:00,88.08
2022-03-09 04:00:00+00:00,89.19
2022-03-09 08:00:00+00:00,88.18
2022-03-09 12:00:00+00:00,88.91
2022-03-09 16:00:00+00:00,86.9
2022-03-09 20:00:00+00:00,88.04
2022-03-10 00:00:00+00:00,85.31
2022-03-10 04:00:00+00:00,82.62
2022-03-10 08:00:00+00:00,82.04
2022-03-10 12:00:00+00:00,81.89
2022-03-10 16:00:00+00:00,82.4
2022-03-10 20:00:00+00:00,82.81
2022-03-11 00:00:00+00:00,81.9
2022-03-11 04:00:00+00:00,82.22
2022-03-11 08:00:00+00:00,83.22
2022-03-11 12:00:00+00:00,81.73
2022-03-11 16:00:00+00:00,80.55
2022-03-11 20:00:00+00:00,80.64
2022-03-12 00:00:00+00:00,81.76
2022-03-12 04:00:00+00:00,81.66
2022-03-12 08:00:00+00:00,81.03
2022-03-12 12:00:00+00:00,81.6
2022-03-12 16:00:00+00:00,81.61
2022-03-12 20:00:00+00:00,81.38
2022-03-13 00:00:00+00:00,82.56
2022-03-13 04:00:00+00:00,81.72
2022-03-13 08:00:00+00:00,81.03
2022-03-13 12:00:00+00:00,81.13
2022-03-13 16:00:00+00:00,80.44
2022-03-13 20:00:00+00:00,78.69
2022-03-14 00:00:00+00:00,79.47
2022-03-14 04:00:00+00:00,80.86
2022-03-14 08:00:00+00:00,80.89
2022-03-14 12:00:00+00:00,80.95
2022-03-14 16:00:00+00:00,79.91
2022-03-14 20:00:00+00:00,81.2
2022-03-15 00:00:00+00:00,79.6
2022-03-15 04:00:00+00:00,79.32
2022-03-15 08:00:00+00:00,80.07
2022-03-15 12:00:00+00:00,81.03
2022-03-15 16:00:00+00:00,84.58
2022-03-15 20:00:00+00:00,82.83
2022-03-16 00:00:00+00:00,82.35
2022-03-16 04:00:00+00:00,82.82
2022-03-16 08:00:00+00:00,84.22
2022-03-16 12:00:00+00:00,83.93
2022-03-16 16:00:00+00:00,85.78
2022-03-16 20:00:00+00:00,87.73
2022-03-17 00:00:00+00:00,87.97
2022-03-17 04:00:00+00:00,87.23
2022-03-17 08:00:00+00:00,87.67
2022-03-17 12:00:00+00:00,89.37
2022-03-17 16:00:00+00:00,90.83
2022-03-17 20:00:00+00:00,87.83
2022-03-18 00:00:00+00:00,85.89
2022-03-18 04:00:00+00:00,85.77
2022-03-18 08:00:00+00:00,84.95
2022-03-18 12:00:00+00:00,88.25
2022-03-18 16:00:00+00:00,91.11
2022-03-18 20:00:00+00:00,89.77
2022-03-19 00:00:00+00:00,90.25
2022-03-19 04:00:00+00:00,89.37
2022-03-19 08:00:00+00:00,90.75
2022-03-19 12:00:00+00:00,94.03
2022-03-19 16:00:00+00:00,92.63
2022-03-19 20:00:00+00:00,92.31
2022-03-20 00:00:00+00:00,90.77
2022-03-20 04:00:00+00:00,90.99
2022-03-20 08:00:00+00:00,89.9
2022-03-20 12:00:00+00:00,89.14
2022-03-20 16:00:00+00:00,89.5
2022-03-20 20:00:00+00:00,88.58
2022-03-21 00:00:00+00:00,87.69
2022-03-21 04:00:00+00:00,89.61
2022-03-21 08:00:00+00:00,89.77
2022-03-21 12:00:00+00:00,89.53
2022-03-21 16:00:00+00:00,88.73
2022-03-21 20:00:00+00:00,88.55
2022-03-22 00:00:00+00:00,90.98
2022-03-22 04:00:00+00:00,90.21
2022-03-22 08:00:00+00:00,91.97
2022-03-22 12:00:00+00:00,92.53
2022-03-22 16:00:00+00:00,91.36
2022-03-22 20:00:00+00:00,90.44
2022-03-23 00:00:00+00:00,90.09
2022-03-23 04:00:00+00:00,91.1
2022-03-23 08:00:00+00:00,91.32
2022-03-23 12:00:00+00:00,95.65
2022-03-23 16:00:00+00:00,92.78
2022-03-23 20:00:00+00:00,94.83
2022-03-24 00:00:00+00:00,94.63
2022-03-24 04:00:00+00:00,97.07
2022-03-24 08:00:00+00:00,100.09
2022-03-24 12:00:00+00:00,101.61
2022-03-24 16:00:00+00:00,102.88
2022-03-24 20:00:00+00:00,102.33
2022-03-25 00:00:00+00:00,103.49
2022-03-25 04:00:00+00:00,102.89
2022-03-25 08:00:00+00:00,104.22
2022-03-25 12:00:00+00:00,100.28
2022-03-25 16:00:00+00:00,98.46
2022-03-25 20:00:00+00:00,98.55
2022-03-26 00:00:00+00:00,98.87
2022-03-26 04:00:00+00:00,101.19
2022-03-26 08:00:00+00:00,100.34
2022-03-26 12:00:00+00:00,101.19
2022-03-26 16:00:00+00:00,102.66
2022-03-26 20:00:00+00:00,101.68
2022-03-27 00:00:00+00:00,101.79
2022-03-27 04:00:00+00:00,102.17
2022-03-27 08:00:00+00:00,100.42
2022-03-27 12:00:00+00:00,101.39
2022-03-27 16:00:00+00:00,103.15
2022-03-27 20:00:00+00:00,106.94
2022-03-28 00:00:00+00:00,106.82
2022-03-28 04:00:00+00:00,108.87
2022-03-28 08:00:00+00:00,109.99
2022-03-28 12:00:00+00:00,109.83
2022-03-28 16:00:00+00:00,111.35
2022-03-28 20:00:00+00:00,105.73
2022-03-29 00:00:00+00:00,109.11
2022-03-29 04:00:00+00:00,109.85
2022-03-29 08:00:00+00:00,113.35
2022-03-29 12:00:00+00:00,111.61
2022-03-29 16:00:00+00:00,113.88
2022-03-29 20:00:00+00:00,111.56
2022-03-30 00:00:00+00:00,110.77
2022-03-30 04:00:00+00:00,112.34
2022-03-30 08:00:00+00:00,112.21
2022-03-30 12:00:00+00:00,122.69
2022-03-30 16:00:00+00:00,121.26
2022-03-30 20:00:00+00:00,120.85
2022-03-31 00:00:00+00:00,121.29
2022-03-31 04:00:00+00:00,123.29
2022-03-31 08:00:00+00:00,127.25
2022-03-31 12:00:00+00:00,125.34
2022-03-31 16:00:00+00:00,123.01
2022-03-31 20:00:00+00:00,122.85
2022-04-01 00:00:00+00:00,122.0
2022-04-01 04:00:00+00:00,126.49
2022-04-01 08:00:00+00:00,124.43
2022-04-01 12:00:00+00:00,132.78
2022-04-01 16:00:00+00:00,137.4
2022-04-01 20:00:00+00:00,134.53
2022-04-02 00:00:00+00:00,134.81
2022-04-02 04:00:00+00:00,135.82
2022-04-02 08:00:00+00:00,137.65
2022-04-02 12:00:00+00:00,138.02
2022-04-02 16:00:00+00:00,135.85
2022-04-02 20:00:00+00:00,132.48
2022-04-03 00:00:00+00:00,135.44
2022-04-03 04:00:00+00:00,137.63
2022-04-03 08:00:00+00:00,139.15
2022-04-03 12:00:00+00:00,136.08
2022-04-03 16:00:00+00:00,135.25
2022-04-03 20:00:00+00:00,136.85
2022-04-04 00:00:00+00:00,135.32
2022-04-04 04:00:00+00:00,137.0
2022-04-04 08:00:00+00:00,134.79
2022-04-04 12:00:00+00:00,129.33
2022-04-04 16:00:00+00:00,130.1
2022-04-04 20:00:00+00:00,132.09
2022-04-05 00:00:00+00:00,133.34
2022-04-05 04:00:00+00:00,133.34
2022-04-05 08:00:00+00:00,134.52
2022-04-05 12:00:00+00:00,131.45
2022-04-05 16:00:00+00:00,131.16
2022-04-05 20:00:00+00:00,126.84
2022-04-06 00:00:00+00:00,123.65
2022-04-06 04:00:00+00:00,125.42
2022-04-06 08:00:00+00:00,121.58
2022-04-06 12:00:00+00:00,117.59
2022-04-06 16:00:00+00:00,118.76
2022-04-06 20:00:00+00:00,112.87
2022-04-07 00:00:00+00:00,113.78
2022-04-07 04:00:00+00:00,115.93
2022-04-07 08:00:00+00:00,117.37
2022-04-07 12:00:00+00:00,113.16
2022-04-07 16:00:00+00:00,117.66
2022-04-07 20:00:00+00:00,118.41
2022-04-08 00:00:00+00:00,122.0
2022-04-08 04:00:00+00:00,119.05
2022-04-08 08:00:00+00:00,115.25
2022-04-08 12:00:00+00:00,116.43
2022-04-08 16:00:00+00:00,113.53
2022-04-08 20:00:00+00:00,109.83
2022-04-09 00:00:00+00:00,109.41
2022-04-09 04:00:00+00:00,110.56
2022-04-09 08:00:00+00:00,110.44
2022-04-09 12:00:00+00:00,109.58
2022-04-09 16:00:00+00:00,109.74
2022-04-09 20:00:00+00:00,112.89
2022-04-10 00:00:00+00:00,113.33
2022-04-10 04:00:00+00:00,111.54
2022-04-10 08:00:00+00:00,110.99
2022-04-10 12:00:00+00:00,112.33
2022-04-10 16:00:00+00:00,114.49
2022-04-10 20:00:00+00:00,111.04
2022-04-11 00:00:00+00:00,109.93
2022-04-11 04:00:00+00:00,111.04
2022-04-11 08:00:00+00:00,103.92
2022-04-11 12:00:00+00:00,101.37
2022-04-11 16:00:00+00:00,101.33
2022-04-11 20:00:00+00:00,99.62
2022-04-12 00:00:00+00:00,99.66
2022-04-12 04:00:00+00:00,102.98
2022-04-12 08:00:00+00:00,105.48
2022-04-12 12:00:00+00:00,105.96
2022-04-12 16:00:00+00:00,100.96
2022-04-12 20:00:00+00:00,103.17
2022-04-13 00:00:00+00:00,103.61
2022-04-13 04:00:00+00:00,103.9
2022-04-13 08:00:00+00:00,101.02
2022-04-13 12:00:00+00:00,105.03
2022-04-13 16:00:00+00:00,103.92
2022-04-13 20:00:00+00:00,104.89
2022-04-14 00:00:00+00:00,105.6
2022-04-14 04:00:00+00:00,106.36
2022-04-14 08:00:00+00:00,103.62
2022-04-14 12:00:00+00:00,101.29
2022-04-14 16:00:00+00:00,99.53
2022-04-14 20:00:00+00:00,100.72
2022-04-15 00:00:00+00:00,102.01
2022-04-15 04:00:00+00:00,101.74
2022-04-15 08:00:00+00:00,101.68
2022-04-15 12:00:00+00:00,102.25
2022-04-15 16:00:00+00:00,100.32
2022-04-15 20:00:00+00:00,101.33
2022-04-16 00:00:00+00:00,101.02
2022-04-16 04:00:00+00:00,101.41
2022-04-16 08:00:00+00:00,101.84
2022-04-16 12:00:00+00:00,100.91
2022-04-16 16:00:00+00:00,101.95
2022-04-16 20:00:00+00:00,102.02
2022-04-17 00:00:00+00:00,101.43
2022-04-17 04:00:00+00:00,101.86
2022-04-17 08:00:00+00:00,102.38
2022-04-17 12:00:00+00:00,105.07
2022-04-17 16:00:00+00:00,104.04
2022-04-17 20:00:00+00:00,100.08
2022-04-18 00:00:00+00:00,101.11
2022-04-18 04:00:00+00:00,96.38
2022-04-18 08:00:00+00:00,96.74
2022-04-18 12:00:00+00:00,98.6
2022-04-18 16:00:00+00:00,101.11
2022-04-18 20:00:00+00:00,102.35
2022-04-19 00:00:00+00:00,101.37
2022-04-19 04:00:00+00:00,101.82
2022-04-19 08:00:00+00:00,102.27
2022-04-19 12:00:00+00:00,106.46
2022-04-19 16:00:00+00:00,106.88
2022-04-19 20:00:00+00:00,108.45
2022-04-20 00:00:00+00:00,108.23
2022-04-20 04:00:00+00:00,106.96
2022-04-20 08:00:00+00:00,110.33
2022-04-20 12:00:00+00:00,105.67
2022-04-20 16:00:00+00:00,105.98
2022-04-20 20:00:00+00:00,105.52
2022-04-21 00:00:00+00:00,107.02
2022-04-21 04:00:00+00:00,106.81
2022-04-21 08:00:00+00:00,108.36
2022-04-21 12:00:00+00:00,107.76
2022-04-21 16:00:00+00:00,104.26
2022-04-21 20:00:00+00:00,101.69
2022-04-22 00:00:00+00:00,102.51
2022-04-22 04:00:00+00:00,102.58
2022-04-22 08:00:00+00:00,102.16
2022-04-22 12:00:00+00:00,99.64
2022-04-22 16:00:00+00:00,100.9
2022-04-22 20:00:00+00:00,100.5
2022-04-23 00:00:00+00:00,99.82
2022-04-23 04:00:00+00:00,101.15
2022-04-23 08:00:00+00:00,101.48
2022-04-23 12:00:00+00:00,102.08
2022-04-23 16:00:00+00:00,102.01
2022-04-23 20:00:00+00:00,100.61
2022-04-24 00:00:00+00:00,101.22
2022-04-24 04:00:00+00:00,101.76
2022-04-24 08:00:00+00:00,101.08
2022-04-24 12:00:00+00:00,100.07
2022-04-24 16:00:00+00:00,100.44
2022-04-24 20:00:00+00:00,99.13
2022-04-25 00:00:00+00:00,97.97
2022-04-25 04:00:00+00:00,95.09
2022-04-25 08:00:00+00:00,96.68
2022-04-25 12:00:00+00:00,96.88
2022-04-25 16:00:00+00:00,100.59
2022-04-25 20:00:00+00:00,100.94
2022-04-26 00:00:00+00:00,100.95
2022-04-26 04:00:00+00:00,100.8
2022-04-26 08:00:00+00:00,100.44
2022-04-26 12:00:00+00:00,96.5
2022-04-26 16:00:00+00:00,96.49
2022-04-26 20:00:00+00:00,95.65
2022-04-27 00:00:00+00:00,96.75
2022-04-27 04:00:00+00:00,99.45
2022-04-27 08:00:00+00:00,99.18
2022-04-27 12:00:00+00:00,98.14
2022-04-27 16:00:00+00:00,97.36
2022-04-27 20:00:00+00:00,98.3
2022-04-28 00:00:00+00:00,99.1
2022-04-28 04:00:00+00:00,99.41
2022-04-28 08:00:00+00:00,99.81
2022-04-28 12:00:00+00:00,97.39
2022-04-28 16:00:00+00:00,98.72
2022-04-28 20:00:00+00:00,98.18
2022-04-29 00:00:00+00:00,97.19
2022-04-29 04:00:00+00:00,97.76
2022-04-29 08:00:00+00:00,95.59
2022-04-29 12:00:00+00:00,96.12
2022-04-29 16:00:00+00:00,92.86
2022-04-29 20:00:00+00:00,93.94
2022-04-30 00:00:00+00:00,94.07
2022-04-30 04:00:00+00:00,93.98
2022-04-30 08:00:00+00:00,93.84
2022-04-30 12:00:00+00:00,92.2
2022-04-30 16:00:00+00:00,91.53
2022-04-30 20:00:00+00:00,84.5
2022-05-01 00:00:00+00:00,87.95
2022-05-01 04:00:00+00:00,88.86
2022-05-01 08:00:00+00:00,88.19
2022-05-01 12:00:00+00:00,89.98
2022-05-01 16:00:00+00:00,87.94
2022-05-01 20:00:00+00:00,89.61
2022-05-02 00:00:00+00:00,89.3
2022-05-02 04:00:00+00:00,89.73
2022-05-02 08:00:00+00:00,86.74
2022-05-02 12:00:00+00:00,87.66
2022-05-02 16:00:00+00:00,87.24
2022-05-02 20:00:00+00:00,87.44
2022-05-03 00:00:00+00:00,88.61
2022-05-03 04:00:00+00:00,88.32
2022-05-03 08:00:00+00:00,88.45
2022-05-03 12:00:00+00:00,87.16
2022-05-03 16:00:00+00:00,85.4
2022-05-03 20:00:00+00:00,85.81
2022-05-04 00:00:00+00:00,86.09
2022-05-04 04:00:00+00:00,87.27
2022-05-04 08:00:00+00:00,88.4
2022-05-04 12:00:00+00:00,87.15
2022-05-04 16:00:00+00:00,91.57
2022-05-04 20:00:00+00:00,92.7
2022-05-05 00:00:00+00:00,94.31
2022-05-05 04:00:00+00:00,93.13
2022-05-05 08:00:00+00:00,92.27
2022-05-05 12:00:00+00:00,84.91
2022-05-05 16:00:00+00:00,83.68
2022-05-05 20:00:00+00:00,84.48
2022-05-06 00:00:00+00:00,82.82
2022-05-06 04:00:00+00:00,82.37
2022-05-06 08:00:00+00:00,81.18
2022-05-06 12:00:00+00:00,81.76
2022-05-06 16:00:00+00:00,81.94
2022-05-06 20:00:00+00:00,81.63
2022-05-07 00:00:00+00:00,80.44
2022-05-07 04:00:00+00:00,80.42
2022-05-07 08:00:00+00:00,81.74
2022-05-07 12:00:00+00:00,82.05
2022-05-07 16:00:00+00:00,81.39
2022-05-07 20:00:00+00:00,78.8
2022-05-08 00:00:00+00:00,76.88
2022-05-08 04:00:00+00:00,77.81
2022-05-08 08:00:00+00:00,79.07
2022-05-08 12:00:00+00:00,77.12
2022-05-08 16:00:00+00:00,76.3
2022-05-08 20:00:00+00:00,75.34
2022-05-09 00:00:00+00:00,75.22
2022-05-09 04:00:00+00:00,73.88
2022-05-09 08:00:00+00:00,72.19
2022-05-09 12:00:00+00:00,69.79
2022-05-09 16:00:00+00:00,65.08
2022-05-09 20:00:00+00:00,62.08
2022-05-10 00:00:00+00:00,64.44
2022-05-10 04:00:00+00:00,68.87
2022-05-10 08:00:00+00:00,71.53
2022-05-10 12:00:00+00:00,69.43
2022-05-10 16:00:00+00:00,67.41
2022-05-10 20:00:00+00:00,66.83
2022-05-11 00:00:00+00:00,66.17
2022-05-11 04:00:00+00:00,62.55
2022-05-11 08:00:00+00:00,61.36
2022-05-11 12:00:00+00:00,55.54
2022-05-11 16:00:00+00:00,47.81
2022-05-11 20:00:00+00:00,50.84
2022-05-12 00:00:00+00:00,45.11
2022-05-12 04:00:00+00:00,44.64
2022-05-12 08:00:00+00:00,43.91
2022-05-12 12:00:00+00:00,44.63
2022-05-12 16:00:00+00:00,44.61
2022-05-12 20:00:00+00:00,44.63
2022-05-13 00:00:00+00:00,50.36
2022-05-13 04:00:00+00:00,49.04
2022-05-13 08:00:00+00:00,53.14
2022-05-13 12:00:00+00:00,53.07
2022-05-13 16:00:00+00:00,51.45
2022-05-13 20:00:00+00:00,48.88
2022-05-14 00:00:00+00:00,51.69
2022-05-14 04:00:00+00:00,50.72
2022-05-14 08:00:00+00:00,48.02
2022-05-14 12:00:00+00:00,46.43
2022-05-14 16:00:00+00:00,49.33
2022-05-14 20:00:00+00:00,52.4
2022-05-15 00:00:00+00:00,50.17
2022-05-15 04:00:00+00:00,51.42
2022-05-15 08:00:00+00:00,53.41
2022-05-15 12:00:00+00:00,52.84
2022-05-15 16:00:00+00:00,55.23
2022-05-15 20:00:00+00:00,58.8
2022-05-16 00:00:00+00:00,56.05
2022-05-16 04:00:00+00:00,53.78
2022-05-16 08:00:00+00:00,53.78
2022-05-16 12:00:00+00:00,53.22
2022-05-16 16:00:00+00:00,53.98
2022-05-16 20:00:00+00:00,53.77
2022-05-17 00:00:00+00:00,55.72
2022-05-17 04:00:00+00:00,55.77
2022-05-17 08:00:00+00:00,55.62
2022-05-17 12:00:00+00:00,55.13
2022-05-17 16:00:00+00:00,55.16
2022-05-17 20:00:00+00:00,57.0
2022-05-18 00:00:00+00:00,55.05
2022-05-18 04:00:00+00:00,55.41
2022-05-18 08:00:00+00:00,54.17
2022-05-18 12:00:00+00:00,50.37
2022-05-18 16:00:00+00:00,51.68
2022-05-18 20:00:00+00:00,49.92
2022-05-19 00:00:00+00:00,50.57
2022-05-19 04:00:00+00:00,51.05
2022-05-19 08:00:00+00:00,51.19
2022-05-19 12:00:00+00:00,53.19
2022-05-19 16:00:00+00:00,51.57
2022-05-19 20:00:00+00:00,52.18
2022-05-20 00:00:00+00:00,51.46
2022-05-20 04:00:00+00:00,52.07
2022-05-20 08:00:00+00:00,53.14
2022-05-20 12:00:00+00:00,49.39
2022-05-20 16:00:00+00:00,50.13
2022-05-20 20:00:00+00:00,49.41
2022-05-21 00:00:00+00:00,50.12
2022-05-21 04:00:00+00:00,49.97
2022-05-21 08:00:00+00:00,49.41
2022-05-21 12:00:00+00:00,50.66
2022-05-21 16:00:00+00:00,50.19
2022-05-21 20:00:00+00:00,50.27
2022-05-22 00:00:00+00:00,50.13
2022-05-22 04:00:00+00:00,50.25
2022-05-22 08:00:00+00:00,51.46
2022-05-22 12:00:00+00:00,51.8
2022-05-22 16:00:00+00:00,51.39
2022-05-22 20:00:00+00:00,52.44
2022-05-23 00:00:00+00:00,52.2
2022-05-23 04:00:00+00:00,53.53
2022-05-23 08:00:00+00:00,53.97
2022-05-23 12:00:00+00:00,53.84
2022-05-23 16:00:00+00:00,50.06
2022-05-23 20:00:00+00:00,49.14
2022-05-24 00:00:00+00:00,49.86
2022-05-24 04:00:00+00:00,49.81
2022-05-24 08:00:00+00:00,49.49
2022-05-24 12:00:00+00:00,50.02
2022-05-24 16:00:00+00:00,49.07
2022-05-24 20:00:00+00:00,49.66
2022-05-25 00:00:00+00:00,50.31
2022-05-25 04:00:00+00:00,48.81
2022-05-25 08:00:00+00:00,47.66
2022-05-25 12:00:00+00:00,48.22
2022-05-25 16:00:00+00:00,48.28
2022-05-25 20:00:00+00:00,47.95
2022-05-26 00:00:00+00:00,48.15
2022-05-26 04:00:00+00:00,46.37
2022-05-26 08:00:00+00:00,43.7
2022-05-26 12:00:00+00:00,45.07
2022-05-26 16:00:00+00:00,44.03
2022-05-26 20:00:00+00:00,43.41
2022-05-27 00:00:00+00:00,42.65
2022-05-27 04:00:00+00:00,41.0
2022-05-27 08:00:00+00:00,41.56
2022-05-27 12:00:00+00:00,42.11
2022-05-27 16:00:00+00:00,41.84
2022-05-27 20:00:00+00:00,41.15
2022-05-28 00:00:00+00:00,41.3
2022-05-28 04:00:00+00:00,41.69
2022-05-28 08:00:00+00:00,41.58
2022-05-28 12:00:00+00:00,42.94
2022-05-28 16:00:00+00:00,44.38
2022-05-28 20:00:00+00:00,44.22
2022-05-29 00:00:00+00:00,42.33
2022-05-29 04:00:00+00:00,42.41
2022-05-29 08:00:00+00:00,44.05
2022-05-29 12:00:00+00:00,44.69
2022-05-29 16:00:00+00:00,44.25
2022-05-29 20:00:00+00:00,44.95
2022-05-30 00:00:00+00:00,45.92
2022-05-30 04:00:00+00:00,47.05
2022-05-30 08:00:00+00:00,46.06
2022-05-30 12:00:00+00:00,45.83
2022-05-30 16:00:00+00:00,45.64
2022-05-30 20:00:00+00:00,47.21
2022-05-31 00:00:00+00:00,47.68
2022-05-31 04:00:00+00:00,46.35
2022-05-31 08:00:00+00:00,46.58
2022-05-31 12:00:00+00:00,46.32
2022-05-31 16:00:00+00:00,45.51
2022-05-31 20:00:00+00:00,45.76
2022-06-01 00:00:00+00:00,44.75
2022-06-01 04:00:00+00:00,44.56
2022-06-01 08:00:00+00:00,44.58
2022-06-01 12:00:00+00:00,42.91
2022-06-01 16:00:00+00:00,41.29
2022-06-01 20:00:00+00:00,40.09
2022-06-02 00:00:00+00:00,38.82
2022-06-02 04:00:00+00:00,39.65
2022-06-02 08:00:00+00:00,41.01
2022-06-02 12:00:00+00:00,40.69
2022-06-02 16:00:00+00:00,40.43
2022-06-02 20:00:00+00:00,40.84
2022-06-03 00:00:00+00:00,41.12
2022-06-03 04:00:00+00:00,40.31
2022-06-03 08:00:00+00:00,38.23
2022-06-03 12:00:00+00:00,38.03
2022-06-03 16:00:00+00:00,38.16
2022-06-03 20:00:00+00:00,38.24
2022-06-04 00:00:00+00:00,36.26
2022-06-04 04:00:00+00:00,37.3
2022-06-04 08:00:00+00:00,36.97
2022-06-04 12:00:00+00:00,37.73
2022-06-04 16:00:00+00:00,37.47
2022-06-04 20:00:00+00:00,38.99
2022-06-05 00:00:00+00:00,38.29
2022-06-05 04:00:00+00:00,38.81
2022-06-05 08:00:00+00:00,39.43
2022-06-05 12:00:00+00:00,39.78
2022-06-05 16:00:00+00:00,39.62
2022-06-05 20:00:00+00:00,38.51
2022-06-06 00:00:00+00:00,41.75
2022-06-06 04:00:00+00:00,43.01
2022-06-06 08:00:00+00:00,43.91
2022-06-06 12:00:00+00:00,42.8
2022-06-06 16:00:00+00:00,42.21
2022-06-06 20:00:00+00:00,42.35
2022-06-07 00:00:00+00:00,39.52
2022-06-07 04:00:00+00:00,39.3
2022-06-07 08:00:00+00:00,38.04
2022-06-07 12:00:00+00:00,39.12
2022-06-07 16:00:00+00:00,40.43
2022-06-07 20:00:00+00:00,39.28
2022-06-08 00:00:00+00:00,38.61
2022-06-08 04:00:00+00:00,39.23
2022-06-08 08:00:00+00:00,39.28
2022-06-08 12:00:00+00:00,39.69
2022-06-08 16:00:00+00:00,38.76
2022-06-08 20:00:00+00:00,38.8
2022-06-09 00:00:00+00:00,39.11
2022-06-09 04:00:00+00:00,39.53
2022-06-09 08:00:00+00:00,41.18
2022-06-09 12:00:00+00:00,40.33
2022-06-09 16:00:00+00:00,39.64
2022-06-09 20:00:00+00:00,39.95
2022-06-10 00:00:00+00:00,40.26
2022-06-10 04:00:00+00:00,40.31
2022-06-10 08:00:00+00:00,39.28
2022-06-10 12:00:00+00:00,37.94
2022-06-10 16:00:00+00:00,37.23
2022-06-10 20:00:00+00:00,37.12
2022-06-11 00:00:00+00:00,37.52
2022-06-11 04:00:00+00:00,37.67
2022-06-11 08:00:00+00:00,35.44
2022-06-11 12:00:00+00:00,33.74
2022-06-11 16:00:00+00:00,34.09
2022-06-11 20:00:00+00:00,33.91
2022-06-12 00:00:00+00:00,32.26
2022-06-12 04:00:00+00:00,33.14
2022-06-12 08:00:00+00:00,32.7
2022-06-12 12:00:00+00:00,33.98
2022-06-12 16:00:00+00:00,32.58
2022-06-12 20:00:00+00:00,30.56
2022-06-13 00:00:00+00:00,28.82
2022-06-13 04:00:00+00:00,27.53
2022-06-13 08:00:00+00:00,26.8
2022-06-13 12:00:00+00:00,27.89
2022-06-13 16:00:00+00:00,28.31
2022-06-13 20:00:00+00:00,28.58
2022-06-14 00:00:00+00:00,28.91
2022-06-14 04:00:00+00:00,30.99
2022-06-14 08:00:00+00:00,29.06
2022-06-14 12:00:00+00:00,31.01
2022-06-14 16:00:00+00:00,29.41
2022-06-14 20:00:00+00:00,29.56
2022-06-15 00:00:00+00:00,28.79
2022-06-15 04:00:00+00:00,27.63
2022-06-15 08:00:00+00:00,28.88
2022-06-15 12:00:00+00:00,29.48
2022-06-15 16:00:00+00:00,31.45
2022-06-15 20:00:00+00:00,34.72
2022-06-16 00:00:00+00:00,33.78
2022-06-16 04:00:00+00:00,32.59
2022-06-16 08:00:00+00:00,31.26
2022-06-16 12:00:00+00:00,31.29
2022-06-16 16:00:00+00:00,30.83
2022-06-16 20:00:00+00:00,30.1
2022-06-17 00:00:00+00:00,29.99
2022-06-17 04:00:00+00:00,31.56
2022-06-17 08:00:00+00:00,31.55
2022-06-17 12:00:00+00:00,31.19
2022-06-17 16:00:00+00:00,31.13
2022-06-17 20:00:00+00:00,30.7
2022-06-18 00:00:00+00:00,30.07
2022-06-18 04:00:00+00:00,28.45
2022-06-18 08:00:00+00:00,29.97
2022-06-18 12:00:00+00:00,29.78
2022-06-18 16:00:00+00:00,28.08
2022-06-18 20:00:00+00:00,31.98
2022-06-19 00:00:00+00:00,30.17
2022-06-19 04:00:00+00:00,29.17
2022-06-19 08:00:00+00:00,32.4
2022-06-19 12:00:00+00:00,33.45
2022-06-19 16:00:00+00:00,33.19
2022-06-19 20:00:00+00:00,34.16
2022-06-20 00:00:00+00:00,32.25
2022-06-20 04:00:00+00:00,32.32
2022-06-20 08:00:00+00:00,36.3
2022-06-20 12:00:00+00:00,35.25
2022-06-20 16:00:00+00:00,34.44
2022-06-20 20:00:00+00:00,35.22
2022-06-21 00:00:00+00:00,35.19
2022-06-21 04:00:00+00:00,36.82
2022-06-21 08:00:00+00:00,37.14
2022-06-21 12:00:00+00:00,37.91
2022-06-21 16:00:00+00:00,36.56
2022-06-21 20:00:00+00:00,36.39
2022-06-22 00:00:00+00:00,34.67
2022-06-22 04:00:00+00:00,33.84
2022-06-22 08:00:00+00:00,35.47
2022-06-22 12:00:00+00:00,34.74
2022-06-22 16:00:00+00:00,34.35
2022-06-22 20:00:00+00:00,34.11
2022-06-23 00:00:00+00:00,35.09
2022-06-23 04:00:00+00:00,35.93
2022-06-23 08:00:00+00:00,36.9
2022-06-23 12:00:00+00:00,37.2
2022-06-23 16:00:00+00:00,37.55
2022-06-23 20:00:00+00:00,38.15
2022-06-24 00:00:00+00:00,38.91
2022-06-24 04:00:00+00:00,38.29
2022-06-24 08:00:00+00:00,40.27
2022-06-24 12:00:00+00:00,40.07
2022-06-24 16:00:00+00:00,41.14
2022-06-24 20:00:00+00:00,41.89
2022-06-25 00:00:00+00:00,41.38
2022-06-25 04:00:00+00:00,42.12
2022-06-25 08:00:00+00:00,41.83
2022-06-25 12:00:00+00:00,39.85
2022-06-25 16:00:00+00:00,40.35
2022-06-25 20:00:00+00:00,42.21
2022-06-26 00:00:00+00:00,41.38
2022-06-26 04:00:00+00:00,41.28
2022-06-26 08:00:00+00:00,42.05
2022-06-26 12:00:00+00:00,40.59
2022-06-26 16:00:00+00:00,40.64
2022-06-26 20:00:00+00:00,39.36
2022-06-27 00:00:00+00:00,40.11
2022-06-27 04:00:00+00:00,40.59
2022-06-27 08:00:00+00:00,40.3
2022-06-27 12:00:00+00:00,38.73
2022-06-27 16:00:00+00:00,38.31
2022-06-27 20:00:00+00:00,38.5
2022-06-28 00:00:00+00:00,37.71
2022-06-28 04:00:00+00:00,38.59
2022-06-28 08:00:00+00:00,39.21
2022-06-28 12:00:00+00:00,37.05
2022-06-28 16:00:00+00:00,35.91
2022-06-28 20:00:00+00:00,35.32
2022-06-29 00:00:00+00:00,35.42
2022-06-29 04:00:00+00:00,35.31
2022-06-29 08:00:00+00:00,34.93
2022-06-29 12:00:00+00:00,34.65
2022-06-29 16:00:00+00:00,34.47
2022-06-29 20:00:00+00:00,34.02
2022-06-30 00:00:00+00:00,32.98
2022-06-30 04:00:00+00:00,31.88
2022-06-30 08:00:00+00:00,31.67
2022-06-30 12:00:00+00:00,32.08
2022-06-30 16:00:00+00:00,32.01
2022-06-30 20:00:00+00:00,33.73
2022-07-01 00:00:00+00:00,33.62
2022-07-01 04:00:00+00:00,33.1
2022-07-01 08:00:00+00:00,32.33
2022-07-01 12:00:00+00:00,32.3
2022-07-01 16:00:00+00:00,33.23
2022-07-01 20:00:00+00:00,32.83
2022-07-02 00:00:00+00:00,32.14
2022-07-02 04:00:00+00:00,32.39
2022-07-02 08:00:00+00:00,32.75
2022-07-02 12:00:00+00:00,32.85
2022-07-02 16:00:00+00:00,33.11
2022-07-02 20:00:00+00:00,33.34
2022-07-03 00:00:00+00:00,33.05
2022-07-03 04:00:00+00:00,32.84
2022-07-03 08:00:00+00:00,32.89
2022-07-03 12:00:00+00:00,32.31
2022-07-03 16:00:00+00:00,33.42
2022-07-03 20:00:00+00:00,33.37
2022-07-04 00:00:00+00:00,32.62
2022-07-04 04:00:00+00:00,32.76
2022-07-04 08:00:00+00:00,34.4
2022-07-04 12:00:00+00:00,34.27
2022-07-04 16:00:00+00:00,34.85
2022-07-04 20:00:00+00:00,36.71
2022-07-05 00:00:00+00:00,35.83
2022-07-05 04:00:00+00:00,35.89
2022-07-05 08:00:00+00:00,33.96
2022-07-05 12:00:00+00:00,33.83
2022-07-05 16:00:00+00:00,35.69
2022-07-05 20:00:00+00:00,35.37
2022-07-06 00:00:00+00:00,35.52
2022-07-06 04:00:00+00:00,35.93
2022-07-06 08:00:00+00:00,35.6
2022-07-06 12:00:00+00:00,35.73
2022-07-06 16:00:00+00:00,36.25
2022-07-06 20:00:00+00:00,37.01
2022-07-07 00:00:00+00:00,37.08
2022-07-07 04:00:00+00:00,36.79
2022-07-07 08:00:00+00:00,37.24
2022-07-07 12:00:00+00:00,38.27
2022-07-07 16:00:00+00:00,38.98
2022-07-07 20:00:00+00:00,38.44
2022-07-08 00:00:00+00:00,38.61
2022-07-08 04:00:00+00:00,37.49
2022-07-08 08:00:00+00:00,37.17
2022-07-08 12:00:00+00:00,38.54
2022-07-08 16:00:00+00:00,38.93
2022-07-08 20:00:00+00:00,38.1
2022-07-09 00:00:00+00:00,38.32
2022-07-09 04:00:00+00:00,38.59
2022-07-09 08:00:00+00:00,38.17
2022-07-09 12:00:00+00:00,38.02
2022-07-09 16:00:00+00:00,38.37
2022-07-09 20:00:00+00:00,38.02
2022-07-10 00:00:00+00:00,37.36
2022-07-10 04:00:00+00:00,37.28
2022-07-10 08:00:00+00:00,36.92
2022-07-10 12:00:00+00:00,36.66
2022-07-10 16:00:00+00:00,37.29
2022-07-10 20:00:00+00:00,36.7
2022-07-11 00:00:00+00:00,35.79
2022-07-11 04:00:00+00:00,35.16
2022-07-11 08:00:00+00:00,35.14
2022-07-11 12:00:00+00:00,35.15
2022-07-11 16:00:00+00:00,35.34
2022-07-11 20:00:00+00:00,33.39
2022-07-12 00:00:00+00:00,33.59
2022-07-12 04:00:00+00:00,33.47
2022-07-12 08:00:00+00:00,33.91
2022-07-12 12:00:00+00:00,34.2
2022-07-12 16:00:00+00:00,32.91
2022-07-12 20:00:00+00:00,32.65
2022-07-13 00:00:00+00:00,33.03
2022-07-13 04:00:00+00:00,33.68
2022-07-13 08:00:00+00:00,33.93
2022-07-13 12:00:00+00:00,33.18
2022-07-13 16:00:00+00:00,33.63
2022-07-13 20:00:00+00:00,34.93
2022-07-14 00:00:00+00:00,34.57
2022-07-14 04:00:00+00:00,34.33
2022-07-14 08:00:00+00:00,33.78
2022-07-14 12:00:00+00:00,35.14
2022-07-14 16:00:00+00:00,36.34
2022-07-14 20:00:00+00:00,37.12
2022-07-15 00:00:00+00:00,37.34
2022-07-15 04:00:00+00:00,37.45
2022-07-15 08:00:00+00:00,37.7
2022-07-15 12:00:00+00:00,37.66
2022-07-15 16:00:00+00:00,38.8
2022-07-15 20:00:00+00:00,37.35
2022-07-16 00:00:00+00:00,37.2
2022-07-16 04:00:00+00:00,36.42
2022-07-16 08:00:00+00:00,36.74
2022-07-16 12:00:00+00:00,37.92
2022-07-16 16:00:00+00:00,39.42
2022-07-16 20:00:00+00:00,39.57
2022-07-17 00:00:00+00:00,39.86
2022-07-17 04:00:00+00:00,40.33
2022-07-17 08:00:00+00:00,39.76
2022-07-17 12:00:00+00:00,39.26
2022-07-17 16:00:00+00:00,38.99
2022-07-17 20:00:00+00:00,38.58
2022-07-18 00:00:00+00:00,40.54
2022-07-18 04:00:00+00:00,42.12
2022-07-18 08:00:00+00:00,41.63
2022-07-18 12:00:00+00:00,42.29
2022-07-18 16:00:00+00:00,40.04
2022-07-18 20:00:00+00:00,43.53
2022-07-19 00:00:00+00:00,43.0
2022-07-19 04:00:00+00:00,43.48
2022-07-19 08:00:00+00:00,45.53
2022-07-19 12:00:00+00:00,46.54
2022-07-19 16:00:00+00:00,45.41
2022-07-19 20:00:00+00:00,44.86
2022-07-20 00:00:00+00:00,45.46
2022-07-20 04:00:00+00:00,44.4
2022-07-20 08:00:00+00:00,45.32
2022-07-20 12:00:00+00:00,45.32
2022-07-20 16:00:00+00:00,43.2
2022-07-20 20:00:00+00:00,42.02
2022-07-21 00:00:00+00:00,40.03
2022-07-21 04:00:00+00:00,41.03
2022-07-21 08:00:00+00:00,41.74
2022-07-21 12:00:00+00:00,41.85
2022-07-21 16:00:00+00:00,43.8
2022-07-21 20:00:00+00:00,43.11
2022-07-22 00:00:00+00:00,42.66
2022-07-22 04:00:00+00:00,43.05
2022-07-22 08:00:00+00:00,44.13
2022-07-22 12:00:00+00:00,41.67
2022-07-22 16:00:00+00:00,40.19
2022-07-22 20:00:00+00:00,40.49
2022-07-23 00:00:00+00:00,41.07
2022-07-23 04:00:00+00:00,41.32
2022-07-23 08:00:00+00:00,39.59
2022-07-23 12:00:00+00:00,40.16
2022-07-23 16:00:00+00:00,39.34
2022-07-23 20:00:00+00:00,39.95
2022-07-24 00:00:00+00:00,39.58
2022-07-24 04:00:00+00:00,40.71
2022-07-24 08:00:00+00:00,40.86
2022-07-24 12:00:00+00:00,41.19
2022-07-24 16:00:00+00:00,40.81
2022-07-24 20:00:00+00:00,40.91
2022-07-25 00:00:00+00:00,38.06
2022-07-25 04:00:00+00:00,38.54
2022-07-25 08:00:00+00:00,38.86
2022-07-25 12:00:00+00:00,38.46
2022-07-25 16:00:00+00:00,37.92
2022-07-25 20:00:00+00:00,36.64
2022-07-26 00:00:00+00:00,36.19
2022-07-26 04:00:00+00:00,35.62
2022-07-26 08:00:00+00:00,35.79
2022-07-26 12:00:00+00:00,34.99
2022-07-26 16:00:00+00:00,35.0
2022-07-26 20:00:00+00:00,36.22
2022-07-27 00:00:00+00:00,35.76
2022-07-27 04:00:00+00:00,36.8
2022-07-27 08:00:00+00:00,36.37
2022-07-27 12:00:00+00:00,37.14
2022-07-27 16:00:00+00:00,39.37
2022-07-27 20:00:00+00:00,40.21
2022-07-28 00:00:00+00:00,39.7
2022-07-28 04:00:00+00:00,39.32
2022-07-28 08:00:00+00:00,40.49
2022-07-28 12:00:00+00:00,41.89
2022-07-28 16:00:00+00:00,42.13
2022-07-28 20:00:00+00:00,42.9
2022-07-29 00:00:00+00:00,43.46
2022-07-29 04:00:00+00:00,43.04
2022-07-29 08:00:00+00:00,41.91
2022-07-29 12:00:00+00:00,42.63
2022-07-29 16:00:00+00:00,41.8
2022-07-29 20:00:00+00:00,41.9
2022-07-30 00:00:00+00:00,41.87
2022-07-30 04:00:00+00:00,42.35
2022-07-30 08:00:00+00:00,42.39
2022-07-30 12:00:00+00:00,46.27
2022-07-30 16:00:00+00:00,45.07
2022-07-30 20:00:00+00:00,43.83
2022-07-31 00:00:00+00:00,43.23
2022-07-31 04:00:00+00:00,43.83
2022-07-31 08:00:00+00:00,44.39
2022-07-31 12:00:00+00:00,44.12
2022-07-31 16:00:00+00:00,43.73
2022-07-31 20:00:00+00:00,42.32
2022-08-01 00:00:00+00:00,42.98
2022-08-01 04:00:00+00:00,42.93
2022-08-01 08:00:00+00:00,42.21
2022-08-01 12:00:00+00:00,42.44
2022-08-01 16:00:00+00:00,41.08
2022-08-01 20:00:00+00:00,41.61
2022-08-02 00:00:00+00:00,40.21
2022-08-02 04:00:00+00:00,40.51
2022-08-02 08:00:00+00:00,40.53
2022-08-02 12:00:00+00:00,41.45
2022-08-02 16:00:00+00:00,41.13
2022-08-02 20:00:00+00:00,39.73
2022-08-03 00:00:00+00:00,38.52
2022-08-03 04:00:00+00:00,38.31
2022-08-03 08:00:00+00:00,39.63
2022-08-03 12:00:00+00:00,40.13
2022-08-03 16:00:00+00:00,40.07
2022-08-03 20:00:00+00:00,38.52
2022-08-04 00:00:00+00:00,39.36
2022-08-04 04:00:00+00:00,39.17
2022-08-04 08:00:00+00:00,38.58
2022-08-04 12:00:00+00:00,38.84
2022-08-04 16:00:00+00:00,38.35
2022-08-04 20:00:00+00:00,38.81
2022-08-05 00:00:00+00:00,40.09
2022-08-05 04:00:00+00:00,40.04
2022-08-05 08:00:00+00:00,40.98
2022-08-05 12:00:00+00:00,39.98
2022-08-05 16:00:00+00:00,39.9
2022-08-05 20:00:00+00:00,40.55
2022-08-06 00:00:00+00:00,40.5
2022-08-06 04:00:00+00:00,40.4
2022-08-06 08:00:00+00:00,40.28
2022-08-06 12:00:00+00:00,40.43
2022-08-06 16:00:00+00:00,40.79
2022-08-06 20:00:00+00:00,40.04
2022-08-07 00:00:00+00:00,39.75
2022-08-07 04:00:00+00:00,39.97
2022-08-07 08:00:00+00:00,40.12
2022-08-07 12:00:00+00:00,40.32
2022-08-07 16:00:00+00:00,40.55
2022-08-07 20:00:00+00:00,40.59
2022-08-08 00:00:00+00:00,41.91
2022-08-08 04:00:00+00:00,42.67
2022-08-08 08:00:00+00:00,43.38
2022-08-08 12:00:00+00:00,42.5
2022-08-08 16:00:00+00:00,42.48
2022-08-08 20:00:00+00:00,42.15
2022-08-09 00:00:00+00:00,42.42
2022-08-09 04:00:00+00:00,42.53
2022-08-09 08:00:00+00:00,40.84
2022-08-09 12:00:00+00:00,40.1
2022-08-09 16:00:00+00:00,40.06
2022-08-09 20:00:00+00:00,40.3
2022-08-10 00:00:00+00:00,39.26
2022-08-10 04:00:00+00:00,39.66
2022-08-10 08:00:00+00:00,40.01
2022-08-10 12:00:00+00:00,42.05
2022-08-10 16:00:00+00:00,41.3
2022-08-10 20:00:00+00:00,42.45
2022-08-11 00:00:00+00:00,43.82
2022-08-11 04:00:00+00:00,44.53
2022-08-11 08:00:00+00:00,44.06
2022-08-11 12:00:00+00:00,43.46
2022-08-11 16:00:00+00:00,43.38
2022-08-11 20:00:00+00:00,42.75
2022-08-12 00:00:00+00:00,43.4
2022-08-12 04:00:00+00:00,43.13
2022-08-12 08:00:00+00:00,42.29
2022-08-12 12:00:00+00:00,43.16
2022-08-12 16:00:00+00:00,44.64
2022-08-12 20:00:00+00:00,45.46
2022-08-13 00:00:00+00:00,47.4
2022-08-13 04:00:00+00:00,47.17
2022-08-13 08:00:00+00:00,46.73
2022-08-13 12:00:00+00:00,46.23
2022-08-13 16:00:00+00:00,46.3
2022-08-13 20:00:00+00:00,46.57
2022-08-14 00:00:00+00:00,46.72
2022-08-14 04:00:00+00:00,47.71
2022-08-14 08:00:00+00:00,46.67
2022-08-14 12:00:00+00:00,46.02
2022-08-14 16:00:00+00:00,45.08
2022-08-14 20:00:00+00:00,44.86
2022-08-15 00:00:00+00:00,46.46
2022-08-15 04:00:00+00:00,43.8
2022-08-15 08:00:00+00:00,43.77
2022-08-15 12:00:00+00:00,44.49
2022-08-15 16:00:00+00:00,43.79
2022-08-15 20:00:00+00:00,43.7
2022-08-16 00:00:00+00:00,43.64
2022-08-16 04:00:00+00:00,43.31
2022-08-16 08:00:00+00:00,43.95
2022-08-16 12:00:00+00:00,43.38
2022-08-16 16:00:00+00:00,43.1
2022-08-16 20:00:00+00:00,43.06
2022-08-17 00:00:00+00:00,43.98
2022-08-17 04:00:00+00:00,43.12
2022-08-17 08:00:00+00:00,42.74
2022-08-17 12:00:00+00:00,41.08
2022-08-17 16:00:00+00:00,40.72
2022-08-17 20:00:00+00:00,40.51
2022-08-18 00:00:00+00:00,40.8
2022-08-18 04:00:00+00:00,40.9
2022-08-18 08:00:00+00:00,41.29
2022-08-18 12:00:00+00:00,41.14
2022-08-18 16:00:00+00:00,40.76
2022-08-18 20:00:00+00:00,39.48
2022-08-19 00:00:00+00:00,38.27
2022-08-19 04:00:00+00:00,36.62
2022-08-19 08:00:00+00:00,36.33
2022-08-19 12:00:00+00:00,36.91
2022-08-19 16:00:00+00:00,37.13
2022-08-19 20:00:00+00:00,35.79
2022-08-20 00:00:00+00:00,36.58
2022-08-20 04:00:00+00:00,36.99
2022-08-20 08:00:00+00:00,36.57
2022-08-20 12:00:00+00:00,36.48
2022-08-20 16:00:00+00:00,34.42
2022-08-20 20:00:00+00:00,35.25
2022-08-21 00:00:00+00:00,35.1
2022-08-21 04:00:00+00:00,35.44
2022-08-21 08:00:00+00:00,36.16
2022-08-21 12:00:00+00:00,35.99
2022-08-21 16:00:00+00:00,36.31
2022-08-21 20:00:00+00:00,36.45
2022-08-22 00:00:00+00:00,36.08
2022-08-22 04:00:00+00:00,34.89
2022-08-22 08:00:00+00:00,34.63
2022-08-22 12:00:00+00:00,34.78
2022-08-22 16:00:00+00:00,34.58
2022-08-22 20:00:00+00:00,35.39
2022-08-23 00:00:00+00:00,35.2
2022-08-23 04:00:00+00:00,34.94
2022-08-23 08:00:00+00:00,35.66
2022-08-23 12:00:00+00:00,35.69
2022-08-23 16:00:00+00:00,35.4
2022-08-23 20:00:00+00:00,35.66
2022-08-24 00:00:00+00:00,34.58
2022-08-24 04:00:00+00:00,34.87
2022-08-24 08:00:00+00:00,35.37
2022-08-24 12:00:00+00:00,36.02
2022-08-24 16:00:00+00:00,35.81
2022-08-24 20:00:00+00:00,34.85
2022-08-25 00:00:00+00:00,35.2
2022-08-25 04:00:00+00:00,36.23
2022-08-25 08:00:00+00:00,36.29
2022-08-25 12:00:00+00:00,35.71
2022-08-25 16:00:00+00:00,35.77
2022-08-25 20:00:00+00:00,35.22
2022-08-26 00:00:00+00:00,35.07
2022-08-26 04:00:00+00:00,34.66
2022-08-26 08:00:00+00:00,34.21
2022-08-26 12:00:00+00:00,33.25
2022-08-26 16:00:00+00:00,32.88
2022-08-26 20:00:00+00:00,31.68
2022-08-27 00:00:00+00:00,31.84
2022-08-27 04:00:00+00:00,32.19
2022-08-27 08:00:00+00:00,31.96
2022-08-27 12:00:00+00:00,31.33
2022-08-27 16:00:00+00:00,31.29
2022-08-27 20:00:00+00:00,31.5
2022-08-28 00:00:00+00:00,31.38
2022-08-28 04:00:00+00:00,31.76
2022-08-28 08:00:00+00:00,31.74
2022-08-28 12:00:00+00:00,31.82
2022-08-28 16:00:00+00:00,31.66
2022-08-28 20:00:00+00:00,30.38
2022-08-29 00:00:00+00:00,30.66
2022-08-29 04:00:00+00:00,30.56
2022-08-29 08:00:00+00:00,30.68
2022-08-29 12:00:00+00:00,31.78
2022-08-29 16:00:00+00:00,31.52
2022-08-29 20:00:00+00:00,32.39
2022-08-30 00:00:00+00:00,32.29
2022-08-30 04:00:00+00:00,32.71
2022-08-30 08:00:00+00:00,32.73
2022-08-30 12:00:00+00:00,31.18
2022-08-30 16:00:00+00:00,31.53
2022-08-30 20:00:00+00:00,31.47
2022-08-31 00:00:00+00:00,32.44
2022-08-31 04:00:00+00:00,32.28
2022-08-31 08:00:00+00:00,32.55
2022-08-31 12:00:00+00:00,31.9
2022-08-31 16:00:00+00:00,32.09
2022-08-31 20:00:00+00:00,31.46
2022-09-01 00:00:00+00:00,31.2
2022-09-01 04:00:00+00:00,31.05
2022-09-01 08:00:00+00:00,31.44
2022-09-01 12:00:00+00:00,30.75
2022-09-01 16:00:00+00:00,31.05
2022-09-01 20:00:00+00:00,31.59
2022-09-02 00:00:00+00:00,31.56
2022-09-02 04:00:00+00:00,31.61
2022-09-02 08:00:00+00:00,31.56
2022-09-02 12:00:00+00:00,32.25
2022-09-02 16:00:00+00:00,31.04
2022-09-02 20:00:00+00:00,31.21
2022-09-03 00:00:00+00:00,30.92
2022-09-03 04:00:00+00:00,31.01
2022-09-03 08:00:00+00:00,31.01
2022-09-03 12:00:00+00:00,31.11
2022-09-03 16:00:00+00:00,30.96
2022-09-03 20:00:00+00:00,31.1
2022-09-04 00:00:00+00:00,31.41
2022-09-04 04:00:00+00:00,31.08
2022-09-04 08:00:00+00:00,31.85
2022-09-04 12:00:00+00:00,31.79
2022-09-04 16:00:00+00:00,31.71
2022-09-04 20:00:00+00:00,32.15
2022-09-05 00:00:00+00:00,32.09
2022-09-05 04:00:00+00:00,31.67
2022-09-05 08:00:00+00:00,31.26
2022-09-05 12:00:00+00:00,31.83
2022-09-05 16:00:00+00:00,31.7
2022-09-05 20:00:00+00:00,32.15
2022-09-06 00:00:00+00:00,32.71
2022-09-06 04:00:00+00:00,32.96
2022-09-06 08:00:00+00:00,33.22
2022-09-06 12:00:00+00:00,33.77
2022-09-06 16:00:00+00:00,31.0
2022-09-06 20:00:00+00:00,30.87
2022-09-07 00:00:00+00:00,30.86
2022-09-07 04:00:00+00:00,31.07
2022-09-07 08:00:00+00:00,31.15
2022-09-07 12:00:00+00:00,31.45
2022-09-07 16:00:00+00:00,31.94
2022-09-07 20:00:00+00:00,32.68
2022-09-08 00:00:00+00:00,32.43
2022-09-08 04:00:00+00:00,32.36
2022-09-08 08:00:00+00:00,32.89
2022-09-08 12:00:00+00:00,33.38
2022-09-08 16:00:00+00:00,33.45
2022-09-08 20:00:00+00:00,33.6
2022-09-09 00:00:00+00:00,34.72
2022-09-09 04:00:00+00:00,35.36
2022-09-09 08:00:00+00:00,35.36
2022-09-09 12:00:00+00:00,34.95
2022-09-09 16:00:00+00:00,34.78
2022-09-09 20:00:00+00:00,34.66
2022-09-10 00:00:00+00:00,34.69
2022-09-10 04:00:00+00:00,34.34
2022-09-10 08:00:00+00:00,34.73
2022-09-10 12:00:00+00:00,34.47
2022-09-10 16:00:00+00:00,34.89
2022-09-10 20:00:00+00:00,35.03
2022-09-11 00:00:00+00:00,34.74
2022-09-11 04:00:00+00:00,34.59
2022-09-11 08:00:00+00:00,34.74
2022-09-11 12:00:00+00:00,35.22
2022-09-11 16:00:00+00:00,35.26
2022-09-11 20:00:00+00:00,34.97
2022-09-12 00:00:00+00:00,34.89
2022-09-12 04:00:00+00:00,35.45
2022-09-12 08:00:00+00:00,37.69
2022-09-12 12:00:00+00:00,37.13
2022-09-12 16:00:00+00:00,37.62
2022-09-12 20:00:00+00:00,37.43
2022-09-13 00:00:00+00:00,38.75
2022-09-13 04:00:00+00:00,38.51
2022-09-13 08:00:00+00:00,38.44
2022-09-13 12:00:00+00:00,34.72
2022-09-13 16:00:00+00:00,34.05
2022-09-13 20:00:00+00:00,32.96
2022-09-14 00:00:00+00:00,33.58
2022-09-14 04:00:00+00:00,33.15
2022-09-14 08:00:00+00:00,33.22
2022-09-14 12:00:00+00:00,33.5
2022-09-14 16:00:00+00:00,33.47
2022-09-14 20:00:00+00:00,34.09
2022-09-15 00:00:00+00:00,33.05
2022-09-15 04:00:00+00:00,34.69
2022-09-15 08:00:00+00:00,33.9
2022-09-15 12:00:00+00:00,32.98
2022-09-15 16:00:00+00:00,33.39
2022-09-15 20:00:00+00:00,33.05
2022-09-16 00:00:00+00:00,32.84
2022-09-16 04:00:00+00:00,32.82
2022-09-16 08:00:00+00:00,33.05
2022-09-16 12:00:00+00:00,32.26
2022-09-16 16:00:00+00:00,32.08
2022-09-16 20:00:00+00:00,32.24
2022-09-17 00:00:00+00:00,32.66
2022-09-17 04:00:00+00:00,32.82
2022-09-17 08:00:00+00:00,32.61
2022-09-17 12:00:00+00:00,33.28
2022-09-17 16:00:00+00:00,33.24
2022-09-17 20:00:00+00:00,33.66
2022-09-18 00:00:00+00:00,33.4
2022-09-18 04:00:00+00:00,33.8
2022-09-18 08:00:00+00:00,33.31
2022-09-18 12:00:00+00:00,32.88
2022-09-18 16:00:00+00:00,32.4
2022-09-18 20:00:00+00:00,31.07
2022-09-19 00:00:00+00:00,30.87
2022-09-19 04:00:00+00:00,31.08
2022-09-19 08:00:00+00:00,31.23
2022-09-19 12:00:00+00:00,31.89
2022-09-19 16:00:00+00:00,32.8
2022-09-19 20:00:00+00:00,32.62
2022-09-20 00:00:00+00:00,32.42
2022-09-20 04:00:00+00:00,32.32
2022-09-20 08:00:00+00:00,32.17
2022-09-20 12:00:00+00:00,32.48
2022-09-20 16:00:00+00:00,31.82
2022-09-20 20:00:00+00:00,31.4
2022-09-21 00:00:00+00:00,31.82
2022-09-21 04:00:00+00:00,31.73
2022-09-21 08:00:00+00:00,32.02
2022-09-21 12:00:00+00:00,31.48
2022-09-21 16:00:00+00:00,31.52
2022-09-21 20:00:00+00:00,30.63
2022-09-22 00:00:00+00:00,31.0
2022-09-22 04:00:00+00:00,31.73
2022-09-22 08:00:00+00:00,32.34
2022-09-22 12:00:00+00:00,31.89
2022-09-22 16:00:00+00:00,32.45
2022-09-22 20:00:00+00:00,32.41
2022-09-23 00:00:00+00:00,32.99
2022-09-23 04:00:00+00:00,32.57
2022-09-23 08:00:00+00:00,31.72
2022-09-23 12:00:00+00:00,31.57
2022-09-23 16:00:00+00:00,31.91
2022-09-23 20:00:00+00:00,33.66
2022-09-24 00:00:00+00:00,33.98
2022-09-24 04:00:00+00:00,33.72
2022-09-24 08:00:00+00:00,34.47
2022-09-24 12:00:00+00:00,33.72
2022-09-24 16:00:00+00:00,34.04
2022-09-24 20:00:00+00:00,33.36
2022-09-25 00:00:00+00:00,33.69
2022-09-25 04:00:00+00:00,33.93
2022-09-25 08:00:00+00:00,33.62
2022-09-25 12:00:00+00:00,33.2
2022-09-25 16:00:00+00:00,32.7
2022-09-25 20:00:00+00:00,32.31
2022-09-26 00:00:00+00:00,32.5
2022-09-26 04:00:00+00:00,32.44
2022-09-26 08:00:00+00:00,32.52
2022-09-26 12:00:00+00:00,33.09
2022-09-26 16:00:00+00:00,33.72
2022-09-26 20:00:00+00:00,33.86
2022-09-27 00:00:00+00:00,34.72
2022-09-27 04:00:00+00:00,34.5
2022-09-27 08:00:00+00:00,34.64
2022-09-27 12:00:00+00:00,34.37
2022-09-27 16:00:00+00:00,32.59
2022-09-27 20:00:00+00:00,32.66
2022-09-28 00:00:00+00:00,32.32
2022-09-28 04:00:00+00:00,32.31
2022-09-28 08:00:00+00:00,32.47
2022-09-28 12:00:00+00:00,33.1
2022-09-28 16:00:00+00:00,33.56
2022-09-28 20:00:00+00:00,33.22
2022-09-29 00:00:00+00:00,33.71
2022-09-29 04:00:00+00:00,33.33
2022-09-29 08:00:00+00:00,33.74
2022-09-29 12:00:00+00:00,34.1
2022-09-29 16:00:00+00:00,33.8
2022-09-29 20:00:00+00:00,33.92
2022-09-30 00:00:00+00:00,34.07
2022-09-30 04:00:00+00:00,34.2
2022-09-30 08:00:00+00:00,33.96
2022-09-30 12:00:00+00:00,34.65
2022-09-30 16:00:00+00:00,33.71
2022-09-30 20:00:00+00:00,33.22
2022-10-01 00:00:00+00:00,33.07
2022-10-01 04:00:00+00:00,33.0
2022-10-01 08:00:00+00:00,33.01
2022-10-01 12:00:00+00:00,32.97
2022-10-01 16:00:00+00:00,32.61
2022-10-01 20:00:00+00:00,32.42
2022-10-02 00:00:00+00:00,32.82
2022-10-02 04:00:00+00:00,32.8
2022-10-02 08:00:00+00:00,32.52
2022-10-02 12:00:00+00:00,32.39
2022-10-02 16:00:00+00:00,32.7
2022-10-02 20:00:00+00:00,32.04
2022-10-03 00:00:00+00:00,32.31
2022-10-03 04:00:00+00:00,32.25
2022-10-03 08:00:00+00:00,32.5
2022-10-03 12:00:00+00:00,32.82
2022-10-03 16:00:00+00:00,32.93
2022-10-03 20:00:00+00:00,32.89
2022-10-04 00:00:00+00:00,33.09
2022-10-04 04:00:00+00:00,33.71
2022-10-04 08:00:00+00:00,33.64
2022-10-04 12:00:00+00:00,34.16
2022-10-04 16:00:00+00:00,34.08
2022-10-04 20:00:00+00:00,34.08
2022-10-05 00:00:00+00:00,34.05
2022-10-05 04:00:00+00:00,34.11
2022-10-05 08:00:00+00:00,33.51
2022-10-05 12:00:00+00:00,33.66
2022-10-05 16:00:00+00:00,33.85
2022-10-05 20:00:00+00:00,34.02
2022-10-06 00:00:00+00:00,34.31
2022-10-06 04:00:00+00:00,34.03
2022-10-06 08:00:00+00:00,34.11
2022-10-06 12:00:00+00:00,33.82
2022-10-06 16:00:00+00:00,33.63
2022-10-06 20:00:00+00:00,33.33
2022-10-07 00:00:00+00:00,33.6
2022-10-07 04:00:00+00:00,33.31
2022-10-07 08:00:00+00:00,33.33
2022-10-07 12:00:00+00:00,32.87
2022-10-07 16:00:00+00:00,32.94
2022-10-07 20:00:00+00:00,32.96
2022-10-08 00:00:00+00:00,32.81
2022-10-08 04:00:00+00:00,32.97
2022-10-08 08:00:00+00:00,32.94
2022-10-08 12:00:00+00:00,32.79
2022-10-08 16:00:00+00:00,32.7
2022-10-08 20:00:00+00:00,32.56
2022-10-09 00:00:00+00:00,32.5
2022-10-09 04:00:00+00:00,32.68
2022-10-09 08:00:00+00:00,32.82
2022-10-09 12:00:00+00:00,33.07
2022-10-09 16:00:00+00:00,32.94
2022-10-09 20:00:00+00:00,32.9
2022-10-10 00:00:00+00:00,33.03
2022-10-10 04:00:00+00:00,32.89
2022-10-10 08:00:00+00:00,32.69
2022-10-10 12:00:00+00:00,32.57
2022-10-10 16:00:00+00:00,32.46
2022-10-10 20:00:00+00:00,31.93
2022-10-11 00:00:00+00:00,31.36
2022-10-11 04:00:00+00:00,31.53
2022-10-11 08:00:00+00:00,31.53
2022-10-11 12:00:00+00:00,31.54
2022-10-11 16:00:00+00:00,31.15
2022-10-11 20:00:00+00:00,30.78
2022-10-12 00:00:00+00:00,30.91
2022-10-12 04:00:00+00:00,31.23
2022-10-12 08:00:00+00:00,31.23
2022-10-12 12:00:00+00:00,31.26
2022-10-12 16:00:00+00:00,31.1
2022-10-12 20:00:00+00:00,31.14
2022-10-13 00:00:00+00:00,30.74
2022-10-13 04:00:00+00:00,29.69
2022-10-13 08:00:00+00:00,28.78
2022-10-13 12:00:00+00:00,29.64
2022-10-13 16:00:00+00:00,30.56
2022-10-13 20:00:00+00:00,30.47
2022-10-14 00:00:00+00:00,31.63
2022-10-14 04:00:00+00:00,31.33
2022-10-14 08:00:00+00:00,31.21
2022-10-14 12:00:00+00:00,30.81
2022-10-14 16:00:00+00:00,30.19
2022-10-14 20:00:00+00:00,29.97
2022-10-15 00:00:00+00:00,30.07
2022-10-15 04:00:00+00:00,30.03
2022-10-15 08:00:00+00:00,29.97
2022-10-15 12:00:00+00:00,29.89
2022-10-15 16:00:00+00:00,29.83
2022-10-15 20:00:00+00:00,29.58
2022-10-16 00:00:00+00:00,29.76
2022-10-16 04:00:00+00:00,29.74
2022-10-16 08:00:00+00:00,29.92
2022-10-16 12:00:00+00:00,29.94
2022-10-16 16:00:00+00:00,30.38
2022-10-16 20:00:00+00:00,30.14
2022-10-17 00:00:00+00:00,29.99
2022-10-17 04:00:00+00:00,30.29
2022-10-17 08:00:00+00:00,30.51
2022-10-17 12:00:00+00:00,30.91
2022-10-17 16:00:00+00:00,30.79
2022-10-17 20:00:00+00:00,31.18
2022-10-18 00:00:00+00:00,31.09
2022-10-18 04:00:00+00:00,31.12
2022-10-18 08:00:00+00:00,30.82
2022-10-18 12:00:00+00:00,30.3
2022-10-18 16:00:00+00:00,30.06
2022-10-18 20:00:00+00:00,30.13
2022-10-19 00:00:00+00:00,30.03
2022-10-19 04:00:00+00:00,30.04
2022-10-19 08:00:00+00:00,29.92
2022-10-19 12:00:00+00:00,29.97
2022-10-19 16:00:00+00:00,29.74
2022-10-19 20:00:00+00:00,28.84
2022-10-20 00:00:00+00:00,28.89
2022-10-20 04:00:00+00:00,29.24
2022-10-20 08:00:00+00:00,29.32
2022-10-20 12:00:00+00:00,29.13
2022-10-20 16:00:00+00:00,28.25
2022-10-20 20:00:00+00:00,28.0
2022-10-21 00:00:00+00:00,28.12
2022-10-21 04:00:00+00:00,27.9
2022-10-21 08:00:00+00:00,27.47
2022-10-21 12:00:00+00:00,27.57
2022-10-21 16:00:00+00:00,28.16
2022-10-21 20:00:00+00:00,28.08
2022-10-22 00:00:00+00:00,27.79
2022-10-22 04:00:00+00:00,27.74
2022-10-22 08:00:00+00:00,27.96
2022-10-22 12:00:00+00:00,27.98
2022-10-22 16:00:00+00:00,27.81
2022-10-22 20:00:00+00:00,27.98
2022-10-23 00:00:00+00:00,28.35
2022-10-23 04:00:00+00:00,28.4
2022-10-23 08:00:00+00:00,27.94
2022-10-23 12:00:00+00:00,27.92
2022-10-23 16:00:00+00:00,28.79
2022-10-23 20:00:00+00:00,29.25
2022-10-24 00:00:00+00:00,28.6
2022-10-24 04:00:00+00:00,28.52
2022-10-24 08:00:00+00:00,29.11
2022-10-24 12:00:00+00:00,28.43
2022-10-24 16:00:00+00:00,28.4
2022-10-24 20:00:00+00:00,28.28
2022-10-25 00:00:00+00:00,28.46
2022-10-25 04:00:00+00:00,28.42
2022-10-25 08:00:00+00:00,28.2
2022-10-25 12:00:00+00:00,29.7
2022-10-25 16:00:00+00:00,31.5
2022-10-25 20:00:00+00:00,30.85
2022-10-26 00:00:00+00:00,31.09
2022-10-26 04:00:00+00:00,31.32
2022-10-26 08:00:00+00:00,31.24
2022-10-26 12:00:00+00:00,31.4
2022-10-26 16:00:00+00:00,31.26
2022-10-26 20:00:00+00:00,31.27
2022-10-27 00:00:00+00:00,31.43
2022-10-27 04:00:00+00:00,31.62
2022-10-27 08:00:00+00:00,31.35
2022-10-27 12:00:00+00:00,31.28
2022-10-27 16:00:00+00:00,31.41
2022-10-27 20:00:00+00:00,30.57
2022-10-28 00:00:00+00:00,30.66
2022-10-28 04:00:00+00:00,30.21
2022-10-28 08:00:00+00:00,30.41
2022-10-28 12:00:00+00:00,31.06
2022-10-28 16:00:00+00:00,31.99
2022-10-28 20:00:00+00:00,32.06
2022-10-29 00:00:00+00:00,32.88
2022-10-29 04:00:00+00:00,33.27
2022-10-29 08:00:00+00:00,32.97
2022-10-29 12:00:00+00:00,33.14
2022-10-29 16:00:00+00:00,32.91
2022-10-29 20:00:00+00:00,32.86
2022-10-30 00:00:00+00:00,33.0
2022-10-30 04:00:00+00:00,33.39
2022-10-30 08:00:00+00:00,32.66
2022-10-30 12:00:00+00:00,32.2
2022-10-30 16:00:00+00:00,32.33
2022-10-30 20:00:00+00:00,32.91
2022-10-31 00:00:00+00:00,32.8
2022-10-31 04:00:00+00:00,33.41
2022-10-31 08:00:00+00:00,34.02
2022-10-31 12:00:00+00:00,32.97
2022-10-31 16:00:00+00:00,32.52
2022-10-31 20:00:00+00:00,32.54
2022-11-01 00:00:00+00:00,32.59
2022-11-01 04:00:00+00:00,33.0
2022-11-01 08:00:00+00:00,32.87
2022-11-01 12:00:00+00:00,32.45
2022-11-01 16:00:00+00:00,32.19
2022-11-01 20:00:00+00:00,32.18
2022-11-02 00:00:00+00:00,32.24
2022-11-02 04:00:00+00:00,31.68
2022-11-02 08:00:00+00:00,31.29
2022-11-02 12:00:00+00:00,31.31
2022-11-02 16:00:00+00:00,30.88
2022-11-02 20:00:00+00:00,30.79
2022-11-03 00:00:00+00:00,31.63
2022-11-03 04:00:00+00:00,31.63
2022-11-03 08:00:00+00:00,31.25
2022-11-03 12:00:00+00:00,31.18
2022-11-03 16:00:00+00:00,31.28
2022-11-03 20:00:00+00:00,30.83
2022-11-04 00:00:00+00:00,31.92
2022-11-04 04:00:00+00:00,32.38
2022-11-04 08:00:00+00:00,32.29
2022-11-04 12:00:00+00:00,33.07
2022-11-04 16:00:00+00:00,33.49
2022-11-04 20:00:00+00:00,33.72
2022-11-05 00:00:00+00:00,34.69
2022-11-05 04:00:00+00:00,35.21
2022-11-05 08:00:00+00:00,35.4
2022-11-05 12:00:00+00:00,37.2
2022-11-05 16:00:00+00:00,37.05
2022-11-05 20:00:00+00:00,36.89
2022-11-06 00:00:00+00:00,36.0
2022-11-06 04:00:00+00:00,36.14
2022-11-06 08:00:00+00:00,35.75
2022-11-06 12:00:00+00:00,35.03
2022-11-06 16:00:00+00:00,34.17
2022-11-06 20:00:00+00:00,32.6
2022-11-07 00:00:00+00:00,32.43
2022-11-07 04:00:00+00:00,30.75
2022-11-07 08:00:00+00:00,31.61
2022-11-07 12:00:00+00:00,32.8
2022-11-07 16:00:00+00:00,32.35
2022-11-07 20:00:00+00:00,29.59
2022-11-08 00:00:00+00:00,26.43
2022-11-08 04:00:00+00:00,27.92
2022-11-08 08:00:00+00:00,27.96
2022-11-08 12:00:00+00:00,27.7
2022-11-08 16:00:00+00:00,22.73
2022-11-08 20:00:00+00:00,23.82
2022-11-09 00:00:00+00:00,21.22
2022-11-09 04:00:00+00:00,18.22
2022-11-09 08:00:00+00:00,17.44
2022-11-09 12:00:00+00:00,12.9
2022-11-09 16:00:00+00:00,11.742
2022-11-09 20:00:00+00:00,11.7
2022-11-10 00:00:00+00:00,14.087
2022-11-10 04:00:00+00:00,14.718
2022-11-10 08:00:00+00:00,14.001
2022-11-10 12:00:00+00:00,17.459
2022-11-10 16:00:00+00:00,17.103
2022-11-10 20:00:00+00:00,17.615
2022-11-11 00:00:00+00:00,16.339
2022-11-11 04:00:00+00:00,17.157
2022-11-11 08:00:00+00:00,18.085
2022-11-11 12:00:00+00:00,16.442
2022-11-11 16:00:00+00:00,16.203
2022-11-11 20:00:00+00:00,16.426
2022-11-12 00:00:00+00:00,15.785
2022-11-12 04:00:00+00:00,15.486
2022-11-12 08:00:00+00:00,15.279
2022-11-12 12:00:00+00:00,14.792
2022-11-12 16:00:00+00:00,15.135
2022-11-12 20:00:00+00:00,14.56
2022-11-13 00:00:00+00:00,14.526
2022-11-13 04:00:00+00:00,13.939
2022-11-13 08:00:00+00:00,13.753
2022-11-13 12:00:00+00:00,14.044
2022-11-13 16:00:00+00:00,13.98
2022-11-13 20:00:00+00:00,13.126
2022-11-14 00:00:00+00:00,12.98
2022-11-14 04:00:00+00:00,14.517
2022-11-14 08:00:00+00:00,14.198
2022-11-14 12:00:00+00:00,13.705
2022-11-14 16:00:00+00:00,13.743
2022-11-14 20:00:00+00:00,13.999
2022-11-15 00:00:00+00:00,14.182
2022-11-15 04:00:00+00:00,14.471
2022-11-15 08:00:00+00:00,14.525
2022-11-15 12:00:00+00:00,14.316
2022-11-15 16:00:00+00:00,14.318
2022-11-15 20:00:00+00:00,14.303
2022-11-16 00:00:00+00:00,14.497
2022-11-16 04:00:00+00:00,14.317
2022-11-16 08:00:00+00:00,14.134
2022-11-16 12:00:00+00:00,13.751
2022-11-16 16:00:00+00:00,14.118
2022-11-16 20:00:00+00:00,14.257
2022-11-17 00:00:00+00:00,14.248
2022-11-17 04:00:00+00:00,14.257
2022-11-17 08:00:00+00:00,14.21
2022-11-17 12:00:00+00:00,13.531
2022-11-17 16:00:00+00:00,13.44
2022-11-17 20:00:00+00:00,13.62
2022-11-18 00:00:00+00:00,13.701
2022-11-18 04:00:00+00:00,13.597
2022-11-18 08:00:00+00:00,13.537
2022-11-18 12:00:00+00:00,13.354
2022-11-18 16:00:00+00:00,13.145
2022-11-18 20:00:00+00:00,13.257
2022-11-19 00:00:00+00:00,12.851
2022-11-19 04:00:00+00:00,12.856
2022-11-19 08:00:00+00:00,12.838
2022-11-19 12:00:00+00:00,12.715
2022-11-19 16:00:00+00:00,12.78
2022-11-19 20:00:00+00:00,12.837
2022-11-20 00:00:00+00:00,12.915
2022-11-20 04:00:00+00:00,13.048
2022-11-20 08:00:00+00:00,12.536
2022-11-20 12:00:00+00:00,12.973
2022-11-20 16:00:00+00:00,12.761
2022-11-20 20:00:00+00:00,12.251
2022-11-21 00:00:00+00:00,11.741
2022-11-21 04:00:00+00:00,11.709
2022-11-21 08:00:00+00:00,11.795
2022-11-21 12:00:00+00:00,11.911
2022-11-21 16:00:00+00:00,11.409
2022-11-21 20:00:00+00:00,11.825
2022-11-22 00:00:00+00:00,11.595
2022-11-22 04:00:00+00:00,11.5
2022-11-22 08:00:00+00:00,10.995
2022-11-22 12:00:00+00:00,12.054
2022-11-22 16:00:00+00:00,11.824
2022-11-22 20:00:00+00:00,12.427
2022-11-23 00:00:00+00:00,13.069
2022-11-23 04:00:00+00:00,13.112
2022-11-23 08:00:00+00:00,13.302
2022-11-23 12:00:00+00:00,13.052
2022-11-23 16:00:00+00:00,14.01
2022-11-23 20:00:00+00:00,14.331
2022-11-24 00:00:00+00:00,14.571
2022-11-24 04:00:00+00:00,14.387
2022-11-24 08:00:00+00:00,14.048
2022-11-24 12:00:00+00:00,14.403
2022-11-24 16:00:00+00:00,14.42
2022-11-24 20:00:00+00:00,14.591
2022-11-25 00:00:00+00:00,14.182
2022-11-25 04:00:00+00:00,14.218
2022-11-25 08:00:00+00:00,14.298
2022-11-25 12:00:00+00:00,14.133
2022-11-25 16:00:00+00:00,14.207
2022-11-25 20:00:00+00:00,14.015
2022-11-26 00:00:00+00:00,14.357
2022-11-26 04:00:00+00:00,14.467
2022-11-26 08:00:00+00:00,14.732
2022-11-26 12:00:00+00:00,14.411
2022-11-26 16:00:00+00:00,14.207
2022-11-26 20:00:00+00:00,14.133
2022-11-27 00:00:00+00:00,14.246
2022-11-27 04:00:00+00:00,14.308
2022-11-27 08:00:00+00:00,14.329
2022-11-27 12:00:00+00:00,14.402
2022-11-27 16:00:00+00:00,14.295
2022-11-27 20:00:00+00:00,14.099
2022-11-28 00:00:00+00:00,13.051
2022-11-28 04:00:00+00:00,13.385
2022-11-28 08:00:00+00:00,13.39
2022-11-28 12:00:00+00:00,13.244
2022-11-28 16:00:00+00:00,13.349
2022-11-28 20:00:00+00:00,13.313
2022-11-29 00:00:00+00:00,13.463
2022-11-29 04:00:00+00:00,13.716
2022-11-29 08:00:00+00:00,13.622
2022-11-29 12:00:00+00:00,13.426
2022-11-29 16:00:00+00:00,13.397
2022-11-29 20:00:00+00:00,13.336
2022-11-30 00:00:00+00:00,13.47
2022-11-30 04:00:00+00:00,13.688
2022-11-30 08:00:00+00:00,13.695
2022-11-30 12:00:00+00:00,13.518
2022-11-30 16:00:00+00:00,13.614
2022-11-30 20:00:00+00:00,14.162
2022-12-01 00:00:00+00:00,13.909
2022-12-01 04:00:00+00:00,13.796
2022-12-01 08:00:00+00:00,13.819
2022-12-01 12:00:00+00:00,13.616
2022-12-01 16:00:00+00:00,13.498
2022-12-01 20:00:00+00:00,13.489
2022-12-02 00:00:00+00:00,13.407
2022-12-02 04:00:00+00:00,13.496
2022-12-02 08:00:00+00:00,13.595
2022-12-02 12:00:00+00:00,13.523
2022-12-02 16:00:00+00:00,13.677
2022-12-02 20:00:00+00:00,13.703
2022-12-03 00:00:00+00:00,13.624
2022-12-03 04:00:00+00:00,13.544
2022-12-03 08:00:00+00:00,13.479
2022-12-03 12:00:00+00:00,13.565
2022-12-03 16:00:00+00:00,13.516
2022-12-03 20:00:00+00:00,13.289
2022-12-04 00:00:00+00:00,13.415
2022-12-04 04:00:00+00:00,13.446
2022-12-04 08:00:00+00:00,13.367
2022-12-04 12:00:00+00:00,13.478
2022-12-04 16:00:00+00:00,13.537
2022-12-04 20:00:00+00:00,13.7
2022-12-05 00:00:00+00:00,13.898
2022-12-05 04:00:00+00:00,13.928
2022-12-05 08:00:00+00:00,13.979
2022-12-05 12:00:00+00:00,13.748
2022-12-05 16:00:00+00:00,13.676
2022-12-05 20:00:00+00:00,13.81
2022-12-06 00:00:00+00:00,14.155
2022-12-06 04:00:00+00:00,14.138
2022-12-06 08:00:00+00:00,14.005
2022-12-06 12:00:00+00:00,13.979
2022-12-06 16:00:00+00:00,14.009
2022-12-06 20:00:00+00:00,14.281
2022-12-07 00:00:00+00:00,14.036
2022-12-07 04:00:00+00:00,13.616
2022-12-07 08:00:00+00:00,13.612
2022-12-07 12:00:00+00:00,13.679
2022-12-07 16:00:00+00:00,13.57
2022-12-07 20:00:00+00:00,13.487
2022-12-08 00:00:00+00:00,13.438
2022-12-08 04:00:00+00:00,13.489
2022-12-08 08:00:00+00:00,13.487
2022-12-08 12:00:00+00:00,13.556
2022-12-08 16:00:00+00:00,13.728
2022-12-08 20:00:00+00:00,13.67
2022-12-09 00:00:00+00:00,13.737
2022-12-09 04:00:00+00:00,13.693
2022-12-09 08:00:00+00:00,13.852
2022-12-09 12:00:00+00:00,13.861
2022-12-09 16:00:00+00:00,13.608
2022-12-09 20:00:00+00:00,13.579
2022-12-10 00:00:00+00:00,13.614
2022-12-10 04:00:00+00:00,13.617
2022-12-10 08:00:00+00:00,13.581
2022-12-10 12:00:00+00:00,13.629
2022-12-10 16:00:00+00:00,13.641
2022-12-10 20:00:00+00:00,13.56
2022-12-11 00:00:00+00:00,13.637
2022-12-11 04:00:00+00:00,13.636
2022-12-11 08:00:00+00:00,13.62
2022-12-11 12:00:00+00:00,13.658
2022-12-11 16:00:00+00:00,13.718
2022-12-11 20:00:00+00:00,13.406
2022-12-12 00:00:00+00:00,12.949
2022-12-12 04:00:00+00:00,12.972
2022-12-12 08:00:00+00:00,13.155
2022-12-12 12:00:00+00:00,13.101
2022-12-12 16:00:00+00:00,13.235
2022-12-12 20:00:00+00:00,13.304
2022-12-13 00:00:00+00:00,13.072
2022-12-13 04:00:00+00:00,12.958
2022-12-13 08:00:00+00:00,13.343
2022-12-13 12:00:00+00:00,13.731
2022-12-13 16:00:00+00:00,13.795
2022-12-13 20:00:00+00:00,13.894
2022-12-14 00:00:00+00:00,13.954
2022-12-14 04:00:00+00:00,13.911
2022-12-14 08:00:00+00:00,13.981
2022-12-14 12:00:00+00:00,14.48
2022-12-14 16:00:00+00:00,14.296
2022-12-14 20:00:00+00:00,14.12
2022-12-15 00:00:00+00:00,14.368
2022-12-15 04:00:00+00:00,14.132
2022-12-15 08:00:00+00:00,14.103
2022-12-15 12:00:00+00:00,13.999
2022-12-15 16:00:00+00:00,14.097
2022-12-15 20:00:00+00:00,14.044
2022-12-16 00:00:00+00:00,14.039
2022-12-16 04:00:00+00:00,14.079
2022-12-16 08:00:00+00:00,13.495
2022-12-16 12:00:00+00:00,13.002
2022-12-16 16:00:00+00:00,13.007
2022-12-16 20:00:00+00:00,12.239
2022-12-17 00:00:00+00:00,12.243
2022-12-17 04:00:00+00:00,12.436
2022-12-17 08:00:00+00:00,12.293
2022-12-17 12:00:00+00:00,12.304
2022-12-17 16:00:00+00:00,12.251
2022-12-17 20:00:00+00:00,12.489
2022-12-18 00:00:00+00:00,12.482
2022-12-18 04:00:00+00:00,12.415
2022-12-18 08:00:00+00:00,12.383
2022-12-18 12:00:00+00:00,12.308
2022-12-18 16:00:00+00:00,12.432
2022-12-18 20:00:00+00:00,12.369
2022-12-19 00:00:00+00:00,12.221
2022-12-19 04:00:00+00:00,12.215
2022-12-19 08:00:00+00:00,12.273
2022-12-19 12:00:00+00:00,12.166
2022-12-19 16:00:00+00:00,12.003
2022-12-19 20:00:00+00:00,11.93
2022-12-20 00:00:00+00:00,12.182
2022-12-20 04:00:00+00:00,12.336
2022-12-20 08:00:00+00:00,12.361
2022-12-20 12:00:00+00:00,12.331
2022-12-20 16:00:00+00:00,12.233
2022-12-20 20:00:00+00:00,12.247
2022-12-21 00:00:00+00:00,12.068
2022-12-21 04:00:00+00:00,12.013
2022-12-21 08:00:00+00:00,12.095
2022-12-21 12:00:00+00:00,12.055
2022-12-21 16:00:00+00:00,11.945
2022-12-21 20:00:00+00:00,12.127
2022-12-22 00:00:00+00:00,12.112
2022-12-22 04:00:00+00:00,12.05
2022-12-22 08:00:00+00:00,12.108
2022-12-22 12:00:00+00:00,11.758
2022-12-22 16:00:00+00:00,11.837
2022-12-22 20:00:00+00:00,11.814
2022-12-23 00:00:00+00:00,12.014
2022-12-23 04:00:00+00:00,11.882
2022-12-23 08:00:00+00:00,11.875
2022-12-23 12:00:00+00:00,11.836
2022-12-23 16:00:00+00:00,11.843
2022-12-23 20:00:00+00:00,11.772
2022-12-24 00:00:00+00:00,11.779
2022-12-24 04:00:00+00:00,11.332
2022-12-24 08:00:00+00:00,11.296
2022-12-24 12:00:00+00:00,11.352
2022-12-24 16:00:00+00:00,11.536
2022-12-24 20:00:00+00:00,11.423
2022-12-25 00:00:00+00:00,11.448
2022-12-25 04:00:00+00:00,11.468
2022-12-25 08:00:00+00:00,11.391
2022-12-25 12:00:00+00:00,11.341
2022-12-25 16:00:00+00:00,11.388
2022-12-25 20:00:00+00:00,11.373
2022-12-26 00:00:00+00:00,11.412
2022-12-26 04:00:00+00:00,11.303
2022-12-26 08:00:00+00:00,11.339
2022-12-26 12:00:00+00:00,11.169
2022-12-26 16:00:00+00:00,11.174
2022-12-26 20:00:00+00:00,11.325
2022-12-27 00:00:00+00:00,11.279
2022-12-27 04:00:00+00:00,11.221
2022-12-27 08:00:00+00:00,11.13
2022-12-27 12:00:00+00:00,10.751
2022-12-27 16:00:00+00:00,11.009
2022-12-27 20:00:00+00:00,11.087
2022-12-28 00:00:00+00:00,10.769
2022-12-28 04:00:00+00:00,10.133
2022-12-28 08:00:00+00:00,9.999
2022-12-28 12:00:00+00:00,9.94
2022-12-28 16:00:00+00:00,9.773
2022-12-28 20:00:00+00:00,9.749
2022-12-29 00:00:00+00:00,9.761
2022-12-29 04:00:00+00:00,9.612
2022-12-29 08:00:00+00:00,9.449
2022-12-29 12:00:00+00:00,9.376
2022-12-29 16:00:00+00:00,8.778
2022-12-29 20:00:00+00:00,9.614
2022-12-30 00:00:00+00:00,9.491
2022-12-30 04:00:00+00:00,9.108
2022-12-30 08:00:00+00:00,9.09
2022-12-30 12:00:00+00:00,9.564
2022-12-30 16:00:00+00:00,9.814
2022-12-30 20:00:00+00:00,9.877
2022-12-31 00:00:00+00:00,9.721
2022-12-31 04:00:00+00:00,9.82
2022-12-31 08:00:00+00:00,9.841
2022-12-31 12:00:00+00:00,10.13
2022-12-31 16:00:00+00:00,10.047
2022-12-31 20:00:00+00:00,9.968
2023-01-01 00:00:00+00:00,9.957
2023-01-01 04:00:00+00:00,9.782
2023-01-01 08:00:00+00:00,9.915
2023-01-01 12:00:00+00:00,9.848
2023-01-01 16:00:00+00:00,9.945
2023-01-01 20:00:00+00:00,9.977
2023-01-02 00:00:00+00:00,9.977
2023-01-02 04:00:00+00:00,11.083
2023-01-02 08:00:00+00:00,11.007
2023-01-02 12:00:00+00:00,11.108
2023-01-02 16:00:00+00:00,11.244
2023-01-02 20:00:00+00:00,11.259
2023-01-03 00:00:00+00:00,11.199
2023-01-03 04:00:00+00:00,11.881
2023-01-03 08:00:00+00:00,11.81
2023-01-03 12:00:00+00:00,12.819
2023-01-03 16:00:00+00:00,12.896
2023-01-03 20:00:00+00:00,13.326
2023-01-04 00:00:00+00:00,13.435
2023-01-04 04:00:00+00:00,14.109
2023-01-04 08:00:00+00:00,13.629
2023-01-04 12:00:00+00:00,13.352
2023-01-04 16:00:00+00:00,13.177
2023-01-04 20:00:00+00:00,13.405
2023-01-05 00:00:00+00:00,13.209
2023-01-05 04:00:00+00:00,13.237
2023-01-05 08:00:00+00:00,13.255
2023-01-05 12:00:00+00:00,13.291
2023-01-05 16:00:00+00:00,13.388
2023-01-05 20:00:00+00:00,13.418
2023-01-06 00:00:00+00:00,13.186
2023-01-06 04:00:00+00:00,13.109
2023-01-06 08:00:00+00:00,12.984
2023-01-06 12:00:00+00:00,13.173
2023-01-06 16:00:00+00:00,13.353
2023-01-06 20:00:00+00:00,13.483
2023-01-07 00:00:00+00:00,13.315
2023-01-07 04:00:00+00:00,13.288
2023-01-07 08:00:00+00:00,13.137
2023-01-07 12:00:00+00:00,13.257
2023-01-07 16:00:00+00:00,13.212
2023-01-07 20:00:00+00:00,13.087
2023-01-08 00:00:00+00:00,13.361
2023-01-08 04:00:00+00:00,13.317
2023-01-08 08:00:00+00:00,13.496
2023-01-08 12:00:00+00:00,13.86
2023-01-08 16:00:00+00:00,13.529
2023-01-08 20:00:00+00:00,14.465
2023-01-09 00:00:00+00:00,16.048
2023-01-09 04:00:00+00:00,16.348
2023-01-09 08:00:00+00:00,16.362
2023-01-09 12:00:00+00:00,17.13
2023-01-09 16:00:00+00:00,16.288
2023-01-09 20:00:00+00:00,16.253
2023-01-10 00:00:00+00:00,15.969
2023-01-10 04:00:00+00:00,15.893
2023-01-10 08:00:00+00:00,16.021
2023-01-10 12:00:00+00:00,16.231
2023-01-10 16:00:00+00:00,16.381
2023-01-10 20:00:00+00:00,16.191
2023-01-11 00:00:00+00:00,16.006
2023-01-11 04:00:00+00:00,16.094
2023-01-11 08:00:00+00:00,16.024
2023-01-11 12:00:00+00:00,15.413
2023-01-11 16:00:00+00:00,15.999
2023-01-11 20:00:00+00:00,16.355
2023-01-12 00:00:00+00:00,16.418
2023-01-12 04:00:00+00:00,16.235
2023-01-12 08:00:00+00:00,16.065
2023-01-12 12:00:00+00:00,15.948
2023-01-12 16:00:00+00:00,16.533
2023-01-12 20:00:00+00:00,16.584
2023-01-13 00:00:00+00:00,16.698
2023-01-13 04:00:00+00:00,16.89
2023-01-13 08:00:00+00:00,16.646
2023-01-13 12:00:00+00:00,16.789
2023-01-13 16:00:00+00:00,17.177
2023-01-13 20:00:00+00:00,18.289
2023-01-14 00:00:00+00:00,21.964
2023-01-14 04:00:00+00:00,23.577
2023-01-14 08:00:00+00:00,22.395
2023-01-14 12:00:00+00:00,22.337
2023-01-14 16:00:00+00:00,23.073
2023-01-14 20:00:00+00:00,24.283
2023-01-15 00:00:00+00:00,23.09
2023-01-15 04:00:00+00:00,22.657
2023-01-15 08:00:00+00:00,22.904
2023-01-15 12:00:00+00:00,23.696
2023-01-15 16:00:00+00:00,23.39
2023-01-15 20:00:00+00:00,22.903
2023-01-16 00:00:00+00:00,23.239
2023-01-16 04:00:00+00:00,24.276
2023-01-16 08:00:00+00:00,23.4
2023-01-16 12:00:00+00:00,23.081
2023-01-16 16:00:00+00:00,23.562
2023-01-16 20:00:00+00:00,23.601
2023-01-17 00:00:00+00:00,23.192
2023-01-17 04:00:00+00:00,23.427
2023-01-17 08:00:00+00:00,23.758
2023-01-17 12:00:00+00:00,23.267
2023-01-17 16:00:00+00:00,23.441
2023-01-17 20:00:00+00:00,22.855
2023-01-18 00:00:00+00:00,23.054
2023-01-18 04:00:00+00:00,22.989
2023-01-18 08:00:00+00:00,22.533
2023-01-18 12:00:00+00:00,21.781
2023-01-18 16:00:00+00:00,21.781
2023-01-18 20:00:00+00:00,20.804
2023-01-19 00:00:00+00:00,21.35
2023-01-19 04:00:00+00:00,21.306
2023-01-19 08:00:00+00:00,20.939
2023-01-19 12:00:00+00:00,21.053
2023-01-19 16:00:00+00:00,21.638
2023-01-19 20:00:00+00:00,21.408
2023-01-20 00:00:00+00:00,21.334
2023-01-20 04:00:00+00:00,21.07
2023-01-20 08:00:00+00:00,21.132
2023-01-20 12:00:00+00:00,21.42
2023-01-20 16:00:00+00:00,23.275
2023-01-20 20:00:00+00:00,25.513
2023-01-21 00:00:00+00:00,24.863
2023-01-21 04:00:00+00:00,25.545
2023-01-21 08:00:00+00:00,25.194
2023-01-21 12:00:00+00:00,25.227
2023-01-21 16:00:00+00:00,25.635
2023-01-21 20:00:00+00:00,24.564
2023-01-22 00:00:00+00:00,25.002
2023-01-22 04:00:00+00:00,25.135
2023-01-22 08:00:00+00:00,24.905
2023-01-22 12:00:00+00:00,24.961
2023-01-22 16:00:00+00:00,24.916
2023-01-22 20:00:00+00:00,24.195
2023-01-23 00:00:00+00:00,24.534
2023-01-23 04:00:00+00:00,24.489
2023-01-23 08:00:00+00:00,24.637
2023-01-23 12:00:00+00:00,24.175
2023-01-23 16:00:00+00:00,24.183
2023-01-23 20:00:00+00:00,24.347
2023-01-24 00:00:00+00:00,25.014
2023-01-24 04:00:00+00:00,24.791
2023-01-24 08:00:00+00:00,24.469
2023-01-24 12:00:00+00:00,24.489
2023-01-24 16:00:00+00:00,24.468
2023-01-24 20:00:00+00:00,22.77
2023-01-25 00:00:00+00:00,22.916
2023-01-25 04:00:00+00:00,23.252
2023-01-25 08:00:00+00:00,23.127
2023-01-25 12:00:00+00:00,23.315
2023-01-25 16:00:00+00:00,23.731
2023-01-25 20:00:00+00:00,24.534
2023-01-26 00:00:00+00:00,24.803
2023-01-26 04:00:00+00:00,24.353
2023-01-26 08:00:00+00:00,24.329
2023-01-26 12:00:00+00:00,24.253
2023-01-26 16:00:00+00:00,24.468
2023-01-26 20:00:00+00:00,24.345
2023-01-27 00:00:00+00:00,23.726
2023-01-27 04:00:00+00:00,24.021
2023-01-27 08:00:00+00:00,23.7
2023-01-27 12:00:00+00:00,23.827
2023-01-27 16:00:00+00:00,24.491
2023-01-27 20:00:00+00:00,24.441
2023-01-28 00:00:00+00:00,24.519
2023-01-28 04:00:00+00:00,24.367
2023-01-28 08:00:00+00:00,24.323
2023-01-28 12:00:00+00:00,24.163
2023-01-28 16:00:00+00:00,24.127
2023-01-28 20:00:00+00:00,24.002
2023-01-29 00:00:00+00:00,24.133
2023-01-29 04:00:00+00:00,24.145
2023-01-29 08:00:00+00:00,24.361
2023-01-29 12:00:00+00:00,24.702
2023-01-29 16:00:00+00:00,26.346
2023-01-29 20:00:00+00:00,26.09
2023-01-30 00:00:00+00:00,25.47
2023-01-30 04:00:00+00:00,25.394
2023-01-30 08:00:00+00:00,24.011
2023-01-30 12:00:00+00:00,24.388
2023-01-30 16:00:00+00:00,23.597
2023-01-30 20:00:00+00:00,23.957
2023-01-31 00:00:00+00:00,24.008
2023-01-31 04:00:00+00:00,24.118
2023-01-31 08:00:00+00:00,23.75
2023-01-31 12:00:00+00:00,24.09
2023-01-31 16:00:00+00:00,24.189
2023-01-31 20:00:00+00:00,23.913
2023-02-01 00:00:00+00:00,23.865
2023-02-01 04:00:00+00:00,23.55
2023-02-01 08:00:00+00:00,23.541
2023-02-01 12:00:00+00:00,22.814
2023-02-01 16:00:00+00:00,24.216
2023-02-01 20:00:00+00:00,25.011
2023-02-02 00:00:00+00:00,25.308
2023-02-02 04:00:00+00:00,24.867
2023-02-02 08:00:00+00:00,25.014
2023-02-02 12:00:00+00:00,25.025
2023-02-02 16:00:00+00:00,25.064
2023-02-02 20:00:00+00:00,24.315
2023-02-03 00:00:00+00:00,24.321
2023-02-03 04:00:00+00:00,24.307
2023-02-03 08:00:00+00:00,24.478
2023-02-03 12:00:00+00:00,24.846
2023-02-03 16:00:00+00:00,24.374
2023-02-03 20:00:00+00:00,24.683
2023-02-04 00:00:00+00:00,24.459
2023-02-04 04:00:00+00:00,24.498
2023-02-04 08:00:00+00:00,24.577
2023-02-04 12:00:00+00:00,24.705
2023-02-04 16:00:00+00:00,24.655
2023-02-04 20:00:00+00:00,24.318
2023-02-05 00:00:00+00:00,24.282
2023-02-05 04:00:00+00:00,24.335
2023-02-05 08:00:00+00:00,24.187
2023-02-05 12:00:00+00:00,23.618
2023-02-05 16:00:00+00:00,23.347
2023-02-05 20:00:00+00:00,23.464
2023-02-06 00:00:00+00:00,23.371
2023-02-06 04:00:00+00:00,23.345
2023-02-06 08:00:00+00:00,23.321
2023-02-06 12:00:00+00:00,23.477
2023-02-06 16:00:00+00:00,23.365
2023-02-06 20:00:00+00:00,22.635
2023-02-07 00:00:00+00:00,23.06
2023-02-07 04:00:00+00:00,23.195
2023-02-07 08:00:00+00:00,23.333
2023-02-07 12:00:00+00:00,23.01
2023-02-07 16:00:00+00:00,23.26
2023-02-07 20:00:00+00:00,23.817
2023-02-08 00:00:00+00:00,23.88
2023-02-08 04:00:00+00:00,23.758
2023-02-08 08:00:00+00:00,23.726
2023-02-08 12:00:00+00:00,23.285
2023-02-08 16:00:00+00:00,23.083
2023-02-08 20:00:00+00:00,23.21
2023-02-09 00:00:00+00:00,22.33
2023-02-09 04:00:00+00:00,22.754
2023-02-09 08:00:00+00:00,22.788
2023-02-09 12:00:00+00:00,22.646
2023-02-09 16:00:00+00:00,21.8
2023-02-09 20:00:00+00:00,20.482
2023-02-10 00:00:00+00:00,20.775
2023-02-10 04:00:00+00:00,21.072
2023-02-10 08:00:00+00:00,20.683
2023-02-10 12:00:00+00:00,20.706
2023-02-10 16:00:00+00:00,20.874
2023-02-10 20:00:00+00:00,20.088
2023-02-11 00:00:00+00:00,20.391
2023-02-11 04:00:00+00:00,20.325
2023-02-11 08:00:00+00:00,20.308
2023-02-11 12:00:00+00:00,20.496
2023-02-11 16:00:00+00:00,20.365
2023-02-11 20:00:00+00:00,20.782
2023-02-12 00:00:00+00:00,20.643
2023-02-12 04:00:00+00:00,20.82
2023-02-12 08:00:00+00:00,21.033
2023-02-12 12:00:00+00:00,21.409
2023-02-12 16:00:00+00:00,22.027
2023-02-12 20:00:00+00:00,21.483
2023-02-13 00:00:00+00:00,20.903
2023-02-13 04:00:00+00:00,21.159
2023-02-13 08:00:00+00:00,20.447
2023-02-13 12:00:00+00:00,20.353
2023-02-13 16:00:00+00:00,20.419
2023-02-13 20:00:00+00:00,20.748
2023-02-14 00:00:00+00:00,20.806
2023-02-14 04:00:00+00:00,21.033
2023-02-14 08:00:00+00:00,21.341
2023-02-14 12:00:00+00:00,21.888
2023-02-14 16:00:00+00:00,22.01
2023-02-14 20:00:00+00:00,21.836
2023-02-15 00:00:00+00:00,21.599
2023-02-15 04:00:00+00:00,21.517
2023-02-15 08:00:00+00:00,22.097
2023-02-15 12:00:00+00:00,22.411
2023-02-15 16:00:00+00:00,22.991
2023-02-15 20:00:00+00:00,23.862
2023-02-16 00:00:00+00:00,23.814
2023-02-16 04:00:00+00:00,23.728
2023-02-16 08:00:00+00:00,23.584
2023-02-16 12:00:00+00:00,23.86
2023-02-16 16:00:00+00:00,23.6
2023-02-16 20:00:00+00:00,22.257
2023-02-17 00:00:00+00:00,22.676
2023-02-17 04:00:00+00:00,22.538
2023-02-17 08:00:00+00:00,22.596
2023-02-17 12:00:00+00:00,22.786
2023-02-17 16:00:00+00:00,23.468
2023-02-17 20:00:00+00:00,23.146
2023-02-18 00:00:00+00:00,23.361
2023-02-18 04:00:00+00:00,23.232
2023-02-18 08:00:00+00:00,23.059
2023-02-18 12:00:00+00:00,23.428
2023-02-18 16:00:00+00:00,23.494
2023-02-18 20:00:00+00:00,23.464
2023-02-19 00:00:00+00:00,23.309
2023-02-19 04:00:00+00:00,23.544
2023-02-19 08:00:00+00:00,23.696
2023-02-19 12:00:00+00:00,25.3
2023-02-19 16:00:00+00:00,24.658
2023-02-19 20:00:00+00:00,24.853
2023-02-20 00:00:00+00:00,26.178
2023-02-20 04:00:00+00:00,26.506
2023-02-20 08:00:00+00:00,26.398
2023-02-20 12:00:00+00:00,26.563
2023-02-20 16:00:00+00:00,26.35
2023-02-20 20:00:00+00:00,26.291
2023-02-21 00:00:00+00:00,26.147
2023-02-21 04:00:00+00:00,26.043
2023-02-21 08:00:00+00:00,25.076
2023-02-21 12:00:00+00:00,25.065
2023-02-21 16:00:00+00:00,25.266
2023-02-21 20:00:00+00:00,24.983
2023-02-22 00:00:00+00:00,24.45
2023-02-22 04:00:00+00:00,23.81
2023-02-22 08:00:00+00:00,23.559
2023-02-22 12:00:00+00:00,23.655
2023-02-22 16:00:00+00:00,23.778
2023-02-22 20:00:00+00:00,24.145
2023-02-23 00:00:00+00:00,24.444
2023-02-23 04:00:00+00:00,24.477
2023-02-23 08:00:00+00:00,23.745
2023-02-23 12:00:00+00:00,23.865
2023-02-23 16:00:00+00:00,24.023
2023-02-23 20:00:00+00:00,23.909
2023-02-24 00:00:00+00:00,23.777
2023-02-24 04:00:00+00:00,23.973
2023-02-24 08:00:00+00:00,23.77
2023-02-24 12:00:00+00:00,23.035
2023-02-24 16:00:00+00:00,23.034
2023-02-24 20:00:00+00:00,23.06
2023-02-25 00:00:00+00:00,22.943
2023-02-25 04:00:00+00:00,22.95
2023-02-25 08:00:00+00:00,22.777
2023-02-25 12:00:00+00:00,22.331
2023-02-25 16:00:00+00:00,21.897
2023-02-25 20:00:00+00:00,22.359
2023-02-26 00:00:00+00:00,22.643
2023-02-26 04:00:00+00:00,22.791
2023-02-26 08:00:00+00:00,22.834
2023-02-26 12:00:00+00:00,22.922
2023-02-26 16:00:00+00:00,23.348
2023-02-26 20:00:00+00:00,23.238
2023-02-27 00:00:00+00:00,23.019
2023-02-27 04:00:00+00:00,22.873
2023-02-27 08:00:00+00:00,22.768
2023-02-27 12:00:00+00:00,23.05
2023-02-27 16:00:00+00:00,22.52
2023-02-27 20:00:00+00:00,22.665
2023-02-28 00:00:00+00:00,22.61
2023-02-28 04:00:00+00:00,22.079
2023-02-28 08:00:00+00:00,22.184
2023-02-28 12:00:00+00:00,22.529
2023-02-28 16:00:00+00:00,22.192
2023-02-28 20:00:00+00:00,21.875
2023-03-01 00:00:00+00:00,22.315
2023-03-01 04:00:00+00:00,22.579
2023-03-01 08:00:00+00:00,22.68
2023-03-01 12:00:00+00:00,22.659
2023-03-01 16:00:00+00:00,22.149
2023-03-01 20:00:00+00:00,22.499
2023-03-02 00:00:00+00:00,22.039
2023-03-02 04:00:00+00:00,21.972
2023-03-02 08:00:00+00:00,22.066
2023-03-02 12:00:00+00:00,21.821
2023-03-02 16:00:00+00:00,22.073
2023-03-02 20:00:00+00:00,21.991
2023-03-03 00:00:00+00:00,20.85
2023-03-03 04:00:00+00:00,21.049
2023-03-03 08:00:00+00:00,21.133
2023-03-03 12:00:00+00:00,21.256
2023-03-03 16:00:00+00:00,21.421
2023-03-03 20:00:00+00:00,21.404
2023-03-04 00:00:00+00:00,21.318
2023-03-04 04:00:00+00:00,21.163
2023-03-04 08:00:00+00:00,21.152
2023-03-04 12:00:00+00:00,20.948
2023-03-04 16:00:00+00:00,20.674
2023-03-04 20:00:00+00:00,20.977
2023-03-05 00:00:00+00:00,21.325
2023-03-05 04:00:00+00:00,21.295
2023-03-05 08:00:00+00:00,21.191
2023-03-05 12:00:00+00:00,21.262
2023-03-05 16:00:00+00:00,21.093
2023-03-05 20:00:00+00:00,20.96
2023-03-06 00:00:00+00:00,20.91
2023-03-06 04:00:00+00:00,20.743
2023-03-06 08:00:00+00:00,20.681
2023-03-06 12:00:00+00:00,21.044
2023-03-06 16:00:00+00:00,20.75
2023-03-06 20:00:00+00:00,20.622
2023-03-07 00:00:00+00:00,20.786
2023-03-07 04:00:00+00:00,20.695
2023-03-07 08:00:00+00:00,20.3
2023-03-07 12:00:00+00:00,20.41
2023-03-07 16:00:00+00:00,20.001
2023-03-07 20:00:00+00:00,20.233
2023-03-08 00:00:00+00:00,19.989
2023-03-08 04:00:00+00:00,19.181
2023-03-08 08:00:00+00:00,19.323
2023-03-08 12:00:00+00:00,19.212
2023-03-08 16:00:00+00:00,18.658
2023-03-08 20:00:00+00:00,18.413
2023-03-09 00:00:00+00:00,18.577
2023-03-09 04:00:00+00:00,18.485
2023-03-09 08:00:00+00:00,18.535
2023-03-09 12:00:00+00:00,18.349
2023-03-09 16:00:00+00:00,17.718
2023-03-09 20:00:00+00:00,17.318
2023-03-10 00:00:00+00:00,17.146
2023-03-10 04:00:00+00:00,16.977
2023-03-10 08:00:00+00:00,16.685
2023-03-10 12:00:00+00:00,17.648
2023-03-10 16:00:00+00:00,17.763
2023-03-10 20:00:00+00:00,18.15
2023-03-11 00:00:00+00:00,18.17
2023-03-11 04:00:00+00:00,17.053
2023-03-11 08:00:00+00:00,17.39
2023-03-11 12:00:00+00:00,17.131
2023-03-11 16:00:00+00:00,17.92
2023-03-11 20:00:00+00:00,18.061
2023-03-12 00:00:00+00:00,17.919
2023-03-12 04:00:00+00:00,17.829
2023-03-12 08:00:00+00:00,18.115
2023-03-12 12:00:00+00:00,17.827
2023-03-12 16:00:00+00:00,18.379
2023-03-12 20:00:00+00:00,20.193
2023-03-13 00:00:00+00:00,19.542
2023-03-13 04:00:00+00:00,19.726
2023-03-13 08:00:00+00:00,19.216
2023-03-13 12:00:00+00:00,20.717
2023-03-13 16:00:00+00:00,20.521
2023-03-13 20:00:00+00:00,20.399
2023-03-14 00:00:00+00:00,20.419
2023-03-14 04:00:00+00:00,20.006
2023-03-14 08:00:00+00:00,20.118
2023-03-14 12:00:00+00:00,21.924
2023-03-14 16:00:00+00:00,20.921
2023-03-14 20:00:00+00:00,20.87
2023-03-15 00:00:00+00:00,21.057
2023-03-15 04:00:00+00:00,21.236
2023-03-15 08:00:00+00:00,20.588
2023-03-15 12:00:00+00:00,19.237
2023-03-15 16:00:00+00:00,19.089
2023-03-15 20:00:00+00:00,19.24
2023-03-16 00:00:00+00:00,19.313
2023-03-16 04:00:00+00:00,19.496
2023-03-16 08:00:00+00:00,19.643
2023-03-16 12:00:00+00:00,19.572
2023-03-16 16:00:00+00:00,19.759
2023-03-16 20:00:00+00:00,19.662
2023-03-17 00:00:00+00:00,19.982
2023-03-17 04:00:00+00:00,19.992
2023-03-17 08:00:00+00:00,20.661
2023-03-17 12:00:00+00:00,20.025
2023-03-17 16:00:00+00:00,20.521
2023-03-17 20:00:00+00:00,21.598
2023-03-18 00:00:00+00:00,22.664
2023-03-18 04:00:00+00:00,22.197
2023-03-18 08:00:00+00:00,22.503
2023-03-18 12:00:00+00:00,21.84
2023-03-18 16:00:00+00:00,21.947
2023-03-18 20:00:00+00:00,21.213
2023-03-19 00:00:00+00:00,21.825
2023-03-19 04:00:00+00:00,21.561
2023-03-19 08:00:00+00:00,21.701
2023-03-19 12:00:00+00:00,22.0
2023-03-19 16:00:00+00:00,22.187
2023-03-19 20:00:00+00:00,21.864
2023-03-20 00:00:00+00:00,21.708
2023-03-20 04:00:00+00:00,23.106
2023-03-20 08:00:00+00:00,23.314
2023-03-20 12:00:00+00:00,23.156
2023-03-20 16:00:00+00:00,22.126
2023-03-20 20:00:00+00:00,22.121
2023-03-21 00:00:00+00:00,22.435
2023-03-21 04:00:00+00:00,21.92
2023-03-21 08:00:00+00:00,22.434
2023-03-21 12:00:00+00:00,22.909
2023-03-21 16:00:00+00:00,22.52
2023-03-21 20:00:00+00:00,22.526
2023-03-22 00:00:00+00:00,22.302
2023-03-22 04:00:00+00:00,22.307
2023-03-22 08:00:00+00:00,22.473
2023-03-22 12:00:00+00:00,22.624
2023-03-22 16:00:00+00:00,21.089
2023-03-22 20:00:00+00:00,21.404
2023-03-23 00:00:00+00:00,21.259
2023-03-23 04:00:00+00:00,21.691
2023-03-23 08:00:00+00:00,21.744
2023-03-23 12:00:00+00:00,22.392
2023-03-23 16:00:00+00:00,22.079
2023-03-23 20:00:00+00:00,22.157
2023-03-24 00:00:00+00:00,22.078
2023-03-24 04:00:00+00:00,21.985
2023-03-24 08:00:00+00:00,21.402
2023-03-24 12:00:00+00:00,21.181
2023-03-24 16:00:00+00:00,20.742
2023-03-24 20:00:00+00:00,20.649
2023-03-25 00:00:00+00:00,20.712
2023-03-25 04:00:00+00:00,20.598
2023-03-25 08:00:00+00:00,20.648
2023-03-25 12:00:00+00:00,20.858
2023-03-25 16:00:00+00:00,20.133
2023-03-25 20:00:00+00:00,20.394
2023-03-26 00:00:00+00:00,20.669
2023-03-26 04:00:00+00:00,20.761
2023-03-26 08:00:00+00:00,20.829
2023-03-26 12:00:00+00:00,20.802
2023-03-26 16:00:00+00:00,20.911
2023-03-26 20:00:00+00:00,20.931
2023-03-27 00:00:00+00:00,20.699
2023-03-27 04:00:00+00:00,20.435
2023-03-27 08:00:00+00:00,20.606
2023-03-27 12:00:00+00:00,19.765
2023-03-27 16:00:00+00:00,19.675
2023-03-27 20:00:00+00:00,19.887
2023-03-28 00:00:00+00:00,19.712
2023-03-28 04:00:00+00:00,19.87
2023-03-28 08:00:00+00:00,20.086
2023-03-28 12:00:00+00:00,20.231
2023-03-28 16:00:00+00:00,20.69
2023-03-28 20:00:00+00:00,20.439
2023-03-29 00:00:00+00:00,20.646
2023-03-29 04:00:00+00:00,21.202
2023-03-29 08:00:00+00:00,21.205
2023-03-29 12:00:00+00:00,21.226
2023-03-29 16:00:00+00:00,21.17
2023-03-29 20:00:00+00:00,21.086
2023-03-30 00:00:00+00:00,21.043
2023-03-30 04:00:00+00:00,21.007
2023-03-30 08:00:00+00:00,20.666
2023-03-30 12:00:00+00:00,20.521
2023-03-30 16:00:00+00:00,20.48
2023-03-30 20:00:00+00:00,20.543
2023-03-31 00:00:00+00:00,20.513
2023-03-31 04:00:00+00:00,20.288
2023-03-31 08:00:00+00:00,20.31
2023-03-31 12:00:00+00:00,20.858
2023-03-31 16:00:00+00:00,20.973
2023-03-31 20:00:00+00:00,21.161
2023-04-01 00:00:00+00:00,21.017
2023-04-01 04:00:00+00:00,21.007
2023-04-01 08:00:00+00:00,21.016
2023-04-01 12:00:00+00:00,20.952
2023-04-01 16:00:00+00:00,20.936
2023-04-01 20:00:00+00:00,21.079
2023-04-02 00:00:00+00:00,21.018
2023-04-02 04:00:00+00:00,21.17
2023-04-02 08:00:00+00:00,20.986
2023-04-02 12:00:00+00:00,20.57
2023-04-02 16:00:00+00:00,20.335
2023-04-02 20:00:00+00:00,20.509
2023-04-03 00:00:00+00:00,20.026
2023-04-03 04:00:00+00:00,20.254
2023-04-03 08:00:00+00:00,20.394
2023-04-03 12:00:00+00:00,20.306
2023-04-03 16:00:00+00:00,20.891
2023-04-03 20:00:00+00:00,20.444
2023-04-04 00:00:00+00:00,20.406
2023-04-04 04:00:00+00:00,20.515
2023-04-04 08:00:00+00:00,20.967
2023-04-04 12:00:00+00:00,20.851
2023-04-04 16:00:00+00:00,20.941
2023-04-04 20:00:00+00:00,20.905
2023-04-05 00:00:00+00:00,21.131
2023-04-05 04:00:00+00:00,21.187
2023-04-05 08:00:00+00:00,21.182
2023-04-05 12:00:00+00:00,20.793
2023-04-05 16:00:00+00:00,20.906
2023-04-05 20:00:00+00:00,20.957
2023-04-06 00:00:00+00:00,20.816
2023-04-06 04:00:00+00:00,20.628
2023-04-06 08:00:00+00:00,20.679
2023-04-06 12:00:00+00:00,20.728
2023-04-06 16:00:00+00:00,20.705
2023-04-06 20:00:00+00:00,20.608
2023-04-07 00:00:00+00:00,20.546
2023-04-07 04:00:00+00:00,20.271
2023-04-07 08:00:00+00:00,20.31
2023-04-07 12:00:00+00:00,20.526
2023-04-07 16:00:00+00:00,20.48
2023-04-07 20:00:00+00:00,20.433
2023-04-08 00:00:00+00:00,20.472
2023-04-08 04:00:00+00:00,20.601
2023-04-08 08:00:00+00:00,20.562
2023-04-08 12:00:00+00:00,20.441
2023-04-08 16:00:00+00:00,20.186
2023-04-08 20:00:00+00:00,20.025
2023-04-09 00:00:00+00:00,20.099
2023-04-09 04:00:00+00:00,20.0
2023-04-09 08:00:00+00:00,20.18
2023-04-09 12:00:00+00:00,20.112
2023-04-09 16:00:00+00:00,20.274
2023-04-09 20:00:00+00:00,20.278
2023-04-10 00:00:00+00:00,20.257
2023-04-10 04:00:00+00:00,20.239
2023-04-10 08:00:00+00:00,20.276
2023-04-10 12:00:00+00:00,20.21
2023-04-10 16:00:00+00:00,20.678
2023-04-10 20:00:00+00:00,20.893
2023-04-11 00:00:00+00:00,21.263
2023-04-11 04:00:00+00:00,22.468
2023-04-11 08:00:00+00:00,22.233
2023-04-11 12:00:00+00:00,23.306
2023-04-11 16:00:00+00:00,23.433
2023-04-11 20:00:00+00:00,22.999
2023-04-12 00:00:00+00:00,22.557
2023-04-12 04:00:00+00:00,23.683
2023-04-12 08:00:00+00:00,23.483
2023-04-12 12:00:00+00:00,23.592
2023-04-12 16:00:00+00:00,23.881
2023-04-12 20:00:00+00:00,23.798
2023-04-13 00:00:00+00:00,23.989
2023-04-13 04:00:00+00:00,24.109
2023-04-13 08:00:00+00:00,24.309
2023-04-13 12:00:00+00:00,24.612
2023-04-13 16:00:00+00:00,24.742
2023-04-13 20:00:00+00:00,24.424
2023-04-14 00:00:00+00:00,25.092
2023-04-14 04:00:00+00:00,24.914
2023-04-14 08:00:00+00:00,25.023
2023-04-14 12:00:00+00:00,23.845
2023-04-14 16:00:00+00:00,24.54
2023-04-14 20:00:00+00:00,24.721
2023-04-15 00:00:00+00:00,24.264
2023-04-15 04:00:00+00:00,24.413
2023-04-15 08:00:00+00:00,24.37
2023-04-15 12:00:00+00:00,24.351
2023-04-15 16:00:00+00:00,24.053
2023-04-15 20:00:00+00:00,24.057
2023-04-16 00:00:00+00:00,24.343
2023-04-16 04:00:00+00:00,24.26
2023-04-16 08:00:00+00:00,24.072
2023-04-16 12:00:00+00:00,24.326
2023-04-16 16:00:00+00:00,24.549
2023-04-16 20:00:00+00:00,25.352
2023-04-17 00:00:00+00:00,25.832
2023-04-17 04:00:00+00:00,25.145
2023-04-17 08:00:00+00:00,24.926
2023-04-17 12:00:00+00:00,24.543
2023-04-17 16:00:00+00:00,24.745
2023-04-17 20:00:00+00:00,24.59
2023-04-18 00:00:00+00:00,24.435
2023-04-18 04:00:00+00:00,25.097
2023-04-18 08:00:00+00:00,25.365
2023-04-18 12:00:00+00:00,24.944
2023-04-18 16:00:00+00:00,24.684
2023-04-18 20:00:00+00:00,24.829
2023-04-19 00:00:00+00:00,24.624
2023-04-19 04:00:00+00:00,24.358
2023-04-19 08:00:00+00:00,23.198
2023-04-19 12:00:00+00:00,23.325
2023-04-19 16:00:00+00:00,22.983
2023-04-19 20:00:00+00:00,22.655
2023-04-20 00:00:00+00:00,22.852
2023-04-20 04:00:00+00:00,22.607
2023-04-20 08:00:00+00:00,22.331
2023-04-20 12:00:00+00:00,22.114
2023-04-20 16:00:00+00:00,21.771
2023-04-20 20:00:00+00:00,22.184
2023-04-21 00:00:00+00:00,22.298
2023-04-21 04:00:00+00:00,22.253
2023-04-21 08:00:00+00:00,22.019
2023-04-21 12:00:00+00:00,21.866
2023-04-21 16:00:00+00:00,21.2
2023-04-21 20:00:00+00:00,21.247
2023-04-22 00:00:00+00:00,21.372
2023-04-22 04:00:00+00:00,21.27
2023-04-22 08:00:00+00:00,21.355
2023-04-22 12:00:00+00:00,21.72
2023-04-22 16:00:00+00:00,21.753
2023-04-22 20:00:00+00:00,21.782
2023-04-23 00:00:00+00:00,21.707
2023-04-23 04:00:00+00:00,22.069
2023-04-23 08:00:00+00:00,22.128
2023-04-23 12:00:00+00:00,21.641
2023-04-23 16:00:00+00:00,21.178
2023-04-23 20:00:00+00:00,21.461
2023-04-24 00:00:00+00:00,21.711
2023-04-24 04:00:00+00:00,21.281
2023-04-24 08:00:00+00:00,21.726
2023-04-24 12:00:00+00:00,21.343
2023-04-24 16:00:00+00:00,21.319
2023-04-24 20:00:00+00:00,21.373
2023-04-25 00:00:00+00:00,20.873
2023-04-25 04:00:00+00:00,20.879
2023-04-25 08:00:00+00:00,20.998
2023-04-25 12:00:00+00:00,20.861
2023-04-25 16:00:00+00:00,21.154
2023-04-25 20:00:00+00:00,21.924
2023-04-26 00:00:00+00:00,21.799
2023-04-26 04:00:00+00:00,21.914
2023-04-26 08:00:00+00:00,22.447
2023-04-26 12:00:00+00:00,22.669
2023-04-26 16:00:00+00:00,21.069
2023-04-26 20:00:00+00:00,21.256
2023-04-27 00:00:00+00:00,21.614
2023-04-27 04:00:00+00:00,21.66
2023-04-27 08:00:00+00:00,21.635
2023-04-27 12:00:00+00:00,22.24
2023-04-27 16:00:00+00:00,22.315
2023-04-27 20:00:00+00:00,22.326
2023-04-28 00:00:00+00:00,22.304
2023-04-28 04:00:00+00:00,22.601
2023-04-28 08:00:00+00:00,22.479
2023-04-28 12:00:00+00:00,22.372
2023-04-28 16:00:00+00:00,23.296
2023-04-28 20:00:00+00:00,23.331
2023-04-29 00:00:00+00:00,23.292
2023-04-29 04:00:00+00:00,23.256
2023-04-29 08:00:00+00:00,23.28
2023-04-29 12:00:00+00:00,23.344
2023-04-29 16:00:00+00:00,23.286
2023-04-29 20:00:00+00:00,23.175
2023-04-30 00:00:00+00:00,23.139
2023-04-30 04:00:00+00:00,23.412
2023-04-30 08:00:00+00:00,23.488
2023-04-30 12:00:00+00:00,23.665
2023-04-30 16:00:00+00:00,23.175
2023-04-30 20:00:00+00:00,22.729
2023-05-01 00:00:00+00:00,22.177
2023-05-01 04:00:00+00:00,22.313
2023-05-01 08:00:00+00:00,22.204
2023-05-01 12:00:00+00:00,21.872
2023-05-01 16:00:00+00:00,21.736
2023-05-01 20:00:00+00:00,21.939
2023-05-02 00:00:00+00:00,21.86
2023-05-02 04:00:00+00:00,21.891
2023-05-02 08:00:00+00:00,21.976
2023-05-02 12:00:00+00:00,22.178
2023-05-02 16:00:00+00:00,22.28
2023-05-02 20:00:00+00:00,22.244
2023-05-03 00:00:00+00:00,21.875
2023-05-03 04:00:00+00:00,21.736
2023-05-03 08:00:00+00:00,21.393
2023-05-03 12:00:00+00:00,21.318
2023-05-03 16:00:00+00:00,21.394
2023-05-03 20:00:00+00:00,22.227
2023-05-04 00:00:00+00:00,22.222
2023-05-04 04:00:00+00:00,22.108
2023-05-04 08:00:00+00:00,22.239
2023-05-04 12:00:00+00:00,21.796
2023-05-04 16:00:00+00:00,21.747
2023-05-04 20:00:00+00:00,21.726
2023-05-05 00:00:00+00:00,21.887
2023-05-05 04:00:00+00:00,21.776
2023-05-05 08:00:00+00:00,22.009
2023-05-05 12:00:00+00:00,22.309
2023-05-05 16:00:00+00:00,22.861
2023-05-05 20:00:00+00:00,22.813
2023-05-06 00:00:00+00:00,22.719
2023-05-06 04:00:00+00:00,22.629
2023-05-06 08:00:00+00:00,22.651
2023-05-06 12:00:00+00:00,21.763
2023-05-06 16:00:00+00:00,21.971
2023-05-06 20:00:00+00:00,21.908
2023-05-07 00:00:00+00:00,21.863
2023-05-07 04:00:00+00:00,22.042
2023-05-07 08:00:00+00:00,22.087
2023-05-07 12:00:00+00:00,22.446
2023-05-07 16:00:00+00:00,22.431
2023-05-07 20:00:00+00:00,21.659
2023-05-08 00:00:00+00:00,21.291
2023-05-08 04:00:00+00:00,21.211
2023-05-08 08:00:00+00:00,21.253
2023-05-08 12:00:00+00:00,21.144
2023-05-08 16:00:00+00:00,20.382
2023-05-08 20:00:00+00:00,20.615
2023-05-09 00:00:00+00:00,20.619
2023-05-09 04:00:00+00:00,20.672
2023-05-09 08:00:00+00:00,20.797
2023-05-09 12:00:00+00:00,20.538
2023-05-09 16:00:00+00:00,20.608
2023-05-09 20:00:00+00:00,20.648
2023-05-10 00:00:00+00:00,20.688
2023-05-10 04:00:00+00:00,20.539
2023-05-10 08:00:00+00:00,20.73
2023-05-10 12:00:00+00:00,21.074
2023-05-10 16:00:00+00:00,20.96
2023-05-10 20:00:00+00:00,20.909
2023-05-11 00:00:00+00:00,20.537
2023-05-11 04:00:00+00:00,20.582
2023-05-11 08:00:00+00:00,20.49
2023-05-11 12:00:00+00:00,20.151
2023-05-11 16:00:00+00:00,19.995
2023-05-11 20:00:00+00:00,20.163
2023-05-12 00:00:00+00:00,19.981
2023-05-12 04:00:00+00:00,20.082
2023-05-12 08:00:00+00:00,20.269
2023-05-12 12:00:00+00:00,20.282
2023-05-12 16:00:00+00:00,20.481
2023-05-12 20:00:00+00:00,20.898
2023-05-13 00:00:00+00:00,21.143
2023-05-13 04:00:00+00:00,21.205
2023-05-13 08:00:00+00:00,21.068
2023-05-13 12:00:00+00:00,20.858
2023-05-13 16:00:00+00:00,20.93
2023-05-13 20:00:00+00:00,20.832
2023-05-14 00:00:00+00:00,20.939
2023-05-14 04:00:00+00:00,21.082
2023-05-14 08:00:00+00:00,20.958
2023-05-14 12:00:00+00:00,21.171
2023-05-14 16:00:00+00:00,20.91
2023-05-14 20:00:00+00:00,20.917
2023-05-15 00:00:00+00:00,21.218
2023-05-15 04:00:00+00:00,21.38
2023-05-15 08:00:00+00:00,21.276
2023-05-15 12:00:00+00:00,21.37
2023-05-15 16:00:00+00:00,21.157
2023-05-15 20:00:00+00:00,20.971
2023-05-16 00:00:00+00:00,20.862
2023-05-16 04:00:00+00:00,21.033
2023-05-16 08:00:00+00:00,20.869
2023-05-16 12:00:00+00:00,20.773
2023-05-16 16:00:00+00:00,20.491
2023-05-16 20:00:00+00:00,20.669
2023-05-17 00:00:00+00:00,20.954
2023-05-17 04:00:00+00:00,20.557
2023-05-17 08:00:00+00:00,20.515
2023-05-17 12:00:00+00:00,20.582
2023-05-17 16:00:00+00:00,21.024
2023-05-17 20:00:00+00:00,21.047
2023-05-18 00:00:00+00:00,21.032
2023-05-18 04:00:00+00:00,20.918
2023-05-18 08:00:00+00:00,20.823
2023-05-18 12:00:00+00:00,20.512
2023-05-18 16:00:00+00:00,20.329
2023-05-18 20:00:00+00:00,20.329
2023-05-19 00:00:00+00:00,20.328
2023-05-19 04:00:00+00:00,20.422
2023-05-19 08:00:00+00:00,20.445
2023-05-19 12:00:00+00:00,20.403
2023-05-19 16:00:00+00:00,20.365
2023-05-19 20:00:00+00:00,20.343
2023-05-20 00:00:00+00:00,20.27
2023-05-20 04:00:00+00:00,20.16
2023-05-20 08:00:00+00:00,20.206
2023-05-20 12:00:00+00:00,20.268
2023-05-20 16:00:00+00:00,20.28
2023-05-20 20:00:00+00:00,20.264
2023-05-21 00:00:00+00:00,20.235
2023-05-21 04:00:00+00:00,20.28
2023-05-21 08:00:00+00:00,20.137
2023-05-21 12:00:00+00:00,19.919
2023-05-21 16:00:00+00:00,19.975
2023-05-21 20:00:00+00:00,19.605
2023-05-22 00:00:00+00:00,19.528
2023-05-22 04:00:00+00:00,19.683
2023-05-22 08:00:00+00:00,19.865
2023-05-22 12:00:00+00:00,19.66
2023-05-22 16:00:00+00:00,19.682
2023-05-22 20:00:00+00:00,19.514
2023-05-23 00:00:00+00:00,20.038
2023-05-23 04:00:00+00:00,19.836
2023-05-23 08:00:00+00:00,19.915
2023-05-23 12:00:00+00:00,19.996
2023-05-23 16:00:00+00:00,20.023
2023-05-23 20:00:00+00:00,20.024
2023-05-24 00:00:00+00:00,19.545
2023-05-24 04:00:00+00:00,19.41
2023-05-24 08:00:00+00:00,19.413
2023-05-24 12:00:00+00:00,19.159
2023-05-24 16:00:00+00:00,19.186
2023-05-24 20:00:00+00:00,19.201
2023-05-25 00:00:00+00:00,19.357
2023-05-25 04:00:00+00:00,19.265
2023-05-25 08:00:00+00:00,19.379
2023-05-25 12:00:00+00:00,19.229
2023-05-25 16:00:00+00:00,19.313
2023-05-25 20:00:00+00:00,19.243
2023-05-26 00:00:00+00:00,19.281
2023-05-26 04:00:00+00:00,19.301
2023-05-26 08:00:00+00:00,19.292
2023-05-26 12:00:00+00:00,19.42
2023-05-26 16:00:00+00:00,19.459
2023-05-26 20:00:00+00:00,19.349
2023-05-27 00:00:00+00:00,19.47
2023-05-27 04:00:00+00:00,19.524
2023-05-27 08:00:00+00:00,19.476
2023-05-27 12:00:00+00:00,19.604
2023-05-27 16:00:00+00:00,19.661
2023-05-27 20:00:00+00:00,20.415
2023-05-28 00:00:00+00:00,20.473
2023-05-28 04:00:00+00:00,20.479
2023-05-28 08:00:00+00:00,20.515
2023-05-28 12:00:00+00:00,20.501
2023-05-28 16:00:00+00:00,20.76
2023-05-28 20:00:00+00:00,20.797
2023-05-29 00:00:00+00:00,20.701
2023-05-29 04:00:00+00:00,20.729
2023-05-29 08:00:00+00:00,20.743
2023-05-29 12:00:00+00:00,20.481
2023-05-29 16:00:00+00:00,20.496
2023-05-29 20:00:00+00:00,20.575
2023-05-30 00:00:00+00:00,20.862
2023-05-30 04:00:00+00:00,20.738
2023-05-30 08:00:00+00:00,21.275
2023-05-30 12:00:00+00:00,20.957
2023-05-30 16:00:00+00:00,21.348
2023-05-30 20:00:00+00:00,21.244
2023-05-31 00:00:00+00:00,21.09
2023-05-31 04:00:00+00:00,20.709
2023-05-31 08:00:00+00:00,20.613
2023-05-31 12:00:00+00:00,20.473
2023-05-31 16:00:00+00:00,20.632
2023-05-31 20:00:00+00:00,20.809
2023-06-01 00:00:00+00:00,20.69
2023-06-01 04:00:00+00:00,20.611
2023-06-01 08:00:00+00:00,20.708
2023-06-01 12:00:00+00:00,20.686
2023-06-01 16:00:00+00:00,20.672
2023-06-01 20:00:00+00:00,20.486
2023-06-02 00:00:00+00:00,20.756
2023-06-02 04:00:00+00:00,20.988
2023-06-02 08:00:00+00:00,21.246
2023-06-02 12:00:00+00:00,21.186
2023-06-02 16:00:00+00:00,21.297
2023-06-02 20:00:00+00:00,21.247
2023-06-03 00:00:00+00:00,21.12
2023-06-03 04:00:00+00:00,21.172
2023-06-03 08:00:00+00:00,21.166
2023-06-03 12:00:00+00:00,21.238
2023-06-03 16:00:00+00:00,21.053
2023-06-03 20:00:00+00:00,21.183
2023-06-04 00:00:00+00:00,21.254
2023-06-04 04:00:00+00:00,21.607
2023-06-04 08:00:00+00:00,21.694
2023-06-04 12:00:00+00:00,22.04
2023-06-04 16:00:00+00:00,22.186
2023-06-04 20:00:00+00:00,21.814
2023-06-05 00:00:00+00:00,21.531
2023-06-05 04:00:00+00:00,21.649
2023-06-05 08:00:00+00:00,21.593
2023-06-05 12:00:00+00:00,19.94
2023-06-05 16:00:00+00:00,20.017
2023-06-05 20:00:00+00:00,19.997
2023-06-06 00:00:00+00:00,19.98
2023-06-06 04:00:00+00:00,20.085
2023-06-06 08:00:00+00:00,19.874
2023-06-06 12:00:00+00:00,19.935
2023-06-06 16:00:00+00:00,20.569
2023-06-06 20:00:00+00:00,20.379
2023-06-07 00:00:00+00:00,20.145
2023-06-07 04:00:00+00:00,19.998
2023-06-07 08:00:00+00:00,19.937
2023-06-07 12:00:00+00:00,19.307
2023-06-07 16:00:00+00:00,18.963
2023-06-07 20:00:00+00:00,18.627
2023-06-08 00:00:00+00:00,18.458
2023-06-08 04:00:00+00:00,18.638
2023-06-08 08:00:00+00:00,18.766
2023-06-08 12:00:00+00:00,18.896
2023-06-08 16:00:00+00:00,18.847
2023-06-08 20:00:00+00:00,18.873
2023-06-09 00:00:00+00:00,18.755
2023-06-09 04:00:00+00:00,18.581
2023-06-09 08:00:00+00:00,19.258
2023-06-09 12:00:00+00:00,18.668
2023-06-09 16:00:00+00:00,17.382
2023-06-09 20:00:00+00:00,17.384
2023-06-10 00:00:00+00:00,16.28
2023-06-10 04:00:00+00:00,14.393
2023-06-10 08:00:00+00:00,14.895
2023-06-10 12:00:00+00:00,14.768
2023-06-10 16:00:00+00:00,15.314
2023-06-10 20:00:00+00:00,15.605
2023-06-11 00:00:00+00:00,15.547
2023-06-11 04:00:00+00:00,15.381
2023-06-11 08:00:00+00:00,15.518
2023-06-11 12:00:00+00:00,15.211
2023-06-11 16:00:00+00:00,15.977
2023-06-11 20:00:00+00:00,15.534
2023-06-12 00:00:00+00:00,15.086
2023-06-12 04:00:00+00:00,15.074
2023-06-12 08:00:00+00:00,15.401
2023-06-12 12:00:00+00:00,15.199
2023-06-12 16:00:00+00:00,14.95
2023-06-12 20:00:00+00:00,15.183
2023-06-13 00:00:00+00:00,15.331
2023-06-13 04:00:00+00:00,15.412
2023-06-13 08:00:00+00:00,15.628
2023-06-13 12:00:00+00:00,14.79
2023-06-13 16:00:00+00:00,14.956
2023-06-13 20:00:00+00:00,15.025
2023-06-14 00:00:00+00:00,15.227
2023-06-14 04:00:00+00:00,15.043
2023-06-14 08:00:00+00:00,15.195
2023-06-14 12:00:00+00:00,15.092
2023-06-14 16:00:00+00:00,15.077
2023-06-14 20:00:00+00:00,14.476
2023-06-15 00:00:00+00:00,14.915
2023-06-15 04:00:00+00:00,14.81
2023-06-15 08:00:00+00:00,14.658
2023-06-15 12:00:00+00:00,14.471
2023-06-15 16:00:00+00:00,14.752
2023-06-15 20:00:00+00:00,14.766
2023-06-16 00:00:00+00:00,14.788
2023-06-16 04:00:00+00:00,14.846
2023-06-16 08:00:00+00:00,14.561
2023-06-16 12:00:00+00:00,15.001
2023-06-16 16:00:00+00:00,15.27
2023-06-16 20:00:00+00:00,15.306
2023-06-17 00:00:00+00:00,15.416
2023-06-17 04:00:00+00:00,15.847
2023-06-17 08:00:00+00:00,15.761
2023-06-17 12:00:00+00:00,15.647
2023-06-17 16:00:00+00:00,15.646
2023-06-17 20:00:00+00:00,15.633
2023-06-18 00:00:00+00:00,15.577
2023-06-18 04:00:00+00:00,15.576
2023-06-18 08:00:00+00:00,15.713
2023-06-18 12:00:00+00:00,15.706
2023-06-18 16:00:00+00:00,15.804
2023-06-18 20:00:00+00:00,15.43
2023-06-19 00:00:00+00:00,15.484
2023-06-19 04:00:00+00:00,15.464
2023-06-19 08:00:00+00:00,15.552
2023-06-19 12:00:00+00:00,15.554
2023-06-19 16:00:00+00:00,15.849
2023-06-19 20:00:00+00:00,16.1
2023-06-20 00:00:00+00:00,16.021
2023-06-20 04:00:00+00:00,15.968
2023-06-20 08:00:00+00:00,15.915
2023-06-20 12:00:00+00:00,15.939
2023-06-20 16:00:00+00:00,16.345
2023-06-20 20:00:00+00:00,16.632
2023-06-21 00:00:00+00:00,16.755
2023-06-21 04:00:00+00:00,16.816
2023-06-21 08:00:00+00:00,16.776
2023-06-21 12:00:00+00:00,16.883
2023-06-21 16:00:00+00:00,17.122
2023-06-21 20:00:00+00:00,17.22
2023-06-22 00:00:00+00:00,17.525
2023-06-22 04:00:00+00:00,17.365
2023-06-22 08:00:00+00:00,16.844
2023-06-22 12:00:00+00:00,16.887
2023-06-22 16:00:00+00:00,16.929
2023-06-22 20:00:00+00:00,16.62
2023-06-23 00:00:00+00:00,16.776
2023-06-23 04:00:00+00:00,16.766
2023-06-23 08:00:00+00:00,16.585
2023-06-23 12:00:00+00:00,16.961
2023-06-23 16:00:00+00:00,17.113
2023-06-23 20:00:00+00:00,17.129
2023-06-24 00:00:00+00:00,17.36
2023-06-24 04:00:00+00:00,17.064
2023-06-24 08:00:00+00:00,17.2
2023-06-24 12:00:00+00:00,16.614
2023-06-24 16:00:00+00:00,16.677
2023-06-24 20:00:00+00:00,16.634
2023-06-25 00:00:00+00:00,16.974
2023-06-25 04:00:00+00:00,17.26
2023-06-25 08:00:00+00:00,17.239
2023-06-25 12:00:00+00:00,17.104
2023-06-25 16:00:00+00:00,16.978
2023-06-25 20:00:00+00:00,16.947
2023-06-26 00:00:00+00:00,16.742
2023-06-26 04:00:00+00:00,16.92
2023-06-26 08:00:00+00:00,16.918
2023-06-26 12:00:00+00:00,16.813
2023-06-26 16:00:00+00:00,16.299
2023-06-26 20:00:00+00:00,16.264
2023-06-27 00:00:00+00:00,16.482
2023-06-27 04:00:00+00:00,16.733
2023-06-27 08:00:00+00:00,16.682
2023-06-27 12:00:00+00:00,16.392
2023-06-27 16:00:00+00:00,16.716
2023-06-27 20:00:00+00:00,16.621
2023-06-28 00:00:00+00:00,16.393
2023-06-28 04:00:00+00:00,15.956
2023-06-28 08:00:00+00:00,16.198
2023-06-28 12:00:00+00:00,16.319
2023-06-28 16:00:00+00:00,15.893
2023-06-28 20:00:00+00:00,15.967
2023-06-29 00:00:00+00:00,16.029
2023-06-29 04:00:00+00:00,16.249
2023-06-29 08:00:00+00:00,18.044
2023-06-29 12:00:00+00:00,17.664
2023-06-29 16:00:00+00:00,17.725
2023-06-29 20:00:00+00:00,17.988
2023-06-30 00:00:00+00:00,18.951
2023-06-30 04:00:00+00:00,18.782
2023-06-30 08:00:00+00:00,18.865
2023-06-30 12:00:00+00:00,18.27
2023-06-30 16:00:00+00:00,19.091
2023-06-30 20:00:00+00:00,18.858
2023-07-01 00:00:00+00:00,18.306
2023-07-01 04:00:00+00:00,18.43
2023-07-01 08:00:00+00:00,18.328
2023-07-01 12:00:00+00:00,18.422
2023-07-01 16:00:00+00:00,18.319
2023-07-01 20:00:00+00:00,18.677
2023-07-02 00:00:00+00:00,18.764
2023-07-02 04:00:00+00:00,19.209
2023-07-02 08:00:00+00:00,19.033
2023-07-02 12:00:00+00:00,19.282
2023-07-02 16:00:00+00:00,19.36
2023-07-02 20:00:00+00:00,19.453
2023-07-03 00:00:00+00:00,19.57
2023-07-03 04:00:00+00:00,19.429
2023-07-03 08:00:00+00:00,19.465
2023-07-03 12:00:00+00:00,19.28
2023-07-03 16:00:00+00:00,19.274
2023-07-03 20:00:00+00:00,19.251
2023-07-04 00:00:00+00:00,19.285
2023-07-04 04:00:00+00:00,19.091
2023-07-04 08:00:00+00:00,19.239
2023-07-04 12:00:00+00:00,19.851
2023-07-04 16:00:00+00:00,19.498
2023-07-04 20:00:00+00:00,19.13
2023-07-05 00:00:00+00:00,19.284
2023-07-05 04:00:00+00:00,19.309
2023-07-05 08:00:00+00:00,18.695
2023-07-05 12:00:00+00:00,18.575
2023-07-05 16:00:00+00:00,18.59
2023-07-05 20:00:00+00:00,18.981
2023-07-06 00:00:00+00:00,19.454
2023-07-06 04:00:00+00:00,19.586
2023-07-06 08:00:00+00:00,19.89
2023-07-06 12:00:00+00:00,19.689
2023-07-06 16:00:00+00:00,20.885
2023-07-06 20:00:00+00:00,19.592
2023-07-07 00:00:00+00:00,20.197
2023-07-07 04:00:00+00:00,19.436
2023-07-07 08:00:00+00:00,20.149
2023-07-07 12:00:00+00:00,21.213
2023-07-07 16:00:00+00:00,21.418
2023-07-07 20:00:00+00:00,21.484
2023-07-08 00:00:00+00:00,21.681
2023-07-08 04:00:00+00:00,21.971
2023-07-08 08:00:00+00:00,21.929
2023-07-08 12:00:00+00:00,21.518
2023-07-08 16:00:00+00:00,21.616
2023-07-08 20:00:00+00:00,21.807
2023-07-09 00:00:00+00:00,21.663
2023-07-09 04:00:00+00:00,21.546
2023-07-09 08:00:00+00:00,21.596
2023-07-09 12:00:00+00:00,21.25
2023-07-09 16:00:00+00:00,21.283
2023-07-09 20:00:00+00:00,21.314
2023-07-10 00:00:00+00:00,21.244
2023-07-10 04:00:00+00:00,20.723
2023-07-10 08:00:00+00:00,20.781
2023-07-10 12:00:00+00:00,21.138
2023-07-10 16:00:00+00:00,21.568
2023-07-10 20:00:00+00:00,21.286
2023-07-11 00:00:00+00:00,21.725
2023-07-11 04:00:00+00:00,22.1
2023-07-11 08:00:00+00:00,22.033
2023-07-11 12:00:00+00:00,22.138
2023-07-11 16:00:00+00:00,21.963
2023-07-11 20:00:00+00:00,22.05
2023-07-12 00:00:00+00:00,21.903
2023-07-12 04:00:00+00:00,22.013
2023-07-12 08:00:00+00:00,22.111
2023-07-12 12:00:00+00:00,22.403
2023-07-12 16:00:00+00:00,21.84
2023-07-12 20:00:00+00:00,21.928
2023-07-13 00:00:00+00:00,21.648
2023-07-13 04:00:00+00:00,21.751
2023-07-13 08:00:00+00:00,22.406
2023-07-13 12:00:00+00:00,24.094
2023-07-13 16:00:00+00:00,26.214
2023-07-13 20:00:00+00:00,26.018
2023-07-14 00:00:00+00:00,28.571
2023-07-14 04:00:00+00:00,28.74
2023-07-14 08:00:00+00:00,28.077
2023-07-14 12:00:00+00:00,28.191
2023-07-14 16:00:00+00:00,26.079
2023-07-14 20:00:00+00:00,26.671
2023-07-15 00:00:00+00:00,27.155
2023-07-15 04:00:00+00:00,28.717
2023-07-15 08:00:00+00:00,28.932
2023-07-15 12:00:00+00:00,27.561
2023-07-15 16:00:00+00:00,27.886
2023-07-15 20:00:00+00:00,27.459
2023-07-16 00:00:00+00:00,27.018
2023-07-16 04:00:00+00:00,27.698
2023-07-16 08:00:00+00:00,28.062
2023-07-16 12:00:00+00:00,28.099
2023-07-16 16:00:00+00:00,27.36
2023-07-16 20:00:00+00:00,27.404
2023-07-17 00:00:00+00:00,28.012
2023-07-17 04:00:00+00:00,27.634
2023-07-17 08:00:00+00:00,27.125
2023-07-17 12:00:00+00:00,27.009
2023-07-17 16:00:00+00:00,26.167
2023-07-17 20:00:00+00:00,26.79
2023-07-18 00:00:00+00:00,26.555
2023-07-18 04:00:00+00:00,25.716
2023-07-18 08:00:00+00:00,25.018
2023-07-18 12:00:00+00:00,25.512
2023-07-18 16:00:00+00:00,25.292
2023-07-18 20:00:00+00:00,25.544
2023-07-19 00:00:00+00:00,26.396
2023-07-19 04:00:00+00:00,26.199
2023-07-19 08:00:00+00:00,26.473
2023-07-19 12:00:00+00:00,26.346
2023-07-19 16:00:00+00:00,26.756
2023-07-19 20:00:00+00:00,26.298
2023-07-20 00:00:00+00:00,26.484
2023-07-20 04:00:00+00:00,26.854
2023-07-20 08:00:00+00:00,27.143
2023-07-20 12:00:00+00:00,25.673
2023-07-20 16:00:00+00:00,25.391
2023-07-20 20:00:00+00:00,25.365
2023-07-21 00:00:00+00:00,25.471
2023-07-21 04:00:00+00:00,25.168
2023-07-21 08:00:00+00:00,25.268
2023-07-21 12:00:00+00:00,25.292
2023-07-21 16:00:00+00:00,25.782
2023-07-21 20:00:00+00:00,25.493
2023-07-22 00:00:00+00:00,25.831
2023-07-22 04:00:00+00:00,25.763
2023-07-22 08:00:00+00:00,25.594
2023-07-22 12:00:00+00:00,25.679
2023-07-22 16:00:00+00:00,25.286
2023-07-22 20:00:00+00:00,24.512
2023-07-23 00:00:00+00:00,24.697
2023-07-23 04:00:00+00:00,24.677
2023-07-23 08:00:00+00:00,24.654
2023-07-23 12:00:00+00:00,24.674
2023-07-23 16:00:00+00:00,24.891
2023-07-23 20:00:00+00:00,24.752
2023-07-24 00:00:00+00:00,24.329
2023-07-24 04:00:00+00:00,24.569
2023-07-24 08:00:00+00:00,23.617
2023-07-24 12:00:00+00:00,23.206
2023-07-24 16:00:00+00:00,23.292
2023-07-24 20:00:00+00:00,23.354
2023-07-25 00:00:00+00:00,23.364
2023-07-25 04:00:00+00:00,23.085
2023-07-25 08:00:00+00:00,23.167
2023-07-25 12:00:00+00:00,23.193
2023-07-25 16:00:00+00:00,23.156
2023-07-25 20:00:00+00:00,23.264
2023-07-26 00:00:00+00:00,23.499
2023-07-26 04:00:00+00:00,23.461
2023-07-26 08:00:00+00:00,23.812
2023-07-26 12:00:00+00:00,24.893
2023-07-26 16:00:00+00:00,25.36
2023-07-26 20:00:00+00:00,25.163
2023-07-27 00:00:00+00:00,24.914
2023-07-27 04:00:00+00:00,25.0
2023-07-27 08:00:00+00:00,25.378
2023-07-27 12:00:00+00:00,25.142
2023-07-27 16:00:00+00:00,24.938
2023-07-27 20:00:00+00:00,25.08
2023-07-28 00:00:00+00:00,24.92
2023-07-28 04:00:00+00:00,24.617
2023-07-28 08:00:00+00:00,24.63
2023-07-28 12:00:00+00:00,25.217
2023-07-28 16:00:00+00:00,25.032
2023-07-28 20:00:00+00:00,24.798
2023-07-29 00:00:00+00:00,25.127
2023-07-29 04:00:00+00:00,25.062
2023-07-29 08:00:00+00:00,24.955
2023-07-29 12:00:00+00:00,25.064
2023-07-29 16:00:00+00:00,25.204
2023-07-29 20:00:00+00:00,25.159
2023-07-30 00:00:00+00:00,25.022
2023-07-30 04:00:00+00:00,24.917
2023-07-30 08:00:00+00:00,24.967
2023-07-30 12:00:00+00:00,24.88
2023-07-30 16:00:00+00:00,24.239
2023-07-30 20:00:00+00:00,24.236
2023-07-31 00:00:00+00:00,24.63
2023-07-31 04:00:00+00:00,24.485
2023-07-31 08:00:00+00:00,24.456
2023-07-31 12:00:00+00:00,23.924
2023-07-31 16:00:00+00:00,23.665
2023-07-31 20:00:00+00:00,23.716
2023-08-01 00:00:00+00:00,23.39
2023-08-01 04:00:00+00:00,23.468
2023-08-01 08:00:00+00:00,23.331
2023-08-01 12:00:00+00:00,23.26
2023-08-01 16:00:00+00:00,23.605
2023-08-01 20:00:00+00:00,24.045
2023-08-02 00:00:00+00:00,23.656
2023-08-02 04:00:00+00:00,23.624
2023-08-02 08:00:00+00:00,23.67
2023-08-02 12:00:00+00:00,23.244
2023-08-02 16:00:00+00:00,23.167
2023-08-02 20:00:00+00:00,23.135
2023-08-03 00:00:00+00:00,23.241
2023-08-03 04:00:00+00:00,22.698
2023-08-03 08:00:00+00:00,22.733
2023-08-03 12:00:00+00:00,22.788
2023-08-03 16:00:00+00:00,22.875
2023-08-03 20:00:00+00:00,22.634
2023-08-04 00:00:00+00:00,22.736
2023-08-04 04:00:00+00:00,22.962
2023-08-04 08:00:00+00:00,22.902
2023-08-04 12:00:00+00:00,23.346
2023-08-04 16:00:00+00:00,22.933
2023-08-04 20:00:00+00:00,22.792
2023-08-05 00:00:00+00:00,22.717
2023-08-05 04:00:00+00:00,22.755
2023-08-05 08:00:00+00:00,22.777
2023-08-05 12:00:00+00:00,22.584
2023-08-05 16:00:00+00:00,22.584
2023-08-05 20:00:00+00:00,22.641
2023-08-06 00:00:00+00:00,22.828
2023-08-06 04:00:00+00:00,23.006
2023-08-06 08:00:00+00:00,23.206
2023-08-06 12:00:00+00:00,23.018
2023-08-06 16:00:00+00:00,23.202
2023-08-06 20:00:00+00:00,23.182
2023-08-07 00:00:00+00:00,23.288
2023-08-07 04:00:00+00:00,23.144
2023-08-07 08:00:00+00:00,23.091
2023-08-07 12:00:00+00:00,22.754
2023-08-07 16:00:00+00:00,22.959
2023-08-07 20:00:00+00:00,23.108
2023-08-08 00:00:00+00:00,23.141
2023-08-08 04:00:00+00:00,23.228
2023-08-08 08:00:00+00:00,23.375
2023-08-08 12:00:00+00:00,23.719
2023-08-08 16:00:00+00:00,24.571
2023-08-08 20:00:00+00:00,24.205
2023-08-09 00:00:00+00:00,24.296
2023-08-09 04:00:00+00:00,24.555
2023-08-09 08:00:00+00:00,24.847
2023-08-09 12:00:00+00:00,24.551
2023-08-09 16:00:00+00:00,24.296
2023-08-09 20:00:00+00:00,24.375
2023-08-10 00:00:00+00:00,24.234
2023-08-10 04:00:00+00:00,24.317
2023-08-10 08:00:00+00:00,24.396
2023-08-10 12:00:00+00:00,24.549
2023-08-10 16:00:00+00:00,24.585
2023-08-10 20:00:00+00:00,24.614
2023-08-11 00:00:00+00:00,24.68
2023-08-11 04:00:00+00:00,24.49
2023-08-11 08:00:00+00:00,24.529
2023-08-11 12:00:00+00:00,24.541
2023-08-11 16:00:00+00:00,24.449
2023-08-11 20:00:00+00:00,24.613
2023-08-12 00:00:00+00:00,24.465
2023-08-12 04:00:00+00:00,24.534
2023-08-12 08:00:00+00:00,24.547
2023-08-12 12:00:00+00:00,24.655
2023-08-12 16:00:00+00:00,24.728
2023-08-12 20:00:00+00:00,24.902
2023-08-13 00:00:00+00:00,24.881
2023-08-13 04:00:00+00:00,24.759
2023-08-13 08:00:00+00:00,24.694
2023-08-13 12:00:00+00:00,24.58
2023-08-13 16:00:00+00:00,24.645
2023-08-13 20:00:00+00:00,24.216
2023-08-14 00:00:00+00:00,24.384
2023-08-14 04:00:00+00:00,24.407
2023-08-14 08:00:00+00:00,24.498
2023-08-14 12:00:00+00:00,24.803
2023-08-14 16:00:00+00:00,24.817
2023-08-14 20:00:00+00:00,25.175
2023-08-15 00:00:00+00:00,24.982
2023-08-15 04:00:00+00:00,24.872
2023-08-15 08:00:00+00:00,24.826
2023-08-15 12:00:00+00:00,24.711
2023-08-15 16:00:00+00:00,24.037
2023-08-15 20:00:00+00:00,23.889
2023-08-16 00:00:00+00:00,23.673
2023-08-16 04:00:00+00:00,23.438
2023-08-16 08:00:00+00:00,23.496
2023-08-16 12:00:00+00:00,23.07
2023-08-16 16:00:00+00:00,23.328
2023-08-16 20:00:00+00:00,22.811
2023-08-17 00:00:00+00:00,23.303
2023-08-17 04:00:00+00:00,23.25
2023-08-17 08:00:00+00:00,23.084
2023-08-17 12:00:00+00:00,22.851
2023-08-17 16:00:00+00:00,23.078
2023-08-17 20:00:00+00:00,21.661
2023-08-18 00:00:00+00:00,21.542
2023-08-18 04:00:00+00:00,22.077
2023-08-18 08:00:00+00:00,22.004
2023-08-18 12:00:00+00:00,21.601
2023-08-18 16:00:00+00:00,21.276
2023-08-18 20:00:00+00:00,21.336
2023-08-19 00:00:00+00:00,21.416
2023-08-19 04:00:00+00:00,21.806
2023-08-19 08:00:00+00:00,21.63
2023-08-19 12:00:00+00:00,21.96
2023-08-19 16:00:00+00:00,21.871
2023-08-19 20:00:00+00:00,21.88
2023-08-20 00:00:00+00:00,21.801
2023-08-20 04:00:00+00:00,21.736
2023-08-20 08:00:00+00:00,21.954
2023-08-20 12:00:00+00:00,21.787
2023-08-20 16:00:00+00:00,21.784
2023-08-20 20:00:00+00:00,21.76
2023-08-21 00:00:00+00:00,21.391
2023-08-21 04:00:00+00:00,21.333
2023-08-21 08:00:00+00:00,21.225
2023-08-21 12:00:00+00:00,20.708
2023-08-21 16:00:00+00:00,21.278
2023-08-21 20:00:00+00:00,21.187
2023-08-22 00:00:00+00:00,21.095
2023-08-22 04:00:00+00:00,21.161
2023-08-22 08:00:00+00:00,20.926
2023-08-22 12:00:00+00:00,20.683
2023-08-22 16:00:00+00:00,20.048
2023-08-22 20:00:00+00:00,20.572
2023-08-23 00:00:00+00:00,20.577
2023-08-23 04:00:00+00:00,20.742
2023-08-23 08:00:00+00:00,20.621
2023-08-23 12:00:00+00:00,20.901
2023-08-23 16:00:00+00:00,21.481
2023-08-23 20:00:00+00:00,21.717
2023-08-24 00:00:00+00:00,21.746
2023-08-24 04:00:00+00:00,21.727
2023-08-24 08:00:00+00:00,21.768
2023-08-24 12:00:00+00:00,21.036
2023-08-24 16:00:00+00:00,20.914
2023-08-24 20:00:00+00:00,21.039
2023-08-25 00:00:00+00:00,20.721
2023-08-25 04:00:00+00:00,20.549
2023-08-25 08:00:00+00:00,20.663
2023-08-25 12:00:00+00:00,20.332
2023-08-25 16:00:00+00:00,20.229
2023-08-25 20:00:00+00:00,20.409
2023-08-26 00:00:00+00:00,20.386
2023-08-26 04:00:00+00:00,20.303
2023-08-26 08:00:00+00:00,20.284
2023-08-26 12:00:00+00:00,20.362
2023-08-26 16:00:00+00:00,20.332
2023-08-26 20:00:00+00:00,20.272
2023-08-27 00:00:00+00:00,20.276
2023-08-27 04:00:00+00:00,20.369
2023-08-27 08:00:00+00:00,20.57
2023-08-27 12:00:00+00:00,20.741
2023-08-27 16:00:00+00:00,20.764
2023-08-27 20:00:00+00:00,20.779
2023-08-28 00:00:00+00:00,20.471
2023-08-28 04:00:00+00:00,20.379
2023-08-28 08:00:00+00:00,20.355
2023-08-28 12:00:00+00:00,20.529
2023-08-28 16:00:00+00:00,20.464
2023-08-28 20:00:00+00:00,20.549
2023-08-29 00:00:00+00:00,20.484
2023-08-29 04:00:00+00:00,20.252
2023-08-29 08:00:00+00:00,20.138
2023-08-29 12:00:00+00:00,21.324
2023-08-29 16:00:00+00:00,21.572
2023-08-29 20:00:00+00:00,21.772
2023-08-30 00:00:00+00:00,21.625
2023-08-30 04:00:00+00:00,21.63
2023-08-30 08:00:00+00:00,21.408
2023-08-30 12:00:00+00:00,20.826
2023-08-30 16:00:00+00:00,20.669
2023-08-30 20:00:00+00:00,20.807
2023-08-31 00:00:00+00:00,20.638
2023-08-31 04:00:00+00:00,20.758
2023-08-31 08:00:00+00:00,20.877
2023-08-31 12:00:00+00:00,20.319
2023-08-31 16:00:00+00:00,19.818
2023-08-31 20:00:00+00:00,19.72
2023-09-01 00:00:00+00:00,19.869
2023-09-01 04:00:00+00:00,19.793
2023-09-01 08:00:00+00:00,19.832
2023-09-01 12:00:00+00:00,19.389
2023-09-01 16:00:00+00:00,19.274
2023-09-01 20:00:00+00:00,19.315
2023-09-02 00:00:00+00:00,19.556
2023-09-02 04:00:00+00:00,19.558
2023-09-02 08:00:00+00:00,19.558
2023-09-02 12:00:00+00:00,19.546
2023-09-02 16:00:00+00:00,19.389
2023-09-02 20:00:00+00:00,19.48
2023-09-03 00:00:00+00:00,19.62
2023-09-03 04:00:00+00:00,19.516
2023-09-03 08:00:00+00:00,19.413
2023-09-03 12:00:00+00:00,19.321
2023-09-03 16:00:00+00:00,19.475
2023-09-03 20:00:00+00:00,19.555
2023-09-04 00:00:00+00:00,19.735
2023-09-04 04:00:00+00:00,19.764
2023-09-04 08:00:00+00:00,19.576
2023-09-04 12:00:00+00:00,19.398
2023-09-04 16:00:00+00:00,19.421
2023-09-04 20:00:00+00:00,19.514
2023-09-05 00:00:00+00:00,19.211
2023-09-05 04:00:00+00:00,19.395
2023-09-05 08:00:00+00:00,19.537
2023-09-05 12:00:00+00:00,20.383
2023-09-05 16:00:00+00:00,20.23
2023-09-05 20:00:00+00:00,20.257
2023-09-06 00:00:00+00:00,20.136
2023-09-06 04:00:00+00:00,19.719
2023-09-06 08:00:00+00:00,19.741
2023-09-06 12:00:00+00:00,19.377
2023-09-06 16:00:00+00:00,19.466
2023-09-06 20:00:00+00:00,19.62
2023-09-07 00:00:00+00:00,19.75
2023-09-07 04:00:00+00:00,19.54
2023-09-07 08:00:00+00:00,19.393
2023-09-07 12:00:00+00:00,19.512
2023-09-07 16:00:00+00:00,19.651
2023-09-07 20:00:00+00:00,19.9
2023-09-08 00:00:00+00:00,20.004
2023-09-08 04:00:00+00:00,19.9
2023-09-08 08:00:00+00:00,19.53
2023-09-08 12:00:00+00:00,19.522
2023-09-08 16:00:00+00:00,19.558
2023-09-08 20:00:00+00:00,19.596
2023-09-09 00:00:00+00:00,19.515
2023-09-09 04:00:00+00:00,19.457
2023-09-09 08:00:00+00:00,19.551
2023-09-09 12:00:00+00:00,19.509
2023-09-09 16:00:00+00:00,19.43
2023-09-09 20:00:00+00:00,19.425
2023-09-10 00:00:00+00:00,19.192
2023-09-10 04:00:00+00:00,18.516
2023-09-10 08:00:00+00:00,18.318
2023-09-10 12:00:00+00:00,18.185
2023-09-10 16:00:00+00:00,18.168
2023-09-10 20:00:00+00:00,18.219
2023-09-11 00:00:00+00:00,18.33
2023-09-11 04:00:00+00:00,18.19
2023-09-11 08:00:00+00:00,17.648
2023-09-11 12:00:00+00:00,17.827
2023-09-11 16:00:00+00:00,17.501
2023-09-11 20:00:00+00:00,17.715
2023-09-12 00:00:00+00:00,18.176
2023-09-12 04:00:00+00:00,17.966
2023-09-12 08:00:00+00:00,18.3
2023-09-12 12:00:00+00:00,17.989
2023-09-12 16:00:00+00:00,17.924
2023-09-12 20:00:00+00:00,17.904
2023-09-13 00:00:00+00:00,17.823
2023-09-13 04:00:00+00:00,17.884
2023-09-13 08:00:00+00:00,18.173
2023-09-13 12:00:00+00:00,18.34
2023-09-13 16:00:00+00:00,18.337
2023-09-13 20:00:00+00:00,18.389
2023-09-14 00:00:00+00:00,18.921
2023-09-14 04:00:00+00:00,18.775
2023-09-14 08:00:00+00:00,18.831
2023-09-14 12:00:00+00:00,18.966
2023-09-14 16:00:00+00:00,19.037
2023-09-14 20:00:00+00:00,18.835
2023-09-15 00:00:00+00:00,19.13
2023-09-15 04:00:00+00:00,19.075
2023-09-15 08:00:00+00:00,18.997
2023-09-15 12:00:00+00:00,18.877
2023-09-15 16:00:00+00:00,18.718
2023-09-15 20:00:00+00:00,19.136
2023-09-16 00:00:00+00:00,19.2
2023-09-16 04:00:00+00:00,19.093
2023-09-16 08:00:00+00:00,19.14
2023-09-16 12:00:00+00:00,18.951
2023-09-16 16:00:00+00:00,18.944
2023-09-16 20:00:00+00:00,19.112
2023-09-17 00:00:00+00:00,19.018
2023-09-17 04:00:00+00:00,18.895
2023-09-17 08:00:00+00:00,19.016
2023-09-17 12:00:00+00:00,18.968
2023-09-17 16:00:00+00:00,18.876
2023-09-17 20:00:00+00:00,18.798
2023-09-18 00:00:00+00:00,19.195
2023-09-18 04:00:00+00:00,19.112
2023-09-18 08:00:00+00:00,19.579
2023-09-18 12:00:00+00:00,19.94
2023-09-18 16:00:00+00:00,19.767
2023-09-18 20:00:00+00:00,19.628
2023-09-19 00:00:00+00:00,19.956
2023-09-19 04:00:00+00:00,19.787
2023-09-19 08:00:00+00:00,20.207
2023-09-19 12:00:00+00:00,20.123
2023-09-19 16:00:00+00:00,19.917
2023-09-19 20:00:00+00:00,20.019
2023-09-20 00:00:00+00:00,19.9
2023-09-20 04:00:00+00:00,19.944
2023-09-20 08:00:00+00:00,20.047
2023-09-20 12:00:00+00:00,20.189
2023-09-20 16:00:00+00:00,20.104
2023-09-20 20:00:00+00:00,20.278
2023-09-21 00:00:00+00:00,20.175
2023-09-21 04:00:00+00:00,19.901
2023-09-21 08:00:00+00:00,19.588
2023-09-21 12:00:00+00:00,19.599
2023-09-21 16:00:00+00:00,19.614
2023-09-21 20:00:00+00:00,19.442
2023-09-22 00:00:00+00:00,19.655
2023-09-22 04:00:00+00:00,19.629
2023-09-22 08:00:00+00:00,19.674
2023-09-22 12:00:00+00:00,19.453
2023-09-22 16:00:00+00:00,19.348
2023-09-22 20:00:00+00:00,19.417
2023-09-23 00:00:00+00:00,19.371
2023-09-23 04:00:00+00:00,19.511
2023-09-23 08:00:00+00:00,19.508
2023-09-23 12:00:00+00:00,19.309
2023-09-23 16:00:00+00:00,19.458
2023-09-23 20:00:00+00:00,19.472
2023-09-24 00:00:00+00:00,19.56
2023-09-24 04:00:00+00:00,19.611
2023-09-24 08:00:00+00:00,19.59
2023-09-24 12:00:00+00:00,19.51
2023-09-24 16:00:00+00:00,19.453
2023-09-24 20:00:00+00:00,19.351
2023-09-25 00:00:00+00:00,19.469
2023-09-25 04:00:00+00:00,19.479
2023-09-25 08:00:00+00:00,19.531
2023-09-25 12:00:00+00:00,19.559
2023-09-25 16:00:00+00:00,19.508
2023-09-25 20:00:00+00:00,19.381
2023-09-26 00:00:00+00:00,19.436
2023-09-26 04:00:00+00:00,19.318
2023-09-26 08:00:00+00:00,19.376
2023-09-26 12:00:00+00:00,19.158
2023-09-26 16:00:00+00:00,19.228
2023-09-26 20:00:00+00:00,19.016
2023-09-27 00:00:00+00:00,19.022
2023-09-27 04:00:00+00:00,18.939
2023-09-27 08:00:00+00:00,19.392
2023-09-27 12:00:00+00:00,18.934
2023-09-27 16:00:00+00:00,18.966
2023-09-27 20:00:00+00:00,19.12
2023-09-28 00:00:00+00:00,19.197
2023-09-28 04:00:00+00:00,19.219
2023-09-28 08:00:00+00:00,19.159
2023-09-28 12:00:00+00:00,19.594
2023-09-28 16:00:00+00:00,19.7
2023-09-28 20:00:00+00:00,19.948
2023-09-29 00:00:00+00:00,20.196
2023-09-29 04:00:00+00:00,20.265
2023-09-29 08:00:00+00:00,20.071
2023-09-29 12:00:00+00:00,20.322
2023-09-29 16:00:00+00:00,20.234
2023-09-29 20:00:00+00:00,20.26
2023-09-30 00:00:00+00:00,20.211
2023-09-30 04:00:00+00:00,20.304
2023-09-30 08:00:00+00:00,20.271
2023-09-30 12:00:00+00:00,21.415
2023-09-30 16:00:00+00:00,21.384
2023-09-30 20:00:00+00:00,21.348
2023-10-01 00:00:00+00:00,21.194
2023-10-01 04:00:00+00:00,21.35
2023-10-01 08:00:00+00:00,22.955
2023-10-01 12:00:00+00:00,23.084
2023-10-01 16:00:00+00:00,22.714
2023-10-01 20:00:00+00:00,23.873
2023-10-02 00:00:00+00:00,24.084
2023-10-02 04:00:00+00:00,24.322
2023-10-02 08:00:00+00:00,23.825
2023-10-02 12:00:00+00:00,24.047
2023-10-02 16:00:00+00:00,23.82
2023-10-02 20:00:00+00:00,23.366
2023-10-03 00:00:00+00:00,23.645
2023-10-03 04:00:00+00:00,23.81
2023-10-03 08:00:00+00:00,23.908
2023-10-03 12:00:00+00:00,23.978
2023-10-03 16:00:00+00:00,23.514
2023-10-03 20:00:00+00:00,23.594
2023-10-04 00:00:00+00:00,23.095
2023-10-04 04:00:00+00:00,23.151
2023-10-04 08:00:00+00:00,23.568
2023-10-04 12:00:00+00:00,22.684
2023-10-04 16:00:00+00:00,22.912
2023-10-04 20:00:00+00:00,23.106
2023-10-05 00:00:00+00:00,23.218
2023-10-05 04:00:00+00:00,22.995
2023-10-05 08:00:00+00:00,23.207
2023-10-05 12:00:00+00:00,22.79
2023-10-05 16:00:00+00:00,22.782
2023-10-05 20:00:00+00:00,22.682
2023-10-06 00:00:00+00:00,23.169
2023-10-06 04:00:00+00:00,23.316
2023-10-06 08:00:00+00:00,23.169
2023-10-06 12:00:00+00:00,23.487
2023-10-06 16:00:00+00:00,23.415
2023-10-06 20:00:00+00:00,23.391
2023-10-07 00:00:00+00:00,23.663
2023-10-07 04:00:00+00:00,23.505
2023-10-07 08:00:00+00:00,23.467
2023-10-07 12:00:00+00:00,23.334
2023-10-07 16:00:00+00:00,23.117
2023-10-07 20:00:00+00:00,23.279
2023-10-08 00:00:00+00:00,23.512
2023-10-08 04:00:00+00:00,23.318
2023-10-08 08:00:00+00:00,23.215
2023-10-08 12:00:00+00:00,23.472
2023-10-08 16:00:00+00:00,23.313
2023-10-08 20:00:00+00:00,23.204
2023-10-09 00:00:00+00:00,23.238
2023-10-09 04:00:00+00:00,22.972
2023-10-09 08:00:00+00:00,22.165
2023-10-09 12:00:00+00:00,22.187
2023-10-09 16:00:00+00:00,22.185
2023-10-09 20:00:00+00:00,22.077
2023-10-10 00:00:00+00:00,22.133
2023-10-10 04:00:00+00:00,22.304
2023-10-10 08:00:00+00:00,22.117
2023-10-10 12:00:00+00:00,21.97
2023-10-10 16:00:00+00:00,22.014
2023-10-10 20:00:00+00:00,22.107
2023-10-11 00:00:00+00:00,21.962
2023-10-11 04:00:00+00:00,21.996
2023-10-11 08:00:00+00:00,22.13
2023-10-11 12:00:00+00:00,21.98
2023-10-11 16:00:00+00:00,21.892
2023-10-11 20:00:00+00:00,21.998
2023-10-12 00:00:00+00:00,21.695
2023-10-12 04:00:00+00:00,21.639
2023-10-12 08:00:00+00:00,21.491
2023-10-12 12:00:00+00:00,21.27
2023-10-12 16:00:00+00:00,21.2
2023-10-12 20:00:00+00:00,21.274
2023-10-13 00:00:00+00:00,21.12
2023-10-13 04:00:00+00:00,21.377
2023-10-13 08:00:00+00:00,21.465
2023-10-13 12:00:00+00:00,21.408
2023-10-13 16:00:00+00:00,21.563
2023-10-13 20:00:00+00:00,21.829
2023-10-14 00:00:00+00:00,22.014
2023-10-14 04:00:00+00:00,22.046
2023-10-14 08:00:00+00:00,21.966
2023-10-14 12:00:00+00:00,22.069
2023-10-14 16:00:00+00:00,22.033
2023-10-14 20:00:00+00:00,21.983
2023-10-15 00:00:00+00:00,21.923
2023-10-15 04:00:00+00:00,21.926
2023-10-15 08:00:00+00:00,21.857
2023-10-15 12:00:00+00:00,21.72
2023-10-15 16:00:00+00:00,21.9
2023-10-15 20:00:00+00:00,21.918
2023-10-16 00:00:00+00:00,22.093
2023-10-16 04:00:00+00:00,22.808
2023-10-16 08:00:00+00:00,23.131
2023-10-16 12:00:00+00:00,23.15
2023-10-16 16:00:00+00:00,23.85
2023-10-16 20:00:00+00:00,23.939
2023-10-17 00:00:00+00:00,23.989
2023-10-17 04:00:00+00:00,24.071
2023-10-17 08:00:00+00:00,24.07
2023-10-17 12:00:00+00:00,23.884
2023-10-17 16:00:00+00:00,24.162
2023-10-17 20:00:00+00:00,23.93
2023-10-18 00:00:00+00:00,24.03
2023-10-18 04:00:00+00:00,23.885
2023-10-18 08:00:00+00:00,23.794
2023-10-18 12:00:00+00:00,23.677
2023-10-18 16:00:00+00:00,23.687
2023-10-18 20:00:00+00:00,23.408
2023-10-19 00:00:00+00:00,23.44
2023-10-19 04:00:00+00:00,23.831
2023-10-19 08:00:00+00:00,24.259
2023-10-19 12:00:00+00:00,24.749
2023-10-19 16:00:00+00:00,25.137
2023-10-19 20:00:00+00:00,24.91
2023-10-20 00:00:00+00:00,25.644
2023-10-20 04:00:00+00:00,26.22
2023-10-20 08:00:00+00:00,26.876
2023-10-20 12:00:00+00:00,26.873
2023-10-20 16:00:00+00:00,26.874
2023-10-20 20:00:00+00:00,27.01
2023-10-21 00:00:00+00:00,26.801
2023-10-21 04:00:00+00:00,28.049
2023-10-21 08:00:00+00:00,29.513
2023-10-21 12:00:00+00:00,29.015
2023-10-21 16:00:00+00:00,29.472
2023-10-21 20:00:00+00:00,29.312
2023-10-22 00:00:00+00:00,29.708
2023-10-22 04:00:00+00:00,28.795
2023-10-22 08:00:00+00:00,28.326
2023-10-22 12:00:00+00:00,28.418
2023-10-22 16:00:00+00:00,28.679
2023-10-22 20:00:00+00:00,29.031
2023-10-23 00:00:00+00:00,30.648
2023-10-23 04:00:00+00:00,30.104
2023-10-23 08:00:00+00:00,29.69
2023-10-23 12:00:00+00:00,28.966
2023-10-23 16:00:00+00:00,29.891
2023-10-23 20:00:00+00:00,31.902
2023-10-24 00:00:00+00:00,31.38
2023-10-24 04:00:00+00:00,31.237
2023-10-24 08:00:00+00:00,31.833
2023-10-24 12:00:00+00:00,30.894
2023-10-24 16:00:00+00:00,30.496
2023-10-24 20:00:00+00:00,30.157
2023-10-25 00:00:00+00:00,31.038
2023-10-25 04:00:00+00:00,30.952
2023-10-25 08:00:00+00:00,32.202
2023-10-25 12:00:00+00:00,33.378
2023-10-25 16:00:00+00:00,32.769
2023-10-25 20:00:00+00:00,32.446
2023-10-26 00:00:00+00:00,32.757
2023-10-26 04:00:00+00:00,32.837
2023-10-26 08:00:00+00:00,31.82
2023-10-26 12:00:00+00:00,31.297
2023-10-26 16:00:00+00:00,31.547
2023-10-26 20:00:00+00:00,32.77
2023-10-27 00:00:00+00:00,32.39
2023-10-27 04:00:00+00:00,32.359
2023-10-27 08:00:00+00:00,32.585
2023-10-27 12:00:00+00:00,32.2
2023-10-27 16:00:00+00:00,31.926
2023-10-27 20:00:00+00:00,31.739
2023-10-28 00:00:00+00:00,32.356
2023-10-28 04:00:00+00:00,32.29
2023-10-28 08:00:00+00:00,32.194
2023-10-28 12:00:00+00:00,32.027
2023-10-28 16:00:00+00:00,31.579
2023-10-28 20:00:00+00:00,31.614
2023-10-29 00:00:00+00:00,31.564
2023-10-29 04:00:00+00:00,32.271
2023-10-29 08:00:00+00:00,32.25
2023-10-29 12:00:00+00:00,32.616
2023-10-29 16:00:00+00:00,32.992
2023-10-29 20:00:00+00:00,32.826
2023-10-30 00:00:00+00:00,32.733
2023-10-30 04:00:00+00:00,32.52
2023-10-30 08:00:00+00:00,34.951
2023-10-30 12:00:00+00:00,35.046
2023-10-30 16:00:00+00:00,34.903
2023-10-30 20:00:00+00:00,34.958
2023-10-31 00:00:00+00:00,35.797
2023-10-31 04:00:00+00:00,35.71
2023-10-31 08:00:00+00:00,36.551
2023-10-31 12:00:00+00:00,36.093
2023-10-31 16:00:00+00:00,36.243
2023-10-31 20:00:00+00:00,38.372
2023-11-01 00:00:00+00:00,38.256
2023-11-01 04:00:00+00:00,38.431
2023-11-01 08:00:00+00:00,39.249
2023-11-01 12:00:00+00:00,40.594
2023-11-01 16:00:00+00:00,42.052
2023-11-01 20:00:00+00:00,41.204
2023-11-02 00:00:00+00:00,42.581
2023-11-02 04:00:00+00:00,43.092
2023-11-02 08:00:00+00:00,44.434
2023-11-02 12:00:00+00:00,40.041
2023-11-02 16:00:00+00:00,41.389
2023-11-02 20:00:00+00:00,40.251
2023-11-03 00:00:00+00:00,38.91
2023-11-03 04:00:00+00:00,39.056
2023-11-03 08:00:00+00:00,39.179
2023-11-03 12:00:00+00:00,39.817
2023-11-03 16:00:00+00:00,39.19
2023-11-03 20:00:00+00:00,39.497
2023-11-04 00:00:00+00:00,41.11
2023-11-04 04:00:00+00:00,41.689
2023-11-04 08:00:00+00:00,41.546
2023-11-04 12:00:00+00:00,41.278
2023-11-04 16:00:00+00:00,41.381
2023-11-04 20:00:00+00:00,42.422
2023-11-05 00:00:00+00:00,42.525
2023-11-05 04:00:00+00:00,41.571
2023-11-05 08:00:00+00:00,41.677
2023-11-05 12:00:00+00:00,40.737
2023-11-05 16:00:00+00:00,40.79
2023-11-05 20:00:00+00:00,41.167
2023-11-06 00:00:00+00:00,41.118
2023-11-06 04:00:00+00:00,39.939
2023-11-06 08:00:00+00:00,40.343
2023-11-06 12:00:00+00:00,40.248
2023-11-06 16:00:00+00:00,40.507
2023-11-06 20:00:00+00:00,42.181
2023-11-07 00:00:00+00:00,40.839
2023-11-07 04:00:00+00:00,41.596
2023-11-07 08:00:00+00:00,41.125
2023-11-07 12:00:00+00:00,41.219
2023-11-07 16:00:00+00:00,43.897
2023-11-07 20:00:00+00:00,42.976
2023-11-08 00:00:00+00:00,43.377
2023-11-08 04:00:00+00:00,43.485
2023-11-08 08:00:00+00:00,43.323
2023-11-08 12:00:00+00:00,42.77
2023-11-08 16:00:00+00:00,43.106
2023-11-08 20:00:00+00:00,43.142
2023-11-09 00:00:00+00:00,44.118
2023-11-09 04:00:00+00:00,43.904
2023-11-09 08:00:00+00:00,47.148
2023-11-09 12:00:00+00:00,46.452
2023-11-09 16:00:00+00:00,44.417
2023-11-09 20:00:00+00:00,45.305
2023-11-10 00:00:00+00:00,47.42
2023-11-10 04:00:00+00:00,47.602
2023-11-10 08:00:00+00:00,50.735
2023-11-10 12:00:00+00:00,51.151
2023-11-10 16:00:00+00:00,54.1
2023-11-10 20:00:00+00:00,56.679
2023-11-11 00:00:00+00:00,55.851
2023-11-11 04:00:00+00:00,54.3
2023-11-11 08:00:00+00:00,55.279
2023-11-11 12:00:00+00:00,60.984
2023-11-11 16:00:00+00:00,60.566
2023-11-11 20:00:00+00:00,56.409
2023-11-12 00:00:00+00:00,57.422
2023-11-12 04:00:00+00:00,61.146
2023-11-12 08:00:00+00:00,60.023
2023-11-12 12:00:00+00:00,58.697
2023-11-12 16:00:00+00:00,56.095
2023-11-12 20:00:00+00:00,56.315
2023-11-13 00:00:00+00:00,57.04
2023-11-13 04:00:00+00:00,58.286
2023-11-13 08:00:00+00:00,57.069
2023-11-13 12:00:00+00:00,55.682
2023-11-13 16:00:00+00:00,54.712
2023-11-13 20:00:00+00:00,51.662
2023-11-14 00:00:00+00:00,54.069
2023-11-14 04:00:00+00:00,55.181
2023-11-14 08:00:00+00:00,52.71
2023-11-14 12:00:00+00:00,56.269
2023-11-14 16:00:00+00:00,55.134
2023-11-14 20:00:00+00:00,56.849
2023-11-15 00:00:00+00:00,56.299
2023-11-15 04:00:00+00:00,59.186
2023-11-15 08:00:00+00:00,63.044
2023-11-15 12:00:00+00:00,62.491
2023-11-15 16:00:00+00:00,65.391
2023-11-15 20:00:00+00:00,65.506
2023-11-16 00:00:00+00:00,65.916
2023-11-16 04:00:00+00:00,65.733
2023-11-16 08:00:00+00:00,64.082
2023-11-16 12:00:00+00:00,61.647
2023-11-16 16:00:00+00:00,62.37
2023-11-16 20:00:00+00:00,57.842
2023-11-17 00:00:00+00:00,58.934
2023-11-17 04:00:00+00:00,58.177
2023-11-17 08:00:00+00:00,58.175
2023-11-17 12:00:00+00:00,55.053
2023-11-17 16:00:00+00:00,57.585
2023-11-17 20:00:00+00:00,58.49
2023-11-18 00:00:00+00:00,56.737
2023-11-18 04:00:00+00:00,56.372
2023-11-18 08:00:00+00:00,57.012
2023-11-18 12:00:00+00:00,57.993
2023-11-18 16:00:00+00:00,59.05
2023-11-18 20:00:00+00:00,58.581
2023-11-19 00:00:00+00:00,58.252
2023-11-19 04:00:00+00:00,60.455
2023-11-19 08:00:00+00:00,59.876
2023-11-19 12:00:00+00:00,59.999
2023-11-19 16:00:00+00:00,61.196
2023-11-19 20:00:00+00:00,61.099
2023-11-20 00:00:00+00:00,59.964
2023-11-20 04:00:00+00:00,59.931
2023-11-20 08:00:00+00:00,60.084
2023-11-20 12:00:00+00:00,59.008
2023-11-20 16:00:00+00:00,57.564
2023-11-20 20:00:00+00:00,56.603
2023-11-21 00:00:00+00:00,56.027
2023-11-21 04:00:00+00:00,55.399
2023-11-21 08:00:00+00:00,56.299
2023-11-21 12:00:00+00:00,55.13
2023-11-21 16:00:00+00:00,54.835
2023-11-21 20:00:00+00:00,51.682
2023-11-22 00:00:00+00:00,54.351
2023-11-22 04:00:00+00:00,54.652
2023-11-22 08:00:00+00:00,54.53
2023-11-22 12:00:00+00:00,54.944
2023-11-22 16:00:00+00:00,57.313
2023-11-22 20:00:00+00:00,57.579
2023-11-23 00:00:00+00:00,57.657
2023-11-23 04:00:00+00:00,57.823
2023-11-23 08:00:00+00:00,57.969
2023-11-23 12:00:00+00:00,56.64
2023-11-23 16:00:00+00:00,56.374
2023-11-23 20:00:00+00:00,56.537
2023-11-24 00:00:00+00:00,57.277
2023-11-24 04:00:00+00:00,57.359
2023-11-24 08:00:00+00:00,58.057
2023-11-24 12:00:00+00:00,58.158
2023-11-24 16:00:00+00:00,57.166
2023-11-24 20:00:00+00:00,56.869
2023-11-25 00:00:00+00:00,58.85
2023-11-25 04:00:00+00:00,58.622
2023-11-25 08:00:00+00:00,57.825
2023-11-25 12:00:00+00:00,58.546
2023-11-25 16:00:00+00:00,59.054
2023-11-25 20:00:00+00:00,58.83
2023-11-26 00:00:00+00:00,58.345
2023-11-26 04:00:00+00:00,58.428
2023-11-26 08:00:00+00:00,57.865
2023-11-26 12:00:00+00:00,57.106
2023-11-26 16:00:00+00:00,57.197
2023-11-26 20:00:00+00:00,57.593
2023-11-27 00:00:00+00:00,56.6
2023-11-27 04:00:00+00:00,55.921
2023-11-27 08:00:00+00:00,55.026
2023-11-27 12:00:00+00:00,53.962
2023-11-27 16:00:00+00:00,54.124
2023-11-27 20:00:00+00:00,55.03
2023-11-28 00:00:00+00:00,54.934
2023-11-28 04:00:00+00:00,55.057
2023-11-28 08:00:00+00:00,56.163
2023-11-28 12:00:00+00:00,56.07
2023-11-28 16:00:00+00:00,58.03
2023-11-28 20:00:00+00:00,58.183
2023-11-29 00:00:00+00:00,58.529
2023-11-29 04:00:00+00:00,59.371
2023-11-29 08:00:00+00:00,60.648
2023-11-29 12:00:00+00:00,60.066
2023-11-29 16:00:00+00:00,60.063
2023-11-29 20:00:00+00:00,59.324
2023-11-30 00:00:00+00:00,60.401
2023-11-30 04:00:00+00:00,59.99
2023-11-30 08:00:00+00:00,60.776
2023-11-30 12:00:00+00:00,59.578
2023-11-30 16:00:00+00:00,59.984
2023-11-30 20:00:00+00:00,59.309
2023-12-01 00:00:00+00:00,60.788
2023-12-01 04:00:00+00:00,60.881
2023-12-01 08:00:00+00:00,61.05
2023-12-01 12:00:00+00:00,60.147
2023-12-01 16:00:00+00:00,60.506
2023-12-01 20:00:00+00:00,59.75
2023-12-02 00:00:00+00:00,61.054
2023-12-02 04:00:00+00:00,62.055
2023-12-02 08:00:00+00:00,62.183
2023-12-02 12:00:00+00:00,61.912
2023-12-02 16:00:00+00:00,63.012
2023-12-02 20:00:00+00:00,63.684
2023-12-03 00:00:00+00:00,64.157
2023-12-03 04:00:00+00:00,63.986
2023-12-03 08:00:00+00:00,63.572
2023-12-03 12:00:00+00:00,63.034
2023-12-03 16:00:00+00:00,62.971
2023-12-03 20:00:00+00:00,63.015
2023-12-04 00:00:00+00:00,64.292
2023-12-04 04:00:00+00:00,63.774
2023-12-04 08:00:00+00:00,62.123
2023-12-04 12:00:00+00:00,60.577
2023-12-04 16:00:00+00:00,61.066
2023-12-04 20:00:00+00:00,61.671
2023-12-05 00:00:00+00:00,60.64
2023-12-05 04:00:00+00:00,59.698
2023-12-05 08:00:00+00:00,60.19
2023-12-05 12:00:00+00:00,60.999
2023-12-05 16:00:00+00:00,61.437
2023-12-05 20:00:00+00:00,61.061
2023-12-06 00:00:00+00:00,64.423
2023-12-06 04:00:00+00:00,63.427
2023-12-06 08:00:00+00:00,63.051
2023-12-06 12:00:00+00:00,62.672
2023-12-06 16:00:00+00:00,64.468
2023-12-06 20:00:00+00:00,61.878
2023-12-07 00:00:00+00:00,62.953
2023-12-07 04:00:00+00:00,63.385
2023-12-07 08:00:00+00:00,64.289
2023-12-07 12:00:00+00:00,65.917
2023-12-07 16:00:00+00:00,64.837
2023-12-07 20:00:00+00:00,67.806
2023-12-08 00:00:00+00:00,71.541
2023-12-08 04:00:00+00:00,71.435
2023-12-08 08:00:00+00:00,73.015
2023-12-08 12:00:00+00:00,72.071
2023-12-08 16:00:00+00:00,72.329
2023-12-08 20:00:00+00:00,74.98
2023-12-09 00:00:00+00:00,74.217
2023-12-09 04:00:00+00:00,76.984
2023-12-09 08:00:00+00:00,77.207
2023-12-09 12:00:00+00:00,75.612
2023-12-09 16:00:00+00:00,74.152
2023-12-09 20:00:00+00:00,72.368
2023-12-10 00:00:00+00:00,73.081
2023-12-10 04:00:00+00:00,72.524
2023-12-10 08:00:00+00:00,71.496
2023-12-10 12:00:00+00:00,73.767
2023-12-10 16:00:00+00:00,73.545
2023-12-10 20:00:00+00:00,74.907
2023-12-11 00:00:00+00:00,70.888
2023-12-11 04:00:00+00:00,68.522
2023-12-11 08:00:00+00:00,69.676
2023-12-11 12:00:00+00:00,69.272
2023-12-11 16:00:00+00:00,69.375
2023-12-11 20:00:00+00:00,70.286
2023-12-12 00:00:00+00:00,71.232
2023-12-12 04:00:00+00:00,71.791
2023-12-12 08:00:00+00:00,70.659
2023-12-12 12:00:00+00:00,68.514
2023-12-12 16:00:00+00:00,67.675
2023-12-12 20:00:00+00:00,68.644
2023-12-13 00:00:00+00:00,65.517
2023-12-13 04:00:00+00:00,64.924
2023-12-13 08:00:00+00:00,65.444
2023-12-13 12:00:00+00:00,67.581
2023-12-13 16:00:00+00:00,70.335
2023-12-13 20:00:00+00:00,70.668
2023-12-14 00:00:00+00:00,70.122
2023-12-14 04:00:00+00:00,71.573
2023-12-14 08:00:00+00:00,73.523
2023-12-14 12:00:00+00:00,71.66
2023-12-14 16:00:00+00:00,73.302
2023-12-14 20:00:00+00:00,75.751
2023-12-15 00:00:00+00:00,74.455
2023-12-15 04:00:00+00:00,76.663
2023-12-15 08:00:00+00:00,79.182
2023-12-15 12:00:00+00:00,76.097
2023-12-15 16:00:00+00:00,76.957
2023-12-15 20:00:00+00:00,72.552
2023-12-16 00:00:00+00:00,74.225
2023-12-16 04:00:00+00:00,74.392
2023-12-16 08:00:00+00:00,75.132
2023-12-16 12:00:00+00:00,77.174
2023-12-16 16:00:00+00:00,74.21
2023-12-16 20:00:00+00:00,73.737
2023-12-17 00:00:00+00:00,73.573
2023-12-17 04:00:00+00:00,72.388
2023-12-17 08:00:00+00:00,73.104
2023-12-17 12:00:00+00:00,72.716
2023-12-17 16:00:00+00:00,73.588
2023-12-17 20:00:00+00:00,70.902
2023-12-18 00:00:00+00:00,69.931
2023-12-18 04:00:00+00:00,68.957
2023-12-18 08:00:00+00:00,69.021
2023-12-18 12:00:00+00:00,70.76
2023-12-18 16:00:00+00:00,72.324
2023-12-18 20:00:00+00:00,74.429
2023-12-19 00:00:00+00:00,75.287
2023-12-19 04:00:00+00:00,75.728
2023-12-19 08:00:00+00:00,74.676
2023-12-19 12:00:00+00:00,73.727
2023-12-19 16:00:00+00:00,74.272
2023-12-19 20:00:00+00:00,73.04
2023-12-20 00:00:00+00:00,74.98
2023-12-20 04:00:00+00:00,76.12
2023-12-20 08:00:00+00:00,77.12
2023-12-20 12:00:00+00:00,80.756
2023-12-20 16:00:00+00:00,81.16
2023-12-20 20:00:00+00:00,82.243
2023-12-21 00:00:00+00:00,83.424
2023-12-21 04:00:00+00:00,86.835
2023-12-21 08:00:00+00:00,87.091
2023-12-21 12:00:00+00:00,87.56
2023-12-21 16:00:00+00:00,92.964
2023-12-21 20:00:00+00:00,93.927
2023-12-22 00:00:00+00:00,97.807
2023-12-22 04:00:00+00:00,93.929
2023-12-22 08:00:00+00:00,93.833
2023-12-22 12:00:00+00:00,96.335
2023-12-22 16:00:00+00:00,96.931
2023-12-22 20:00:00+00:00,97.962
2023-12-23 00:00:00+00:00,93.792
2023-12-23 04:00:00+00:00,95.448
2023-12-23 08:00:00+00:00,95.958
2023-12-23 12:00:00+00:00,96.83
2023-12-23 16:00:00+00:00,102.977
2023-12-23 20:00:00+00:00,107.965
2023-12-24 00:00:00+00:00,116.333
2023-12-24 04:00:00+00:00,114.565
2023-12-24 08:00:00+00:00,110.453
2023-12-24 12:00:00+00:00,113.625
2023-12-24 16:00:00+00:00,115.233
2023-12-24 20:00:00+00:00,112.571
2023-12-25 00:00:00+00:00,112.102
2023-12-25 04:00:00+00:00,113.029
2023-12-25 08:00:00+00:00,111.872
2023-12-25 12:00:00+00:00,123.176
2023-12-25 16:00:00+00:00,121.426
2023-12-25 20:00:00+00:00,120.942
2023-12-26 00:00:00+00:00,119.467
2023-12-26 04:00:00+00:00,113.414
2023-12-26 08:00:00+00:00,114.839
2023-12-26 12:00:00+00:00,110.708
2023-12-26 16:00:00+00:00,106.708
2023-12-26 20:00:00+00:00,112.543
2023-12-27 00:00:00+00:00,108.679
2023-12-27 04:00:00+00:00,111.515
2023-12-27 08:00:00+00:00,112.883
2023-12-27 12:00:00+00:00,107.99
2023-12-27 16:00:00+00:00,109.119
2023-12-27 20:00:00+00:00,107.095
2023-12-28 00:00:00+00:00,104.664
2023-12-28 04:00:00+00:00,105.984
2023-12-28 08:00:00+00:00,104.987
2023-12-28 12:00:00+00:00,99.802
2023-12-28 16:00:00+00:00,101.208
2023-12-28 20:00:00+00:00,101.913
2023-12-29 00:00:00+00:00,104.968
2023-12-29 04:00:00+00:00,105.252
2023-12-29 08:00:00+00:00,107.707
2023-12-29 12:00:00+00:00,106.064
2023-12-29 16:00:00+00:00,105.914
2023-12-29 20:00:00+00:00,106.225
2023-12-30 00:00:00+00:00,103.643
2023-12-30 04:00:00+00:00,103.552
2023-12-30 08:00:00+00:00,102.239
2023-12-30 12:00:00+00:00,104.334
2023-12-30 16:00:00+00:00,103.36
2023-12-30 20:00:00+00:00,101.971
2023-12-31 00:00:00+00:00,100.743
2023-12-31 04:00:00+00:00,104.069
2023-12-31 08:00:00+00:00,104.376
2023-12-31 12:00:00+00:00,102.576
2023-12-31 16:00:00+00:00,103.893
2023-12-31 20:00:00+00:00,101.778
2024-01-01 00:00:00+00:00,103.181
2024-01-01 04:00:00+00:00,102.581
2024-01-01 08:00:00+00:00,104.48
2024-01-01 12:00:00+00:00,106.083
2024-01-01 16:00:00+00:00,108.888
2024-01-01 20:00:00+00:00,110.047
2024-01-02 00:00:00+00:00,111.518
2024-01-02 04:00:00+00:00,114.53
2024-01-02 08:00:00+00:00,114.113
2024-01-02 12:00:00+00:00,109.721
2024-01-02 16:00:00+00:00,107.766
2024-01-02 20:00:00+00:00,106.83
2024-01-03 00:00:00+00:00,108.198
2024-01-03 04:00:00+00:00,107.841
2024-01-03 08:00:00+00:00,103.499
2024-01-03 12:00:00+00:00,102.117
2024-01-03 16:00:00+00:00,97.363
2024-01-03 20:00:00+00:00,98.519
2024-01-04 00:00:00+00:00,101.108
2024-01-04 04:00:00+00:00,98.915
2024-01-04 08:00:00+00:00,98.53
2024-01-04 12:00:00+00:00,103.691
2024-01-04 16:00:00+00:00,105.176
2024-01-04 20:00:00+00:00,104.975
2024-01-05 00:00:00+00:00,100.997
2024-01-05 04:00:00+00:00,101.133
2024-01-05 08:00:00+00:00,99.633
2024-01-05 12:00:00+00:00,98.049
2024-01-05 16:00:00+00:00,97.927
2024-01-05 20:00:00+00:00,99.874
2024-01-06 00:00:00+00:00,98.67
2024-01-06 04:00:00+00:00,94.45
2024-01-06 08:00:00+00:00,94.444
2024-01-06 12:00:00+00:00,95.156
2024-01-06 16:00:00+00:00,95.06
2024-01-06 20:00:00+00:00,93.799
2024-01-07 00:00:00+00:00,92.907
2024-01-07 04:00:00+00:00,95.245
2024-01-07 08:00:00+00:00,94.524
2024-01-07 12:00:00+00:00,93.901
2024-01-07 16:00:00+00:00,94.76
2024-01-07 20:00:00+00:00,89.414
2024-01-08 00:00:00+00:00,87.256
2024-01-08 04:00:00+00:00,89.659
2024-01-08 08:00:00+00:00,92.191
2024-01-08 12:00:00+00:00,94.635
2024-01-08 16:00:00+00:00,99.239
2024-01-08 20:00:00+00:00,97.901
2024-01-09 00:00:00+00:00,99.833
2024-01-09 04:00:00+00:00,101.9
2024-01-09 08:00:00+00:00,101.894
2024-01-09 12:00:00+00:00,99.804
2024-01-09 16:00:00+00:00,99.323
2024-01-09 20:00:00+00:00,99.347
2024-01-10 00:00:00+00:00,99.671
2024-01-10 04:00:00+00:00,98.159
2024-01-10 08:00:00+00:00,97.347
2024-01-10 12:00:00+00:00,94.803
2024-01-10 16:00:00+00:00,96.317
2024-01-10 20:00:00+00:00,102.063
2024-01-11 00:00:00+00:00,100.377
2024-01-11 04:00:00+00:00,99.745
2024-01-11 08:00:00+00:00,104.499
2024-01-11 12:00:00+00:00,100.824
2024-01-11 16:00:00+00:00,101.378
2024-01-11 20:00:00+00:00,99.928
2024-01-12 00:00:00+00:00,97.751
2024-01-12 04:00:00+00:00,98.842
2024-01-12 08:00:00+00:00,98.252
2024-01-12 12:00:00+00:00,95.396
2024-01-12 16:00:00+00:00,95.256
2024-01-12 20:00:00+00:00,92.153
2024-01-13 00:00:00+00:00,91.102
2024-01-13 04:00:00+00:00,92.551
2024-01-13 08:00:00+00:00,92.251
2024-01-13 12:00:00+00:00,92.92
2024-01-13 16:00:00+00:00,94.768
2024-01-13 20:00:00+00:00,95.836
2024-01-14 00:00:00+00:00,96.992
2024-01-14 04:00:00+00:00,98.307
2024-01-14 08:00:00+00:00,96.799
2024-01-14 12:00:00+00:00,99.52
2024-01-14 16:00:00+00:00,96.22
2024-01-14 20:00:00+00:00,93.83
2024-01-15 00:00:00+00:00,95.938
2024-01-15 04:00:00+00:00,95.63
2024-01-15 08:00:00+00:00,95.516
2024-01-15 12:00:00+00:00,93.522
2024-01-15 16:00:00+00:00,96.031
2024-01-15 20:00:00+00:00,94.359
2024-01-16 00:00:00+00:00,96.2
2024-01-16 04:00:00+00:00,97.743
2024-01-16 08:00:00+00:00,96.727
2024-01-16 12:00:00+00:00,97.259
2024-01-16 16:00:00+00:00,96.821
2024-01-16 20:00:00+00:00,97.637
2024-01-17 00:00:00+00:00,99.989
2024-01-17 04:00:00+00:00,97.366
2024-01-17 08:00:00+00:00,102.051
2024-01-17 12:00:00+00:00,99.408
2024-01-17 16:00:00+00:00,100.787
2024-01-17 20:00:00+00:00,102.155
2024-01-18 00:00:00+00:00,99.956
2024-01-18 04:00:00+00:00,100.784
2024-01-18 08:00:00+00:00,98.962
2024-01-18 12:00:00+00:00,98.27
2024-01-18 16:00:00+00:00,92.383
2024-01-18 20:00:00+00:00,94.389
2024-01-19 00:00:00+00:00,93.089
2024-01-19 04:00:00+00:00,94.498
2024-01-19 08:00:00+00:00,94.783
2024-01-19 12:00:00+00:00,91.262
2024-01-19 16:00:00+00:00,94.115
2024-01-19 20:00:00+00:00,93.596
2024-01-20 00:00:00+00:00,93.61
2024-01-20 04:00:00+00:00,91.94
2024-01-20 08:00:00+00:00,92.023
2024-01-20 12:00:00+00:00,90.871
2024-01-20 16:00:00+00:00,92.029
2024-01-20 20:00:00+00:00,92.9
2024-01-21 00:00:00+00:00,92.936
2024-01-21 04:00:00+00:00,92.363
2024-01-21 08:00:00+00:00,93.194
2024-01-21 12:00:00+00:00,92.512
2024-01-21 16:00:00+00:00,92.48
2024-01-21 20:00:00+00:00,91.105
2024-01-22 00:00:00+00:00,89.344
2024-01-22 04:00:00+00:00,89.255
2024-01-22 08:00:00+00:00,88.36
2024-01-22 12:00:00+00:00,87.298
2024-01-22 16:00:00+00:00,83.673
2024-01-22 20:00:00+00:00,83.883
2024-01-23 00:00:00+00:00,85.188
2024-01-23 04:00:00+00:00,82.814
2024-01-23 08:00:00+00:00,80.217
2024-01-23 12:00:00+00:00,82.677
2024-01-23 16:00:00+00:00,80.944
2024-01-23 20:00:00+00:00,84.325
2024-01-24 00:00:00+00:00,83.562
2024-01-24 04:00:00+00:00,86.133
2024-01-24 08:00:00+00:00,87.164
2024-01-24 12:00:00+00:00,86.994
2024-01-24 16:00:00+00:00,86.333
2024-01-24 20:00:00+00:00,88.744
2024-01-25 00:00:00+00:00,88.321
2024-01-25 04:00:00+00:00,88.182
2024-01-25 08:00:00+00:00,88.998
2024-01-25 12:00:00+00:00,86.391
2024-01-25 16:00:00+00:00,87.764
2024-01-25 20:00:00+00:00,86.886
2024-01-26 00:00:00+00:00,87.942
2024-01-26 04:00:00+00:00,87.0
2024-01-26 08:00:00+00:00,91.907
2024-01-26 12:00:00+00:00,92.35
2024-01-26 16:00:00+00:00,92.811
2024-01-26 20:00:00+00:00,92.261
2024-01-27 00:00:00+00:00,92.673
2024-01-27 04:00:00+00:00,91.191
2024-01-27 08:00:00+00:00,91.991
2024-01-27 12:00:00+00:00,92.783
2024-01-27 16:00:00+00:00,93.071
2024-01-27 20:00:00+00:00,94.238
2024-01-28 00:00:00+00:00,96.609
2024-01-28 04:00:00+00:00,95.724
2024-01-28 08:00:00+00:00,98.381
2024-01-28 12:00:00+00:00,97.052
2024-01-28 16:00:00+00:00,94.461
2024-01-28 20:00:00+00:00,95.948
2024-01-29 00:00:00+00:00,97.824
2024-01-29 04:00:00+00:00,96.713
2024-01-29 08:00:00+00:00,97.428
2024-01-29 12:00:00+00:00,99.87
2024-01-29 16:00:00+00:00,100.541
2024-01-29 20:00:00+00:00,101.623
2024-01-30 00:00:00+00:00,102.056
2024-01-30 04:00:00+00:00,102.883
2024-01-30 08:00:00+00:00,106.014
2024-01-30 12:00:00+00:00,104.796
2024-01-30 16:00:00+00:00,105.216
2024-01-30 20:00:00+00:00,101.371
2024-01-31 00:00:00+00:00,101.091
2024-01-31 04:00:00+00:00,101.599
2024-01-31 08:00:00+00:00,99.103
2024-01-31 12:00:00+00:00,101.537
2024-01-31 16:00:00+00:00,100.941
2024-01-31 20:00:00+00:00,96.912
2024-02-01 00:00:00+00:00,93.595
2024-02-01 04:00:00+00:00,94.879
2024-02-01 08:00:00+00:00,95.41
2024-02-01 12:00:00+00:00,95.959
2024-02-01 16:00:00+00:00,97.833
2024-02-01 20:00:00+00:00,97.775
2024-02-02 00:00:00+00:00,98.956
2024-02-02 04:00:00+00:00,101.182
2024-02-02 08:00:00+00:00,101.951
2024-02-02 12:00:00+00:00,101.284
2024-02-02 16:00:00+00:00,99.436
2024-02-02 20:00:00+00:00,100.559
2024-02-03 00:00:00+00:00,99.183
2024-02-03 04:00:00+00:00,99.056
2024-02-03 08:00:00+00:00,98.648
2024-02-03 12:00:00+00:00,97.96
2024-02-03 16:00:00+00:00,98.119
2024-02-03 20:00:00+00:00,97.915
2024-02-04 00:00:00+00:00,98.314
2024-02-04 04:00:00+00:00,96.497
2024-02-04 08:00:00+00:00,97.873
2024-02-04 12:00:00+00:00,97.603
2024-02-04 16:00:00+00:00,96.326
2024-02-04 20:00:00+00:00,95.451
2024-02-05 00:00:00+00:00,96.021
2024-02-05 04:00:00+00:00,97.537
2024-02-05 08:00:00+00:00,97.844
2024-02-05 12:00:00+00:00,95.557
2024-02-05 16:00:00+00:00,95.906
2024-02-05 20:00:00+00:00,95.605
2024-02-06 00:00:00+00:00,95.969
2024-02-06 04:00:00+00:00,95.711
2024-02-06 08:00:00+00:00,94.239
2024-02-06 12:00:00+00:00,95.695
2024-02-06 16:00:00+00:00,97.546
2024-02-06 20:00:00+00:00,96.856
2024-02-07 00:00:00+00:00,95.475
2024-02-07 04:00:00+00:00,95.581
2024-02-07 08:00:00+00:00,95.141
2024-02-07 12:00:00+00:00,96.225
2024-02-07 16:00:00+00:00,97.079
2024-02-07 20:00:00+00:00,101.135
2024-02-08 00:00:00+00:00,101.767
2024-02-08 04:00:00+00:00,100.794
2024-02-08 08:00:00+00:00,101.205
2024-02-08 12:00:00+00:00,104.8
2024-02-08 16:00:00+00:00,102.279
2024-02-08 20:00:00+00:00,102.742
2024-02-09 00:00:00+00:00,104.312
2024-02-09 04:00:00+00:00,105.21
2024-02-09 08:00:00+00:00,105.831
2024-02-09 12:00:00+00:00,105.62
2024-02-09 16:00:00+00:00,104.963
2024-02-09 20:00:00+00:00,106.921
2024-02-10 00:00:00+00:00,110.644
2024-02-10 04:00:00+00:00,108.861
2024-02-10 08:00:00+00:00,108.14
2024-02-10 12:00:00+00:00,108.471
2024-02-10 16:00:00+00:00,109.148
2024-02-10 20:00:00+00:00,108.976
2024-02-11 00:00:00+00:00,109.434
2024-02-11 04:00:00+00:00,109.227
2024-02-11 08:00:00+00:00,109.697
2024-02-11 12:00:00+00:00,108.812
2024-02-11 16:00:00+00:00,108.192
2024-02-11 20:00:00+00:00,107.471
2024-02-12 00:00:00+00:00,106.268
2024-02-12 04:00:00+00:00,105.934
2024-02-12 08:00:00+00:00,104.222
2024-02-12 12:00:00+00:00,108.834
2024-02-12 16:00:00+00:00,109.835
2024-02-12 20:00:00+00:00,111.737
2024-02-13 00:00:00+00:00,113.109
2024-02-13 04:00:00+00:00,114.087
2024-02-13 08:00:00+00:00,114.185
2024-02-13 12:00:00+00:00,110.39
2024-02-13 16:00:00+00:00,111.569
2024-02-13 20:00:00+00:00,112.539
2024-02-14 00:00:00+00:00,111.926
2024-02-14 04:00:00+00:00,113.099
2024-02-14 08:00:00+00:00,115.752
2024-02-14 12:00:00+00:00,117.006
2024-02-14 16:00:00+00:00,116.212
2024-02-14 20:00:00+00:00,117.092
2024-02-15 00:00:00+00:00,117.343
2024-02-15 04:00:00+00:00,115.1
2024-02-15 08:00:00+00:00,116.163
2024-02-15 12:00:00+00:00,114.136
2024-02-15 16:00:00+00:00,114.079
2024-02-15 20:00:00+00:00,113.598
2024-02-16 00:00:00+00:00,113.939
2024-02-16 04:00:00+00:00,111.56
2024-02-16 08:00:00+00:00,112.178
2024-02-16 12:00:00+00:00,109.73
2024-02-16 16:00:00+00:00,108.724
2024-02-16 20:00:00+00:00,110.392
2024-02-17 00:00:00+00:00,110.011
2024-02-17 04:00:00+00:00,110.403
2024-02-17 08:00:00+00:00,109.465
2024-02-17 12:00:00+00:00,107.267
2024-02-17 16:00:00+00:00,108.088
2024-02-17 20:00:00+00:00,109.008
2024-02-18 00:00:00+00:00,108.432
2024-02-18 04:00:00+00:00,109.312
2024-02-18 08:00:00+00:00,111.834
2024-02-18 12:00:00+00:00,112.424
2024-02-18 16:00:00+00:00,112.832
2024-02-18 20:00:00+00:00,112.345
2024-02-19 00:00:00+00:00,111.764
2024-02-19 04:00:00+00:00,113.288
2024-02-19 08:00:00+00:00,112.736
2024-02-19 12:00:00+00:00,113.78
2024-02-19 16:00:00+00:00,112.032
2024-02-19 20:00:00+00:00,111.658
2024-02-20 00:00:00+00:00,109.575
2024-02-20 04:00:00+00:00,109.52
2024-02-20 08:00:00+00:00,110.481
2024-02-20 12:00:00+00:00,106.648
2024-02-20 16:00:00+00:00,107.384
2024-02-20 20:00:00+00:00,108.418
2024-02-21 00:00:00+00:00,106.727
2024-02-21 04:00:00+00:00,104.939
2024-02-21 08:00:00+00:00,102.82
2024-02-21 12:00:00+00:00,103.904
2024-02-21 16:00:00+00:00,102.102
2024-02-21 20:00:00+00:00,105.113
2024-02-22 00:00:00+00:00,103.656
2024-02-22 04:00:00+00:00,105.16
2024-02-22 08:00:00+00:00,105.908
2024-02-22 12:00:00+00:00,105.469
2024-02-22 16:00:00+00:00,103.651
2024-02-22 20:00:00+00:00,101.805
2024-02-23 00:00:00+00:00,101.934
2024-02-23 04:00:00+00:00,102.046
2024-02-23 08:00:00+00:00,102.75
2024-02-23 12:00:00+00:00,100.356
2024-02-23 16:00:00+00:00,101.484
2024-02-23 20:00:00+00:00,99.973
2024-02-24 00:00:00+00:00,100.28
2024-02-24 04:00:00+00:00,102.313
2024-02-24 08:00:00+00:00,102.224
2024-02-24 12:00:00+00:00,102.038
2024-02-24 16:00:00+00:00,104.145
2024-02-24 20:00:00+00:00,104.114
2024-02-25 00:00:00+00:00,103.483
2024-02-25 04:00:00+00:00,103.1
2024-02-25 08:00:00+00:00,102.883
2024-02-25 12:00:00+00:00,102.851
2024-02-25 16:00:00+00:00,103.479
2024-02-25 20:00:00+00:00,103.569
2024-02-26 00:00:00+00:00,103.588
2024-02-26 04:00:00+00:00,103.392
2024-02-26 08:00:00+00:00,101.054
2024-02-26 12:00:00+00:00,105.087
2024-02-26 16:00:00+00:00,109.806
2024-02-26 20:00:00+00:00,110.034
2024-02-27 00:00:00+00:00,110.399
2024-02-27 04:00:00+00:00,110.479
2024-02-27 08:00:00+00:00,111.658
2024-02-27 12:00:00+00:00,106.885
2024-02-27 16:00:00+00:00,108.495
2024-02-27 20:00:00+00:00,108.45
2024-02-28 00:00:00+00:00,107.669
2024-02-28 04:00:00+00:00,110.2
2024-02-28 08:00:00+00:00,111.576
2024-02-28 12:00:00+00:00,113.178
2024-02-28 16:00:00+00:00,111.458
2024-02-28 20:00:00+00:00,119.425
2024-02-29 00:00:00+00:00,123.695
2024-02-29 04:00:00+00:00,125.674
2024-02-29 08:00:00+00:00,129.383
2024-02-29 12:00:00+00:00,132.454
2024-02-29 16:00:00+00:00,130.377
2024-02-29 20:00:00+00:00,125.769
2024-03-01 00:00:00+00:00,134.114
2024-03-01 04:00:00+00:00,132.066
2024-03-01 08:00:00+00:00,135.574
2024-03-01 12:00:00+00:00,131.371
2024-03-01 16:00:00+00:00,131.109
2024-03-01 20:00:00+00:00,129.456
2024-03-02 00:00:00+00:00,130.259
2024-03-02 04:00:00+00:00,129.292
2024-03-02 08:00:00+00:00,128.885
2024-03-02 12:00:00+00:00,128.033
2024-03-02 16:00:00+00:00,130.806
2024-03-02 20:00:00+00:00,130.184
2024-03-03 00:00:00+00:00,130.326
2024-03-03 04:00:00+00:00,126.822
2024-03-03 08:00:00+00:00,128.85
2024-03-03 12:00:00+00:00,129.451
2024-03-03 16:00:00+00:00,130.317
2024-03-03 20:00:00+00:00,130.304
2024-03-04 00:00:00+00:00,129.121
2024-03-04 04:00:00+00:00,129.739
2024-03-04 08:00:00+00:00,132.773
2024-03-04 12:00:00+00:00,131.885
2024-03-04 16:00:00+00:00,129.71
2024-03-04 20:00:00+00:00,133.45
2024-03-05 00:00:00+00:00,130.31
2024-03-05 04:00:00+00:00,129.6
2024-03-05 08:00:00+00:00,130.907
2024-03-05 12:00:00+00:00,139.371
2024-03-05 16:00:00+00:00,119.417
2024-03-05 20:00:00+00:00,125.358
2024-03-06 00:00:00+00:00,122.47
2024-03-06 04:00:00+00:00,133.32
2024-03-06 08:00:00+00:00,132.015
2024-03-06 12:00:00+00:00,128.33
2024-03-06 16:00:00+00:00,130.937
2024-03-06 20:00:00+00:00,130.916
2024-03-07 00:00:00+00:00,138.385
2024-03-07 04:00:00+00:00,138.357
2024-03-07 08:00:00+00:00,140.42
2024-03-07 12:00:00+00:00,146.06
2024-03-07 16:00:00+00:00,148.912
2024-03-07 20:00:00+00:00,143.997
2024-03-08 00:00:00+00:00,144.455
2024-03-08 04:00:00+00:00,144.619
2024-03-08 08:00:00+00:00,149.13
2024-03-08 12:00:00+00:00,145.549
2024-03-08 16:00:00+00:00,147.993
2024-03-08 20:00:00+00:00,144.879
2024-03-09 00:00:00+00:00,145.861
2024-03-09 04:00:00+00:00,148.457
2024-03-09 08:00:00+00:00,146.966
2024-03-09 12:00:00+00:00,147.158
2024-03-09 16:00:00+00:00,145.455
2024-03-09 20:00:00+00:00,144.424
2024-03-10 00:00:00+00:00,146.883
2024-03-10 04:00:00+00:00,148.459
2024-03-10 08:00:00+00:00,145.545
2024-03-10 12:00:00+00:00,143.024
2024-03-10 16:00:00+00:00,145.232
2024-03-10 20:00:00+00:00,144.497
2024-03-11 00:00:00+00:00,141.301
2024-03-11 04:00:00+00:00,148.237
2024-03-11 08:00:00+00:00,148.441
2024-03-11 12:00:00+00:00,147.2
2024-03-11 16:00:00+00:00,146.853
2024-03-11 20:00:00+00:00,149.062
2024-03-12 00:00:00+00:00,151.142
2024-03-12 04:00:00+00:00,152.035
2024-03-12 08:00:00+00:00,150.61
2024-03-12 12:00:00+00:00,150.429
2024-03-12 16:00:00+00:00,150.074
2024-03-12 20:00:00+00:00,151.201
2024-03-13 00:00:00+00:00,149.445
2024-03-13 04:00:00+00:00,150.911
2024-03-13 08:00:00+00:00,153.93
2024-03-13 12:00:00+00:00,157.361
2024-03-13 16:00:00+00:00,161.582
2024-03-13 20:00:00+00:00,164.055
2024-03-14 00:00:00+00:00,167.589
2024-03-14 04:00:00+00:00,168.444
2024-03-14 08:00:00+00:00,173.313
2024-03-14 12:00:00+00:00,167.759
2024-03-14 16:00:00+00:00,162.661
2024-03-14 20:00:00+00:00,176.851
2024-03-15 00:00:00+00:00,176.212
2024-03-15 04:00:00+00:00,176.253
2024-03-15 08:00:00+00:00,170.127
2024-03-15 12:00:00+00:00,181.963
2024-03-15 16:00:00+00:00,183.446
2024-03-15 20:00:00+00:00,184.155
2024-03-16 00:00:00+00:00,187.783
2024-03-16 04:00:00+00:00,192.97
2024-03-16 08:00:00+00:00,192.782
2024-03-16 12:00:00+00:00,195.301
2024-03-16 16:00:00+00:00,180.233
2024-03-16 20:00:00+00:00,182.184
2024-03-17 00:00:00+00:00,186.648
2024-03-17 04:00:00+00:00,181.942
2024-03-17 08:00:00+00:00,192.141
2024-03-17 12:00:00+00:00,195.743
2024-03-17 16:00:00+00:00,195.823
2024-03-17 20:00:00+00:00,201.962
2024-03-18 00:00:00+00:00,204.157
2024-03-18 04:00:00+00:00,203.337
2024-03-18 08:00:00+00:00,208.206
2024-03-18 12:00:00+00:00,203.91
2024-03-18 16:00:00+00:00,198.499
2024-03-18 20:00:00+00:00,196.143
2024-03-19 00:00:00+00:00,184.372
2024-03-19 04:00:00+00:00,186.236
2024-03-19 08:00:00+00:00,177.902
2024-03-19 12:00:00+00:00,183.079
2024-03-19 16:00:00+00:00,181.567
2024-03-19 20:00:00+00:00,169.917
2024-03-20 00:00:00+00:00,169.979
2024-03-20 04:00:00+00:00,173.418
2024-03-20 08:00:00+00:00,172.19
2024-03-20 12:00:00+00:00,170.674
2024-03-20 16:00:00+00:00,182.74
2024-03-20 20:00:00+00:00,191.916
2024-03-21 00:00:00+00:00,190.465
2024-03-21 04:00:00+00:00,188.751
2024-03-21 08:00:00+00:00,189.265
2024-03-21 12:00:00+00:00,185.431
2024-03-21 16:00:00+00:00,178.086
2024-03-21 20:00:00+00:00,179.535
2024-03-22 00:00:00+00:00,179.216
2024-03-22 04:00:00+00:00,179.209
2024-03-22 08:00:00+00:00,172.25
2024-03-22 12:00:00+00:00,171.746
2024-03-22 16:00:00+00:00,172.922
2024-03-22 20:00:00+00:00,175.257
2024-03-23 00:00:00+00:00,172.001
2024-03-23 04:00:00+00:00,176.124
2024-03-23 08:00:00+00:00,175.993
2024-03-23 12:00:00+00:00,175.262
2024-03-23 16:00:00+00:00,174.926
2024-03-23 20:00:00+00:00,172.725
2024-03-24 00:00:00+00:00,171.842
2024-03-24 04:00:00+00:00,173.761
2024-03-24 08:00:00+00:00,174.989
2024-03-24 12:00:00+00:00,176.361
2024-03-24 16:00:00+00:00,176.237
2024-03-24 20:00:00+00:00,184.019
2024-03-25 00:00:00+00:00,184.966
2024-03-25 04:00:00+00:00,185.889
2024-03-25 08:00:00+00:00,188.079
2024-03-25 12:00:00+00:00,192.893
2024-03-25 16:00:00+00:00,192.391
2024-03-25 20:00:00+00:00,189.181
2024-03-26 00:00:00+00:00,191.792
2024-03-26 04:00:00+00:00,194.143
2024-03-26 08:00:00+00:00,194.946
2024-03-26 12:00:00+00:00,190.494
2024-03-26 16:00:00+00:00,188.485
2024-03-26 20:00:00+00:00,190.623
2024-03-27 00:00:00+00:00,190.22
2024-03-27 04:00:00+00:00,186.961
2024-03-27 08:00:00+00:00,188.693
2024-03-27 12:00:00+00:00,181.234
2024-03-27 16:00:00+00:00,182.837
2024-03-27 20:00:00+00:00,186.448
2024-03-28 00:00:00+00:00,182.315
2024-03-28 04:00:00+00:00,187.495
2024-03-28 08:00:00+00:00,185.563
2024-03-28 12:00:00+00:00,187.514
2024-03-28 16:00:00+00:00,186.465
2024-03-28 20:00:00+00:00,189.852
2024-03-29 00:00:00+00:00,188.513
2024-03-29 04:00:00+00:00,183.851
2024-03-29 08:00:00+00:00,185.969
2024-03-29 12:00:00+00:00,185.079
2024-03-29 16:00:00+00:00,187.91
2024-03-29 20:00:00+00:00,192.2
2024-03-30 00:00:00+00:00,192.952
2024-03-30 04:00:00+00:00,195.971
2024-03-30 08:00:00+00:00,197.974
2024-03-30 12:00:00+00:00,196.543
2024-03-30 16:00:00+00:00,195.61
2024-03-30 20:00:00+00:00,194.351
2024-03-31 00:00:00+00:00,194.457
2024-03-31 04:00:00+00:00,196.975
2024-03-31 08:00:00+00:00,196.067
2024-03-31 12:00:00+00:00,195.865
2024-03-31 16:00:00+00:00,200.596
2024-03-31 20:00:00+00:00,202.678
2024-04-01 00:00:00+00:00,202.824
2024-04-01 04:00:00+00:00,198.118
2024-04-01 08:00:00+00:00,195.351
2024-04-01 12:00:00+00:00,188.217
2024-04-01 16:00:00+00:00,193.435
2024-04-01 20:00:00+00:00,192.355
2024-04-02 00:00:00+00:00,183.766
2024-04-02 04:00:00+00:00,183.271
2024-04-02 08:00:00+00:00,180.024
2024-04-02 12:00:00+00:00,177.559
2024-04-02 16:00:00+00:00,185.773
2024-04-02 20:00:00+00:00,181.679
2024-04-03 00:00:00+00:00,188.563
2024-04-03 04:00:00+00:00,189.65
2024-04-03 08:00:00+00:00,187.88
2024-04-03 12:00:00+00:00,189.15
2024-04-03 16:00:00+00:00,185.775
2024-04-03 20:00:00+00:00,185.173
2024-04-04 00:00:00+00:00,181.621
2024-04-04 04:00:00+00:00,185.058
2024-04-04 08:00:00+00:00,185.703
2024-04-04 12:00:00+00:00,187.175
2024-04-04 16:00:00+00:00,185.793
2024-04-04 20:00:00+00:00,184.123
2024-04-05 00:00:00+00:00,179.525
2024-04-05 04:00:00+00:00,175.188
2024-04-05 08:00:00+00:00,169.838
2024-04-05 12:00:00+00:00,175.937
2024-04-05 16:00:00+00:00,175.459
2024-04-05 20:00:00+00:00,174.45
2024-04-06 00:00:00+00:00,176.001
2024-04-06 04:00:00+00:00,177.319
2024-04-06 08:00:00+00:00,175.794
2024-04-06 12:00:00+00:00,177.223
2024-04-06 16:00:00+00:00,177.452
2024-04-06 20:00:00+00:00,178.768
2024-04-07 00:00:00+00:00,180.739
2024-04-07 04:00:00+00:00,179.845
2024-04-07 08:00:00+00:00,180.797
2024-04-07 12:00:00+00:00,179.75
2024-04-07 16:00:00+00:00,178.39
2024-04-07 20:00:00+00:00,179.615
2024-04-08 00:00:00+00:00,176.556
2024-04-08 04:00:00+00:00,180.283
2024-04-08 08:00:00+00:00,182.891
2024-04-08 12:00:00+00:00,181.534
2024-04-08 16:00:00+00:00,179.485
2024-04-08 20:00:00+00:00,180.822
2024-04-09 00:00:00+00:00,177.6
2024-04-09 04:00:00+00:00,175.763
2024-04-09 08:00:00+00:00,176.371
2024-04-09 12:00:00+00:00,172.529
2024-04-09 16:00:00+00:00,174.462
2024-04-09 20:00:00+00:00,172.558
2024-04-10 00:00:00+00:00,171.511
2024-04-10 04:00:00+00:00,172.901
2024-04-10 08:00:00+00:00,170.32
2024-04-10 12:00:00+00:00,168.048
2024-04-10 16:00:00+00:00,171.483
2024-04-10 20:00:00+00:00,173.438
2024-04-11 00:00:00+00:00,172.893
2024-04-11 04:00:00+00:00,174.613
2024-04-11 08:00:00+00:00,170.674
2024-04-11 12:00:00+00:00,173.548
2024-04-11 16:00:00+00:00,174.771
2024-04-11 20:00:00+00:00,172.497
2024-04-12 00:00:00+00:00,174.184
2024-04-12 04:00:00+00:00,173.4
2024-04-12 08:00:00+00:00,172.774
2024-04-12 12:00:00+00:00,167.46
2024-04-12 16:00:00+00:00,149.235
2024-04-12 20:00:00+00:00,153.162
2024-04-13 00:00:00+00:00,151.799
2024-04-13 04:00:00+00:00,151.094
2024-04-13 08:00:00+00:00,151.331
2024-04-13 12:00:00+00:00,149.005
2024-04-13 16:00:00+00:00,133.71
2024-04-13 20:00:00+00:00,138.467
2024-04-14 00:00:00+00:00,134.906
2024-04-14 04:00:00+00:00,144.019
2024-04-14 08:00:00+00:00,138.794
2024-04-14 12:00:00+00:00,137.95
2024-04-14 16:00:00+00:00,141.704
2024-04-14 20:00:00+00:00,151.187
2024-04-15 00:00:00+00:00,148.031
2024-04-15 04:00:00+00:00,153.694
2024-04-15 08:00:00+00:00,150.928
2024-04-15 12:00:00+00:00,143.235
2024-04-15 16:00:00+00:00,137.81
2024-04-15 20:00:00+00:00,138.442
2024-04-16 00:00:00+00:00,134.524
2024-04-16 04:00:00+00:00,137.797
2024-04-16 08:00:00+00:00,136.1
2024-04-16 12:00:00+00:00,127.573
2024-04-16 16:00:00+00:00,132.108
2024-04-16 20:00:00+00:00,136.183
2024-04-17 00:00:00+00:00,137.331
2024-04-17 04:00:00+00:00,139.345
2024-04-17 08:00:00+00:00,134.25
2024-04-17 12:00:00+00:00,128.665
2024-04-17 16:00:00+00:00,134.545
2024-04-17 20:00:00+00:00,131.781
2024-04-18 00:00:00+00:00,135.51
2024-04-18 04:00:00+00:00,129.362
2024-04-18 08:00:00+00:00,135.721
2024-04-18 12:00:00+00:00,138.93
2024-04-18 16:00:00+00:00,140.216
2024-04-18 20:00:00+00:00,141.957
2024-04-19 00:00:00+00:00,136.431
2024-04-19 04:00:00+00:00,143.236
2024-04-19 08:00:00+00:00,144.35
2024-04-19 12:00:00+00:00,146.115
2024-04-19 16:00:00+00:00,145.435
2024-04-19 20:00:00+00:00,142.444
2024-04-20 00:00:00+00:00,142.349
2024-04-20 04:00:00+00:00,143.452
2024-04-20 08:00:00+00:00,141.462
2024-04-20 12:00:00+00:00,147.111
2024-04-20 16:00:00+00:00,151.142
2024-04-20 20:00:00+00:00,151.155
2024-04-21 00:00:00+00:00,150.539
2024-04-21 04:00:00+00:00,151.037
2024-04-21 08:00:00+00:00,151.39
2024-04-21 12:00:00+00:00,150.1
2024-04-21 16:00:00+00:00,147.934
2024-04-21 20:00:00+00:00,148.734
2024-04-22 00:00:00+00:00,150.27
2024-04-22 04:00:00+00:00,153.561
2024-04-22 08:00:00+00:00,153.189
2024-04-22 12:00:00+00:00,153.372
2024-04-22 16:00:00+00:00,154.473
2024-04-22 20:00:00+00:00,156.881
2024-04-23 00:00:00+00:00,155.403
2024-04-23 04:00:00+00:00,153.552
2024-04-23 08:00:00+00:00,153.989
2024-04-23 12:00:00+00:00,157.861
2024-04-23 16:00:00+00:00,157.411
2024-04-23 20:00:00+00:00,154.723
2024-04-24 00:00:00+00:00,156.65
2024-04-24 04:00:00+00:00,157.739
2024-04-24 08:00:00+00:00,159.269
2024-04-24 12:00:00+00:00,151.485
2024-04-24 16:00:00+00:00,149.775
2024-04-24 20:00:00+00:00,147.701
2024-04-25 00:00:00+00:00,145.965
2024-04-25 04:00:00+00:00,146.229
2024-04-25 08:00:00+00:00,144.749
2024-04-25 12:00:00+00:00,147.704
2024-04-25 16:00:00+00:00,146.821
2024-04-25 20:00:00+00:00,144.786
2024-04-26 00:00:00+00:00,143.213
2024-04-26 04:00:00+00:00,143.403
2024-04-26 08:00:00+00:00,143.091
2024-04-26 12:00:00+00:00,142.655
2024-04-26 16:00:00+00:00,142.636
2024-04-26 20:00:00+00:00,139.202
2024-04-27 00:00:00+00:00,136.191
2024-04-27 04:00:00+00:00,136.096
2024-04-27 08:00:00+00:00,135.858
2024-04-27 12:00:00+00:00,137.673
2024-04-27 16:00:00+00:00,142.232
2024-04-27 20:00:00+00:00,141.242
2024-04-28 00:00:00+00:00,143.752
2024-04-28 04:00:00+00:00,143.501
2024-04-28 08:00:00+00:00,141.168
2024-04-28 12:00:00+00:00,141.934
2024-04-28 16:00:00+00:00,142.023
2024-04-28 20:00:00+00:00,137.922
2024-04-29 00:00:00+00:00,134.908
2024-04-29 04:00:00+00:00,134.904
2024-04-29 08:00:00+00:00,134.627
2024-04-29 12:00:00+00:00,136.448
2024-04-29 16:00:00+00:00,134.935
2024-04-29 20:00:00+00:00,137.725
2024-04-30 00:00:00+00:00,136.449
2024-04-30 04:00:00+00:00,135.031
2024-04-30 08:00:00+00:00,128.73
2024-04-30 12:00:00+00:00,127.707
2024-04-30 16:00:00+00:00,123.014
2024-04-30 20:00:00+00:00,126.685
2024-05-01 00:00:00+00:00,126.158
2024-05-01 04:00:00+00:00,120.547
2024-05-01 08:00:00+00:00,122.985
2024-05-01 12:00:00+00:00,123.328
2024-05-01 16:00:00+00:00,129.652
2024-05-01 20:00:00+00:00,134.541
2024-05-02 00:00:00+00:00,129.991
2024-05-02 04:00:00+00:00,131.307
2024-05-02 08:00:00+00:00,138.625
2024-05-02 12:00:00+00:00,139.019
2024-05-02 16:00:00+00:00,138.013
2024-05-02 20:00:00+00:00,137.538
2024-05-03 00:00:00+00:00,140.944
2024-05-03 04:00:00+00:00,137.187
2024-05-03 08:00:00+00:00,136.842
2024-05-03 12:00:00+00:00,142.0
2024-05-03 16:00:00+00:00,142.68
2024-05-03 20:00:00+00:00,143.607
2024-05-04 00:00:00+00:00,144.148
2024-05-04 04:00:00+00:00,143.899
2024-05-04 08:00:00+00:00,146.438
2024-05-04 12:00:00+00:00,146.1
2024-05-04 16:00:00+00:00,147.351
2024-05-04 20:00:00+00:00,146.007
2024-05-05 00:00:00+00:00,144.58
2024-05-05 04:00:00+00:00,145.58
2024-05-05 08:00:00+00:00,146.565
2024-05-05 12:00:00+00:00,147.402
2024-05-05 16:00:00+00:00,145.993
2024-05-05 20:00:00+00:00,145.673
2024-05-06 00:00:00+00:00,146.193
2024-05-06 04:00:00+00:00,148.639
2024-05-06 08:00:00+00:00,153.945
2024-05-06 12:00:00+00:00,153.787
2024-05-06 16:00:00+00:00,153.446
2024-05-06 20:00:00+00:00,152.784
2024-05-07 00:00:00+00:00,153.788
2024-05-07 04:00:00+00:00,155.071
2024-05-07 08:00:00+00:00,154.908
2024-05-07 12:00:00+00:00,154.613
2024-05-07 16:00:00+00:00,151.147
2024-05-07 20:00:00+00:00,148.011
2024-05-08 00:00:00+00:00,149.47
2024-05-08 04:00:00+00:00,146.406
2024-05-08 08:00:00+00:00,145.348
2024-05-08 12:00:00+00:00,145.818
2024-05-08 16:00:00+00:00,145.429
2024-05-08 20:00:00+00:00,142.118
2024-05-09 00:00:00+00:00,144.057
2024-05-09 04:00:00+00:00,143.228
2024-05-09 08:00:00+00:00,142.754
2024-05-09 12:00:00+00:00,146.401
2024-05-09 16:00:00+00:00,150.773
2024-05-09 20:00:00+00:00,152.459
2024-05-10 00:00:00+00:00,153.849
2024-05-10 04:00:00+00:00,154.268
2024-05-10 08:00:00+00:00,154.958
2024-05-10 12:00:00+00:00,146.852
2024-05-10 16:00:00+00:00,147.091
2024-05-10 20:00:00+00:00,145.966
2024-05-11 00:00:00+00:00,143.619
2024-05-11 04:00:00+00:00,145.689
2024-05-11 08:00:00+00:00,144.197
2024-05-11 12:00:00+00:00,145.566
2024-05-11 16:00:00+00:00,146.368
2024-05-11 20:00:00+00:00,145.355
2024-05-12 00:00:00+00:00,146.326
2024-05-12 04:00:00+00:00,144.138
2024-05-12 08:00:00+00:00,145.0
2024-05-12 12:00:00+00:00,145.144
2024-05-12 16:00:00+00:00,144.9
2024-05-12 20:00:00+00:00,143.364
2024-05-13 00:00:00+00:00,140.106
2024-05-13 04:00:00+00:00,143.488
2024-05-13 08:00:00+00:00,145.563
2024-05-13 12:00:00+00:00,147.207
2024-05-13 16:00:00+00:00,148.722
2024-05-13 20:00:00+00:00,147.496
2024-05-14 00:00:00+00:00,146.275
2024-05-14 04:00:00+00:00,146.491
2024-05-14 08:00:00+00:00,146.525
2024-05-14 12:00:00+00:00,142.865
2024-05-14 16:00:00+00:00,143.719
2024-05-14 20:00:00+00:00,141.963
2024-05-15 00:00:00+00:00,143.897
2024-05-15 04:00:00+00:00,144.198
2024-05-15 08:00:00+00:00,144.101
2024-05-15 12:00:00+00:00,151.562
2024-05-15 16:00:00+00:00,154.833
2024-05-15 20:00:00+00:00,158.423
2024-05-16 00:00:00+00:00,163.053
2024-05-16 04:00:00+00:00,162.683
2024-05-16 08:00:00+00:00,163.662
2024-05-16 12:00:00+00:00,160.411
2024-05-16 16:00:00+00:00,159.007
2024-05-16 20:00:00+00:00,159.303
2024-05-17 00:00:00+00:00,162.123
2024-05-17 04:00:00+00:00,169.079
2024-05-17 08:00:00+00:00,167.41
2024-05-17 12:00:00+00:00,169.585
2024-05-17 16:00:00+00:00,168.828
2024-05-17 20:00:00+00:00,169.351
2024-05-18 00:00:00+00:00,173.144
2024-05-18 04:00:00+00:00,172.216
2024-05-18 08:00:00+00:00,174.298
2024-05-18 12:00:00+00:00,172.334
2024-05-18 16:00:00+00:00,172.151
2024-05-18 20:00:00+00:00,172.299
2024-05-19 00:00:00+00:00,174.218
2024-05-19 04:00:00+00:00,174.091
2024-05-19 08:00:00+00:00,171.671
2024-05-19 12:00:00+00:00,168.195
2024-05-19 16:00:00+00:00,169.287
2024-05-19 20:00:00+00:00,169.853
2024-05-20 00:00:00+00:00,172.069
2024-05-20 04:00:00+00:00,177.93
2024-05-20 08:00:00+00:00,177.66
2024-05-20 12:00:00+00:00,178.911
2024-05-20 16:00:00+00:00,187.242
2024-05-20 20:00:00+00:00,186.701
2024-05-21 00:00:00+00:00,184.266
2024-05-21 04:00:00+00:00,181.293
2024-05-21 08:00:00+00:00,180.407
2024-05-21 12:00:00+00:00,176.862
2024-05-21 16:00:00+00:00,175.344
2024-05-21 20:00:00+00:00,178.15
2024-05-22 00:00:00+00:00,178.011
2024-05-22 04:00:00+00:00,179.883
2024-05-22 08:00:00+00:00,178.065
2024-05-22 12:00:00+00:00,181.409
2024-05-22 16:00:00+00:00,178.348
2024-05-22 20:00:00+00:00,177.03
2024-05-23 00:00:00+00:00,178.865
2024-05-23 04:00:00+00:00,177.49
2024-05-23 08:00:00+00:00,175.668
2024-05-23 12:00:00+00:00,172.7
2024-05-23 16:00:00+00:00,170.987
2024-05-23 20:00:00+00:00,176.182
2024-05-24 00:00:00+00:00,172.096
2024-05-24 04:00:00+00:00,166.24
2024-05-24 08:00:00+00:00,166.356
2024-05-24 12:00:00+00:00,167.279
2024-05-24 16:00:00+00:00,168.349
2024-05-24 20:00:00+00:00,167.657
2024-05-25 00:00:00+00:00,169.666
2024-05-25 04:00:00+00:00,168.959
2024-05-25 08:00:00+00:00,168.563
2024-05-25 12:00:00+00:00,167.774
2024-05-25 16:00:00+00:00,167.226
2024-05-25 20:00:00+00:00,168.356
2024-05-26 00:00:00+00:00,166.308
2024-05-26 04:00:00+00:00,165.383
2024-05-26 08:00:00+00:00,164.094
2024-05-26 12:00:00+00:00,162.96
2024-05-26 16:00:00+00:00,162.779
2024-05-26 20:00:00+00:00,163.505
2024-05-27 00:00:00+00:00,165.422
2024-05-27 04:00:00+00:00,165.613
2024-05-27 08:00:00+00:00,167.78
2024-05-27 12:00:00+00:00,171.113
2024-05-27 16:00:00+00:00,168.765
2024-05-27 20:00:00+00:00,170.249
2024-05-28 00:00:00+00:00,167.489
2024-05-28 04:00:00+00:00,166.204
2024-05-28 08:00:00+00:00,169.944
2024-05-28 12:00:00+00:00,168.384
2024-05-28 16:00:00+00:00,170.515
2024-05-28 20:00:00+00:00,168.807
2024-05-29 00:00:00+00:00,172.458
2024-05-29 04:00:00+00:00,170.916
2024-05-29 08:00:00+00:00,168.386
2024-05-29 12:00:00+00:00,168.661
2024-05-29 16:00:00+00:00,169.52
2024-05-29 20:00:00+00:00,168.418
2024-05-30 00:00:00+00:00,170.108
2024-05-30 04:00:00+00:00,165.094
2024-05-30 08:00:00+00:00,166.318
2024-05-30 12:00:00+00:00,168.553
2024-05-30 16:00:00+00:00,168.488
2024-05-30 20:00:00+00:00,166.986
2024-05-31 00:00:00+00:00,167.361
2024-05-31 04:00:00+00:00,166.75
2024-05-31 08:00:00+00:00,168.844
2024-05-31 12:00:00+00:00,164.919
2024-05-31 16:00:00+00:00,166.438
2024-05-31 20:00:00+00:00,165.762
2024-06-01 00:00:00+00:00,167.133
2024-06-01 04:00:00+00:00,166.959
2024-06-01 08:00:00+00:00,167.033
2024-06-01 12:00:00+00:00,167.375
2024-06-01 16:00:00+00:00,167.553
2024-06-01 20:00:00+00:00,166.281
2024-06-02 00:00:00+00:00,166.286
2024-06-02 04:00:00+00:00,165.101
2024-06-02 08:00:00+00:00,166.142
2024-06-02 12:00:00+00:00,165.268
2024-06-02 16:00:00+00:00,163.2
2024-06-02 20:00:00+00:00,163.251
2024-06-03 00:00:00+00:00,163.678
2024-06-03 04:00:00+00:00,165.433
2024-06-03 08:00:00+00:00,164.913
2024-06-03 12:00:00+00:00,164.945
2024-06-03 16:00:00+00:00,167.088
2024-06-03 20:00:00+00:00,164.995
2024-06-04 00:00:00+00:00,166.604
2024-06-04 04:00:00+00:00,165.376
2024-06-04 08:00:00+00:00,165.619
2024-06-04 12:00:00+00:00,168.065
2024-06-04 16:00:00+00:00,169.566
2024-06-04 20:00:00+00:00,171.888
2024-06-05 00:00:00+00:00,173.116
2024-06-05 04:00:00+00:00,173.534
2024-06-05 08:00:00+00:00,172.959
2024-06-05 12:00:00+00:00,174.918
2024-06-05 16:00:00+00:00,173.078
2024-06-05 20:00:00+00:00,173.668
2024-06-06 00:00:00+00:00,173.947
2024-06-06 04:00:00+00:00,172.729
2024-06-06 08:00:00+00:00,173.239
2024-06-06 12:00:00+00:00,173.092
2024-06-06 16:00:00+00:00,169.241
2024-06-06 20:00:00+00:00,170.271
2024-06-07 00:00:00+00:00,170.676
2024-06-07 04:00:00+00:00,172.121
2024-06-07 08:00:00+00:00,172.28
2024-06-07 12:00:00+00:00,170.219
2024-06-07 16:00:00+00:00,162.015
2024-06-07 20:00:00+00:00,162.524
2024-06-08 00:00:00+00:00,162.708
2024-06-08 04:00:00+00:00,163.596
2024-06-08 08:00:00+00:00,160.52
2024-06-08 12:00:00+00:00,160.145
2024-06-08 16:00:00+00:00,159.841
2024-06-08 20:00:00+00:00,157.838
2024-06-09 00:00:00+00:00,157.821
2024-06-09 04:00:00+00:00,159.025
2024-06-09 08:00:00+00:00,159.422
2024-06-09 12:00:00+00:00,161.591
2024-06-09 16:00:00+00:00,162.121
2024-06-09 20:00:00+00:00,162.116
2024-06-10 00:00:00+00:00,159.853
2024-06-10 04:00:00+00:00,157.642
2024-06-10 08:00:00+00:00,159.438
2024-06-10 12:00:00+00:00,162.36
2024-06-10 16:00:00+00:00,160.454
2024-06-10 20:00:00+00:00,159.096
2024-06-11 00:00:00+00:00,156.08
2024-06-11 04:00:00+00:00,153.361
2024-06-11 08:00:00+00:00,153.908
2024-06-11 12:00:00+00:00,147.593
2024-06-11 16:00:00+00:00,149.162
2024-06-11 20:00:00+00:00,149.245
2024-06-12 00:00:00+00:00,149.602
2024-06-12 04:00:00+00:00,151.765
2024-06-12 08:00:00+00:00,151.698
2024-06-12 12:00:00+00:00,158.8
2024-06-12 16:00:00+00:00,153.337
2024-06-12 20:00:00+00:00,155.173
2024-06-13 00:00:00+00:00,151.537
2024-06-13 04:00:00+00:00,152.071
2024-06-13 08:00:00+00:00,149.577
2024-06-13 12:00:00+00:00,146.804
2024-06-13 16:00:00+00:00,147.684
2024-06-13 20:00:00+00:00,147.209
2024-06-14 00:00:00+00:00,147.454
2024-06-14 04:00:00+00:00,147.511
2024-06-14 08:00:00+00:00,148.036
2024-06-14 12:00:00+00:00,143.733
2024-06-14 16:00:00+00:00,141.756
2024-06-14 20:00:00+00:00,142.974
2024-06-15 00:00:00+00:00,144.903
2024-06-15 04:00:00+00:00,143.741
2024-06-15 08:00:00+00:00,144.448
2024-06-15 12:00:00+00:00,145.098
2024-06-15 16:00:00+00:00,144.598
2024-06-15 20:00:00+00:00,145.45
2024-06-16 00:00:00+00:00,143.957
2024-06-16 04:00:00+00:00,144.429
2024-06-16 08:00:00+00:00,144.947
2024-06-16 12:00:00+00:00,148.414
2024-06-16 16:00:00+00:00,148.716
2024-06-16 20:00:00+00:00,151.245
2024-06-17 00:00:00+00:00,147.301
2024-06-17 04:00:00+00:00,146.559
2024-06-17 08:00:00+00:00,143.861
2024-06-17 12:00:00+00:00,141.178
2024-06-17 16:00:00+00:00,144.532
2024-06-17 20:00:00+00:00,143.197
2024-06-18 00:00:00+00:00,135.526
2024-06-18 04:00:00+00:00,136.617
2024-06-18 08:00:00+00:00,137.104
2024-06-18 12:00:00+00:00,135.969
2024-06-18 16:00:00+00:00,133.048
2024-06-18 20:00:00+00:00,137.359
2024-06-19 00:00:00+00:00,140.083
2024-06-19 04:00:00+00:00,139.916
2024-06-19 08:00:00+00:00,137.891
2024-06-19 12:00:00+00:00,136.874
2024-06-19 16:00:00+00:00,136.613
2024-06-19 20:00:00+00:00,135.557
2024-06-20 00:00:00+00:00,132.974
2024-06-20 04:00:00+00:00,137.141
2024-06-20 08:00:00+00:00,139.271
2024-06-20 12:00:00+00:00,133.196
2024-06-20 16:00:00+00:00,134.181
2024-06-20 20:00:00+00:00,133.5
2024-06-21 00:00:00+00:00,132.635
2024-06-21 04:00:00+00:00,131.379
2024-06-21 08:00:00+00:00,132.031
2024-06-21 12:00:00+00:00,131.352
2024-06-21 16:00:00+00:00,132.59
2024-06-21 20:00:00+00:00,134.534
2024-06-22 00:00:00+00:00,134.998
2024-06-22 04:00:00+00:00,134.806
2024-06-22 08:00:00+00:00,134.458
2024-06-22 12:00:00+00:00,134.195
2024-06-22 16:00:00+00:00,134.442
2024-06-22 20:00:00+00:00,133.627
2024-06-23 00:00:00+00:00,134.713
2024-06-23 04:00:00+00:00,134.678
2024-06-23 08:00:00+00:00,133.971
2024-06-23 12:00:00+00:00,131.535
2024-06-23 16:00:00+00:00,131.416
2024-06-23 20:00:00+00:00,128.661
2024-06-24 00:00:00+00:00,126.18
2024-06-24 04:00:00+00:00,125.124
2024-06-24 08:00:00+00:00,127.045
2024-06-24 12:00:00+00:00,126.275
2024-06-24 16:00:00+00:00,127.401
2024-06-24 20:00:00+00:00,132.237
2024-06-25 00:00:00+00:00,135.705
2024-06-25 04:00:00+00:00,134.773
2024-06-25 08:00:00+00:00,137.753
2024-06-25 12:00:00+00:00,139.372
2024-06-25 16:00:00+00:00,138.72
2024-06-25 20:00:00+00:00,136.544
2024-06-26 00:00:00+00:00,138.39
2024-06-26 04:00:00+00:00,137.909
2024-06-26 08:00:00+00:00,137.286
2024-06-26 12:00:00+00:00,136.836
2024-06-26 16:00:00+00:00,137.73
2024-06-26 20:00:00+00:00,136.808
2024-06-27 00:00:00+00:00,137.488
2024-06-27 04:00:00+00:00,135.899
2024-06-27 08:00:00+00:00,139.015
2024-06-27 12:00:00+00:00,147.697
2024-06-27 16:00:00+00:00,148.418
2024-06-27 20:00:00+00:00,149.651
2024-06-28 00:00:00+00:00,147.509
2024-06-28 04:00:00+00:00,145.311
2024-06-28 08:00:00+00:00,145.413
2024-06-28 12:00:00+00:00,143.151
2024-06-28 16:00:00+00:00,140.95
2024-06-28 20:00:00+00:00,139.98
2024-06-29 00:00:00+00:00,141.717
2024-06-29 04:00:00+00:00,141.932
2024-06-29 08:00:00+00:00,142.575
2024-06-29 12:00:00+00:00,142.622
2024-06-29 16:00:00+00:00,141.691
2024-06-29 20:00:00+00:00,140.234
2024-06-30 00:00:00+00:00,138.276
2024-06-30 04:00:00+00:00,140.58
2024-06-30 08:00:00+00:00,141.157
2024-06-30 12:00:00+00:00,143.735
2024-06-30 16:00:00+00:00,144.741
2024-06-30 20:00:00+00:00,146.582
2024-07-01 00:00:00+00:00,147.528
2024-07-01 04:00:00+00:00,148.249
2024-07-01 08:00:00+00:00,146.125
2024-07-01 12:00:00+00:00,148.481
2024-07-01 16:00:00+00:00,147.273
2024-07-01 20:00:00+00:00,146.625
2024-07-02 00:00:00+00:00,149.085
2024-07-02 04:00:00+00:00,147.384
2024-07-02 08:00:00+00:00,149.609
2024-07-02 12:00:00+00:00,148.342
2024-07-02 16:00:00+00:00,152.758
2024-07-02 20:00:00+00:00,153.97
2024-07-03 00:00:00+00:00,150.56
2024-07-03 04:00:00+00:00,146.373
2024-07-03 08:00:00+00:00,143.999
2024-07-03 12:00:00+00:00,141.625
2024-07-03 16:00:00+00:00,140.415
2024-07-03 20:00:00+00:00,140.737
2024-07-04 00:00:00+00:00,136.999
2024-07-04 04:00:00+00:00,134.364
2024-07-04 08:00:00+00:00,132.698
2024-07-04 12:00:00+00:00,135.296
2024-07-04 16:00:00+00:00,133.928
2024-07-04 20:00:00+00:00,127.76
2024-07-05 00:00:00+00:00,123.621
2024-07-05 04:00:00+00:00,126.654
2024-07-05 08:00:00+00:00,130.009
2024-07-05 12:00:00+00:00,134.799
2024-07-05 16:00:00+00:00,134.915
2024-07-05 20:00:00+00:00,134.23
2024-07-06 00:00:00+00:00,134.387
2024-07-06 04:00:00+00:00,136.836
2024-07-06 08:00:00+00:00,138.654
2024-07-06 12:00:00+00:00,141.795
2024-07-06 16:00:00+00:00,142.74
2024-07-06 20:00:00+00:00,142.996
2024-07-07 00:00:00+00:00,142.058
2024-07-07 04:00:00+00:00,139.074
2024-07-07 08:00:00+00:00,139.848
2024-07-07 12:00:00+00:00,137.031
2024-07-07 16:00:00+00:00,137.277
2024-07-07 20:00:00+00:00,131.599
2024-07-08 00:00:00+00:00,130.635
2024-07-08 04:00:00+00:00,132.536
2024-07-08 08:00:00+00:00,140.556
2024-07-08 12:00:00+00:00,137.385
2024-07-08 16:00:00+00:00,138.256
2024-07-08 20:00:00+00:00,139.74
2024-07-09 00:00:00+00:00,140.385
2024-07-09 04:00:00+00:00,142.062
2024-07-09 08:00:00+00:00,141.833
2024-07-09 12:00:00+00:00,140.468
2024-07-09 16:00:00+00:00,142.071
2024-07-09 20:00:00+00:00,141.391
2024-07-10 00:00:00+00:00,141.64
2024-07-10 04:00:00+00:00,144.119
2024-07-10 08:00:00+00:00,142.72
2024-07-10 12:00:00+00:00,141.081
2024-07-10 16:00:00+00:00,141.028
2024-07-10 20:00:00+00:00,141.927
2024-07-11 00:00:00+00:00,140.237
2024-07-11 04:00:00+00:00,142.015
2024-07-11 08:00:00+00:00,143.424
2024-07-11 12:00:00+00:00,138.413
2024-07-11 16:00:00+00:00,136.52
2024-07-11 20:00:00+00:00,135.702
2024-07-12 00:00:00+00:00,136.439
2024-07-12 04:00:00+00:00,135.349
2024-07-12 08:00:00+00:00,135.585
2024-07-12 12:00:00+00:00,138.751
2024-07-12 16:00:00+00:00,138.449
2024-07-12 20:00:00+00:00,139.379
2024-07-13 00:00:00+00:00,138.684
2024-07-13 04:00:00+00:00,139.31
2024-07-13 08:00:00+00:00,140.053
2024-07-13 12:00:00+00:00,140.311
2024-07-13 16:00:00+00:00,139.77
2024-07-13 20:00:00+00:00,141.811
2024-07-14 00:00:00+00:00,143.882
2024-07-14 04:00:00+00:00,144.685
2024-07-14 08:00:00+00:00,144.84
2024-07-14 12:00:00+00:00,145.831
2024-07-14 16:00:00+00:00,145.117
2024-07-14 20:00:00+00:00,147.575
2024-07-15 00:00:00+00:00,151.323
2024-07-15 04:00:00+00:00,153.168
2024-07-15 08:00:00+00:00,151.604
2024-07-15 12:00:00+00:00,152.838
2024-07-15 16:00:00+00:00,155.254
2024-07-15 20:00:00+00:00,159.294
2024-07-16 00:00:00+00:00,157.788
2024-07-16 04:00:00+00:00,154.441
2024-07-16 08:00:00+00:00,157.253
2024-07-16 12:00:00+00:00,160.923
2024-07-16 16:00:00+00:00,161.848
2024-07-16 20:00:00+00:00,160.592
2024-07-17 00:00:00+00:00,160.838
2024-07-17 04:00:00+00:00,160.508
2024-07-17 08:00:00+00:00,160.773
2024-07-17 12:00:00+00:00,158.038
2024-07-17 16:00:00+00:00,156.716
2024-07-17 20:00:00+00:00,155.467
2024-07-18 00:00:00+00:00,158.885
2024-07-18 04:00:00+00:00,158.607
2024-07-18 08:00:00+00:00,159.392
2024-07-18 12:00:00+00:00,156.291
2024-07-18 16:00:00+00:00,156.912
2024-07-18 20:00:00+00:00,159.146
2024-07-19 00:00:00+00:00,161.788
2024-07-19 04:00:00+00:00,161.356
2024-07-19 08:00:00+00:00,162.602
2024-07-19 12:00:00+00:00,168.744
2024-07-19 16:00:00+00:00,170.322
2024-07-19 20:00:00+00:00,169.064
2024-07-20 00:00:00+00:00,169.489
2024-07-20 04:00:00+00:00,168.483
2024-07-20 08:00:00+00:00,167.979
2024-07-20 12:00:00+00:00,169.171
2024-07-20 16:00:00+00:00,172.347
2024-07-20 20:00:00+00:00,173.532
2024-07-21 00:00:00+00:00,173.079
2024-07-21 04:00:00+00:00,171.26
2024-07-21 08:00:00+00:00,172.808
2024-07-21 12:00:00+00:00,175.367
2024-07-21 16:00:00+00:00,177.941
2024-07-21 20:00:00+00:00,184.473
2024-07-22 00:00:00+00:00,180.909
2024-07-22 04:00:00+00:00,178.288
2024-07-22 08:00:00+00:00,180.484
2024-07-22 12:00:00+00:00,179.791
2024-07-22 16:00:00+00:00,182.773
2024-07-22 20:00:00+00:00,178.823
2024-07-23 00:00:00+00:00,179.022
2024-07-23 04:00:00+00:00,175.959
2024-07-23 08:00:00+00:00,175.566
2024-07-23 12:00:00+00:00,176.395
2024-07-23 16:00:00+00:00,171.944
2024-07-23 20:00:00+00:00,172.912
2024-07-24 00:00:00+00:00,173.579
2024-07-24 04:00:00+00:00,174.144
2024-07-24 08:00:00+00:00,177.677
2024-07-24 12:00:00+00:00,177.729
2024-07-24 16:00:00+00:00,178.145
2024-07-24 20:00:00+00:00,177.983
2024-07-25 00:00:00+00:00,170.48
2024-07-25 04:00:00+00:00,169.342
2024-07-25 08:00:00+00:00,168.739
2024-07-25 12:00:00+00:00,170.365
2024-07-25 16:00:00+00:00,168.115
2024-07-25 20:00:00+00:00,171.759
2024-07-26 00:00:00+00:00,175.689
2024-07-26 04:00:00+00:00,176.696
2024-07-26 08:00:00+00:00,178.726
2024-07-26 12:00:00+00:00,181.435
2024-07-26 16:00:00+00:00,182.118
2024-07-26 20:00:00+00:00,182.991
2024-07-27 00:00:00+00:00,182.566
2024-07-27 04:00:00+00:00,185.721
2024-07-27 08:00:00+00:00,185.324
2024-07-27 12:00:00+00:00,182.416
2024-07-27 16:00:00+00:00,181.426
2024-07-27 20:00:00+00:00,183.903
2024-07-28 00:00:00+00:00,184.226
2024-07-28 04:00:00+00:00,183.777
2024-07-28 08:00:00+00:00,185.148
2024-07-28 12:00:00+00:00,184.083
2024-07-28 16:00:00+00:00,184.676
2024-07-28 20:00:00+00:00,184.808
2024-07-29 00:00:00+00:00,192.191
2024-07-29 04:00:00+00:00,192.302
2024-07-29 08:00:00+00:00,190.76
2024-07-29 12:00:00+00:00,186.816
2024-07-29 16:00:00+00:00,186.788
2024-07-29 20:00:00+00:00,182.509
2024-07-30 00:00:00+00:00,182.491
2024-07-30 04:00:00+00:00,182.298
2024-07-30 08:00:00+00:00,180.967
2024-07-30 12:00:00+00:00,180.901
2024-07-30 16:00:00+00:00,177.86
2024-07-30 20:00:00+00:00,179.072
2024-07-31 00:00:00+00:00,180.832
2024-07-31 04:00:00+00:00,183.046
2024-07-31 08:00:00+00:00,181.628
2024-07-31 12:00:00+00:00,180.018
2024-07-31 16:00:00+00:00,176.544
2024-07-31 20:00:00+00:00,171.632
2024-08-01 00:00:00+00:00,168.595
2024-08-01 04:00:00+00:00,168.161
2024-08-01 08:00:00+00:00,169.609
2024-08-01 12:00:00+00:00,162.566
2024-08-01 16:00:00+00:00,162.3
2024-08-01 20:00:00+00:00,167.294
2024-08-02 00:00:00+00:00,164.281
2024-08-02 04:00:00+00:00,161.323
2024-08-02 08:00:00+00:00,164.307
2024-08-02 12:00:00+00:00,156.639
2024-08-02 16:00:00+00:00,151.207
2024-08-02 20:00:00+00:00,152.711
2024-08-03 00:00:00+00:00,153.467
2024-08-03 04:00:00+00:00,151.583
2024-08-03 08:00:00+00:00,152.311
2024-08-03 12:00:00+00:00,146.111
2024-08-03 16:00:00+00:00,140.387
2024-08-03 20:00:00+00:00,142.456
2024-08-04 00:00:00+00:00,144.25
2024-08-04 04:00:00+00:00,140.799
2024-08-04 08:00:00+00:00,143.436
2024-08-04 12:00:00+00:00,135.163
2024-08-04 16:00:00+00:00,141.922
2024-08-04 20:00:00+00:00,138.291
2024-08-05 00:00:00+00:00,126.038
2024-08-05 04:00:00+00:00,122.796
2024-08-05 08:00:00+00:00,115.902
2024-08-05 12:00:00+00:00,130.369
2024-08-05 16:00:00+00:00,128.732
2024-08-05 20:00:00+00:00,129.768
2024-08-06 00:00:00+00:00,138.534
2024-08-06 04:00:00+00:00,141.892
2024-08-06 08:00:00+00:00,139.348
2024-08-06 12:00:00+00:00,145.8
2024-08-06 16:00:00+00:00,146.233
2024-08-06 20:00:00+00:00,144.328
2024-08-07 00:00:00+00:00,151.459
2024-08-07 04:00:00+00:00,152.37
2024-08-07 08:00:00+00:00,151.552
2024-08-07 12:00:00+00:00,148.391
2024-08-07 16:00:00+00:00,143.096
2024-08-07 20:00:00+00:00,144.736
2024-08-08 00:00:00+00:00,153.069
2024-08-08 04:00:00+00:00,153.618
2024-08-08 08:00:00+00:00,154.04
2024-08-08 12:00:00+00:00,160.499
2024-08-08 16:00:00+00:00,155.683
2024-08-08 20:00:00+00:00,163.069
2024-08-09 00:00:00+00:00,158.872
2024-08-09 04:00:00+00:00,157.861
2024-08-09 08:00:00+00:00,156.553
2024-08-09 12:00:00+00:00,151.086
2024-08-09 16:00:00+00:00,153.507
2024-08-09 20:00:00+00:00,156.188
2024-08-10 00:00:00+00:00,154.112
2024-08-10 04:00:00+00:00,155.349
2024-08-10 08:00:00+00:00,154.757
2024-08-10 12:00:00+00:00,153.881
2024-08-10 16:00:00+00:00,154.446
2024-08-10 20:00:00+00:00,153.932
2024-08-11 00:00:00+00:00,155.606
2024-08-11 04:00:00+00:00,156.621
2024-08-11 08:00:00+00:00,153.567
2024-08-11 12:00:00+00:00,148.673
2024-08-11 16:00:00+00:00,145.754
2024-08-11 20:00:00+00:00,141.492
2024-08-12 00:00:00+00:00,143.816
2024-08-12 04:00:00+00:00,145.823
2024-08-12 08:00:00+00:00,150.144
2024-08-12 12:00:00+00:00,147.461
2024-08-12 16:00:00+00:00,143.693
2024-08-12 20:00:00+00:00,146.241
2024-08-13 00:00:00+00:00,143.586
2024-08-13 04:00:00+00:00,145.948
2024-08-13 08:00:00+00:00,145.835
2024-08-13 12:00:00+00:00,146.011
2024-08-13 16:00:00+00:00,146.451
2024-08-13 20:00:00+00:00,146.565
2024-08-14 00:00:00+00:00,145.086
2024-08-14 04:00:00+00:00,145.654
2024-08-14 08:00:00+00:00,147.943
2024-08-14 12:00:00+00:00,146.6
2024-08-14 16:00:00+00:00,144.165
2024-08-14 20:00:00+00:00,143.644
2024-08-15 00:00:00+00:00,144.644
2024-08-15 04:00:00+00:00,142.465
2024-08-15 08:00:00+00:00,143.054
2024-08-15 12:00:00+00:00,145.862
2024-08-15 16:00:00+00:00,139.863
2024-08-15 20:00:00+00:00,142.538
2024-08-16 00:00:00+00:00,141.937
2024-08-16 04:00:00+00:00,144.465
2024-08-16 08:00:00+00:00,141.901
2024-08-16 12:00:00+00:00,137.842
2024-08-16 16:00:00+00:00,140.844
2024-08-16 20:00:00+00:00,138.986
2024-08-17 00:00:00+00:00,138.819
2024-08-17 04:00:00+00:00,139.364
2024-08-17 08:00:00+00:00,139.057
2024-08-17 12:00:00+00:00,140.129
2024-08-17 16:00:00+00:00,141.029
2024-08-17 20:00:00+00:00,141.83
2024-08-18 00:00:00+00:00,141.113
2024-08-18 04:00:00+00:00,141.472
2024-08-18 08:00:00+00:00,144.52
2024-08-18 12:00:00+00:00,145.728
2024-08-18 16:00:00+00:00,146.383
2024-08-18 20:00:00+00:00,142.354
2024-08-19 00:00:00+00:00,143.115
2024-08-19 04:00:00+00:00,142.217
2024-08-19 08:00:00+00:00,142.275
2024-08-19 12:00:00+00:00,143.801
2024-08-19 16:00:00+00:00,142.848
2024-08-19 20:00:00+00:00,144.201
2024-08-20 00:00:00+00:00,145.498
2024-08-20 04:00:00+00:00,147.397
2024-08-20 08:00:00+00:00,145.332
2024-08-20 12:00:00+00:00,142.074
2024-08-20 16:00:00+00:00,143.969
2024-08-20 20:00:00+00:00,142.21
2024-08-21 00:00:00+00:00,142.477
2024-08-21 04:00:00+00:00,143.13
2024-08-21 08:00:00+00:00,141.238
2024-08-21 12:00:00+00:00,140.277
2024-08-21 16:00:00+00:00,143.337
2024-08-21 20:00:00+00:00,142.726
2024-08-22 00:00:00+00:00,141.671
2024-08-22 04:00:00+00:00,143.258
2024-08-22 08:00:00+00:00,144.431
2024-08-22 12:00:00+00:00,142.552
2024-08-22 16:00:00+00:00,142.689
2024-08-22 20:00:00+00:00,143.159
2024-08-23 00:00:00+00:00,144.414
2024-08-23 04:00:00+00:00,145.099
2024-08-23 08:00:00+00:00,143.415
2024-08-23 12:00:00+00:00,144.338
2024-08-23 16:00:00+00:00,149.64
2024-08-23 20:00:00+00:00,153.228
2024-08-24 00:00:00+00:00,153.202
2024-08-24 04:00:00+00:00,154.54
2024-08-24 08:00:00+00:00,157.289
2024-08-24 12:00:00+00:00,159.372
2024-08-24 16:00:00+00:00,160.489
2024-08-24 20:00:00+00:00,160.558
2024-08-25 00:00:00+00:00,158.222
2024-08-25 04:00:00+00:00,156.061
2024-08-25 08:00:00+00:00,157.186
2024-08-25 12:00:00+00:00,159.3
2024-08-25 16:00:00+00:00,159.025
2024-08-25 20:00:00+00:00,158.88
2024-08-26 00:00:00+00:00,160.042
2024-08-26 04:00:00+00:00,159.039
2024-08-26 08:00:00+00:00,160.309
2024-08-26 12:00:00+00:00,157.531
2024-08-26 16:00:00+00:00,157.92
2024-08-26 20:00:00+00:00,157.052
2024-08-27 00:00:00+00:00,158.456
2024-08-27 04:00:00+00:00,157.682
2024-08-27 08:00:00+00:00,154.202
2024-08-27 12:00:00+00:00,153.698
2024-08-27 16:00:00+00:00,154.869
2024-08-27 20:00:00+00:00,146.727
2024-08-28 00:00:00+00:00,148.082
2024-08-28 04:00:00+00:00,143.918
2024-08-28 08:00:00+00:00,147.058
2024-08-28 12:00:00+00:00,144.041
2024-08-28 16:00:00+00:00,144.202
2024-08-28 20:00:00+00:00,143.892
2024-08-29 00:00:00+00:00,143.247
2024-08-29 04:00:00+00:00,144.58
2024-08-29 08:00:00+00:00,145.52
2024-08-29 12:00:00+00:00,145.968
2024-08-29 16:00:00+00:00,140.178
2024-08-29 20:00:00+00:00,139.948
2024-08-30 00:00:00+00:00,138.697
2024-08-30 04:00:00+00:00,138.922
2024-08-30 08:00:00+00:00,138.569
2024-08-30 12:00:00+00:00,133.26
2024-08-30 16:00:00+00:00,135.903
2024-08-30 20:00:00+00:00,137.921
2024-08-31 00:00:00+00:00,138.212
2024-08-31 04:00:00+00:00,137.547
2024-08-31 08:00:00+00:00,136.941
2024-08-31 12:00:00+00:00,136.57
2024-08-31 16:00:00+00:00,134.926
2024-08-31 20:00:00+00:00,135.266
2024-09-01 00:00:00+00:00,134.026
2024-09-01 04:00:00+00:00,132.74
2024-09-01 08:00:00+00:00,131.819
2024-09-01 12:00:00+00:00,134.182
2024-09-01 16:00:00+00:00,135.156
2024-09-01 20:00:00+00:00,128.411
2024-09-02 00:00:00+00:00,130.135
2024-09-02 04:00:00+00:00,127.588
2024-09-02 08:00:00+00:00,131.775
2024-09-02 12:00:00+00:00,132.44
2024-09-02 16:00:00+00:00,132.98
2024-09-02 20:00:00+00:00,134.865
2024-09-03 00:00:00+00:00,135.437
2024-09-03 04:00:00+00:00,134.524
2024-09-03 08:00:00+00:00,134.307
2024-09-03 12:00:00+00:00,129.748
2024-09-03 16:00:00+00:00,130.921
2024-09-03 20:00:00+00:00,127.506
2024-09-04 00:00:00+00:00,127.64
2024-09-04 04:00:00+00:00,130.241
2024-09-04 08:00:00+00:00,128.359
2024-09-04 12:00:00+00:00,133.719
2024-09-04 16:00:00+00:00,133.135
2024-09-04 20:00:00+00:00,133.564
2024-09-05 00:00:00+00:00,131.526
2024-09-05 04:00:00+00:00,133.042
2024-09-05 08:00:00+00:00,132.78
2024-09-05 12:00:00+00:00,130.517
2024-09-05 16:00:00+00:00,128.388
2024-09-05 20:00:00+00:00,129.337
2024-09-06 00:00:00+00:00,130.649
2024-09-06 04:00:00+00:00,128.054
2024-09-06 08:00:00+00:00,130.185
2024-09-06 12:00:00+00:00,128.016
2024-09-06 16:00:00+00:00,125.061
2024-09-06 20:00:00+00:00,124.959
2024-09-07 00:00:00+00:00,125.097
2024-09-07 04:00:00+00:00,127.556
2024-09-07 08:00:00+00:00,126.928
2024-09-07 12:00:00+00:00,128.75
2024-09-07 16:00:00+00:00,128.254
2024-09-07 20:00:00+00:00,127.656
2024-09-08 00:00:00+00:00,128.243
2024-09-08 04:00:00+00:00,129.549
2024-09-08 08:00:00+00:00,130.028
2024-09-08 12:00:00+00:00,126.711
2024-09-08 16:00:00+00:00,128.631
2024-09-08 20:00:00+00:00,130.073
2024-09-09 00:00:00+00:00,128.509
2024-09-09 04:00:00+00:00,129.221
2024-09-09 08:00:00+00:00,129.376
2024-09-09 12:00:00+00:00,128.339
2024-09-09 16:00:00+00:00,134.881
2024-09-09 20:00:00+00:00,135.014
2024-09-10 00:00:00+00:00,132.861
2024-09-10 04:00:00+00:00,134.885
2024-09-10 08:00:00+00:00,135.137
2024-09-10 12:00:00+00:00,134.048
2024-09-10 16:00:00+00:00,136.553
2024-09-10 20:00:00+00:00,135.563
2024-09-11 00:00:00+00:00,133.586
2024-09-11 04:00:00+00:00,132.338
2024-09-11 08:00:00+00:00,131.925
2024-09-11 12:00:00+00:00,131.114
2024-09-11 16:00:00+00:00,132.605
2024-09-11 20:00:00+00:00,132.346
2024-09-12 00:00:00+00:00,135.537
2024-09-12 04:00:00+00:00,134.831
2024-09-12 08:00:00+00:00,134.716
2024-09-12 12:00:00+00:00,133.499
2024-09-12 16:00:00+00:00,135.688
2024-09-12 20:00:00+00:00,135.997
2024-09-13 00:00:00+00:00,134.375
2024-09-13 04:00:00+00:00,134.526
2024-09-13 08:00:00+00:00,132.499
2024-09-13 12:00:00+00:00,136.557
2024-09-13 16:00:00+00:00,137.983
2024-09-13 20:00:00+00:00,138.916
2024-09-14 00:00:00+00:00,139.341
2024-09-14 04:00:00+00:00,137.438
2024-09-14 08:00:00+00:00,136.735
2024-09-14 12:00:00+00:00,137.312
2024-09-14 16:00:00+00:00,136.506
2024-09-14 20:00:00+00:00,137.068
2024-09-15 00:00:00+00:00,137.388
2024-09-15 04:00:00+00:00,137.1
2024-09-15 08:00:00+00:00,135.531
2024-09-15 12:00:00+00:00,135.686
2024-09-15 16:00:00+00:00,133.393
2024-09-15 20:00:00+00:00,131.319
2024-09-16 00:00:00+00:00,130.543
2024-09-16 04:00:00+00:00,131.178
2024-09-16 08:00:00+00:00,131.833
2024-09-16 12:00:00+00:00,131.411
2024-09-16 16:00:00+00:00,131.071
2024-09-16 20:00:00+00:00,131.412
2024-09-17 00:00:00+00:00,131.074
2024-09-17 04:00:00+00:00,132.2
2024-09-17 08:00:00+00:00,131.875
2024-09-17 12:00:00+00:00,134.605
2024-09-17 16:00:00+00:00,132.177
2024-09-17 20:00:00+00:00,131.467
2024-09-18 00:00:00+00:00,131.614
2024-09-18 04:00:00+00:00,131.26
2024-09-18 08:00:00+00:00,129.347
2024-09-18 12:00:00+00:00,127.618
2024-09-18 16:00:00+00:00,129.441
2024-09-18 20:00:00+00:00,134.299
2024-09-19 00:00:00+00:00,137.963
2024-09-19 04:00:00+00:00,138.511
2024-09-19 08:00:00+00:00,139.368
2024-09-19 12:00:00+00:00,142.893
2024-09-19 16:00:00+00:00,143.005
2024-09-19 20:00:00+00:00,142.82
2024-09-20 00:00:00+00:00,144.61
2024-09-20 04:00:00+00:00,151.023
2024-09-20 08:00:00+00:00,150.508
2024-09-20 12:00:00+00:00,147.791
2024-09-20 16:00:00+00:00,146.633
2024-09-20 20:00:00+00:00,146.627
2024-09-21 00:00:00+00:00,145.925
2024-09-21 04:00:00+00:00,147.371
2024-09-21 08:00:00+00:00,147.142
2024-09-21 12:00:00+00:00,147.56
2024-09-21 16:00:00+00:00,147.313
2024-09-21 20:00:00+00:00,149.372
2024-09-22 00:00:00+00:00,148.008
2024-09-22 04:00:00+00:00,147.148
2024-09-22 08:00:00+00:00,144.775
2024-09-22 12:00:00+00:00,143.06
2024-09-22 16:00:00+00:00,144.604
2024-09-22 20:00:00+00:00,144.587
2024-09-23 00:00:00+00:00,147.669
2024-09-23 04:00:00+00:00,145.418
2024-09-23 08:00:00+00:00,143.532
2024-09-23 12:00:00+00:00,144.123
2024-09-23 16:00:00+00:00,143.271
2024-09-23 20:00:00+00:00,144.691
2024-09-24 00:00:00+00:00,146.568
2024-09-24 04:00:00+00:00,147.142
2024-09-24 08:00:00+00:00,146.38
2024-09-24 12:00:00+00:00,145.467
2024-09-24 16:00:00+00:00,148.182
2024-09-24 20:00:00+00:00,152.712
2024-09-25 00:00:00+00:00,151.906
2024-09-25 04:00:00+00:00,149.726
2024-09-25 08:00:00+00:00,150.886
2024-09-25 12:00:00+00:00,150.347
2024-09-25 16:00:00+00:00,149.919
2024-09-25 20:00:00+00:00,147.88
2024-09-26 00:00:00+00:00,149.159
2024-09-26 04:00:00+00:00,151.764
2024-09-26 08:00:00+00:00,152.87
2024-09-26 12:00:00+00:00,157.095
2024-09-26 16:00:00+00:00,155.449
2024-09-26 20:00:00+00:00,155.48
2024-09-27 00:00:00+00:00,155.639
2024-09-27 04:00:00+00:00,157.399
2024-09-27 08:00:00+00:00,155.968
2024-09-27 12:00:00+00:00,158.996
2024-09-27 16:00:00+00:00,157.503
2024-09-27 20:00:00+00:00,157.591
2024-09-28 00:00:00+00:00,158.584
2024-09-28 04:00:00+00:00,156.325
2024-09-28 08:00:00+00:00,157.137
2024-09-28 12:00:00+00:00,156.808
2024-09-28 16:00:00+00:00,156.792
2024-09-28 20:00:00+00:00,156.682
2024-09-29 00:00:00+00:00,157.787
2024-09-29 04:00:00+00:00,155.431
2024-09-29 08:00:00+00:00,156.689
2024-09-29 12:00:00+00:00,157.21
2024-09-29 16:00:00+00:00,159.4
2024-09-29 20:00:00+00:00,158.385
2024-09-30 00:00:00+00:00,156.107
2024-09-30 04:00:00+00:00,156.812
2024-09-30 08:00:00+00:00,155.56
2024-09-30 12:00:00+00:00,154.1
2024-09-30 16:00:00+00:00,155.043
2024-09-30 20:00:00+00:00,152.428
2024-10-01 00:00:00+00:00,155.044
2024-10-01 04:00:00+00:00,156.757
2024-10-01 08:00:00+00:00,156.455
2024-10-01 12:00:00+00:00,149.526
2024-10-01 16:00:00+00:00,145.379
2024-10-01 20:00:00+00:00,145.071
2024-10-02 00:00:00+00:00,147.132
2024-10-02 04:00:00+00:00,147.672
2024-10-02 08:00:00+00:00,146.073
2024-10-02 12:00:00+00:00,147.367
2024-10-02 16:00:00+00:00,139.888
2024-10-02 20:00:00+00:00,140.082
2024-10-03 00:00:00+00:00,142.81
2024-10-03 04:00:00+00:00,139.84
2024-10-03 08:00:00+00:00,136.783
2024-10-03 12:00:00+00:00,135.499
2024-10-03 16:00:00+00:00,137.248
2024-10-03 20:00:00+00:00,136.733
2024-10-04 00:00:00+00:00,137.262
2024-10-04 04:00:00+00:00,139.464
2024-10-04 08:00:00+00:00,140.024
2024-10-04 12:00:00+00:00,142.364
2024-10-04 16:00:00+00:00,143.816
2024-10-04 20:00:00+00:00,143.159
2024-10-05 00:00:00+00:00,141.771
2024-10-05 04:00:00+00:00,143.764
2024-10-05 08:00:00+00:00,143.356
2024-10-05 12:00:00+00:00,142.814
2024-10-05 16:00:00+00:00,142.117
2024-10-05 20:00:00+00:00,142.538
2024-10-06 00:00:00+00:00,142.629
2024-10-06 04:00:00+00:00,142.926
2024-10-06 08:00:00+00:00,143.964
2024-10-06 12:00:00+00:00,145.904
2024-10-06 16:00:00+00:00,145.34
2024-10-06 20:00:00+00:00,146.412
2024-10-07 00:00:00+00:00,149.87
2024-10-07 04:00:00+00:00,147.982
2024-10-07 08:00:00+00:00,147.333
2024-10-07 12:00:00+00:00,148.625
2024-10-07 16:00:00+00:00,147.029
2024-10-07 20:00:00+00:00,143.909
2024-10-08 00:00:00+00:00,144.646
2024-10-08 04:00:00+00:00,143.02
2024-10-08 08:00:00+00:00,144.401
2024-10-08 12:00:00+00:00,142.728
2024-10-08 16:00:00+00:00,143.658
2024-10-08 20:00:00+00:00,143.417
2024-10-09 00:00:00+00:00,143.856
2024-10-09 04:00:00+00:00,143.1
2024-10-09 08:00:00+00:00,143.144
2024-10-09 12:00:00+00:00,142.728
2024-10-09 16:00:00+00:00,141.066
2024-10-09 20:00:00+00:00,139.266
2024-10-10 00:00:00+00:00,139.819
2024-10-10 04:00:00+00:00,139.62
2024-10-10 08:00:00+00:00,140.348
2024-10-10 12:00:00+00:00,138.598
2024-10-10 16:00:00+00:00,138.03
2024-10-10 20:00:00+00:00,138.963
2024-10-11 00:00:00+00:00,140.783
2024-10-11 04:00:00+00:00,141.109
2024-10-11 08:00:00+00:00,141.893
2024-10-11 12:00:00+00:00,144.303
2024-10-11 16:00:00+00:00,145.356
2024-10-11 20:00:00+00:00,145.47
2024-10-12 00:00:00+00:00,145.083
2024-10-12 04:00:00+00:00,145.482
2024-10-12 08:00:00+00:00,146.172
2024-10-12 12:00:00+00:00,146.012
2024-10-12 16:00:00+00:00,146.719
2024-10-12 20:00:00+00:00,146.318
2024-10-13 00:00:00+00:00,145.259
2024-10-13 04:00:00+00:00,146.378
2024-10-13 08:00:00+00:00,146.392
2024-10-13 12:00:00+00:00,145.262
2024-10-13 16:00:00+00:00,145.947
2024-10-13 20:00:00+00:00,147.645
2024-10-14 00:00:00+00:00,152.431
2024-10-14 04:00:00+00:00,152.95
2024-10-14 08:00:00+00:00,153.08
2024-10-14 12:00:00+00:00,156.65
2024-10-14 16:00:00+00:00,155.57
2024-10-14 20:00:00+00:00,157.52
2024-10-15 00:00:00+00:00,155.44
2024-10-15 04:00:00+00:00,155.06
2024-10-15 08:00:00+00:00,152.37
2024-10-15 12:00:00+00:00,153.23
2024-10-15 16:00:00+00:00,155.13
2024-10-15 20:00:00+00:00,154.69
2024-10-16 00:00:00+00:00,154.14
2024-10-16 04:00:00+00:00,153.58
2024-10-16 08:00:00+00:00,155.79
2024-10-16 12:00:00+00:00,155.63
2024-10-16 16:00:00+00:00,154.29
2024-10-16 20:00:00+00:00,154.19
2024-10-17 00:00:00+00:00,154.53
2024-10-17 04:00:00+00:00,152.53
2024-10-17 08:00:00+00:00,151.26
2024-10-17 12:00:00+00:00,152.82
2024-10-17 16:00:00+00:00,149.33
2024-10-17 20:00:00+00:00,150.45
2024-10-18 00:00:00+00:00,151.84
2024-10-18 04:00:00+00:00,153.85
2024-10-18 08:00:00+00:00,152.96
2024-10-18 12:00:00+00:00,154.65
2024-10-18 16:00:00+00:00,154.75
2024-10-18 20:00:00+00:00,154.86
2024-10-19 00:00:00+00:00,154.49
2024-10-19 04:00:00+00:00,154.47
2024-10-19 08:00:00+00:00,153.77
2024-10-19 12:00:00+00:00,156.41
2024-10-19 16:00:00+00:00,156.31
2024-10-19 20:00:00+00:00,159.7
2024-10-20 00:00:00+00:00,158.96
2024-10-20 04:00:00+00:00,158.72
2024-10-20 08:00:00+00:00,159.15
2024-10-20 12:00:00+00:00,159.93
2024-10-20 16:00:00+00:00,160.29
2024-10-20 20:00:00+00:00,167.42
2024-10-21 00:00:00+00:00,169.56
2024-10-21 04:00:00+00:00,168.72
2024-10-21 08:00:00+00:00,166.47
2024-10-21 12:00:00+00:00,165.36
2024-10-21 16:00:00+00:00,167.75
2024-10-21 20:00:00+00:00,166.13
2024-10-22 00:00:00+00:00,166.38
2024-10-22 04:00:00+00:00,167.11
2024-10-22 08:00:00+00:00,167.89
2024-10-22 12:00:00+00:00,167.75
2024-10-22 16:00:00+00:00,168.41
2024-10-22 20:00:00+00:00,167.56
2024-10-23 00:00:00+00:00,165.45
2024-10-23 04:00:00+00:00,165.67
2024-10-23 08:00:00+00:00,166.35
2024-10-23 12:00:00+00:00,168.07
2024-10-23 16:00:00+00:00,173.02
2024-10-23 20:00:00+00:00,170.81
2024-10-24 00:00:00+00:00,174.11
2024-10-24 04:00:00+00:00,173.5
2024-10-24 08:00:00+00:00,173.78
2024-10-24 12:00:00+00:00,175.36
2024-10-24 16:00:00+00:00,177.353
2024-10-24 20:00:00+00:00,177.1
2024-10-25 00:00:00+00:00,174.65
2024-10-25 04:00:00+00:00,171.85
2024-10-25 08:00:00+00:00,173.56
2024-10-25 12:00:00+00:00,172.35
2024-10-25 16:00:00+00:00,167.9
2024-10-25 20:00:00+00:00,164.8
2024-10-26 00:00:00+00:00,165.59
2024-10-26 04:00:00+00:00,167.25
2024-10-26 08:00:00+00:00,168.61
2024-10-26 12:00:00+00:00,168.56
2024-10-26 16:00:00+00:00,171.44
2024-10-26 20:00:00+00:00,170.81
2024-10-27 00:00:00+00:00,172.05
2024-10-27 04:00:00+00:00,173.17
2024-10-27 08:00:00+00:00,173.96
2024-10-27 12:00:00+00:00,175.71
2024-10-27 16:00:00+00:00,177.13
2024-10-27 20:00:00+00:00,176.58
2024-10-28 00:00:00+00:00,175.67
2024-10-28 04:00:00+00:00,175.59
2024-10-28 08:00:00+00:00,176.88
2024-10-28 12:00:00+00:00,173.34
2024-10-28 16:00:00+00:00,176.17
2024-10-28 20:00:00+00:00,178.2
2024-10-29 00:00:00+00:00,181.8
2024-10-29 04:00:00+00:00,180.13
2024-10-29 08:00:00+00:00,180.73
2024-10-29 12:00:00+00:00,180.54
2024-10-29 16:00:00+00:00,178.13
2024-10-29 20:00:00+00:00,179.4
2024-10-30 00:00:00+00:00,180.13
2024-10-30 04:00:00+00:00,178.71
2024-10-30 08:00:00+00:00,175.69
2024-10-30 12:00:00+00:00,173.93
2024-10-30 16:00:00+00:00,174.25
2024-10-30 20:00:00+00:00,174.83
2024-10-31 00:00:00+00:00,174.34
2024-10-31 04:00:00+00:00,174.49
2024-10-31 08:00:00+00:00,174.99
2024-10-31 12:00:00+00:00,170.6
2024-10-31 16:00:00+00:00,168.68
2024-10-31 20:00:00+00:00,168.62
2024-11-01 00:00:00+00:00,167.11
2024-11-01 04:00:00+00:00,165.93
2024-11-01 08:00:00+00:00,167.85
2024-11-01 12:00:00+00:00,164.0
2024-11-01 16:00:00+00:00,166.51
2024-11-01 20:00:00+00:00,166.01
2024-11-02 00:00:00+00:00,166.96
2024-11-02 04:00:00+00:00,167.54
2024-11-02 08:00:00+00:00,165.92
2024-11-02 12:00:00+00:00,163.73
2024-11-02 16:00:00+00:00,165.08
2024-11-02 20:00:00+00:00,166.09
2024-11-03 00:00:00+00:00,161.86
2024-11-03 04:00:00+00:00,163.47
2024-11-03 08:00:00+00:00,163.53
2024-11-03 12:00:00+00:00,159.87
2024-11-03 16:00:00+00:00,161.0
2024-11-03 20:00:00+00:00,162.44
2024-11-04 00:00:00+00:00,162.76
2024-11-04 04:00:00+00:00,161.32
2024-11-04 08:00:00+00:00,163.98
2024-11-04 12:00:00+00:00,162.97
2024-11-04 16:00:00+00:00,159.54
2024-11-04 20:00:00+00:00,157.87
2024-11-05 00:00:00+00:00,159.55
2024-11-05 04:00:00+00:00,161.92
2024-11-05 08:00:00+00:00,162.26
2024-11-05 12:00:00+00:00,165.83
2024-11-05 16:00:00+00:00,163.97
2024-11-05 20:00:00+00:00,166.55
2024-11-06 00:00:00+00:00,184.91
2024-11-06 04:00:00+00:00,184.08
2024-11-06 08:00:00+00:00,186.77
2024-11-06 12:00:00+00:00,185.57
2024-11-06 16:00:00+00:00,188.46
2024-11-06 20:00:00+00:00,186.61
2024-11-07 00:00:00+00:00,189.18
2024-11-07 04:00:00+00:00,188.08
2024-11-07 08:00:00+00:00,186.1
2024-11-07 12:00:00+00:00,192.74
2024-11-07 16:00:00+00:00,197.06
2024-11-07 20:00:00+00:00,196.47
2024-11-08 00:00:00+00:00,198.23
2024-11-08 04:00:00+00:00,200.5
2024-11-08 08:00:00+00:00,203.11
2024-11-08 12:00:00+00:00,201.01
2024-11-08 16:00:00+00:00,199.57
2024-11-08 20:00:00+00:00,199.92
2024-11-09 00:00:00+00:00,199.02
2024-11-09 04:00:00+00:00,200.31
2024-11-09 08:00:00+00:00,202.25
2024-11-09 12:00:00+00:00,198.4
2024-11-09 16:00:00+00:00,197.77
2024-11-09 20:00:00+00:00,199.94
2024-11-10 00:00:00+00:00,201.43
2024-11-10 04:00:00+00:00,205.08
2024-11-10 08:00:00+00:00,206.78
2024-11-10 12:00:00+00:00,212.56
2024-11-10 16:00:00+00:00,208.6
2024-11-10 20:00:00+00:00,210.29
2024-11-11 00:00:00+00:00,210.12
2024-11-11 04:00:00+00:00,208.08
2024-11-11 08:00:00+00:00,217.82
2024-11-11 12:00:00+00:00,219.18
2024-11-11 16:00:00+00:00,217.96
2024-11-11 20:00:00+00:00,222.33
2024-11-12 00:00:00+00:00,220.89
2024-11-12 04:00:00+00:00,222.02
2024-11-12 08:00:00+00:00,211.5
2024-11-12 12:00:00+00:00,210.65
2024-11-12 16:00:00+00:00,213.36
2024-11-12 20:00:00+00:00,211.77
2024-11-13 00:00:00+00:00,203.32
2024-11-13 04:00:00+00:00,205.37
2024-11-13 08:00:00+00:00,207.8
2024-11-13 12:00:00+00:00,216.69
2024-11-13 16:00:00+00:00,211.01
2024-11-13 20:00:00+00:00,215.28
2024-11-14 00:00:00+00:00,219.61
2024-11-14 04:00:00+00:00,218.23
2024-11-14 08:00:00+00:00,216.14
2024-11-14 12:00:00+00:00,211.02
2024-11-14 16:00:00+00:00,215.72
2024-11-14 20:00:00+00:00,209.65
2024-11-15 00:00:00+00:00,209.17
2024-11-15 04:00:00+00:00,209.29
2024-11-15 08:00:00+00:00,213.63
2024-11-15 12:00:00+00:00,208.32
2024-11-15 16:00:00+00:00,212.46
2024-11-15 20:00:00+00:00,218.68
2024-11-16 00:00:00+00:00,221.53
2024-11-16 04:00:00+00:00,219.08
2024-11-16 08:00:00+00:00,219.1
2024-11-16 12:00:00+00:00,215.12
2024-11-16 16:00:00+00:00,216.33
2024-11-16 20:00:00+00:00,215.87
2024-11-17 00:00:00+00:00,221.55
2024-11-17 04:00:00+00:00,237.5
2024-11-17 08:00:00+00:00,235.05
2024-11-17 12:00:00+00:00,234.11
2024-11-17 16:00:00+00:00,235.55
2024-11-17 20:00:00+00:00,237.61
2024-11-18 00:00:00+00:00,244.41
2024-11-18 04:00:00+00:00,242.22
2024-11-18 08:00:00+00:00,242.732
2024-11-18 12:00:00+00:00,243.53
2024-11-18 16:00:00+00:00,236.51
2024-11-18 20:00:00+00:00,239.96
2024-11-19 00:00:00+00:00,240.79
2024-11-19 04:00:00+00:00,243.49
2024-11-19 08:00:00+00:00,246.23
2024-11-19 12:00:00+00:00,240.68
2024-11-19 16:00:00+00:00,243.73
2024-11-19 20:00:00+00:00,237.69
2024-11-20 00:00:00+00:00,233.87
2024-11-20 04:00:00+00:00,235.91
2024-11-20 08:00:00+00:00,237.53
2024-11-20 12:00:00+00:00,238.35
2024-11-20 16:00:00+00:00,232.97
2024-11-20 20:00:00+00:00,235.47
2024-11-21 00:00:00+00:00,235.76
2024-11-21 04:00:00+00:00,241.44
2024-11-21 08:00:00+00:00,240.01
2024-11-21 12:00:00+00:00,249.03
2024-11-21 16:00:00+00:00,254.19
2024-11-21 20:00:00+00:00,256.59
2024-11-22 00:00:00+00:00,262.67
2024-11-22 04:00:00+00:00,259.39
2024-11-22 08:00:00+00:00,259.43
2024-11-22 12:00:00+00:00,256.56
2024-11-22 16:00:00+00:00,254.19
2024-11-22 20:00:00+00:00,257.1
2024-11-23 00:00:00+00:00,257.41
2024-11-23 04:00:00+00:00,258.45
2024-11-23 08:00:00+00:00,256.28
2024-11-23 12:00:00+00:00,259.94
2024-11-23 16:00:00+00:00,254.58
2024-11-23 20:00:00+00:00,255.07
2024-11-24 00:00:00+00:00,258.81
2024-11-24 04:00:00+00:00,256.84
2024-11-24 08:00:00+00:00,248.62
2024-11-24 12:00:00+00:00,244.4
2024-11-24 16:00:00+00:00,248.71
2024-11-24 20:00:00+00:00,252.94
2024-11-25 00:00:00+00:00,252.61
2024-11-25 04:00:00+00:00,253.47
2024-11-25 08:00:00+00:00,252.33
2024-11-25 12:00:00+00:00,245.08
2024-11-25 16:00:00+00:00,239.77
2024-11-25 20:00:00+00:00,234.29
2024-11-26 00:00:00+00:00,237.56
2024-11-26 04:00:00+00:00,235.83
2024-11-26 08:00:00+00:00,227.73
2024-11-26 12:00:00+00:00,227.38
2024-11-26 16:00:00+00:00,229.09
2024-11-26 20:00:00+00:00,230.73
2024-11-27 00:00:00+00:00,231.48
2024-11-27 04:00:00+00:00,234.31
2024-11-27 08:00:00+00:00,235.04
2024-11-27 12:00:00+00:00,240.59
2024-11-27 16:00:00+00:00,239.1
2024-11-27 20:00:00+00:00,242.05
2024-11-28 00:00:00+00:00,240.03
2024-11-28 04:00:00+00:00,238.06
2024-11-28 08:00:00+00:00,236.91
2024-11-28 12:00:00+00:00,233.06
2024-11-28 16:00:00+00:00,235.48
2024-11-28 20:00:00+00:00,237.6
2024-11-29 00:00:00+00:00,242.05
2024-11-29 04:00:00+00:00,237.67
2024-11-29 08:00:00+00:00,245.34
2024-11-29 12:00:00+00:00,243.58
2024-11-29 16:00:00+00:00,241.27
2024-11-29 20:00:00+00:00,243.44
2024-11-30 00:00:00+00:00,243.03
2024-11-30 04:00:00+00:00,244.37
2024-11-30 08:00:00+00:00,241.57
2024-11-30 12:00:00+00:00,240.0
2024-11-30 16:00:00+00:00,240.06
2024-11-30 20:00:00+00:00,237.73
2024-12-01 00:00:00+00:00,235.76
2024-12-01 04:00:00+00:00,235.65
2024-12-01 08:00:00+00:00,237.28
2024-12-01 12:00:00+00:00,238.68
2024-12-01 16:00:00+00:00,236.5
2024-12-01 20:00:00+00:00,237.06
2024-12-02 00:00:00+00:00,228.57
2024-12-02 04:00:00+00:00,228.8
2024-12-02 08:00:00+00:00,224.98
2024-12-02 12:00:00+00:00,229.35
2024-12-02 16:00:00+00:00,224.18
2024-12-02 20:00:00+00:00,225.88
2024-12-03 00:00:00+00:00,228.1
2024-12-03 04:00:00+00:00,227.12
2024-12-03 08:00:00+00:00,225.79
2024-12-03 12:00:00+00:00,223.45
2024-12-03 16:00:00+00:00,228.37
2024-12-03 20:00:00+00:00,234.1
2024-12-04 00:00:00+00:00,237.85
2024-12-04 04:00:00+00:00,236.85
2024-12-04 08:00:00+00:00,236.2
2024-12-04 12:00:00+00:00,233.98
2024-12-04 16:00:00+00:00,232.83
2024-12-04 20:00:00+00:00,229.32
2024-12-05 00:00:00+00:00,233.19
2024-12-05 04:00:00+00:00,234.07
2024-12-05 08:00:00+00:00,242.14
2024-12-05 12:00:00+00:00,239.24
2024-12-05 16:00:00+00:00,233.32
2024-12-05 20:00:00+00:00,236.05
2024-12-06 00:00:00+00:00,242.19
2024-12-06 04:00:00+00:00,239.5
2024-12-06 08:00:00+00:00,234.27
2024-12-06 12:00:00+00:00,238.2
2024-12-06 16:00:00+00:00,239.97
2024-12-06 20:00:00+00:00,237.08
2024-12-07 00:00:00+00:00,235.08
2024-12-07 04:00:00+00:00,236.37
2024-12-07 08:00:00+00:00,238.34
2024-12-07 12:00:00+00:00,241.02
2024-12-07 16:00:00+00:00,241.91
2024-12-07 20:00:00+00:00,238.3
2024-12-08 00:00:00+00:00,240.87
2024-12-08 04:00:00+00:00,237.74
2024-12-08 08:00:00+00:00,236.08
2024-12-08 12:00:00+00:00,237.53
2024-12-08 16:00:00+00:00,236.7
2024-12-08 20:00:00+00:00,237.24
2024-12-09 00:00:00+00:00,232.0
2024-12-09 04:00:00+00:00,231.69
2024-12-09 08:00:00+00:00,226.16
2024-12-09 12:00:00+00:00,224.47
2024-12-09 16:00:00+00:00,222.17
2024-12-09 20:00:00+00:00,216.65
2024-12-10 00:00:00+00:00,215.83
2024-12-10 04:00:00+00:00,217.32
2024-12-10 08:00:00+00:00,216.18
2024-12-10 12:00:00+00:00,206.49
2024-12-10 16:00:00+00:00,212.04
2024-12-10 20:00:00+00:00,213.58
2024-12-11 00:00:00+00:00,219.31
2024-12-11 04:00:00+00:00,218.4
2024-12-11 08:00:00+00:00,224.69
2024-12-11 12:00:00+00:00,228.36
2024-12-11 16:00:00+00:00,229.75
2024-12-11 20:00:00+00:00,227.29
2024-12-12 00:00:00+00:00,230.33
2024-12-12 04:00:00+00:00,229.99
2024-12-12 08:00:00+00:00,229.55
2024-12-12 12:00:00+00:00,231.18
2024-12-12 16:00:00+00:00,227.17
2024-12-12 20:00:00+00:00,226.88
2024-12-13 00:00:00+00:00,227.11
2024-12-13 04:00:00+00:00,224.72
2024-12-13 08:00:00+00:00,225.53
2024-12-13 12:00:00+00:00,221.02
2024-12-13 16:00:00+00:00,223.23
2024-12-13 20:00:00+00:00,224.71
2024-12-14 00:00:00+00:00,226.13
2024-12-14 04:00:00+00:00,225.88
2024-12-14 08:00:00+00:00,224.29
2024-12-14 12:00:00+00:00,222.46
2024-12-14 16:00:00+00:00,217.97
2024-12-14 20:00:00+00:00,219.84
2024-12-15 00:00:00+00:00,219.35
2024-12-15 04:00:00+00:00,217.14
2024-12-15 08:00:00+00:00,218.35
2024-12-15 12:00:00+00:00,220.82
2024-12-15 16:00:00+00:00,221.15
2024-12-15 20:00:00+00:00,224.21
2024-12-16 00:00:00+00:00,221.15
2024-12-16 04:00:00+00:00,223.08
2024-12-16 08:00:00+00:00,214.03
2024-12-16 12:00:00+00:00,216.9
2024-12-16 16:00:00+00:00,218.33
2024-12-16 20:00:00+00:00,216.08
2024-12-17 00:00:00+00:00,215.36
2024-12-17 04:00:00+00:00,215.49
2024-12-17 08:00:00+00:00,221.56
2024-12-17 12:00:00+00:00,220.46
2024-12-17 16:00:00+00:00,227.45
2024-12-17 20:00:00+00:00,223.16
2024-12-18 00:00:00+00:00,217.43
2024-12-18 04:00:00+00:00,215.79
2024-12-18 08:00:00+00:00,217.72
2024-12-18 12:00:00+00:00,217.63
2024-12-18 16:00:00+00:00,211.52
2024-12-18 20:00:00+00:00,206.46
2024-12-19 00:00:00+00:00,208.72
2024-12-19 04:00:00+00:00,211.67
2024-12-19 08:00:00+00:00,210.33
2024-12-19 12:00:00+00:00,205.32
2024-12-19 16:00:00+00:00,191.74
2024-12-19 20:00:00+00:00,193.71
2024-12-20 00:00:00+00:00,196.28
2024-12-20 04:00:00+00:00,191.23
2024-12-20 08:00:00+00:00,176.01
2024-12-20 12:00:00+00:00,189.72
2024-12-20 16:00:00+00:00,191.46
2024-12-20 20:00:00+00:00,194.28
2024-12-21 00:00:00+00:00,194.16
2024-12-21 04:00:00+00:00,198.73
2024-12-21 08:00:00+00:00,192.83
2024-12-21 12:00:00+00:00,186.5
2024-12-21 16:00:00+00:00,181.41
2024-12-21 20:00:00+00:00,181.37
2024-12-22 00:00:00+00:00,182.44
2024-12-22 04:00:00+00:00,184.2
2024-12-22 08:00:00+00:00,186.56
2024-12-22 12:00:00+00:00,181.77
2024-12-22 16:00:00+00:00,178.39
2024-12-22 20:00:00+00:00,180.44
2024-12-23 00:00:00+00:00,186.12
2024-12-23 04:00:00+00:00,182.15
2024-12-23 08:00:00+00:00,183.5
2024-12-23 12:00:00+00:00,180.82
2024-12-23 16:00:00+00:00,187.34
2024-12-23 20:00:00+00:00,190.06
2024-12-24 00:00:00+00:00,189.89
2024-12-24 04:00:00+00:00,191.42
2024-12-24 08:00:00+00:00,192.84
2024-12-24 12:00:00+00:00,197.67
2024-12-24 16:00:00+00:00,195.17
2024-12-24 20:00:00+00:00,196.99
2024-12-25 00:00:00+00:00,199.78
2024-12-25 04:00:00+00:00,198.03
2024-12-25 08:00:00+00:00,195.72
2024-12-25 12:00:00+00:00,198.17
2024-12-25 16:00:00+00:00,199.14
2024-12-25 20:00:00+00:00,197.35
2024-12-26 00:00:00+00:00,196.5
2024-12-26 04:00:00+00:00,193.38
2024-12-26 08:00:00+00:00,189.7
2024-12-26 12:00:00+00:00,188.59
2024-12-26 16:00:00+00:00,189.05
2024-12-26 20:00:00+00:00,188.37
2024-12-27 00:00:00+00:00,189.35
2024-12-27 04:00:00+00:00,186.54
2024-12-27 08:00:00+00:00,191.2
2024-12-27 12:00:00+00:00,184.0
2024-12-27 16:00:00+00:00,186.82
2024-12-27 20:00:00+00:00,184.18
2024-12-28 00:00:00+00:00,184.94
2024-12-28 04:00:00+00:00,185.02
2024-12-28 08:00:00+00:00,187.08
2024-12-28 12:00:00+00:00,190.11
2024-12-28 16:00:00+00:00,193.7
2024-12-28 20:00:00+00:00,195.39
2024-12-29 00:00:00+00:00,194.64
2024-12-29 04:00:00+00:00,195.93
2024-12-29 08:00:00+00:00,196.03
2024-12-29 12:00:00+00:00,195.05
2024-12-29 16:00:00+00:00,192.65
2024-12-29 20:00:00+00:00,189.85
2024-12-30 00:00:00+00:00,191.25
2024-12-30 04:00:00+00:00,192.28
2024-12-30 08:00:00+00:00,193.44
2024-12-30 12:00:00+00:00,187.24
2024-12-30 16:00:00+00:00,196.11
2024-12-30 20:00:00+00:00,191.26
2024-12-31 00:00:00+00:00,189.84
2024-12-31 04:00:00+00:00,189.95
2024-12-31 08:00:00+00:00,193.73
2024-12-31 12:00:00+00:00,198.3
2024-12-31 16:00:00+00:00,193.71
2024-12-31 20:00:00+00:00,189.22
2025-01-01 00:00:00+00:00,190.31
2025-01-01 04:00:00+00:00,189.96
2025-01-01 08:00:00+00:00,191.22
2025-01-01 12:00:00+00:00,191.81
2025-01-01 16:00:00+00:00,193.03
2025-01-01 20:00:00+00:00,194.22
2025-01-02 00:00:00+00:00,198.46
2025-01-02 04:00:00+00:00,205.84
2025-01-02 08:00:00+00:00,208.43
2025-01-02 12:00:00+00:00,206.68
2025-01-02 16:00:00+00:00,206.62
2025-01-02 20:00:00+00:00,208.17
2025-01-03 00:00:00+00:00,207.93
2025-01-03 04:00:00+00:00,207.86
2025-01-03 08:00:00+00:00,214.39
2025-01-03 12:00:00+00:00,217.26
2025-01-03 16:00:00+00:00,216.98
2025-01-03 20:00:00+00:00,217.91
2025-01-04 00:00:00+00:00,216.88
2025-01-04 04:00:00+00:00,216.62
2025-01-04 08:00:00+00:00,216.36
2025-01-04 12:00:00+00:00,214.24
2025-01-04 16:00:00+00:00,215.47
2025-01-04 20:00:00+00:00,216.56
2025-01-05 00:00:00+00:00,217.83
2025-01-05 04:00:00+00:00,216.35
2025-01-05 08:00:00+00:00,213.85
2025-01-05 12:00:00+00:00,213.46
2025-01-05 16:00:00+00:00,212.7
2025-01-05 20:00:00+00:00,213.3
2025-01-06 00:00:00+00:00,215.5
2025-01-06 04:00:00+00:00,215.13
2025-01-06 08:00:00+00:00,216.17
2025-01-06 12:00:00+00:00,221.51
2025-01-06 16:00:00+00:00,219.9
2025-01-06 20:00:00+00:00,218.11
2025-01-07 00:00:00+00:00,217.27
2025-01-07 04:00:00+00:00,215.97
2025-01-07 08:00:00+00:00,213.95
2025-01-07 12:00:00+00:00,207.65
2025-01-07 16:00:00+00:00,204.46
2025-01-07 20:00:00+00:00,202.07
2025-01-08 00:00:00+00:00,198.62
2025-01-08 04:00:00+00:00,195.56
2025-01-08 08:00:00+00:00,195.41
2025-01-08 12:00:00+00:00,197.69
2025-01-08 16:00:00+00:00,194.18
2025-01-08 20:00:00+00:00,197.37
2025-01-09 00:00:00+00:00,194.28
2025-01-09 04:00:00+00:00,190.06
2025-01-09 08:00:00+00:00,191.08
2025-01-09 12:00:00+00:00,192.09
2025-01-09 16:00:00+00:00,185.84
2025-01-09 20:00:00+00:00,184.88
2025-01-10 00:00:00+00:00,189.02
2025-01-10 04:00:00+00:00,191.63
2025-01-10 08:00:00+00:00,191.82
2025-01-10 12:00:00+00:00,187.2
2025-01-10 16:00:00+00:00,190.12
2025-01-10 20:00:00+00:00,187.59
2025-01-11 00:00:00+00:00,186.28
2025-01-11 04:00:00+00:00,186.13
2025-01-11 08:00:00+00:00,186.58
2025-01-11 12:00:00+00:00,186.84
2025-01-11 16:00:00+00:00,187.65
2025-01-11 20:00:00+00:00,187.99
2025-01-12 00:00:00+00:00,187.2
2025-01-12 04:00:00+00:00,186.47
2025-01-12 08:00:00+00:00,186.56
2025-01-12 12:00:00+00:00,190.38
2025-01-12 16:00:00+00:00,188.83
2025-01-12 20:00:00+00:00,188.43
2025-01-13 00:00:00+00:00,184.95
2025-01-13 04:00:00+00:00,182.39
2025-01-13 08:00:00+00:00,175.33
2025-01-13 12:00:00+00:00,178.68
2025-01-13 16:00:00+00:00,177.51
2025-01-13 20:00:00+00:00,182.78
2025-01-14 00:00:00+00:00,184.11
2025-01-14 04:00:00+00:00,185.52
2025-01-14 08:00:00+00:00,186.97
2025-01-14 12:00:00+00:00,186.74
2025-01-14 16:00:00+00:00,186.99
2025-01-14 20:00:00+00:00,187.46
2025-01-15 00:00:00+00:00,189.64
2025-01-15 04:00:00+00:00,189.88
2025-01-15 08:00:00+00:00,186.88
2025-01-15 12:00:00+00:00,196.39
2025-01-15 16:00:00+00:00,201.82
2025-01-15 20:00:00+00:00,205.76
2025-01-16 00:00:00+00:00,201.93
2025-01-16 04:00:00+00:00,203.06
2025-01-16 08:00:00+00:00,212.67
2025-01-16 12:00:00+00:00,208.99
2025-01-16 16:00:00+00:00,214.11
2025-01-16 20:00:00+00:00,211.02
2025-01-17 00:00:00+00:00,211.04
2025-01-17 04:00:00+00:00,213.2
2025-01-17 08:00:00+00:00,218.72
2025-01-17 12:00:00+00:00,218.53
2025-01-17 16:00:00+00:00,217.05
2025-01-17 20:00:00+00:00,219.46
2025-01-18 00:00:00+00:00,220.32
2025-01-18 04:00:00+00:00,232.81
2025-01-18 08:00:00+00:00,238.85
2025-01-18 12:00:00+00:00,257.67
2025-01-18 16:00:00+00:00,255.28
2025-01-18 20:00:00+00:00,261.9
2025-01-19 00:00:00+00:00,255.45
2025-01-19 04:00:00+00:00,271.33
2025-01-19 08:00:00+00:00,286.09
2025-01-19 12:00:00+00:00,270.51
2025-01-19 16:00:00+00:00,269.39
2025-01-19 20:00:00+00:00,252.52
2025-01-20 00:00:00+00:00,241.35
2025-01-20 04:00:00+00:00,261.77
2025-01-20 08:00:00+00:00,260.59
2025-01-20 12:00:00+00:00,253.82
2025-01-20 16:00:00+00:00,246.08
2025-01-20 20:00:00+00:00,241.89
2025-01-21 00:00:00+00:00,237.79
2025-01-21 04:00:00+00:00,236.72
2025-01-21 08:00:00+00:00,239.34
2025-01-21 12:00:00+00:00,240.83
2025-01-21 16:00:00+00:00,253.33
2025-01-21 20:00:00+00:00,250.26
2025-01-22 00:00:00+00:00,253.97
2025-01-22 04:00:00+00:00,258.43
2025-01-22 08:00:00+00:00,257.67
2025-01-22 12:00:00+00:00,257.21
2025-01-22 16:00:00+00:00,265.21
2025-01-22 20:00:00+00:00,257.3
2025-01-23 00:00:00+00:00,248.75
2025-01-23 04:00:00+00:00,249.39
2025-01-23 08:00:00+00:00,244.06
2025-01-23 12:00:00+00:00,249.17
2025-01-23 16:00:00+00:00,246.72
2025-01-23 20:00:00+00:00,253.01
2025-01-24 00:00:00+00:00,252.12
2025-01-24 04:00:00+00:00,259.64
2025-01-24 08:00:00+00:00,266.7
2025-01-24 12:00:00+00:00,262.11
2025-01-24 16:00:00+00:00,261.93
2025-01-24 20:00:00+00:00,253.22
2025-01-25 00:00:00+00:00,252.55
2025-01-25 04:00:00+00:00,247.15
2025-01-25 08:00:00+00:00,249.81
2025-01-25 12:00:00+00:00,253.48
2025-01-25 16:00:00+00:00,258.42
2025-01-25 20:00:00+00:00,256.32
2025-01-26 00:00:00+00:00,258.29
2025-01-26 04:00:00+00:00,258.84
2025-01-26 08:00:00+00:00,255.4
2025-01-26 12:00:00+00:00,254.45
2025-01-26 16:00:00+00:00,256.17
2025-01-26 20:00:00+00:00,240.32
2025-01-27 00:00:00+00:00,235.64
2025-01-27 04:00:00+00:00,227.39
2025-01-27 08:00:00+00:00,225.73
2025-01-27 12:00:00+00:00,233.52
2025-01-27 16:00:00+00:00,226.47
2025-01-27 20:00:00+00:00,234.77
2025-01-28 00:00:00+00:00,236.52
2025-01-28 04:00:00+00:00,238.69
2025-01-28 08:00:00+00:00,238.16
2025-01-28 12:00:00+00:00,237.34
2025-01-28 16:00:00+00:00,232.05
2025-01-28 20:00:00+00:00,226.91
2025-01-29 00:00:00+00:00,231.07
2025-01-29 04:00:00+00:00,234.32
2025-01-29 08:00:00+00:00,231.87
2025-01-29 12:00:00+00:00,228.3
2025-01-29 16:00:00+00:00,231.56
2025-01-29 20:00:00+00:00,228.04
2025-01-30 00:00:00+00:00,240.16
2025-01-30 04:00:00+00:00,238.81
2025-01-30 08:00:00+00:00,241.63
2025-01-30 12:00:00+00:00,240.98
2025-01-30 16:00:00+00:00,240.97
2025-01-30 20:00:00+00:00,238.15
2025-01-31 00:00:00+00:00,235.83
2025-01-31 04:00:00+00:00,235.57
2025-01-31 08:00:00+00:00,238.69
2025-01-31 12:00:00+00:00,240.03
2025-01-31 16:00:00+00:00,230.34
2025-01-31 20:00:00+00:00,231.59
2025-02-01 00:00:00+00:00,231.37
2025-02-01 04:00:00+00:00,230.55
2025-02-01 08:00:00+00:00,227.98
2025-02-01 12:00:00+00:00,226.25
2025-02-01 16:00:00+00:00,221.63
2025-02-01 20:00:00+00:00,212.89
2025-02-02 00:00:00+00:00,206.99
2025-02-02 04:00:00+00:00,211.68
2025-02-02 08:00:00+00:00,208.62
2025-02-02 12:00:00+00:00,211.92
2025-02-02 16:00:00+00:00,203.45
2025-02-02 20:00:00+00:00,203.42
2025-02-03 00:00:00+00:00,197.73
2025-02-03 04:00:00+00:00,198.97
2025-02-03 08:00:00+00:00,198.48
2025-02-03 12:00:00+00:00,206.9
2025-02-03 16:00:00+00:00,214.68
2025-02-03 20:00:00+00:00,216.2
2025-02-04 00:00:00+00:00,215.4
2025-02-04 04:00:00+00:00,204.12
2025-02-04 08:00:00+00:00,207.59
2025-02-04 12:00:00+00:00,215.58
2025-02-04 16:00:00+00:00,208.15
2025-02-04 20:00:00+00:00,206.48
2025-02-05 00:00:00+00:00,207.24
2025-02-05 04:00:00+00:00,204.97
2025-02-05 08:00:00+00:00,206.17
2025-02-05 12:00:00+00:00,201.64
2025-02-05 16:00:00+00:00,199.42
2025-02-05 20:00:00+00:00,196.03
2025-02-06 00:00:00+00:00,200.55
2025-02-06 04:00:00+00:00,201.93
2025-02-06 08:00:00+00:00,200.16
2025-02-06 12:00:00+00:00,191.14
2025-02-06 16:00:00+00:00,189.79
2025-02-06 20:00:00+00:00,189.45
2025-02-07 00:00:00+00:00,193.2
2025-02-07 04:00:00+00:00,192.42
2025-02-07 08:00:00+00:00,198.36
2025-02-07 12:00:00+00:00,197.99
2025-02-07 16:00:00+00:00,195.35
2025-02-07 20:00:00+00:00,191.84
2025-02-08 00:00:00+00:00,192.88
2025-02-08 04:00:00+00:00,192.69
2025-02-08 08:00:00+00:00,194.31
2025-02-08 12:00:00+00:00,193.32
2025-02-08 16:00:00+00:00,196.78
2025-02-08 20:00:00+00:00,199.21
2025-02-09 00:00:00+00:00,206.84
2025-02-09 04:00:00+00:00,203.87
2025-02-09 08:00:00+00:00,201.3
2025-02-09 12:00:00+00:00,200.51
2025-02-09 16:00:00+00:00,198.96
2025-02-09 20:00:00+00:00,200.32
2025-02-10 00:00:00+00:00,201.85
2025-02-10 04:00:00+00:00,202.7
2025-02-10 08:00:00+00:00,204.36
2025-02-10 12:00:00+00:00,202.97
2025-02-10 16:00:00+00:00,201.24
2025-02-10 20:00:00+00:00,200.32
2025-02-11 00:00:00+00:00,200.97
2025-02-11 04:00:00+00:00,204.31
2025-02-11 08:00:00+00:00,203.26
2025-02-11 12:00:00+00:00,199.29
2025-02-11 16:00:00+00:00,195.52
2025-02-11 20:00:00+00:00,197.87
2025-02-12 00:00:00+00:00,194.22
2025-02-12 04:00:00+00:00,195.12
2025-02-12 08:00:00+00:00,197.29
2025-02-12 12:00:00+00:00,191.91
2025-02-12 16:00:00+00:00,193.62
2025-02-12 20:00:00+00:00,196.71
2025-02-13 00:00:00+00:00,198.07
2025-02-13 04:00:00+00:00,192.98
2025-02-13 08:00:00+00:00,191.78
2025-02-13 12:00:00+00:00,191.84
2025-02-13 16:00:00+00:00,192.56
2025-02-13 20:00:00+00:00,194.12
2025-02-14 00:00:00+00:00,196.92
2025-02-14 04:00:00+00:00,196.5
2025-02-14 08:00:00+00:00,199.51
2025-02-14 12:00:00+00:00,200.79
2025-02-14 16:00:00+00:00,201.49
2025-02-14 20:00:00+00:00,199.31
2025-02-15 00:00:00+00:00,198.28
2025-02-15 04:00:00+00:00,195.77
2025-02-15 08:00:00+00:00,194.72
2025-02-15 12:00:00+00:00,194.53
2025-02-15 16:00:00+00:00,194.09
2025-02-15 20:00:00+00:00,194.35
2025-02-16 00:00:00+00:00,194.62
2025-02-16 04:00:00+00:00,192.79
2025-02-16 08:00:00+00:00,193.6
2025-02-16 12:00:00+00:00,190.2
2025-02-16 16:00:00+00:00,189.1
2025-02-16 20:00:00+00:00,188.14
2025-02-17 00:00:00+00:00,186.22
2025-02-17 04:00:00+00:00,181.25
2025-02-17 08:00:00+00:00,184.17
2025-02-17 12:00:00+00:00,180.25
2025-02-17 16:00:00+00:00,176.97
2025-02-17 20:00:00+00:00,177.47
2025-02-18 00:00:00+00:00,177.9
2025-02-18 04:00:00+00:00,165.62
2025-02-18 08:00:00+00:00,168.65
2025-02-18 12:00:00+00:00,165.85
2025-02-18 16:00:00+00:00,165.19
2025-02-18 20:00:00+00:00,169.21
2025-02-19 00:00:00+00:00,167.39
2025-02-19 04:00:00+00:00,168.83
2025-02-19 08:00:00+00:00,173.81
2025-02-19 12:00:00+00:00,169.65
2025-02-19 16:00:00+00:00,168.62
2025-02-19 20:00:00+00:00,168.85
2025-02-20 00:00:00+00:00,172.31
2025-02-20 04:00:00+00:00,171.63
2025-02-20 08:00:00+00:00,173.88
2025-02-20 12:00:00+00:00,171.51
2025-02-20 16:00:00+00:00,174.9
2025-02-20 20:00:00+00:00,175.9
2025-02-21 00:00:00+00:00,173.21
2025-02-21 04:00:00+00:00,175.76
2025-02-21 08:00:00+00:00,177.1
2025-02-21 12:00:00+00:00,173.04
2025-02-21 16:00:00+00:00,168.36
2025-02-21 20:00:00+00:00,168.83
2025-02-22 00:00:00+00:00,170.29
2025-02-22 04:00:00+00:00,171.65
2025-02-22 08:00:00+00:00,173.45
2025-02-22 12:00:00+00:00,174.12
2025-02-22 16:00:00+00:00,172.58
2025-02-22 20:00:00+00:00,171.98
2025-02-23 00:00:00+00:00,170.54
2025-02-23 04:00:00+00:00,172.79
2025-02-23 08:00:00+00:00,169.51
2025-02-23 12:00:00+00:00,166.69
2025-02-23 16:00:00+00:00,167.61
2025-02-23 20:00:00+00:00,167.84
2025-02-24 00:00:00+00:00,160.93
2025-02-24 04:00:00+00:00,160.9
2025-02-24 08:00:00+00:00,159.21
2025-02-24 12:00:00+00:00,152.61
2025-02-24 16:00:00+00:00,150.06
2025-02-24 20:00:00+00:00,141.73
2025-02-25 00:00:00+00:00,138.82
2025-02-25 04:00:00+00:00,136.17
2025-02-25 08:00:00+00:00,141.17
2025-02-25 12:00:00+00:00,138.83
2025-02-25 16:00:00+00:00,145.33
2025-02-25 20:00:00+00:00,144.24
2025-02-26 00:00:00+00:00,143.25
2025-02-26 04:00:00+00:00,140.11
2025-02-26 08:00:00+00:00,138.07
2025-02-26 12:00:00+00:00,139.22
2025-02-26 16:00:00+00:00,131.89
2025-02-26 20:00:00+00:00,135.27
2025-02-27 00:00:00+00:00,138.49
2025-02-27 04:00:00+00:00,140.94
2025-02-27 08:00:00+00:00,140.41
2025-02-27 12:00:00+00:00,139.57
2025-02-27 16:00:00+00:00,136.23
2025-02-27 20:00:00+00:00,137.6
2025-02-28 00:00:00+00:00,127.59
2025-02-28 04:00:00+00:00,128.45
2025-02-28 08:00:00+00:00,133.48
2025-02-28 12:00:00+00:00,145.63
2025-02-28 16:00:00+00:00,146.29
2025-02-28 20:00:00+00:00,148.1
2025-03-01 00:00:00+00:00,145.61
2025-03-01 04:00:00+00:00,142.47
2025-03-01 08:00:00+00:00,140.27
2025-03-01 12:00:00+00:00,140.31
2025-03-01 16:00:00+00:00,140.44
2025-03-01 20:00:00+00:00,143.58
2025-03-02 00:00:00+00:00,143.79
2025-03-02 04:00:00+00:00,143.72
2025-03-02 08:00:00+00:00,143.45
2025-03-02 12:00:00+00:00,157.35
2025-03-02 16:00:00+00:00,172.05
2025-03-02 20:00:00+00:00,178.64
2025-03-03 00:00:00+00:00,169.82
2025-03-03 04:00:00+00:00,162.17
2025-03-03 08:00:00+00:00,161.0
2025-03-03 12:00:00+00:00,157.71
2025-03-03 16:00:00+00:00,141.8
2025-03-03 20:00:00+00:00,142.05
2025-03-04 00:00:00+00:00,136.28
2025-03-04 04:00:00+00:00,135.98
2025-03-04 08:00:00+00:00,136.89
2025-03-04 12:00:00+00:00,138.5
2025-03-04 16:00:00+00:00,143.04
2025-03-04 20:00:00+00:00,144.7
2025-03-05 00:00:00+00:00,141.77
2025-03-05 04:00:00+00:00,142.8
2025-03-05 08:00:00+00:00,147.0
2025-03-05 12:00:00+00:00,141.55
2025-03-05 16:00:00+00:00,144.71
2025-03-05 20:00:00+00:00,146.16
2025-03-06 00:00:00+00:00,148.65
2025-03-06 04:00:00+00:00,148.57
2025-03-06 08:00:00+00:00,151.59
2025-03-06 12:00:00+00:00,148.96
2025-03-06 16:00:00+00:00,143.5
2025-03-06 20:00:00+00:00,143.22
2025-03-07 00:00:00+00:00,140.74
2025-03-07 04:00:00+00:00,144.23
2025-03-07 08:00:00+00:00,143.51
2025-03-07 12:00:00+00:00,144.84
2025-03-07 16:00:00+00:00,146.3
2025-03-07 20:00:00+00:00,139.31
2025-03-08 00:00:00+00:00,139.59
2025-03-08 04:00:00+00:00,138.69
2025-03-08 08:00:00+00:00,137.5
2025-03-08 12:00:00+00:00,137.12
2025-03-08 16:00:00+00:00,138.35
2025-03-08 20:00:00+00:00,136.92
2025-03-09 00:00:00+00:00,137.85
2025-03-09 04:00:00+00:00,139.55
2025-03-09 08:00:00+00:00,136.23
2025-03-09 12:00:00+00:00,130.1
2025-03-09 16:00:00+00:00,129.09
2025-03-09 20:00:00+00:00,126.42
2025-03-10 00:00:00+00:00,126.5
2025-03-10 04:00:00+00:00,128.01
2025-03-10 08:00:00+00:00,129.86
2025-03-10 12:00:00+00:00,121.88
2025-03-10 16:00:00+00:00,119.63
2025-03-10 20:00:00+00:00,118.26
2025-03-11 00:00:00+00:00,119.91
2025-03-11 04:00:00+00:00,123.05
2025-03-11 08:00:00+00:00,124.63
2025-03-11 12:00:00+00:00,124.94
2025-03-11 16:00:00+00:00,128.06
2025-03-11 20:00:00+00:00,125.28
2025-03-12 00:00:00+00:00,122.48
2025-03-12 04:00:00+00:00,123.11
2025-03-12 08:00:00+00:00,126.68
2025-03-12 12:00:00+00:00,124.45
2025-03-12 16:00:00+00:00,124.95
2025-03-12 20:00:00+00:00,126.55
2025-03-13 00:00:00+00:00,124.9
2025-03-13 04:00:00+00:00,124.18
2025-03-13 08:00:00+00:00,126.83
2025-03-13 12:00:00+00:00,124.26
2025-03-13 16:00:00+00:00,121.41
2025-03-13 20:00:00+00:00,123.32
2025-03-14 00:00:00+00:00,124.44
2025-03-14 04:00:00+00:00,124.61
2025-03-14 08:00:00+00:00,126.07
2025-03-14 12:00:00+00:00,132.09
2025-03-14 16:00:00+00:00,134.22
2025-03-14 20:00:00+00:00,133.49
2025-03-15 00:00:00+00:00,134.97
2025-03-15 04:00:00+00:00,132.85
2025-03-15 08:00:00+00:00,133.29
2025-03-15 12:00:00+00:00,135.04
2025-03-15 16:00:00+00:00,134.4
2025-03-15 20:00:00+00:00,135.79
2025-03-16 00:00:00+00:00,135.43
2025-03-16 04:00:00+00:00,134.58
2025-03-16 08:00:00+00:00,129.89
2025-03-16 12:00:00+00:00,128.68
2025-03-16 16:00:00+00:00,126.85
2025-03-16 20:00:00+00:00,126.05
2025-03-17 00:00:00+00:00,128.87
2025-03-17 04:00:00+00:00,129.19
2025-03-17 08:00:00+00:00,129.09
2025-03-17 12:00:00+00:00,127.45
2025-03-17 16:00:00+00:00,129.74
2025-03-17 20:00:00+00:00,127.93
2025-03-18 00:00:00+00:00,124.06
2025-03-18 04:00:00+00:00,125.1
2025-03-18 08:00:00+00:00,123.48
2025-03-18 12:00:00+00:00,122.48
2025-03-18 16:00:00+00:00,124.13
2025-03-18 20:00:00+00:00,125.25
2025-03-19 00:00:00+00:00,126.42
2025-03-19 04:00:00+00:00,125.67
2025-03-19 08:00:00+00:00,128.61
2025-03-19 12:00:00+00:00,132.27
2025-03-19 16:00:00+00:00,132.98
2025-03-19 20:00:00+00:00,135.3
2025-03-20 00:00:00+00:00,133.87
2025-03-20 04:00:00+00:00,133.94
2025-03-20 08:00:00+00:00,130.59
2025-03-20 12:00:00+00:00,128.86
2025-03-20 16:00:00+00:00,127.87
2025-03-20 20:00:00+00:00,127.53
2025-03-21 00:00:00+00:00,127.88
2025-03-21 04:00:00+00:00,128.01
2025-03-21 08:00:00+00:00,126.34
2025-03-21 12:00:00+00:00,125.91
2025-03-21 16:00:00+00:00,128.19
2025-03-21 20:00:00+00:00,128.38
2025-03-22 00:00:00+00:00,128.81
2025-03-22 04:00:00+00:00,128.74
2025-03-22 08:00:00+00:00,130.28
2025-03-22 12:00:00+00:00,129.14
2025-03-22 16:00:00+00:00,129.9
2025-03-22 20:00:00+00:00,128.44
2025-03-23 00:00:00+00:00,130.78
2025-03-23 04:00:00+00:00,131.08
2025-03-23 08:00:00+00:00,133.04
2025-03-23 12:00:00+00:00,132.43
2025-03-23 16:00:00+00:00,130.46
2025-03-23 20:00:00+00:00,132.77
2025-03-24 00:00:00+00:00,138.11
2025-03-24 04:00:00+00:00,138.82
2025-03-24 08:00:00+00:00,143.34
2025-03-24 12:00:00+00:00,143.16
2025-03-24 16:00:00+00:00,142.7
2025-03-24 20:00:00+00:00,140.95
2025-03-25 00:00:00+00:00,138.5
2025-03-25 04:00:00+00:00,139.39
2025-03-25 08:00:00+00:00,142.07
2025-03-25 12:00:00+00:00,145.2
2025-03-25 16:00:00+00:00,144.93
2025-03-25 20:00:00+00:00,143.59
2025-03-26 00:00:00+00:00,141.8
2025-03-26 04:00:00+00:00,144.44
2025-03-26 08:00:00+00:00,144.52
2025-03-26 12:00:00+00:00,139.23
2025-03-26 16:00:00+00:00,137.36
2025-03-26 20:00:00+00:00,137.26
2025-03-27 00:00:00+00:00,139.82
2025-03-27 04:00:00+00:00,138.8
2025-03-27 08:00:00+00:00,137.35
2025-03-27 12:00:00+00:00,137.7
2025-03-27 16:00:00+00:00,139.0
2025-03-27 20:00:00+00:00,138.37
2025-03-28 00:00:00+00:00,136.72
2025-03-28 04:00:00+00:00,131.53
2025-03-28 08:00:00+00:00,131.83
2025-03-28 12:00:00+00:00,129.84
2025-03-28 16:00:00+00:00,129.34
2025-03-28 20:00:00+00:00,129.39
2025-03-29 00:00:00+00:00,128.76
2025-03-29 04:00:00+00:00,126.32
2025-03-29 08:00:00+00:00,125.23
2025-03-29 12:00:00+00:00,126.25
2025-03-29 16:00:00+00:00,125.21
2025-03-29 20:00:00+00:00,124.5
2025-03-30 00:00:00+00:00,125.59
2025-03-30 04:00:00+00:00,125.38
2025-03-30 08:00:00+00:00,125.0
2025-03-30 12:00:00+00:00,124.85
2025-03-30 16:00:00+00:00,125.77
2025-03-30 20:00:00+00:00,124.73
2025-03-31 00:00:00+00:00,124.5
2025-03-31 04:00:00+00:00,125.83
2025-03-31 08:00:00+00:00,124.22
2025-03-31 12:00:00+00:00,126.71
2025-03-31 16:00:00+00:00,125.16
2025-03-31 20:00:00+00:00,124.48
2025-04-01 00:00:00+00:00,126.0
2025-04-01 04:00:00+00:00,126.62
2025-04-01 08:00:00+00:00,127.53
2025-04-01 12:00:00+00:00,129.2
2025-04-01 16:00:00+00:00,126.72
2025-04-01 20:00:00+00:00,126.6
2025-04-02 00:00:00+00:00,124.24
2025-04-02 04:00:00+00:00,124.45
2025-04-02 08:00:00+00:00,125.63
2025-04-02 12:00:00+00:00,130.35
2025-04-02 16:00:00+00:00,131.35
2025-04-02 20:00:00+00:00,117.34
2025-04-03 00:00:00+00:00,119.75
2025-04-03 04:00:00+00:00,118.58
2025-04-03 08:00:00+00:00,115.69
2025-04-03 12:00:00+00:00,114.1
2025-04-03 16:00:00+00:00,115.32
2025-04-03 20:00:00+00:00,117.08
2025-04-04 00:00:00+00:00,115.33
2025-04-04 04:00:00+00:00,118.11
2025-04-04 08:00:00+00:00,114.46
2025-04-04 12:00:00+00:00,118.53
2025-04-04 16:00:00+00:00,122.53
2025-04-04 20:00:00+00:00,122.72
2025-04-05 00:00:00+00:00,120.67
2025-04-05 04:00:00+00:00,121.01
2025-04-05 08:00:00+00:00,120.22
2025-04-05 12:00:00+00:00,117.48
2025-04-05 16:00:00+00:00,118.57
2025-04-05 20:00:00+00:00,120.24
2025-04-06 00:00:00+00:00,119.94
2025-04-06 04:00:00+00:00,119.14
2025-04-06 08:00:00+00:00,118.56
2025-04-06 12:00:00+00:00,114.9
2025-04-06 16:00:00+00:00,108.0
2025-04-06 20:00:00+00:00,105.84
2025-04-07 00:00:00+00:00,103.2
2025-04-07 04:00:00+00:00,97.08
2025-04-07 08:00:00+00:00,100.22
2025-04-07 12:00:00+00:00,106.61
2025-04-07 16:00:00+00:00,105.68
2025-04-07 20:00:00+00:00,106.91
2025-04-08 00:00:00+00:00,111.25
2025-04-08 04:00:00+00:00,108.62
2025-04-08 08:00:00+00:00,111.48
2025-04-08 12:00:00+00:00,107.13
2025-04-08 16:00:00+00:00,104.02
2025-04-08 20:00:00+00:00,105.32
2025-04-09 00:00:00+00:00,103.09
2025-04-09 04:00:00+00:00,107.32
2025-04-09 08:00:00+00:00,103.38
2025-04-09 12:00:00+00:00,106.49
2025-04-09 16:00:00+00:00,118.87
2025-04-09 20:00:00+00:00,119.01
2025-04-10 00:00:00+00:00,115.44
2025-04-10 04:00:00+00:00,114.75
2025-04-10 08:00:00+00:00,113.89
2025-04-10 12:00:00+00:00,109.55
2025-04-10 16:00:00+00:00,111.26
2025-04-10 20:00:00+00:00,112.73
2025-04-11 00:00:00+00:00,115.34
2025-04-11 04:00:00+00:00,116.54
2025-04-11 08:00:00+00:00,117.99
2025-04-11 12:00:00+00:00,119.86
2025-04-11 16:00:00+00:00,120.81
2025-04-11 20:00:00+00:00,121.33
2025-04-12 00:00:00+00:00,120.13
2025-04-12 04:00:00+00:00,124.17
2025-04-12 08:00:00+00:00,124.51
2025-04-12 12:00:00+00:00,130.42
2025-04-12 16:00:00+00:00,130.63
2025-04-12 20:00:00+00:00,132.17
2025-04-13 00:00:00+00:00,131.74
2025-04-13 04:00:00+00:00,128.5
2025-04-13 08:00:00+00:00,129.76
2025-04-13 12:00:00+00:00,128.65
2025-04-13 16:00:00+00:00,128.16
2025-04-13 20:00:00+00:00,128.3
2025-04-14 00:00:00+00:00,131.66
2025-04-14 04:00:00+00:00,132.22
2025-04-14 08:00:00+00:00,133.41
2025-04-14 12:00:00+00:00,128.7
2025-04-14 16:00:00+00:00,131.02
2025-04-14 20:00:00+00:00,129.34
2025-04-15 00:00:00+00:00,130.43
2025-04-15 04:00:00+00:00,131.48
2025-04-15 08:00:00+00:00,132.1
2025-04-15 12:00:00+00:00,129.53
2025-04-15 16:00:00+00:00,127.79
2025-04-15 20:00:00+00:00,126.05
2025-04-16 00:00:00+00:00,126.36
2025-04-16 04:00:00+00:00,124.71
2025-04-16 08:00:00+00:00,126.17
2025-04-16 12:00:00+00:00,128.34
2025-04-16 16:00:00+00:00,132.4
2025-04-16 20:00:00+00:00,131.3
2025-04-17 00:00:00+00:00,129.7
2025-04-17 04:00:00+00:00,134.21
2025-04-17 08:00:00+00:00,133.03
2025-04-17 12:00:00+00:00,133.39
2025-04-17 16:00:00+00:00,132.83
2025-04-17 20:00:00+00:00,134.76
2025-04-18 00:00:00+00:00,134.43
2025-04-18 04:00:00+00:00,134.87
2025-04-18 08:00:00+00:00,134.18
2025-04-18 12:00:00+00:00,132.81
2025-04-18 16:00:00+00:00,134.15
2025-04-18 20:00:00+00:00,133.97
2025-04-19 00:00:00+00:00,138.71
2025-04-19 04:00:00+00:00,138.68
2025-04-19 08:00:00+00:00,138.7
2025-04-19 12:00:00+00:00,138.87
2025-04-19 16:00:00+00:00,138.62
2025-04-19 20:00:00+00:00,139.77
2025-04-20 00:00:00+00:00,140.87
2025-04-20 04:00:00+00:00,139.5
2025-04-20 08:00:00+00:00,136.32
2025-04-20 12:00:00+00:00,135.87
2025-04-20 16:00:00+00:00,137.09
2025-04-20 20:00:00+00:00,137.76
2025-04-21 00:00:00+00:00,139.3
2025-04-21 04:00:00+00:00,140.08
2025-04-21 08:00:00+00:00,138.91
2025-04-21 12:00:00+00:00,138.25
2025-04-21 16:00:00+00:00,136.8
2025-04-21 20:00:00+00:00,136.44
2025-04-22 00:00:00+00:00,139.28
2025-04-22 04:00:00+00:00,140.11
2025-04-22 08:00:00+00:00,140.38
2025-04-22 12:00:00+00:00,145.27
2025-04-22 16:00:00+00:00,144.17
2025-04-22 20:00:00+00:00,148.71
2025-04-23 00:00:00+00:00,149.15
2025-04-23 04:00:00+00:00,151.51
2025-04-23 08:00:00+00:00,152.01
2025-04-23 12:00:00+00:00,151.35
2025-04-23 16:00:00+00:00,150.1
2025-04-23 20:00:00+00:00,151.05
2025-04-24 00:00:00+00:00,147.73
2025-04-24 04:00:00+00:00,147.11
2025-04-24 08:00:00+00:00,147.62
2025-04-24 12:00:00+00:00,149.28
2025-04-24 16:00:00+00:00,151.51
2025-04-24 20:00:00+00:00,152.48
2025-04-25 00:00:00+00:00,151.68
2025-04-25 04:00:00+00:00,154.8
2025-04-25 08:00:00+00:00,154.7
2025-04-25 12:00:00+00:00,152.83
2025-04-25 16:00:00+00:00,151.31
2025-04-25 20:00:00+00:00,150.76
2025-04-26 00:00:00+00:00,151.28
2025-04-26 04:00:00+00:00,151.28
2025-04-26 08:00:00+00:00,148.44
2025-04-26 12:00:00+00:00,149.21
2025-04-26 16:00:00+00:00,149.16
2025-04-26 20:00:00+00:00,149.14
2025-04-27 00:00:00+00:00,147.45
2025-04-27 04:00:00+00:00,147.36
2025-04-27 08:00:00+00:00,147.89
2025-04-27 12:00:00+00:00,148.95
2025-04-27 16:00:00+00:00,149.94
2025-04-27 20:00:00+00:00,147.91
2025-04-28 00:00:00+00:00,148.32
2025-04-28 04:00:00+00:00,151.03
2025-04-28 08:00:00+00:00,151.6
2025-04-28 12:00:00+00:00,146.22
2025-04-28 16:00:00+00:00,148.3
2025-04-28 20:00:00+00:00,147.76
2025-04-29 00:00:00+00:00,147.38
2025-04-29 04:00:00+00:00,148.82
2025-04-29 08:00:00+00:00,148.93
2025-04-29 12:00:00+00:00,147.92
2025-04-29 16:00:00+00:00,149.19
2025-04-29 20:00:00+00:00,146.18
2025-04-30 00:00:00+00:00,148.11
2025-04-30 04:00:00+00:00,146.31
2025-04-30 08:00:00+00:00,147.84
2025-04-30 12:00:00+00:00,142.1
2025-04-30 16:00:00+00:00,145.55
2025-04-30 20:00:00+00:00,147.47
2025-05-01 00:00:00+00:00,148.65
2025-05-01 04:00:00+00:00,149.7
2025-05-01 08:00:00+00:00,151.67
2025-05-01 12:00:00+00:00,151.77
2025-05-01 16:00:00+00:00,150.21
2025-05-01 20:00:00+00:00,150.73
2025-05-02 00:00:00+00:00,150.7
2025-05-02 04:00:00+00:00,148.43
2025-05-02 08:00:00+00:00,150.63
2025-05-02 12:00:00+00:00,149.82
2025-05-02 16:00:00+00:00,147.97
2025-05-02 20:00:00+00:00,147.93
2025-05-03 00:00:00+00:00,148.22
2025-05-03 04:00:00+00:00,148.02
2025-05-03 08:00:00+00:00,147.03
2025-05-03 12:00:00+00:00,148.37
2025-05-03 16:00:00+00:00,147.36
2025-05-03 20:00:00+00:00,146.62
2025-05-04 00:00:00+00:00,145.53
2025-05-04 04:00:00+00:00,145.56
2025-05-04 08:00:00+00:00,145.34
2025-05-04 12:00:00+00:00,146.73
2025-05-04 16:00:00+00:00,146.08
2025-05-04 20:00:00+00:00,143.87
2025-05-05 00:00:00+00:00,144.83
2025-05-05 04:00:00+00:00,146.8
2025-05-05 08:00:00+00:00,144.1
2025-05-05 12:00:00+00:00,143.66
2025-05-05 16:00:00+00:00,146.41
2025-05-05 20:00:00+00:00,146.66
2025-05-06 00:00:00+00:00,144.56
2025-05-06 04:00:00+00:00,145.17
2025-05-06 08:00:00+00:00,142.49
2025-05-06 12:00:00+00:00,143.13
2025-05-06 16:00:00+00:00,144.78
2025-05-06 20:00:00+00:00,146.83
2025-05-07 00:00:00+00:00,146.17
2025-05-07 04:00:00+00:00,147.18
2025-05-07 08:00:00+00:00,147.54
2025-05-07 12:00:00+00:00,145.68
2025-05-07 16:00:00+00:00,145.68
2025-05-07 20:00:00+00:00,147.27
2025-05-08 00:00:00+00:00,150.79
2025-05-08 04:00:00+00:00,151.51
2025-05-08 08:00:00+00:00,154.52
2025-05-08 12:00:00+00:00,160.18
2025-05-08 16:00:00+00:00,160.5
2025-05-08 20:00:00+00:00,164.42
2025-05-09 00:00:00+00:00,161.34
2025-05-09 04:00:00+00:00,165.03
2025-05-09 08:00:00+00:00,172.26
2025-05-09 12:00:00+00:00,170.74
2025-05-09 16:00:00+00:00,171.88
2025-05-09 20:00:00+00:00,172.74
2025-05-10 00:00:00+00:00,171.56
2025-05-10 04:00:00+00:00,172.25
2025-05-10 08:00:00+00:00,168.91
2025-05-10 12:00:00+00:00,171.02
2025-05-10 16:00:00+00:00,172.15
2025-05-10 20:00:00+00:00,177.86
2025-05-11 00:00:00+00:00,175.78
2025-05-11 04:00:00+00:00,172.55
2025-05-11 08:00:00+00:00,174.69
2025-05-11 12:00:00+00:00,170.41
2025-05-11 16:00:00+00:00,172.64
2025-05-11 20:00:00+00:00,173.11
2025-05-12 00:00:00+00:00,174.8
2025-05-12 04:00:00+00:00,176.01
2025-05-12 08:00:00+00:00,174.01
2025-05-12 12:00:00+00:00,174.34
2025-05-12 16:00:00+00:00,171.13
2025-05-12 20:00:00+00:00,174.14
2025-05-13 00:00:00+00:00,166.92
2025-05-13 04:00:00+00:00,171.43
2025-05-13 08:00:00+00:00,173.93
2025-05-13 12:00:00+00:00,175.96
2025-05-13 16:00:00+00:00,182.02
2025-05-13 20:00:00+00:00,183.7
2025-05-14 00:00:00+00:00,180.25
2025-05-14 04:00:00+00:00,181.66
2025-05-14 08:00:00+00:00,180.94
2025-05-14 12:00:00+00:00,177.26
2025-05-14 16:00:00+00:00,176.98
2025-05-14 20:00:00+00:00,176.51
2025-05-15 00:00:00+00:00,173.95
2025-05-15 04:00:00+00:00,170.33
2025-05-15 08:00:00+00:00,170.99
2025-05-15 12:00:00+00:00,172.14
2025-05-15 16:00:00+00:00,169.67
2025-05-15 20:00:00+00:00,169.06
2025-05-16 00:00:00+00:00,172.54
2025-05-16 04:00:00+00:00,172.07
2025-05-16 08:00:00+00:00,172.75
2025-05-16 12:00:00+00:00,172.0
2025-05-16 16:00:00+00:00,171.32
2025-05-16 20:00:00+00:00,167.33
2025-05-17 00:00:00+00:00,168.17
2025-05-17 04:00:00+00:00,168.47
2025-05-17 08:00:00+00:00,167.53
2025-05-17 12:00:00+00:00,167.2
2025-05-17 16:00:00+00:00,165.16
2025-05-17 20:00:00+00:00,165.87
2025-05-18 00:00:00+00:00,166.83
2025-05-18 04:00:00+00:00,170.6
2025-05-18 08:00:00+00:00,170.71
2025-05-18 12:00:00+00:00,176.2
2025-05-18 16:00:00+00:00,166.53
2025-05-18 20:00:00+00:00,173.24
2025-05-19 00:00:00+00:00,165.23
2025-05-19 04:00:00+00:00,161.78
2025-05-19 08:00:00+00:00,162.07
2025-05-19 12:00:00+00:00,164.08
2025-05-19 16:00:00+00:00,166.54
2025-05-19 20:00:00+00:00,166.76
2025-05-20 00:00:00+00:00,169.13
2025-05-20 04:00:00+00:00,167.27
2025-05-20 08:00:00+00:00,166.38
2025-05-20 12:00:00+00:00,166.53
2025-05-20 16:00:00+00:00,168.11
2025-05-20 20:00:00+00:00,168.51
2025-05-21 00:00:00+00:00,169.91
2025-05-21 04:00:00+00:00,168.75
2025-05-21 08:00:00+00:00,169.26
2025-05-21 12:00:00+00:00,172.12
2025-05-21 16:00:00+00:00,171.08
2025-05-21 20:00:00+00:00,173.5
2025-05-22 00:00:00+00:00,176.78
2025-05-22 04:00:00+00:00,178.46
2025-05-22 08:00:00+00:00,178.01
2025-05-22 12:00:00+00:00,178.94
2025-05-22 16:00:00+00:00,177.79
2025-05-22 20:00:00+00:00,179.6
2025-05-23 00:00:00+00:00,184.94
2025-05-23 04:00:00+00:00,182.48
2025-05-23 08:00:00+00:00,177.88
2025-05-23 12:00:00+00:00,180.63
2025-05-23 16:00:00+00:00,179.07
2025-05-23 20:00:00+00:00,173.92
2025-05-24 00:00:00+00:00,175.03
2025-05-24 04:00:00+00:00,173.85
2025-05-24 08:00:00+00:00,176.8
2025-05-24 12:00:00+00:00,176.22
2025-05-24 16:00:00+00:00,177.05
2025-05-24 20:00:00+00:00,175.81
2025-05-25 00:00:00+00:00,173.53
2025-05-25 04:00:00+00:00,172.27
2025-05-25 08:00:00+00:00,171.86
2025-05-25 12:00:00+00:00,170.21
2025-05-25 16:00:00+00:00,172.43
2025-05-25 20:00:00+00:00,175.65
2025-05-26 00:00:00+00:00,176.94
2025-05-26 04:00:00+00:00,178.07
2025-05-26 08:00:00+00:00,177.82
2025-05-26 12:00:00+00:00,177.41
2025-05-26 16:00:00+00:00,173.95
2025-05-26 20:00:00+00:00,174.8
2025-05-27 00:00:00+00:00,173.42
2025-05-27 04:00:00+00:00,175.4
2025-05-27 08:00:00+00:00,176.73
2025-05-27 12:00:00+00:00,178.41
2025-05-27 16:00:00+00:00,177.45
2025-05-27 20:00:00+00:00,176.64
2025-05-28 00:00:00+00:00,175.03
2025-05-28 04:00:00+00:00,173.81
2025-05-28 08:00:00+00:00,174.42
2025-05-28 12:00:00+00:00,169.6
2025-05-28 16:00:00+00:00,169.31
2025-05-28 20:00:00+00:00,172.11
2025-05-29 00:00:00+00:00,173.62
2025-05-29 04:00:00+00:00,172.16
2025-05-29 08:00:00+00:00,172.78
2025-05-29 12:00:00+00:00,169.65
2025-05-29 16:00:00+00:00,166.75
2025-05-29 20:00:00+00:00,166.62
2025-05-30 00:00:00+00:00,165.03
2025-05-30 04:00:00+00:00,162.62
2025-05-30 08:00:00+00:00,163.73
2025-05-30 12:00:00+00:00,161.13
2025-05-30 16:00:00+00:00,160.73
2025-05-30 20:00:00+00:00,156.12
2025-05-31 00:00:00+00:00,154.08
2025-05-31 04:00:00+00:00,154.76
2025-05-31 08:00:00+00:00,152.85
2025-05-31 12:00:00+00:00,155.51
2025-05-31 16:00:00+00:00,157.41
2025-05-31 20:00:00+00:00,156.35
2025-06-01 00:00:00+00:00,154.62
2025-06-01 04:00:00+00:00,154.35
2025-06-01 08:00:00+00:00,151.95
2025-06-01 12:00:00+00:00,154.07
2025-06-01 16:00:00+00:00,155.81
2025-06-01 20:00:00+00:00,157.62
2025-06-02 00:00:00+00:00,155.39
2025-06-02 04:00:00+00:00,155.44
2025-06-02 08:00:00+00:00,153.37
2025-06-02 12:00:00+00:00,153.09
2025-06-02 16:00:00+00:00,152.86
2025-06-02 20:00:00+00:00,156.74
2025-06-03 00:00:00+00:00,159.34
2025-06-03 04:00:00+00:00,159.75
2025-06-03 08:00:00+00:00,160.49
2025-06-03 12:00:00+00:00,162.12
2025-06-03 16:00:00+00:00,160.49
2025-06-03 20:00:00+00:00,155.08
2025-06-04 00:00:00+00:00,156.5
2025-06-04 04:00:00+00:00,156.34
2025-06-04 08:00:00+00:00,155.83
2025-06-04 12:00:00+00:00,157.05
2025-06-04 16:00:00+00:00,155.27
2025-06-04 20:00:00+00:00,153.18
2025-06-05 00:00:00+00:00,153.75
2025-06-05 04:00:00+00:00,152.36
2025-06-05 08:00:00+00:00,152.3
2025-06-05 12:00:00+00:00,150.81
2025-06-05 16:00:00+00:00,146.13
2025-06-05 20:00:00+00:00,144.21
2025-06-06 00:00:00+00:00,146.73
2025-06-06 04:00:00+00:00,147.29
2025-06-06 08:00:00+00:00,149.0
2025-06-06 12:00:00+00:00,151.01
2025-06-06 16:00:00+00:00,149.04
2025-06-06 20:00:00+00:00,147.76
2025-06-07 00:00:00+00:00,149.39
2025-06-07 04:00:00+00:00,152.3
2025-06-07 08:00:00+00:00,151.36
2025-06-07 12:00:00+00:00,150.92
2025-06-07 16:00:00+00:00,150.51
2025-06-07 20:00:00+00:00,149.98
2025-06-08 00:00:00+00:00,149.79
2025-06-08 04:00:00+00:00,149.22
2025-06-08 08:00:00+00:00,149.55
2025-06-08 12:00:00+00:00,150.63
2025-06-08 16:00:00+00:00,154.38
2025-06-08 20:00:00+00:00,152.37
2025-06-09 00:00:00+00:00,151.47
2025-06-09 04:00:00+00:00,150.77
2025-06-09 08:00:00+00:00,155.54
2025-06-09 12:00:00+00:00,154.93
2025-06-09 16:00:00+00:00,155.66
2025-06-09 20:00:00+00:00,161.09
2025-06-10 00:00:00+00:00,159.11
2025-06-10 04:00:00+00:00,158.4
2025-06-10 08:00:00+00:00,160.75
2025-06-10 12:00:00+00:00,157.96
2025-06-10 16:00:00+00:00,163.53
2025-06-10 20:00:00+00:00,165.06
2025-06-11 00:00:00+00:00,166.63
2025-06-11 04:00:00+00:00,166.58
2025-06-11 08:00:00+00:00,164.44
2025-06-11 12:00:00+00:00,167.18
2025-06-11 16:00:00+00:00,162.55
2025-06-11 20:00:00+00:00,160.88
2025-06-12 00:00:00+00:00,159.78
2025-06-12 04:00:00+00:00,158.69
2025-06-12 08:00:00+00:00,157.66
2025-06-12 12:00:00+00:00,156.94
2025-06-12 16:00:00+00:00,154.75
2025-06-12 20:00:00+00:00,152.23
2025-06-13 00:00:00+00:00,144.66
2025-06-13 04:00:00+00:00,144.92
2025-06-13 08:00:00+00:00,145.38
2025-06-13 12:00:00+00:00,147.1
2025-06-13 16:00:00+00:00,145.08
2025-06-13 20:00:00+00:00,148.54
2025-06-14 00:00:00+00:00,146.63
2025-06-14 04:00:00+00:00,146.11
2025-06-14 08:00:00+00:00,145.78
2025-06-14 12:00:00+00:00,144.47
2025-06-14 16:00:00+00:00,143.43
2025-06-14 20:00:00+00:00,144.55
2025-06-15 00:00:00+00:00,145.67
2025-06-15 04:00:00+00:00,145.81
2025-06-15 08:00:00+00:00,146.26
2025-06-15 12:00:00+00:00,150.76
2025-06-15 16:00:00+00:00,152.17
2025-06-15 20:00:00+00:00,152.89
2025-06-16 00:00:00+00:00,155.54
2025-06-16 04:00:00+00:00,157.19
2025-06-16 08:00:00+00:00,156.39
2025-06-16 12:00:00+00:00,156.49
2025-06-16 16:00:00+00:00,157.73
2025-06-16 20:00:00+00:00,150.67
2025-06-17 00:00:00+00:00,153.3
2025-06-17 04:00:00+00:00,152.61
2025-06-17 08:00:00+00:00,150.49
2025-06-17 12:00:00+00:00,147.55
2025-06-17 16:00:00+00:00,148.83
2025-06-17 20:00:00+00:00,147.49
2025-06-18 00:00:00+00:00,148.28
2025-06-18 04:00:00+00:00,147.91
2025-06-18 08:00:00+00:00,146.43
2025-06-18 12:00:00+00:00,145.68
2025-06-18 16:00:00+00:00,144.67
2025-06-18 20:00:00+00:00,146.28
2025-06-19 00:00:00+00:00,146.53
2025-06-19 04:00:00+00:00,145.0
2025-06-19 08:00:00+00:00,145.01
2025-06-19 12:00:00+00:00,143.08
2025-06-19 16:00:00+00:00,145.42
2025-06-19 20:00:00+00:00,146.96
2025-06-20 00:00:00+00:00,145.39
2025-06-20 04:00:00+00:00,147.41
2025-06-20 08:00:00+00:00,148.11
2025-06-20 12:00:00+00:00,142.76
2025-06-20 16:00:00+00:00,139.79
2025-06-20 20:00:00+00:00,140.02
2025-06-21 00:00:00+00:00,140.69
2025-06-21 04:00:00+00:00,140.55
2025-06-21 08:00:00+00:00,141.99
2025-06-21 12:00:00+00:00,140.23
2025-06-21 16:00:00+00:00,137.24
2025-06-21 20:00:00+00:00,135.32
2025-06-22 00:00:00+00:00,135.03
2025-06-22 04:00:00+00:00,134.75
2025-06-22 08:00:00+00:00,133.18
2025-06-22 12:00:00+00:00,128.52
2025-06-22 16:00:00+00:00,129.02
2025-06-22 20:00:00+00:00,131.64
2025-06-23 00:00:00+00:00,132.59
2025-06-23 04:00:00+00:00,134.31
2025-06-23 08:00:00+00:00,134.04
2025-06-23 12:00:00+00:00,133.35
2025-06-23 16:00:00+00:00,139.71
2025-06-23 20:00:00+00:00,144.41
2025-06-24 00:00:00+00:00,143.16
2025-06-24 04:00:00+00:00,143.94
2025-06-24 08:00:00+00:00,144.48
2025-06-24 12:00:00+00:00,144.24
2025-06-24 16:00:00+00:00,143.52
2025-06-24 20:00:00+00:00,145.83
2025-06-25 00:00:00+00:00,145.44
2025-06-25 04:00:00+00:00,146.95
2025-06-25 08:00:00+00:00,146.2
2025-06-25 12:00:00+00:00,143.61
2025-06-25 16:00:00+00:00,144.67
2025-06-25 20:00:00+00:00,143.48
2025-06-26 00:00:00+00:00,145.87
2025-06-26 04:00:00+00:00,145.08
2025-06-26 08:00:00+00:00,143.55
2025-06-26 12:00:00+00:00,142.92
2025-06-26 16:00:00+00:00,142.21
2025-06-26 20:00:00+00:00,138.98
2025-06-27 00:00:00+00:00,141.26
2025-06-27 04:00:00+00:00,140.27
2025-06-27 08:00:00+00:00,142.06
2025-06-27 12:00:00+00:00,143.42
2025-06-27 16:00:00+00:00,141.72
2025-06-27 20:00:00+00:00,142.05
2025-06-28 00:00:00+00:00,143.34
2025-06-28 04:00:00+00:00,146.52
2025-06-28 08:00:00+00:00,147.07
2025-06-28 12:00:00+00:00,148.11
2025-06-28 16:00:00+00:00,150.62
2025-06-28 20:00:00+00:00,150.67
2025-06-29 00:00:00+00:00,149.43
2025-06-29 04:00:00+00:00,150.27
2025-06-29 08:00:00+00:00,151.59
2025-06-29 12:00:00+00:00,150.68
2025-06-29 16:00:00+00:00,151.13
2025-06-29 20:00:00+00:00,153.21
2025-06-30 00:00:00+00:00,151.7
2025-06-30 04:00:00+00:00,150.57
2025-06-30 08:00:00+00:00,150.27
2025-06-30 12:00:00+00:00,157.78
2025-06-30 16:00:00+00:00,157.71
2025-06-30 20:00:00+00:00,154.73
2025-07-01 00:00:00+00:00,153.85
2025-07-01 04:00:00+00:00,149.98
2025-07-01 08:00:00+00:00,148.76
2025-07-01 12:00:00+00:00,147.13
2025-07-01 16:00:00+00:00,145.38
2025-07-01 20:00:00+00:00,146.79
2025-07-02 00:00:00+00:00,148.79
2025-07-02 04:00:00+00:00,149.02
2025-07-02 08:00:00+00:00,148.55
2025-07-02 12:00:00+00:00,151.22
2025-07-02 16:00:00+00:00,152.91
2025-07-02 20:00:00+00:00,152.21
2025-07-03 00:00:00+00:00,153.31
2025-07-03 04:00:00+00:00,155.53
2025-07-03 08:00:00+00:00,154.45
2025-07-03 12:00:00+00:00,150.09
2025-07-03 16:00:00+00:00,151.71
2025-07-03 20:00:00+00:00,152.29
2025-07-04 00:00:00+00:00,151.63
2025-07-04 04:00:00+00:00,150.43
2025-07-04 08:00:00+00:00,150.14
2025-07-04 12:00:00+00:00,146.49
2025-07-04 16:00:00+00:00,146.62
2025-07-04 20:00:00+00:00,147.6
2025-07-05 00:00:00+00:00,147.67
2025-07-05 04:00:00+00:00,147.78
2025-07-05 08:00:00+00:00,148.1
2025-07-05 12:00:00+00:00,147.05
2025-07-05 16:00:00+00:00,146.79
2025-07-05 20:00:00+00:00,147.5
2025-07-06 00:00:00+00:00,147.26
2025-07-06 04:00:00+00:00,147.81
2025-07-06 08:00:00+00:00,147.88
2025-07-06 12:00:00+00:00,151.48
2025-07-06 16:00:00+00:00,151.22
2025-07-06 20:00:00+00:00,151.8
2025-07-07 00:00:00+00:00,151.81
2025-07-07 04:00:00+00:00,152.3
2025-07-07 08:00:00+00:00,152.73
2025-07-07 12:00:00+00:00,150.97
2025-07-07 16:00:00+00:00,148.89
2025-07-07 20:00:00+00:00,148.82
2025-07-08 00:00:00+00:00,148.56
2025-07-08 04:00:00+00:00,149.58
2025-07-08 08:00:00+00:00,151.19
2025-07-08 12:00:00+00:00,149.79
2025-07-08 16:00:00+00:00,151.58
2025-07-08 20:00:00+00:00,151.59
2025-07-09 00:00:00+00:00,151.2
2025-07-09 04:00:00+00:00,152.94
2025-07-09 08:00:00+00:00,153.64
2025-07-09 12:00:00+00:00,153.91
2025-07-09 16:00:00+00:00,157.22
2025-07-09 20:00:00+00:00,156.99
2025-07-10 00:00:00+00:00,157.28
2025-07-10 04:00:00+00:00,157.82
2025-07-10 08:00:00+00:00,157.55
2025-07-10 12:00:00+00:00,156.38
2025-07-10 16:00:00+00:00,159.26
2025-07-10 20:00:00+00:00,164.29
2025-07-11 00:00:00+00:00,165.11
2025-07-11 04:00:00+00:00,163.21
2025-07-11 08:00:00+00:00,163.81
2025-07-11 12:00:00+00:00,162.26
2025-07-11 16:00:00+00:00,164.52
2025-07-11 20:00:00+00:00,162.87
2025-07-12 00:00:00+00:00,163.41
2025-07-12 04:00:00+00:00,163.16
2025-07-12 08:00:00+00:00,161.56
2025-07-12 12:00:00+00:00,158.06
2025-07-12 16:00:00+00:00,160.67
2025-07-12 20:00:00+00:00,160.63
2025-07-13 00:00:00+00:00,161.15
2025-07-13 04:00:00+00:00,162.57
2025-07-13 08:00:00+00:00,161.99
2025-07-13 12:00:00+00:00,161.94
2025-07-13 16:00:00+00:00,162.46
2025-07-13 20:00:00+00:00,161.04
2025-07-14 00:00:00+00:00,167.08
2025-07-14 04:00:00+00:00,167.21
2025-07-14 08:00:00+00:00,166.51
2025-07-14 12:00:00+00:00,163.91
2025-07-14 16:00:00+00:00,164.22
2025-07-14 20:00:00+00:00,162.13
2025-07-15 00:00:00+00:00,159.06
2025-07-15 04:00:00+00:00,159.46
2025-07-15 08:00:00+00:00,159.79
2025-07-15 12:00:00+00:00,160.4
2025-07-15 16:00:00+00:00,160.14
2025-07-15 20:00:00+00:00,163.99
2025-07-16 00:00:00+00:00,162.53
2025-07-16 04:00:00+00:00,164.02
2025-07-16 08:00:00+00:00,166.66
2025-07-16 12:00:00+00:00,168.42
2025-07-16 16:00:00+00:00,174.13
2025-07-16 20:00:00+00:00,173.64
2025-07-17 00:00:00+00:00,169.55
2025-07-17 04:00:00+00:00,173.99
2025-07-17 08:00:00+00:00,176.14
2025-07-17 12:00:00+00:00,174.09
2025-07-17 16:00:00+00:00,173.0
2025-07-17 20:00:00+00:00,175.82
2025-07-18 00:00:00+00:00,180.83
2025-07-18 04:00:00+00:00,181.14
2025-07-18 08:00:00+00:00,178.52
2025-07-18 12:00:00+00:00,177.0
2025-07-18 16:00:00+00:00,176.92
2025-07-18 20:00:00+00:00,177.21
2025-07-19 00:00:00+00:00,177.44
2025-07-19 04:00:00+00:00,176.98
2025-07-19 08:00:00+00:00,176.58
2025-07-19 12:00:00+00:00,177.37
2025-07-19 16:00:00+00:00,177.04
2025-07-19 20:00:00+00:00,176.93
2025-07-20 00:00:00+00:00,177.93
2025-07-20 04:00:00+00:00,177.91
2025-07-20 08:00:00+00:00,180.43
2025-07-20 12:00:00+00:00,181.92
2025-07-20 16:00:00+00:00,181.95
2025-07-20 20:00:00+00:00,181.42
2025-07-21 00:00:00+00:00,186.72
2025-07-21 04:00:00+00:00,190.1
2025-07-21 08:00:00+00:00,191.58
2025-07-21 12:00:00+00:00,196.88
2025-07-21 16:00:00+00:00,194.69
2025-07-21 20:00:00+00:00,195.75
2025-07-22 00:00:00+00:00,200.11
2025-07-22 04:00:00+00:00,198.1
2025-07-22 08:00:00+00:00,199.95
2025-07-22 12:00:00+00:00,201.86
2025-07-22 16:00:00+00:00,198.93
2025-07-22 20:00:00+00:00,205.78
2025-07-23 00:00:00+00:00,201.52
2025-07-23 04:00:00+00:00,199.5
2025-07-23 08:00:00+00:00,197.44
2025-07-23 12:00:00+00:00,192.72
2025-07-23 16:00:00+00:00,188.06
2025-07-23 20:00:00+00:00,189.4
2025-07-24 00:00:00+00:00,189.87
2025-07-24 04:00:00+00:00,184.15
2025-07-24 08:00:00+00:00,186.38
2025-07-24 12:00:00+00:00,188.47
2025-07-24 16:00:00+00:00,187.94
2025-07-24 20:00:00+00:00,182.8
2025-07-25 00:00:00+00:00,177.64
2025-07-25 04:00:00+00:00,177.43
2025-07-25 08:00:00+00:00,181.03
2025-07-25 12:00:00+00:00,178.13
2025-07-25 16:00:00+00:00,182.12
2025-07-25 20:00:00+00:00,186.69
2025-07-26 00:00:00+00:00,185.96
2025-07-26 04:00:00+00:00,186.41
2025-07-26 08:00:00+00:00,187.69
2025-07-26 12:00:00+00:00,187.5
2025-07-26 16:00:00+00:00,186.38
2025-07-26 20:00:00+00:00,184.82
2025-07-27 00:00:00+00:00,187.14
2025-07-27 04:00:00+00:00,187.15
2025-07-27 08:00:00+00:00,186.94
2025-07-27 12:00:00+00:00,186.38
2025-07-27 16:00:00+00:00,186.89
2025-07-27 20:00:00+00:00,188.55
2025-07-28 00:00:00+00:00,193.29
2025-07-28 04:00:00+00:00,192.29
2025-07-28 08:00:00+00:00,191.96
2025-07-28 12:00:00+00:00,187.14
2025-07-28 16:00:00+00:00,185.2
2025-07-28 20:00:00+00:00,183.03
2025-07-29 00:00:00+00:00,184.27
2025-07-29 04:00:00+00:00,185.96
2025-07-29 08:00:00+00:00,182.83
2025-07-29 12:00:00+00:00,180.71
2025-07-29 16:00:00+00:00,181.0
2025-07-29 20:00:00+00:00,181.39
2025-07-30 00:00:00+00:00,181.6
2025-07-30 04:00:00+00:00,180.74
2025-07-30 08:00:00+00:00,177.21
2025-07-30 12:00:00+00:00,179.12
2025-07-30 16:00:00+00:00,176.03
2025-07-30 20:00:00+00:00,177.68
2025-07-31 00:00:00+00:00,180.23
2025-07-31 04:00:00+00:00,181.15
2025-07-31 08:00:00+00:00,180.66
2025-07-31 12:00:00+00:00,177.21
2025-07-31 16:00:00+00:00,175.22
2025-07-31 20:00:00+00:00,172.15
2025-08-01 00:00:00+00:00,171.02
2025-08-01 04:00:00+00:00,169.33
2025-08-01 08:00:00+00:00,169.1
2025-08-01 12:00:00+00:00,168.5
2025-08-01 16:00:00+00:00,166.41
2025-08-01 20:00:00+00:00,162.61
2025-08-02 00:00:00+00:00,164.31
2025-08-02 04:00:00+00:00,164.37
2025-08-02 08:00:00+00:00,164.4
2025-08-02 12:00:00+00:00,161.45
2025-08-02 16:00:00+00:00,157.34
2025-08-02 20:00:00+00:00,158.4
2025-08-03 00:00:00+00:00,160.74
2025-08-03 04:00:00+00:00,161.25
2025-08-03 08:00:00+00:00,161.37
2025-08-03 12:00:00+00:00,162.01
2025-08-03 16:00:00+00:00,161.52
2025-08-03 20:00:00+00:00,161.84
2025-08-04 00:00:00+00:00,162.88
2025-08-04 04:00:00+00:00,162.95
2025-08-04 08:00:00+00:00,162.27
2025-08-04 12:00:00+00:00,165.39
2025-08-04 16:00:00+00:00,165.55
2025-08-04 20:00:00+00:00,169.46
2025-08-05 00:00:00+00:00,167.84
2025-08-05 04:00:00+00:00,166.12
2025-08-05 08:00:00+00:00,170.81
2025-08-05 12:00:00+00:00,163.68
2025-08-05 16:00:00+00:00,162.66
2025-08-05 20:00:00+00:00,163.99
2025-08-06 00:00:00+00:00,161.76
2025-08-06 04:00:00+00:00,164.16
2025-08-06 08:00:00+00:00,164.1
2025-08-06 12:00:00+00:00,168.96
2025-08-06 16:00:00+00:00,168.73
2025-08-06 20:00:00+00:00,168.03
2025-08-07 00:00:00+00:00,166.8
2025-08-07 04:00:00+00:00,169.92
2025-08-07 08:00:00+00:00,172.75
2025-08-07 12:00:00+00:00,170.38
2025-08-07 16:00:00+00:00,171.66
2025-08-07 20:00:00+00:00,175.26
2025-08-08 00:00:00+00:00,174.63
2025-08-08 04:00:00+00:00,177.05
2025-08-08 08:00:00+00:00,177.56
2025-08-08 12:00:00+00:00,175.15
2025-08-08 16:00:00+00:00,178.42
2025-08-08 20:00:00+00:00,176.7
2025-08-09 00:00:00+00:00,177.16
2025-08-09 04:00:00+00:00,180.54
2025-08-09 08:00:00+00:00,180.69
2025-08-09 12:00:00+00:00,180.01
2025-08-09 16:00:00+00:00,182.06
2025-08-09 20:00:00+00:00,179.85
2025-08-10 00:00:00+00:00,184.9
2025-08-10 04:00:00+00:00,178.86
2025-08-10 08:00:00+00:00,179.9
2025-08-10 12:00:00+00:00,181.46
2025-08-10 16:00:00+00:00,182.73
2025-08-10 20:00:00+00:00,182.59
2025-08-11 00:00:00+00:00,185.09
2025-08-11 04:00:00+00:00,182.92
2025-08-11 08:00:00+00:00,178.99
2025-08-11 12:00:00+00:00,180.11
2025-08-11 16:00:00+00:00,176.54
2025-08-11 20:00:00+00:00,174.75
2025-08-12 00:00:00+00:00,175.47
2025-08-12 04:00:00+00:00,175.81
2025-08-12 08:00:00+00:00,175.14
2025-08-12 12:00:00+00:00,181.61
2025-08-12 16:00:00+00:00,190.61
2025-08-12 20:00:00+00:00,191.76
2025-08-13 00:00:00+00:00,197.73
2025-08-13 04:00:00+00:00,198.79
2025-08-13 08:00:00+00:00,201.06
2025-08-13 12:00:00+00:00,197.49
2025-08-13 16:00:00+00:00,202.15
2025-08-13 20:00:00+00:00,201.58
2025-08-14 00:00:00+00:00,208.11
2025-08-14 04:00:00+00:00,205.8
2025-08-14 08:00:00+00:00,203.75
2025-08-14 12:00:00+00:00,194.84
2025-08-14 16:00:00+00:00,192.89
2025-08-14 20:00:00+00:00,192.39
2025-08-15 00:00:00+00:00,195.09
2025-08-15 04:00:00+00:00,196.88
2025-08-15 08:00:00+00:00,194.24
2025-08-15 12:00:00+00:00,185.45
2025-08-15 16:00:00+00:00,183.8
2025-08-15 20:00:00+00:00,185.62
2025-08-16 00:00:00+00:00,187.02
2025-08-16 04:00:00+00:00,189.02
2025-08-16 08:00:00+00:00,185.66
2025-08-16 12:00:00+00:00,188.72
2025-08-16 16:00:00+00:00,188.59
2025-08-16 20:00:00+00:00,189.52
2025-08-17 00:00:00+00:00,191.54
2025-08-17 04:00:00+00:00,191.79
2025-08-17 08:00:00+00:00,193.46
2025-08-17 12:00:00+00:00,195.38
2025-08-17 16:00:00+00:00,191.13
2025-08-17 20:00:00+00:00,190.92
2025-08-18 00:00:00+00:00,182.56
2025-08-18 04:00:00+00:00,180.54
2025-08-18 08:00:00+00:00,181.24
2025-08-18 12:00:00+00:00,182.98
2025-08-18 16:00:00+00:00,183.08
2025-08-18 20:00:00+00:00,182.84
2025-08-19 00:00:00+00:00,178.47
2025-08-19 04:00:00+00:00,180.04
2025-08-19 08:00:00+00:00,182.57
2025-08-19 12:00:00+00:00,177.9
2025-08-19 16:00:00+00:00,176.64
2025-08-19 20:00:00+00:00,176.13
2025-08-20 00:00:00+00:00,180.42
2025-08-20 04:00:00+00:00,180.45
2025-08-20 08:00:00+00:00,180.21
2025-08-20 12:00:00+00:00,182.95
2025-08-20 16:00:00+00:00,187.53
2025-08-20 20:00:00+00:00,187.9
2025-08-21 00:00:00+00:00,188.36
2025-08-21 04:00:00+00:00,186.93
2025-08-21 08:00:00+00:00,183.95
2025-08-21 12:00:00+00:00,181.57
2025-08-21 16:00:00+00:00,180.06
2025-08-21 20:00:00+00:00,180.25
2025-08-22 00:00:00+00:00,181.67
2025-08-22 04:00:00+00:00,183.88
2025-08-22 08:00:00+00:00,179.54
2025-08-22 12:00:00+00:00,193.45
2025-08-22 16:00:00+00:00,198.96
2025-08-22 20:00:00+00:00,200.68
2025-08-23 00:00:00+00:00,198.19
2025-08-23 04:00:00+00:00,205.29
2025-08-23 08:00:00+00:00,202.08
2025-08-23 12:00:00+00:00,202.69
2025-08-23 16:00:00+00:00,204.17
2025-08-23 20:00:00+00:00,204.21
2025-08-24 00:00:00+00:00,209.21
2025-08-24 04:00:00+00:00,206.79
2025-08-24 08:00:00+00:00,204.62
2025-08-24 12:00:00+00:00,205.74
2025-08-24 16:00:00+00:00,205.11
2025-08-24 20:00:00+00:00,206.09
2025-08-25 00:00:00+00:00,209.37
2025-08-25 04:00:00+00:00,199.86
2025-08-25 08:00:00+00:00,197.54
2025-08-25 12:00:00+00:00,196.49
2025-08-25 16:00:00+00:00,191.42
2025-08-25 20:00:00+00:00,187.09
2025-08-26 00:00:00+00:00,186.84
2025-08-26 04:00:00+00:00,188.81
2025-08-26 08:00:00+00:00,187.87
2025-08-26 12:00:00+00:00,190.68
2025-08-26 16:00:00+00:00,197.37
2025-08-26 20:00:00+00:00,195.77
2025-08-27 00:00:00+00:00,201.91
2025-08-27 04:00:00+00:00,202.37
2025-08-27 08:00:00+00:00,204.95
2025-08-27 12:00:00+00:00,208.6
2025-08-27 16:00:00+00:00,206.38
2025-08-27 20:00:00+00:00,202.94
2025-08-28 00:00:00+00:00,208.07
2025-08-28 04:00:00+00:00,213.04
2025-08-28 08:00:00+00:00,213.07
2025-08-28 12:00:00+00:00,210.99
2025-08-28 16:00:00+00:00,209.88
2025-08-28 20:00:00+00:00,214.29
2025-08-29 00:00:00+00:00,216.77
2025-08-29 04:00:00+00:00,208.73
2025-08-29 08:00:00+00:00,207.55
2025-08-29 12:00:00+00:00,204.33
2025-08-29 16:00:00+00:00,202.87
2025-08-29 20:00:00+00:00,204.98
2025-08-30 00:00:00+00:00,205.52
2025-08-30 04:00:00+00:00,205.0
2025-08-30 08:00:00+00:00,202.52
2025-08-30 12:00:00+00:00,200.94
2025-08-30 16:00:00+00:00,201.16
2025-08-30 20:00:00+00:00,202.59
2025-08-31 00:00:00+00:00,205.48
2025-08-31 04:00:00+00:00,203.44
2025-08-31 08:00:00+00:00,203.55
2025-08-31 12:00:00+00:00,204.48
2025-08-31 16:00:00+00:00,204.53
2025-08-31 20:00:00+00:00,200.57
2025-09-01 00:00:00+00:00,198.3
2025-09-01 04:00:00+00:00,202.84
2025-09-01 08:00:00+00:00,199.29
2025-09-01 12:00:00+00:00,198.26
2025-09-01 16:00:00+00:00,200.08
2025-09-01 20:00:00+00:00,197.22
2025-09-02 00:00:00+00:00,201.78
2025-09-02 04:00:00+00:00,202.03
2025-09-02 08:00:00+00:00,201.9
2025-09-02 12:00:00+00:00,200.2
2025-09-02 16:00:00+00:00,205.44
2025-09-02 20:00:00+00:00,209.54
2025-09-03 00:00:00+00:00,209.94
2025-09-03 04:00:00+00:00,209.25
2025-09-03 08:00:00+00:00,210.25
2025-09-03 12:00:00+00:00,211.27
2025-09-03 16:00:00+00:00,210.29
2025-09-03 20:00:00+00:00,210.65
2025-09-04 00:00:00+00:00,208.1
2025-09-04 04:00:00+00:00,206.55
2025-09-04 08:00:00+00:00,207.12
2025-09-04 12:00:00+00:00,203.71
2025-09-04 16:00:00+00:00,202.03
2025-09-04 20:00:00+00:00,202.23
2025-09-05 00:00:00+00:00,203.46
2025-09-05 04:00:00+00:00,207.77
2025-09-05 08:00:00+00:00,206.55
2025-09-05 12:00:00+00:00,203.43
2025-09-05 16:00:00+00:00,205.36
2025-09-05 20:00:00+00:00,203.3
2025-09-06 00:00:00+00:00,203.98
2025-09-06 04:00:00+00:00,202.92
2025-09-06 08:00:00+00:00,202.29
2025-09-06 12:00:00+00:00,201.15
2025-09-06 16:00:00+00:00,199.65
2025-09-06 20:00:00+00:00,200.06
2025-09-07 00:00:00+00:00,202.76
2025-09-07 04:00:00+00:00,202.9
2025-09-07 08:00:00+00:00,203.87
2025-09-07 12:00:00+00:00,205.09
2025-09-07 16:00:00+00:00,202.98
2025-09-07 20:00:00+00:00,206.29
2025-09-08 00:00:00+00:00,207.56
2025-09-08 04:00:00+00:00,207.85
2025-09-08 08:00:00+00:00,214.21
2025-09-08 12:00:00+00:00,214.97
2025-09-08 16:00:00+00:00,216.03
2025-09-08 20:00:00+00:00,214.02
2025-09-09 00:00:00+00:00,214.52
2025-09-09 04:00:00+00:00,219.2
2025-09-09 08:00:00+00:00,217.19
2025-09-09 12:00:00+00:00,212.98
2025-09-09 16:00:00+00:00,216.26
2025-09-09 20:00:00+00:00,217.11
2025-09-10 00:00:00+00:00,219.13
2025-09-10 04:00:00+00:00,222.15
2025-09-10 08:00:00+00:00,220.15
2025-09-10 12:00:00+00:00,223.05
2025-09-10 16:00:00+00:00,221.14
2025-09-10 20:00:00+00:00,223.94
2025-09-11 00:00:00+00:00,224.04
2025-09-11 04:00:00+00:00,223.08
2025-09-11 08:00:00+00:00,224.94
2025-09-11 12:00:00+00:00,226.69
2025-09-11 16:00:00+00:00,226.51
2025-09-11 20:00:00+00:00,228.62
2025-09-12 00:00:00+00:00,234.95
2025-09-12 04:00:00+00:00,237.24
2025-09-12 08:00:00+00:00,239.03
2025-09-12 12:00:00+00:00,239.2
2025-09-12 16:00:00+00:00,240.87
2025-09-12 20:00:00+00:00,242.07
2025-09-13 00:00:00+00:00,243.49
2025-09-13 04:00:00+00:00,242.34
2025-09-13 08:00:00+00:00,241.79
2025-09-13 12:00:00+00:00,239.38
2025-09-13 16:00:00+00:00,238.84
2025-09-13 20:00:00+00:00,242.25
2025-09-14 00:00:00+00:00,246.81
2025-09-14 04:00:00+00:00,246.26
2025-09-14 08:00:00+00:00,245.99
2025-09-14 12:00:00+00:00,243.7
2025-09-14 16:00:00+00:00,242.4
2025-09-14 20:00:00+00:00,239.63
2025-09-15 00:00:00+00:00,242.51
2025-09-15 04:00:00+00:00,237.87
2025-09-15 08:00:00+00:00,236.33
2025-09-15 12:00:00+00:00,232.88
2025-09-15 16:00:00+00:00,232.9
2025-09-15 20:00:00+00:00,234.18
2025-09-16 00:00:00+00:00,234.99
2025-09-16 04:00:00+00:00,235.68
2025-09-16 08:00:00+00:00,235.29
2025-09-16 12:00:00+00:00,237.66
2025-09-16 16:00:00+00:00,237.69
2025-09-16 20:00:00+00:00,236.86
2025-09-17 00:00:00+00:00,233.99
2025-09-17 04:00:00+00:00,237.63
2025-09-17 08:00:00+00:00,234.1
2025-09-17 12:00:00+00:00,233.79
2025-09-17 16:00:00+00:00,238.62
2025-09-17 20:00:00+00:00,244.75
2025-09-18 00:00:00+00:00,246.62
2025-09-18 04:00:00+00:00,244.65
2025-09-18 08:00:00+00:00,245.84
2025-09-18 12:00:00+00:00,248.12
2025-09-18 16:00:00+00:00,248.25
2025-09-18 20:00:00+00:00,247.34
2025-09-19 00:00:00+00:00,244.93
2025-09-19 04:00:00+00:00,243.7
2025-09-19 08:00:00+00:00,240.84
2025-09-19 12:00:00+00:00,237.37
2025-09-19 16:00:00+00:00,235.85
2025-09-19 20:00:00+00:00,238.4
2025-09-20 00:00:00+00:00,237.96
2025-09-20 04:00:00+00:00,239.64
2025-09-20 08:00:00+00:00,238.03
2025-09-20 12:00:00+00:00,240.0
2025-09-20 16:00:00+00:00,238.51
2025-09-20 20:00:00+00:00,239.38
2025-09-21 00:00:00+00:00,241.69
2025-09-21 04:00:00+00:00,239.75
2025-09-21 08:00:00+00:00,238.51
2025-09-21 12:00:00+00:00,237.78
2025-09-21 16:00:00+00:00,237.88
2025-09-21 20:00:00+00:00,236.05
2025-09-22 00:00:00+00:00,232.72
2025-09-22 04:00:00+00:00,221.81
2025-09-22 08:00:00+00:00,221.36
2025-09-22 12:00:00+00:00,220.63
2025-09-22 16:00:00+00:00,217.03
2025-09-22 20:00:00+00:00,220.28
2025-09-23 00:00:00+00:00,216.84
2025-09-23 04:00:00+00:00,218.86
2025-09-23 08:00:00+00:00,219.22
2025-09-23 12:00:00+00:00,219.17
2025-09-23 16:00:00+00:00,214.41
2025-09-23 20:00:00+00:00,213.18
2025-09-24 00:00:00+00:00,208.37
2025-09-24 04:00:00+00:00,210.54
2025-09-24 08:00:00+00:00,212.23
2025-09-24 12:00:00+00:00,213.47
2025-09-24 16:00:00+00:00,213.05
2025-09-24 20:00:00+00:00,211.45
2025-09-25 00:00:00+00:00,207.16
2025-09-25 04:00:00+00:00,204.1
2025-09-25 08:00:00+00:00,201.26
2025-09-25 12:00:00+00:00,201.04
2025-09-25 16:00:00+00:00,198.06
2025-09-25 20:00:00+00:00,192.6
2025-09-26 00:00:00+00:00,196.39
2025-09-26 04:00:00+00:00,196.22
2025-09-26 08:00:00+00:00,193.36
2025-09-26 12:00:00+00:00,195.92
2025-09-26 16:00:00+00:00,200.54
2025-09-26 20:00:00+00:00,205.01
2025-09-27 00:00:00+00:00,203.81
2025-09-27 04:00:00+00:00,201.97
2025-09-27 08:00:00+00:00,201.6
2025-09-27 12:00:00+00:00,203.42
2025-09-27 16:00:00+00:00,202.1
2025-09-27 20:00:00+00:00,203.32
2025-09-28 00:00:00+00:00,201.29
2025-09-28 04:00:00+00:00,202.0
2025-09-28 08:00:00+00:00,199.75
2025-09-28 12:00:00+00:00,203.33
2025-09-28 16:00:00+00:00,206.09
2025-09-28 20:00:00+00:00,210.7
2025-09-29 00:00:00+00:00,210.19
2025-09-29 04:00:00+00:00,208.85
2025-09-29 08:00:00+00:00,206.98
2025-09-29 12:00:00+00:00,209.96
2025-09-29 16:00:00+00:00,212.82
2025-09-29 20:00:00+00:00,212.59
2025-09-30 00:00:00+00:00,210.54
2025-09-30 04:00:00+00:00,208.9
2025-09-30 08:00:00+00:00,206.93
2025-09-30 12:00:00+00:00,205.92
2025-09-30 16:00:00+00:00,208.81
2025-09-30 20:00:00+00:00,208.6
2025-10-01 00:00:00+00:00,206.64
2025-10-01 04:00:00+00:00,210.06
2025-10-01 08:00:00+00:00,217.64
2025-10-01 12:00:00+00:00,220.13
2025-10-01 16:00:00+00:00,219.96
2025-10-01 20:00:00+00:00,221.91
2025-10-02 00:00:00+00:00,223.65
2025-10-02 04:00:00+00:00,222.81
2025-10-02 08:00:00+00:00,225.11
2025-10-02 12:00:00+00:00,227.1
2025-10-02 16:00:00+00:00,232.12
2025-10-02 20:00:00+00:00,234.6
2025-10-03 00:00:00+00:00,232.14
2025-10-03 04:00:00+00:00,229.33
2025-10-03 08:00:00+00:00,230.68
2025-10-03 12:00:00+00:00,234.67
2025-10-03 16:00:00+00:00,233.1
2025-10-03 20:00:00+00:00,232.74
2025-10-04 00:00:00+00:00,229.11
2025-10-04 04:00:00+00:00,229.0
2025-10-04 08:00:00+00:00,229.08
2025-10-04 12:00:00+00:00,224.78
2025-10-04 16:00:00+00:00,226.8
2025-10-04 20:00:00+00:00,227.72
2025-10-05 00:00:00+00:00,230.8
2025-10-05 04:00:00+00:00,236.48
2025-10-05 08:00:00+00:00,232.52
2025-10-05 12:00:00+00:00,230.02
2025-10-05 16:00:00+00:00,226.96
2025-10-05 20:00:00+00:00,228.45
2025-10-06 00:00:00+00:00,232.12
2025-10-06 04:00:00+00:00,231.23
2025-10-06 08:00:00+00:00,232.89
2025-10-06 12:00:00+00:00,235.56
2025-10-06 16:00:00+00:00,235.22
2025-10-06 20:00:00+00:00,232.27
2025-10-07 00:00:00+00:00,233.81
2025-10-07 04:00:00+00:00,230.88
2025-10-07 08:00:00+00:00,230.31
2025-10-07 12:00:00+00:00,223.65
2025-10-07 16:00:00+00:00,221.55
2025-10-07 20:00:00+00:00,219.84
2025-10-08 00:00:00+00:00,218.2
2025-10-08 04:00:00+00:00,220.85
2025-10-08 08:00:00+00:00,221.04
2025-10-08 12:00:00+00:00,221.08
2025-10-08 16:00:00+00:00,229.23
2025-10-08 20:00:00+00:00,228.95
2025-10-09 00:00:00+00:00,226.1
2025-10-09 04:00:00+00:00,224.38
2025-10-09 08:00:00+00:00,223.0
2025-10-09 12:00:00+00:00,219.01
2025-10-09 16:00:00+00:00,218.18
2025-10-09 20:00:00+00:00,220.8
2025-10-10 00:00:00+00:00,221.54
2025-10-10 04:00:00+00:00,217.98
2025-10-10 08:00:00+00:00,221.06
2025-10-10 12:00:00+00:00,210.58
2025-10-10 16:00:00+00:00,205.16
2025-10-10 20:00:00+00:00,187.65
2025-10-11 00:00:00+00:00,184.0
2025-10-11 04:00:00+00:00,182.57
2025-10-11 08:00:00+00:00,183.34
2025-10-11 12:00:00+00:00,183.59
2025-10-11 16:00:00+00:00,177.25
2025-10-11 20:00:00+00:00,177.22
2025-10-12 00:00:00+00:00,176.79
2025-10-12 04:00:00+00:00,182.31
2025-10-12 08:00:00+00:00,180.75
2025-10-12 12:00:00+00:00,190.96
2025-10-12 16:00:00+00:00,195.66
2025-10-12 20:00:00+00:00,196.88
2025-10-13 00:00:00+00:00,194.63
2025-10-13 04:00:00+00:00,196.62
2025-10-13 08:00:00+00:00,192.48
2025-10-13 12:00:00+00:00,196.32
2025-10-13 16:00:00+00:00,206.99
2025-10-13 20:00:00+00:00,208.57
2025-10-14 00:00:00+00:00,205.62
2025-10-14 04:00:00+00:00,194.34
2025-10-14 08:00:00+00:00,195.22
2025-10-14 12:00:00+00:00,202.06
2025-10-14 16:00:00+00:00,198.41
2025-10-14 20:00:00+00:00,202.34
2025-10-15 00:00:00+00:00,201.56
2025-10-15 04:00:00+00:00,204.56
2025-10-15 08:00:00+00:00,202.48
2025-10-15 12:00:00+00:00,197.07
2025-10-15 16:00:00+00:00,194.69
2025-10-15 20:00:00+00:00,193.73
2025-10-16 00:00:00+00:00,193.52
2025-10-16 04:00:00+00:00,192.79
2025-10-16 08:00:00+00:00,196.7
2025-10-16 12:00:00+00:00,187.49
2025-10-16 16:00:00+00:00,184.9
2025-10-16 20:00:00+00:00,184.76
2025-10-17 00:00:00+00:00,187.02
2025-10-17 04:00:00+00:00,177.7
2025-10-17 08:00:00+00:00,181.36
2025-10-17 12:00:00+00:00,182.65
2025-10-17 16:00:00+00:00,181.86
2025-10-17 20:00:00+00:00,181.89
2025-10-18 00:00:00+00:00,184.73
2025-10-18 04:00:00+00:00,186.17
2025-10-18 08:00:00+00:00,186.02
2025-10-18 12:00:00+00:00,184.93
2025-10-18 16:00:00+00:00,186.29
2025-10-18 20:00:00+00:00,187.47
2025-10-19 00:00:00+00:00,186.95
2025-10-19 04:00:00+00:00,185.82
2025-10-19 08:00:00+00:00,188.92
2025-10-19 12:00:00+00:00,190.66
2025-10-19 16:00:00+00:00,188.81
2025-10-19 20:00:00+00:00,187.78
2025-10-20 00:00:00+00:00,191.14
2025-10-20 04:00:00+00:00,192.93
2025-10-20 08:00:00+00:00,192.11
2025-10-20 12:00:00+00:00,190.4
2025-10-20 16:00:00+00:00,188.71
2025-10-20 20:00:00+00:00,189.63
2025-10-21 00:00:00+00:00,185.46
2025-10-21 04:00:00+00:00,184.88
2025-10-21 08:00:00+00:00,186.18
2025-10-21 12:00:00+00:00,196.18
2025-10-21 16:00:00+00:00,193.93
2025-10-21 20:00:00+00:00,185.54
2025-10-22 00:00:00+00:00,185.15
2025-10-22 04:00:00+00:00,184.9
2025-10-22 08:00:00+00:00,184.95
2025-10-22 12:00:00+00:00,183.91
2025-10-22 16:00:00+00:00,180.1
2025-10-22 20:00:00+00:00,180.01
2025-10-23 00:00:00+00:00,182.76
2025-10-23 04:00:00+00:00,187.4
2025-10-23 08:00:00+00:00,187.92
2025-10-23 12:00:00+00:00,190.98
2025-10-23 16:00:00+00:00,191.02
2025-10-23 20:00:00+00:00,191.27
2025-10-24 00:00:00+00:00,191.24
2025-10-24 04:00:00+00:00,192.1
2025-10-24 08:00:00+00:00,192.02
2025-10-24 12:00:00+00:00,189.3
2025-10-24 16:00:00+00:00,192.99
2025-10-24 20:00:00+00:00,193.5
2025-10-25 00:00:00+00:00,193.4
2025-10-25 04:00:00+00:00,193.87
2025-10-25 08:00:00+00:00,192.63
2025-10-25 12:00:00+00:00,191.8
2025-10-25 16:00:00+00:00,194.42
2025-10-25 20:00:00+00:00,193.72
2025-10-26 00:00:00+00:00,192.88
2025-10-26 04:00:00+00:00,193.79
2025-10-26 08:00:00+00:00,197.69
2025-10-26 12:00:00+00:00,199.41
2025-10-26 16:00:00+00:00,198.81
2025-10-26 20:00:00+00:00,199.93
2025-10-27 00:00:00+00:00,204.25
2025-10-27 04:00:00+00:00,202.43
2025-10-27 08:00:00+00:00,200.08
2025-10-27 12:00:00+00:00,199.99
2025-10-27 16:00:00+00:00,199.92
2025-10-27 20:00:00+00:00,198.61
2025-10-28 00:00:00+00:00,201.2
2025-10-28 04:00:00+00:00,202.25
2025-10-28 08:00:00+00:00,199.6
2025-10-28 12:00:00+00:00,198.73
2025-10-28 16:00:00+00:00,195.24
2025-10-28 20:00:00+00:00,194.05
2025-10-29 00:00:00+00:00,193.81
2025-10-29 04:00:00+00:00,195.52
2025-10-29 08:00:00+00:00,198.65
2025-10-29 12:00:00+00:00,196.71
2025-10-29 16:00:00+00:00,192.62
2025-10-29 20:00:00+00:00,193.81
2025-10-30 00:00:00+00:00,197.01
2025-10-30 04:00:00+00:00,195.69
2025-10-30 08:00:00+00:00,191.75
2025-10-30 12:00:00+00:00,184.95
2025-10-30 16:00:00+00:00,178.92
2025-10-30 20:00:00+00:00,184.55
2025-10-31 00:00:00+00:00,185.05
2025-10-31 04:00:00+00:00,185.23
2025-10-31 08:00:00+00:00,188.81
2025-10-31 12:00:00+00:00,188.02
2025-10-31 16:00:00+00:00,188.3
2025-10-31 20:00:00+00:00,187.13
2025-11-01 00:00:00+00:00,187.12
2025-11-01 04:00:00+00:00,185.71
2025-11-01 08:00:00+00:00,186.09
2025-11-01 12:00:00+00:00,186.28
2025-11-01 16:00:00+00:00,186.18
2025-11-01 20:00:00+00:00,186.29
2025-11-02 00:00:00+00:00,185.18
2025-11-02 04:00:00+00:00,187.64
2025-11-02 08:00:00+00:00,186.04
2025-11-02 12:00:00+00:00,183.67
2025-11-02 16:00:00+00:00,183.93
2025-11-02 20:00:00+00:00,187.65
2025-11-03 00:00:00+00:00,177.42
2025-11-03 04:00:00+00:00,176.38
2025-11-03 08:00:00+00:00,175.2
2025-11-03 12:00:00+00:00,166.73
2025-11-03 16:00:00+00:00,166.64
2025-11-03 20:00:00+00:00,165.95
2025-11-04 00:00:00+00:00,167.53
2025-11-04 04:00:00+00:00,157.0
2025-11-04 08:00:00+00:00,161.63
2025-11-04 12:00:00+00:00,161.39
2025-11-04 16:00:00+00:00,154.55
2025-11-04 20:00:00+00:00,154.94
2025-11-05 00:00:00+00:00,156.84
2025-11-05 04:00:00+00:00,156.41
2025-11-05 08:00:00+00:00,157.37
2025-11-05 12:00:00+00:00,160.36
2025-11-05 16:00:00+00:00,162.41
2025-11-05 20:00:00+00:00,162.28
2025-11-06 00:00:00+00:00,162.37
2025-11-06 04:00:00+00:00,158.74
2025-11-06 08:00:00+00:00,158.79
2025-11-06 12:00:00+00:00,155.83
2025-11-06 16:00:00+00:00,156.8
2025-11-06 20:00:00+00:00,155.2
2025-11-07 00:00:00+00:00,156.79
2025-11-07 04:00:00+00:00,157.69
2025-11-07 08:00:00+00:00,153.77
2025-11-07 12:00:00+00:00,155.31
2025-11-07 16:00:00+00:00,164.08
2025-11-07 20:00:00+00:00,161.72
2025-11-08 00:00:00+00:00,162.42
2025-11-08 04:00:00+00:00,160.96
2025-11-08 08:00:00+00:00,159.29
2025-11-08 12:00:00+00:00,156.61
2025-11-08 16:00:00+00:00,157.24
2025-11-08 20:00:00+00:00,157.94
2025-11-09 00:00:00+00:00,155.82
2025-11-09 04:00:00+00:00,159.17
2025-11-09 08:00:00+00:00,158.97
2025-11-09 12:00:00+00:00,162.45
2025-11-09 16:00:00+00:00,166.08
2025-11-09 20:00:00+00:00,164.45
2025-11-10 00:00:00+00:00,167.99
2025-11-10 04:00:00+00:00,167.27
2025-11-10 08:00:00+00:00,168.2
2025-11-10 12:00:00+00:00,166.17
2025-11-10 16:00:00+00:00,167.13
2025-11-10 20:00:00+00:00,167.24
2025-11-11 00:00:00+00:00,169.84
2025-11-11 04:00:00+00:00,163.88
2025-11-11 08:00:00+00:00,163.56
2025-11-11 12:00:00+00:00,160.81
2025-11-11 16:00:00+00:00,157.5
2025-11-11 20:00:00+00:00,154.5
2025-11-12 00:00:00+00:00,154.45
2025-11-12 04:00:00+00:00,154.91
2025-11-12 08:00:00+00:00,159.91
2025-11-12 12:00:00+00:00,155.66
2025-11-12 16:00:00+00:00,152.95
2025-11-12 20:00:00+00:00,153.32
2025-11-13 00:00:00+00:00,154.27
2025-11-13 04:00:00+00:00,155.22
2025-11-13 08:00:00+00:00,156.19
2025-11-13 12:00:00+00:00,153.05
2025-11-13 16:00:00+00:00,142.64
2025-11-13 20:00:00+00:00,144.62
2025-11-14 00:00:00+00:00,144.2
2025-11-14 04:00:00+00:00,142.77
2025-11-14 08:00:00+00:00,140.69
2025-11-14 12:00:00+00:00,142.16
2025-11-14 16:00:00+00:00,143.07
2025-11-14 20:00:00+00:00,138.83
2025-11-15 00:00:00+00:00,142.46
2025-11-15 04:00:00+00:00,142.67
2025-11-15 08:00:00+00:00,140.11
2025-11-15 12:00:00+00:00,141.64
2025-11-15 16:00:00+00:00,141.7
2025-11-15 20:00:00+00:00,139.55
2025-11-16 00:00:00+00:00,141.32
2025-11-16 04:00:00+00:00,142.22
2025-11-16 08:00:00+00:00,139.87
2025-11-16 12:00:00+00:00,137.36
2025-11-16 16:00:00+00:00,136.79
2025-11-16 20:00:00+00:00,137.12
2025-11-17 00:00:00+00:00,140.21
2025-11-17 04:00:00+00:00,141.26
2025-11-17 08:00:00+00:00,141.8
2025-11-17 12:00:00+00:00,137.06
2025-11-17 16:00:00+00:00,129.58
2025-11-17 20:00:00+00:00,130.9
2025-11-18 00:00:00+00:00,134.45
2025-11-18 04:00:00+00:00,136.83
2025-11-18 08:00:00+00:00,137.79
2025-11-18 12:00:00+00:00,139.63
2025-11-18 16:00:00+00:00,141.38
2025-11-18 20:00:00+00:00,140.61
2025-11-19 00:00:00+00:00,139.7
2025-11-19 04:00:00+00:00,140.49
2025-11-19 08:00:00+00:00,138.49
2025-11-19 12:00:00+00:00,134.51
2025-11-19 16:00:00+00:00,131.64
2025-11-19 20:00:00+00:00,136.96
2025-11-20 00:00:00+00:00,143.12
2025-11-20 04:00:00+00:00,143.74
2025-11-20 08:00:00+00:00,142.05
2025-11-20 12:00:00+00:00,138.51
2025-11-20 16:00:00+00:00,133.82
2025-11-20 20:00:00+00:00,133.6
2025-11-21 00:00:00+00:00,132.55
2025-11-21 04:00:00+00:00,127.43
2025-11-21 08:00:00+00:00,124.24
2025-11-21 12:00:00+00:00,125.34
2025-11-21 16:00:00+00:00,128.05
2025-11-21 20:00:00+00:00,128.61
2025-11-22 00:00:00+00:00,127.07
2025-11-22 04:00:00+00:00,127.65
2025-11-22 08:00:00+00:00,126.61
2025-11-22 12:00:00+00:00,127.06
2025-11-22 16:00:00+00:00,127.12
2025-11-22 20:00:00+00:00,127.5
2025-11-23 00:00:00+00:00,129.86
2025-11-23 04:00:00+00:00,128.78
2025-11-23 08:00:00+00:00,129.66
2025-11-23 12:00:00+00:00,132.82
2025-11-23 16:00:00+00:00,132.3
2025-11-23 20:00:00+00:00,130.51
2025-11-24 00:00:00+00:00,133.37
2025-11-24 04:00:00+00:00,130.2
2025-11-24 08:00:00+00:00,129.56
2025-11-24 12:00:00+00:00,131.89
2025-11-24 16:00:00+00:00,137.19
2025-11-24 20:00:00+00:00,138.38
2025-11-25 00:00:00+00:00,137.73
2025-11-25 04:00:00+00:00,136.28
2025-11-25 08:00:00+00:00,136.18
2025-11-25 12:00:00+00:00,134.75
2025-11-25 16:00:00+00:00,136.61
2025-11-25 20:00:00+00:00,138.9
2025-11-26 00:00:00+00:00,138.11
2025-11-26 04:00:00+00:00,139.84
2025-11-26 08:00:00+00:00,136.77
2025-11-26 12:00:00+00:00,136.59
2025-11-26 16:00:00+00:00,143.94
2025-11-26 20:00:00+00:00,142.95
2025-11-27 00:00:00+00:00,142.45
2025-11-27 04:00:00+00:00,143.67
2025-11-27 08:00:00+00:00,141.98
2025-11-27 12:00:00+00:00,142.07
2025-11-27 16:00:00+00:00,142.62
2025-11-27 20:00:00+00:00,140.77
2025-11-28 00:00:00+00:00,139.58
2025-11-28 04:00:00+00:00,138.88
2025-11-28 08:00:00+00:00,140.89
2025-11-28 12:00:00+00:00,141.59
2025-11-28 16:00:00+00:00,137.43
2025-11-28 20:00:00+00:00,137.28
2025-11-29 00:00:00+00:00,136.77
2025-11-29 04:00:00+00:00,137.22
2025-11-29 08:00:00+00:00,137.27
2025-11-29 12:00:00+00:00,137.49
2025-11-29 16:00:00+00:00,135.63
2025-11-29 20:00:00+00:00,135.84
2025-11-30 00:00:00+00:00,136.35
2025-11-30 04:00:00+00:00,136.44
2025-11-30 08:00:00+00:00,136.37
2025-11-30 12:00:00+00:00,138.29
2025-11-30 16:00:00+00:00,137.58
2025-11-30 20:00:00+00:00,133.38
2025-12-01 00:00:00+00:00,126.89
2025-12-01 04:00:00+00:00,127.33
2025-12-01 08:00:00+00:00,127.05
2025-12-01 12:00:00+00:00,125.05
2025-12-01 16:00:00+00:00,123.8
2025-12-01 20:00:00+00:00,126.57
2025-12-02 00:00:00+00:00,127.21
2025-12-02 04:00:00+00:00,127.18
2025-12-02 08:00:00+00:00,128.23
2025-12-02 12:00:00+00:00,137.79
2025-12-02 16:00:00+00:00,140.23
2025-12-02 20:00:00+00:00,138.65
2025-12-03 00:00:00+00:00,140.29
2025-12-03 04:00:00+00:00,141.82
2025-12-03 08:00:00+00:00,141.66
2025-12-03 12:00:00+00:00,140.92
2025-12-03 16:00:00+00:00,141.23
2025-12-03 20:00:00+00:00,144.62
2025-12-04 00:00:00+00:00,144.58
2025-12-04 04:00:00+00:00,143.38
2025-12-04 08:00:00+00:00,142.99
2025-12-04 12:00:00+00:00,143.14
2025-12-04 16:00:00+00:00,139.6
2025-12-04 20:00:00+00:00,138.96
2025-12-05 00:00:00+00:00,138.47
2025-12-05 04:00:00+00:00,139.62
2025-12-05 08:00:00+00:00,136.95
2025-12-05 12:00:00+00:00,134.96
2025-12-05 16:00:00+00:00,132.4
2025-12-05 20:00:00+00:00,133.22
2025-12-06 00:00:00+00:00,133.65
2025-12-06 04:00:00+00:00,132.65
2025-12-06 08:00:00+00:00,133.14
2025-12-06 12:00:00+00:00,132.8
2025-12-06 16:00:00+00:00,132.01
2025-12-06 20:00:00+00:00,132.14
2025-12-07 00:00:00+00:00,133.43
2025-12-07 04:00:00+00:00,132.02
2025-12-07 08:00:00+00:00,132.36
2025-12-07 12:00:00+00:00,131.93
2025-12-07 16:00:00+00:00,135.66
2025-12-07 20:00:00+00:00,132.16
2025-12-08 00:00:00+00:00,134.24
2025-12-08 04:00:00+00:00,135.79
2025-12-08 08:00:00+00:00,138.33
2025-12-08 12:00:00+00:00,135.45
2025-12-08 16:00:00+00:00,133.57
2025-12-08 20:00:00+00:00,133.19
2025-12-09 00:00:00+00:00,134.11
2025-12-09 04:00:00+00:00,133.14
2025-12-09 08:00:00+00:00,132.87
2025-12-09 12:00:00+00:00,138.42
2025-12-09 16:00:00+00:00,142.08
2025-12-09 20:00:00+00:00,137.82
2025-12-10 00:00:00+00:00,138.07
2025-12-10 04:00:00+00:00,139.13
2025-12-10 08:00:00+00:00,137.14
2025-12-10 12:00:00+00:00,136.09
2025-12-10 16:00:00+00:00,138.6
2025-12-10 20:00:00+00:00,136.18
2025-12-11 00:00:00+00:00,129.28
2025-12-11 04:00:00+00:00,130.93
2025-12-11 08:00:00+00:00,130.83
2025-12-11 12:00:00+00:00,131.08
2025-12-11 16:00:00+00:00,133.82
2025-12-11 20:00:00+00:00,136.36
2025-12-12 00:00:00+00:00,137.02
2025-12-12 04:00:00+00:00,139.06
2025-12-12 08:00:00+00:00,138.66
2025-12-12 12:00:00+00:00,133.42
2025-12-12 16:00:00+00:00,131.17
2025-12-12 20:00:00+00:00,132.19
2025-12-13 00:00:00+00:00,132.81
2025-12-13 04:00:00+00:00,132.85
2025-12-13 08:00:00+00:00,133.23
2025-12-13 12:00:00+00:00,133.21
2025-12-13 16:00:00+00:00,132.68
2025-12-13 20:00:00+00:00,133.04
2025-12-14 00:00:00+00:00,132.86
2025-12-14 04:00:00+00:00,133.18
2025-12-14 08:00:00+00:00,131.37
2025-12-14 12:00:00+00:00,130.6
2025-12-14 16:00:00+00:00,130.21
2025-12-14 20:00:00+00:00,129.31
2025-12-15 00:00:00+00:00,131.09
2025-12-15 04:00:00+00:00,132.28
2025-12-15 08:00:00+00:00,132.21
2025-12-15 12:00:00+00:00,126.78
2025-12-15 16:00:00+00:00,124.93
2025-12-15 20:00:00+00:00,127.73
2025-12-16 00:00:00+00:00,126.43
2025-12-16 04:00:00+00:00,125.49
2025-12-16 08:00:00+00:00,128.57
2025-12-16 12:00:00+00:00,129.69
2025-12-16 16:00:00+00:00,127.67
2025-12-16 20:00:00+00:00,129.09
2025-12-17 00:00:00+00:00,128.19
2025-12-17 04:00:00+00:00,128.2
2025-12-17 08:00:00+00:00,127.54
2025-12-17 12:00:00+00:00,126.69
2025-12-17 16:00:00+00:00,122.31
2025-12-17 20:00:00+00:00,123.17
2025-12-18 00:00:00+00:00,123.58
2025-12-18 04:00:00+00:00,122.76
2025-12-18 08:00:00+00:00,123.99
2025-12-18 12:00:00+00:00,127.36
2025-12-18 16:00:00+00:00,117.47
2025-12-18 20:00:00+00:00,119.54
2025-12-19 00:00:00+00:00,121.52
2025-12-19 04:00:00+00:00,124.37
2025-12-19 08:00:00+00:00,125.31
2025-12-19 12:00:00+00:00,125.02
2025-12-19 16:00:00+00:00,126.22
2025-12-19 20:00:00+00:00,126.22
2025-12-20 00:00:00+00:00,126.15
2025-12-20 04:00:00+00:00,126.12
2025-12-20 08:00:00+00:00,126.42
2025-12-20 12:00:00+00:00,126.5
2025-12-20 16:00:00+00:00,125.99
2025-12-20 20:00:00+00:00,125.74
2025-12-21 00:00:00+00:00,125.16
2025-12-21 04:00:00+00:00,125.25
2025-12-21 08:00:00+00:00,125.42
2025-12-21 12:00:00+00:00,124.98
2025-12-21 16:00:00+00:00,125.61
2025-12-21 20:00:00+00:00,125.96
2025-12-22 00:00:00+00:00,125.97
2025-12-22 04:00:00+00:00,126.23
2025-12-22 08:00:00+00:00,126.93
2025-12-22 12:00:00+00:00,128.02
2025-12-22 16:00:00+00:00,124.58
2025-12-22 20:00:00+00:00,125.87
2025-12-23 00:00:00+00:00,125.58
2025-12-23 04:00:00+00:00,124.13
2025-12-23 08:00:00+00:00,124.79
2025-12-23 12:00:00+00:00,123.28
2025-12-23 16:00:00+00:00,123.91
2025-12-23 20:00:00+00:00,123.95
2025-12-24 00:00:00+00:00,122.66
2025-12-24 04:00:00+00:00,121.24
2025-12-24 08:00:00+00:00,121.98
2025-12-24 12:00:00+00:00,122.67
2025-12-24 16:00:00+00:00,122.82
2025-12-24 20:00:00+00:00,122.49
2025-12-25 00:00:00+00:00,122.64
2025-12-25 04:00:00+00:00,122.24
2025-12-25 08:00:00+00:00,121.59
2025-12-25 12:00:00+00:00,123.63
2025-12-25 16:00:00+00:00,123.42
2025-12-25 20:00:00+00:00,119.95
2025-12-26 00:00:00+00:00,122.61
2025-12-26 04:00:00+00:00,122.66
2025-12-26 08:00:00+00:00,123.8
2025-12-26 12:00:00+00:00,121.49
2025-12-26 16:00:00+00:00,122.08
2025-12-26 20:00:00+00:00,122.22
2025-12-27 00:00:00+00:00,123.63
2025-12-27 04:00:00+00:00,123.11
2025-12-27 08:00:00+00:00,122.95
2025-12-27 12:00:00+00:00,123.27
2025-12-27 16:00:00+00:00,123.21
2025-12-27 20:00:00+00:00,124.67
2025-12-28 00:00:00+00:00,124.08
2025-12-28 04:00:00+00:00,124.18
2025-12-28 08:00:00+00:00,124.57
2025-12-28 12:00:00+00:00,124.4
2025-12-28 16:00:00+00:00,123.22
2025-12-28 20:00:00+00:00,125.21
2025-12-29 00:00:00+00:00,128.52
2025-12-29 04:00:00+00:00,127.83
2025-12-29 08:00:00+00:00,125.02
2025-12-29 12:00:00+00:00,123.36
2025-12-29 16:00:00+00:00,122.99
2025-12-29 20:00:00+00:00,123.19
2025-12-30 00:00:00+00:00,123.72
2025-12-30 04:00:00+00:00,123.94
2025-12-30 08:00:00+00:00,124.24
2025-12-30 12:00:00+00:00,125.1
2025-12-30 16:00:00+00:00,124.67
2025-12-30 20:00:00+00:00,124.92
2025-12-31 00:00:00+00:00,125.76
2025-12-31 04:00:00+00:00,125.9
2025-12-31 08:00:00+00:00,126.69
2025-12-31 12:00:00+00:00,125.54
2025-12-31 16:00:00+00:00,124.3
2025-12-31 20:00:00+00:00,124.59
2026-01-01 00:00:00+00:00,125.14
2026-01-01 04:00:00+00:00,124.19
2026-01-01 08:00:00+00:00,125.16
2026-01-01 12:00:00+00:00,124.9
2026-01-01 16:00:00+00:00,125.7
2026-01-01 20:00:00+00:00,126.83
2026-01-02 00:00:00+00:00,127.51
2026-01-02 04:00:00+00:00,127.1
2026-01-02 08:00:00+00:00,128.19
2026-01-02 12:00:00+00:00,128.94
2026-01-02 16:00:00+00:00,131.59
2026-01-02 20:00:00+00:00,132.24
2026-01-03 00:00:00+00:00,132.77
2026-01-03 04:00:00+00:00,130.05
2026-01-03 08:00:00+00:00,130.63
2026-01-03 12:00:00+00:00,131.41
2026-01-03 16:00:00+00:00,131.73
2026-01-03 20:00:00+00:00,133.31
2026-01-04 00:00:00+00:00,134.56
2026-01-04 04:00:00+00:00,133.75
2026-01-04 08:00:00+00:00,134.32
2026-01-04 12:00:00+00:00,134.83
2026-01-04 16:00:00+00:00,133.51
2026-01-04 20:00:00+00:00,134.04
2026-01-05 00:00:00+00:00,136.58
2026-01-05 04:00:00+00:00,135.34
2026-01-05 08:00:00+00:00,135.68
2026-01-05 12:00:00+00:00,136.08
2026-01-05 16:00:00+00:00,138.2
2026-01-05 20:00:00+00:00,137.84
2026-01-06 00:00:00+00:00,138.31
2026-01-06 04:00:00+00:00,137.51
2026-01-06 08:00:00+00:00,139.44
2026-01-06 12:00:00+00:00,141.56
2026-01-06 16:00:00+00:00,137.45
2026-01-06 20:00:00+00:00,141.03
2026-01-07 00:00:00+00:00,139.52
2026-01-07 04:00:00+00:00,139.31
2026-01-07 08:00:00+00:00,137.84
2026-01-07 12:00:00+00:00,135.61
2026-01-07 16:00:00+00:00,135.68
2026-01-07 20:00:00+00:00,136.32
2026-01-08 00:00:00+00:00,136.68
2026-01-08 04:00:00+00:00,135.81
2026-01-08 08:00:00+00:00,134.72
2026-01-08 12:00:00+00:00,136.33
2026-01-08 16:00:00+00:00,137.48
2026-01-08 20:00:00+00:00,138.3
2026-01-09 00:00:00+00:00,140.73
2026-01-09 04:00:00+00:00,139.51
2026-01-09 08:00:00+00:00,138.24
2026-01-09 12:00:00+00:00,138.75
2026-01-09 16:00:00+00:00,135.71
2026-01-09 20:00:00+00:00,135.88
2026-01-10 00:00:00+00:00,136.05
2026-01-10 04:00:00+00:00,136.0
2026-01-10 08:00:00+00:00,136.5
2026-01-10 12:00:00+00:00,136.35
2026-01-10 16:00:00+00:00,136.17
2026-01-10 20:00:00+00:00,135.78
2026-01-11 00:00:00+00:00,136.21
2026-01-11 04:00:00+00:00,136.13
2026-01-11 08:00:00+00:00,136.49
2026-01-11 12:00:00+00:00,138.38
2026-01-11 16:00:00+00:00,139.39
2026-01-11 20:00:00+00:00,139.65
2026-01-12 00:00:00+00:00,142.49
2026-01-12 04:00:00+00:00,141.34
2026-01-12 08:00:00+00:00,139.93
2026-01-12 12:00:00+00:00,142.55
2026-01-12 16:00:00+00:00,140.94
2026-01-12 20:00:00+00:00,139.13
2026-01-13 00:00:00+00:00,138.66
2026-01-13 04:00:00+00:00,139.88
2026-01-13 08:00:00+00:00,141.8
2026-01-13 12:00:00+00:00,143.41
2026-01-13 16:00:00+00:00,144.18
2026-01-13 20:00:00+00:00,145.48
2026-01-14 00:00:00+00:00,146.22
2026-01-14 04:00:00+00:00,144.8
2026-01-14 08:00:00+00:00,143.7
2026-01-14 12:00:00+00:00,147.02
2026-01-14 16:00:00+00:00,146.75
2026-01-14 20:00:00+00:00,146.61
2026-01-15 00:00:00+00:00,143.4
2026-01-15 04:00:00+00:00,144.93
2026-01-15 08:00:00+00:00,144.76
2026-01-15 12:00:00+00:00,143.39
2026-01-15 16:00:00+00:00,141.44
2026-01-15 20:00:00+00:00,142.32
2026-01-16 00:00:00+00:00,141.87
2026-01-16 04:00:00+00:00,142.86
2026-01-16 08:00:00+00:00,143.08
2026-01-16 12:00:00+00:00,140.68
2026-01-16 16:00:00+00:00,144.13
2026-01-16 20:00:00+00:00,144.85
2026-01-17 00:00:00+00:00,144.3
2026-01-17 04:00:00+00:00,143.56
2026-01-17 08:00:00+00:00,143.92
2026-01-17 12:00:00+00:00,144.25
2026-01-17 16:00:00+00:00,144.2
2026-01-17 20:00:00+00:00,143.64
2026-01-18 00:00:00+00:00,142.73
2026-01-18 04:00:00+00:00,142.04
2026-01-18 08:00:00+00:00,142.32
2026-01-18 12:00:00+00:00,141.91
2026-01-18 16:00:00+00:00,142.2
2026-01-18 20:00:00+00:00,137.79
2026-01-19 00:00:00+00:00,133.85
2026-01-19 04:00:00+00:00,133.39
2026-01-19 08:00:00+00:00,134.05
2026-01-19 12:00:00+00:00,133.47
2026-01-19 16:00:00+00:00,134.38
2026-01-19 20:00:00+00:00,133.38
2026-01-20 00:00:00+00:00,134.21
2026-01-20 04:00:00+00:00,130.56
2026-01-20 08:00:00+00:00,128.73
2026-01-20 12:00:00+00:00,127.78
2026-01-20 16:00:00+00:00,127.18
2026-01-20 20:00:00+00:00,125.72
2026-01-21 00:00:00+00:00,127.54
2026-01-21 04:00:00+00:00,127.53
2026-01-21 08:00:00+00:00,126.87
2026-01-21 12:00:00+00:00,130.38
2026-01-21 16:00:00+00:00,131.46
2026-01-21 20:00:00+00:00,129.48
2026-01-22 00:00:00+00:00,129.77
2026-01-22 04:00:00+00:00,129.72
2026-01-22 08:00:00+00:00,130.04
2026-01-22 12:00:00+00:00,127.32
2026-01-22 16:00:00+00:00,129.18
2026-01-22 20:00:00+00:00,128.41
2026-01-23 00:00:00+00:00,128.7
2026-01-23 04:00:00+00:00,127.84
2026-01-23 08:00:00+00:00,127.45
2026-01-23 12:00:00+00:00,127.84
2026-01-23 16:00:00+00:00,128.01
2026-01-23 20:00:00+00:00,127.36
2026-01-24 00:00:00+00:00,127.82
2026-01-24 04:00:00+00:00,127.05
2026-01-24 08:00:00+00:00,127.12
2026-01-24 12:00:00+00:00,126.78
2026-01-24 16:00:00+00:00,127.22
2026-01-24 20:00:00+00:00,127.13
2026-01-25 00:00:00+00:00,126.55
2026-01-25 04:00:00+00:00,126.41
2026-01-25 08:00:00+00:00,126.71
2026-01-25 12:00:00+00:00,125.51
2026-01-25 16:00:00+00:00,117.86
2026-01-25 20:00:00+00:00,118.76
2026-01-26 00:00:00+00:00,121.51
2026-01-26 04:00:00+00:00,122.84
2026-01-26 08:00:00+00:00,122.46
2026-01-26 12:00:00+00:00,123.46
2026-01-26 16:00:00+00:00,124.26
2026-01-26 20:00:00+00:00,124.18
2026-01-27 00:00:00+00:00,124.44
2026-01-27 04:00:00+00:00,124.46
2026-01-27 08:00:00+00:00,124.08
2026-01-27 12:00:00+00:00,124.94
2026-01-27 16:00:00+00:00,125.79
2026-01-27 20:00:00+00:00,127.12
2026-01-28 00:00:00+00:00,126.9
2026-01-28 04:00:00+00:00,127.04
2026-01-28 08:00:00+00:00,128.1
2026-01-28 12:00:00+00:00,126.0
2026-01-28 16:00:00+00:00,125.93
2026-01-28 20:00:00+00:00,125.28
2026-01-29 00:00:00+00:00,122.99
2026-01-29 04:00:00+00:00,123.71
2026-01-29 08:00:00+00:00,122.69
2026-01-29 12:00:00+00:00,117.6
2026-01-29 16:00:00+00:00,116.75
2026-01-29 20:00:00+00:00,117.72
2026-01-30 00:00:00+00:00,114.35
2026-01-30 04:00:00+00:00,115.71
2026-01-30 08:00:00+00:00,117.01
2026-01-30 12:00:00+00:00,116.73
2026-01-30 16:00:00+00:00,118.23
2026-01-30 20:00:00+00:00,117.54
2026-01-31 00:00:00+00:00,118.29
2026-01-31 04:00:00+00:00,117.29
2026-01-31 08:00:00+00:00,115.96
2026-01-31 12:00:00+00:00,108.57
2026-01-31 16:00:00+00:00,101.65
2026-01-31 20:00:00+00:00,105.45
2026-02-01 00:00:00+00:00,104.87
2026-02-01 04:00:00+00:00,105.14
2026-02-01 08:00:00+00:00,104.99
2026-02-01 12:00:00+00:00,101.61
2026-02-01 16:00:00+00:00,101.88
2026-02-01 20:00:00+00:00,100.73
2026-02-02 00:00:00+00:00,100.0
2026-02-02 04:00:00+00:00,101.38
2026-02-02 08:00:00+00:00,102.73
2026-02-02 12:00:00+00:00,104.63
2026-02-02 16:00:00+00:00,103.83
2026-02-02 20:00:00+00:00,104.48
2026-02-03 00:00:00+00:00,104.1
2026-02-03 04:00:00+00:00,104.62
2026-02-03 08:00:00+00:00,102.92
2026-02-03 12:00:00+00:00,102.52
2026-02-03 16:00:00+00:00,98.95
2026-02-03 20:00:00+00:00,97.81
2026-02-04 00:00:00+00:00,99.04
2026-02-04 04:00:00+00:00,97.82
2026-02-04 08:00:00+00:00,96.03
2026-02-04 12:00:00+00:00,92.69
2026-02-04 16:00:00+00:00,94.32
2026-02-04 20:00:00+00:00,92.07
2026-02-05 00:00:00+00:00,91.1
2026-02-05 04:00:00+00:00,90.5
2026-02-05 08:00:00+00:00,89.92
2026-02-05 12:00:00+00:00,84.55
2026-02-05 16:00:00+00:00,81.63
2026-02-05 20:00:00+00:00,78.29
2026-02-06 00:00:00+00:00,76.66
2026-02-06 04:00:00+00:00,79.5
2026-02-06 08:00:00+00:00,81.26
2026-02-06 12:00:00+00:00,84.4
2026-02-06 16:00:00+00:00,86.97
2026-02-06 20:00:00+00:00,87.42
2026-02-07 00:00:00+00:00,88.01
2026-02-07 04:00:00+00:00,85.24
2026-02-07 08:00:00+00:00,84.85
2026-02-07 12:00:00+00:00,86.52
2026-02-07 16:00:00+00:00,88.22
2026-02-07 20:00:00+00:00,87.51
2026-02-08 00:00:00+00:00,86.74
2026-02-08 04:00:00+00:00,87.32
2026-02-08 08:00:00+00:00,88.16
2026-02-08 12:00:00+00:00,87.71
2026-02-08 16:00:00+00:00,88.34
2026-02-08 20:00:00+00:00,86.92
2026-02-09 00:00:00+00:00,87.62
2026-02-09 04:00:00+00:00,85.43
2026-02-09 08:00:00+00:00,83.43
2026-02-09 12:00:00+00:00,85.23
2026-02-09 16:00:00+00:00,87.9
2026-02-09 20:00:00+00:00,86.71
2026-02-10 00:00:00+00:00,85.8
2026-02-10 04:00:00+00:00,84.59
2026-02-10 08:00:00+00:00,83.79
2026-02-10 12:00:00+00:00,84.24
2026-02-10 16:00:00+00:00,83.05
2026-02-10 20:00:00+00:00,82.95
2026-02-11 00:00:00+00:00,83.28
2026-02-11 04:00:00+00:00,80.96
2026-02-11 08:00:00+00:00,81.21
2026-02-11 12:00:00+00:00,79.65
2026-02-11 16:00:00+00:00,79.67
2026-02-11 20:00:00+00:00,79.25
2026-02-12 00:00:00+00:00,80.56
2026-02-12 04:00:00+00:00,80.72
2026-02-12 08:00:00+00:00,81.8
2026-02-12 12:00:00+00:00,80.06
2026-02-12 16:00:00+00:00,77.57
2026-02-12 20:00:00+00:00,78.37
2026-02-13 00:00:00+00:00,79.0
2026-02-13 04:00:00+00:00,78.93
2026-02-13 08:00:00+00:00,80.26
2026-02-13 12:00:00+00:00,83.16
2026-02-13 16:00:00+00:00,84.6
2026-02-13 20:00:00+00:00,84.29
2026-02-14 00:00:00+00:00,85.0
2026-02-14 04:00:00+00:00,85.12
2026-02-14 08:00:00+00:00,87.22
2026-02-14 12:00:00+00:00,87.38
2026-02-14 16:00:00+00:00,88.13
2026-02-14 20:00:00+00:00,88.02
2026-02-15 00:00:00+00:00,88.56
2026-02-15 04:00:00+00:00,90.68
2026-02-15 08:00:00+00:00,89.13
2026-02-15 12:00:00+00:00,87.36
2026-02-15 16:00:00+00:00,85.29
2026-02-15 20:00:00+00:00,86.09
2026-02-16 00:00:00+00:00,85.11
2026-02-16 04:00:00+00:00,85.01
2026-02-16 08:00:00+00:00,85.46
2026-02-16 12:00:00+00:00,83.16
2026-02-16 16:00:00+00:00,84.57
2026-02-16 20:00:00+00:00,86.39
2026-02-17 00:00:00+00:00,86.31
2026-02-17 04:00:00+00:00,86.42
2026-02-17 08:00:00+00:00,85.04
2026-02-17 12:00:00+00:00,83.76
2026-02-17 16:00:00+00:00,84.8
2026-02-17 20:00:00+00:00,85.02
2026-02-18 00:00:00+00:00,85.27
2026-02-18 04:00:00+00:00,85.22
2026-02-18 08:00:00+00:00,82.8
2026-02-18 12:00:00+00:00,82.95
2026-02-18 16:00:00+00:00,80.87
2026-02-18 20:00:00+00:00,81.55
2026-02-19 00:00:00+00:00,81.71
2026-02-19 04:00:00+00:00,82.34
2026-02-19 08:00:00+00:00,81.2
2026-02-19 12:00:00+00:00,80.59
2026-02-19 16:00:00+00:00,81.9
2026-02-19 20:00:00+00:00,82.46
2026-02-20 00:00:00+00:00,82.97
2026-02-20 04:00:00+00:00,83.38
2026-02-20 08:00:00+00:00,83.52
2026-02-20 12:00:00+00:00,84.33
2026-02-20 16:00:00+00:00,84.72
2026-02-20 20:00:00+00:00,84.62
2026-02-21 00:00:00+00:00,84.29
2026-02-21 04:00:00+00:00,84.18
2026-02-21 08:00:00+00:00,85.35
2026-02-21 12:00:00+00:00,86.52
2026-02-21 16:00:00+00:00,86.17
2026-02-21 20:00:00+00:00,85.12
2026-02-22 00:00:00+00:00,85.03
2026-02-22 04:00:00+00:00,85.19
2026-02-22 08:00:00+00:00,85.2
2026-02-22 12:00:00+00:00,83.44
2026-02-22 16:00:00+00:00,83.25
2026-02-22 20:00:00+00:00,82.75
2026-02-23 00:00:00+00:00,77.57
2026-02-23 04:00:00+00:00,79.32
2026-02-23 08:00:00+00:00,79.99
2026-02-23 12:00:00+00:00,79.35
2026-02-23 16:00:00+00:00,78.25
2026-02-23 20:00:00+00:00,77.87
2026-02-24 00:00:00+00:00,76.84
2026-02-24 04:00:00+00:00,76.79
2026-02-24 08:00:00+00:00,76.71
2026-02-24 12:00:00+00:00,77.25
2026-02-24 16:00:00+00:00,78.32
2026-02-24 20:00:00+00:00,78.91
2026-02-25 00:00:00+00:00,81.72
2026-02-25 04:00:00+00:00,82.13
2026-02-25 08:00:00+00:00,83.33
2026-02-25 12:00:00+00:00,85.92
2026-02-25 16:00:00+00:00,89.39
2026-02-25 20:00:00+00:00,88.01
2026-02-26 00:00:00+00:00,87.91
2026-02-26 04:00:00+00:00,87.21
2026-02-26 08:00:00+00:00,86.76
2026-02-26 12:00:00+00:00,86.52
2026-02-26 16:00:00+00:00,86.41
2026-02-26 20:00:00+00:00,85.86
2026-02-27 00:00:00+00:00,87.57
2026-02-27 04:00:00+00:00,87.26
2026-02-27 08:00:00+00:00,83.53
2026-02-27 12:00:00+00:00,82.64
2026-02-27 16:00:00+00:00,81.52
2026-02-27 20:00:00+00:00,81.8
2026-02-28 00:00:00+00:00,81.69
2026-02-28 04:00:00+00:00,78.63
2026-02-28 08:00:00+00:00,78.71
2026-02-28 12:00:00+00:00,80.87
2026-02-28 16:00:00+00:00,82.15
2026-02-28 20:00:00+00:00,84.29
2026-03-01 00:00:00+00:00,87.98
2026-03-01 04:00:00+00:00,86.58
2026-03-01 08:00:00+00:00,85.13
2026-03-01 12:00:00+00:00,85.61
2026-03-01 16:00:00+00:00,83.19
2026-03-01 20:00:00+00:00,83.55
2026-03-02 00:00:00+00:00,84.74
2026-03-02 04:00:00+00:00,82.9
2026-03-02 08:00:00+00:00,83.85
2026-03-02 12:00:00+00:00,88.74
2026-03-02 16:00:00+00:00,87.62
2026-03-02 20:00:00+00:00,86.59
2026-03-03 00:00:00+00:00,86.23
2026-03-03 04:00:00+00:00,85.53
2026-03-03 08:00:00+00:00,84.15
2026-03-03 12:00:00+00:00,84.98
2026-03-03 16:00:00+00:00,85.04
2026-03-03 20:00:00+00:00,86.92
2026-03-04 00:00:00+00:00,85.71
2026-03-04 04:00:00+00:00,87.38
2026-03-04 08:00:00+00:00,89.73
2026-03-04 12:00:00+00:00,92.88
2026-03-04 16:00:00+00:00,93.14
2026-03-04 20:00:00+00:00,90.82
2026-03-05 00:00:00+00:00,89.98
2026-03-05 04:00:00+00:00,90.11
2026-03-05 08:00:00+00:00,91.76
2026-03-05 12:00:00+00:00,89.56
2026-03-05 16:00:00+00:00,88.68
2026-03-05 20:00:00+00:00,88.74
2026-03-06 00:00:00+00:00,88.36
2026-03-06 04:00:00+00:00,88.64
2026-03-06 08:00:00+00:00,87.21
2026-03-06 12:00:00+00:00,84.57
2026-03-06 16:00:00+00:00,85.14
2026-03-06 20:00:00+00:00,84.64
2026-03-07 00:00:00+00:00,84.47
2026-03-07 04:00:00+00:00,84.27
2026-03-07 08:00:00+00:00,84.61
2026-03-07 12:00:00+00:00,83.69
2026-03-07 16:00:00+00:00,82.47
2026-03-07 20:00:00+00:00,83.17
2026-03-08 00:00:00+00:00,82.27
2026-03-08 04:00:00+00:00,82.9
2026-03-08 08:00:00+00:00,82.74
2026-03-08 12:00:00+00:00,81.99
2026-03-08 16:00:00+00:00,82.44
2026-03-08 20:00:00+00:00,81.56
2026-03-09 00:00:00+00:00,83.1
2026-03-09 04:00:00+00:00,83.12
2026-03-09 08:00:00+00:00,83.52
2026-03-09 12:00:00+00:00,85.01
2026-03-09 16:00:00+00:00,85.92
2026-03-09 20:00:00+00:00,84.91
2026-03-10 00:00:00+00:00,85.52
2026-03-10 04:00:00+00:00,86.66
2026-03-10 08:00:00+00:00,86.75
2026-03-10 12:00:00+00:00,88.31
2026-03-10 16:00:00+00:00,85.97
2026-03-10 20:00:00+00:00,85.83
2026-03-11 00:00:00+00:00,85.56
2026-03-11 04:00:00+00:00,85.39
2026-03-11 08:00:00+00:00,84.51
2026-03-11 12:00:00+00:00,85.37
2026-03-11 16:00:00+00:00,87.25
2026-03-11 20:00:00+00:00,86.52
2026-03-12 00:00:00+00:00,84.94
2026-03-12 04:00:00+00:00,85.77
2026-03-12 08:00:00+00:00,86.75
2026-03-12 12:00:00+00:00,86.53
2026-03-12 16:00:00+00:00,86.75
2026-03-12 20:00:00+00:00,86.8
2026-03-13 00:00:00+00:00,89.66
2026-03-13 04:00:00+00:00,88.62
2026-03-13 08:00:00+00:00,90.27
2026-03-13 12:00:00+00:00,89.42
2026-03-13 16:00:00+00:00,88.86
2026-03-13 20:00:00+00:00,88.12
2026-03-14 00:00:00+00:00,88.35
2026-03-14 04:00:00+00:00,87.27
2026-03-14 08:00:00+00:00,86.9
2026-03-14 12:00:00+00:00,86.67
2026-03-14 16:00:00+00:00,86.95
2026-03-14 20:00:00+00:00,87.99
2026-03-15 00:00:00+00:00,87.79
2026-03-15 04:00:00+00:00,88.17
2026-03-15 08:00:00+00:00,88.51
2026-03-15 12:00:00+00:00,87.86
2026-03-15 16:00:00+00:00,88.14
2026-03-15 20:00:00+00:00,92.28
2026-03-16 00:00:00+00:00,93.14
2026-03-16 04:00:00+00:00,93.54
2026-03-16 08:00:00+00:00,93.71
2026-03-16 12:00:00+00:00,93.14
2026-03-16 16:00:00+00:00,95.18
2026-03-16 20:00:00+00:00,96.14
2026-03-17 00:00:00+00:00,94.02
2026-03-17 04:00:00+00:00,94.38
2026-03-17 08:00:00+00:00,93.59
2026-03-17 12:00:00+00:00,93.76
2026-03-17 16:00:00+00:00,94.6
2026-03-17 20:00:00+00:00,94.57
2026-03-18 00:00:00+00:00,94.99
2026-03-18 04:00:00+00:00,93.89
2026-03-18 08:00:00+00:00,91.95
2026-03-18 12:00:00+00:00,89.31
2026-03-18 16:00:00+00:00,89.65
2026-03-18 20:00:00+00:00,90.02
2026-03-19 00:00:00+00:00,90.69
2026-03-19 04:00:00+00:00,89.37
2026-03-19 08:00:00+00:00,89.58
2026-03-19 12:00:00+00:00,87.58
2026-03-19 16:00:00+00:00,88.68
2026-03-19 20:00:00+00:00,88.84
2026-03-20 00:00:00+00:00,89.53
2026-03-20 04:00:00+00:00,89.31
2026-03-20 08:00:00+00:00,89.08
2026-03-20 12:00:00+00:00,88.9
2026-03-20 16:00:00+00:00,88.95
2026-03-20 20:00:00+00:00,89.8
2026-03-21 00:00:00+00:00,90.41
2026-03-21 04:00:00+00:00,90.1
2026-03-21 08:00:00+00:00,89.91
2026-03-21 12:00:00+00:00,89.78
2026-03-21 16:00:00+00:00,89.73
2026-03-21 20:00:00+00:00,87.5
2026-03-22 00:00:00+00:00,88.61
2026-03-22 04:00:00+00:00,87.65
2026-03-22 08:00:00+00:00,86.79
2026-03-22 12:00:00+00:00,87.53
2026-03-22 16:00:00+00:00,86.83
2026-03-22 20:00:00+00:00,86.15
2026-03-23 00:00:00+00:00,86.37
2026-03-23 04:00:00+00:00,85.94
2026-03-23 08:00:00+00:00,88.74
2026-03-23 12:00:00+00:00,89.91
2026-03-23 16:00:00+00:00,91.34
2026-03-23 20:00:00+00:00,91.4
2026-03-24 00:00:00+00:00,90.29
2026-03-24 04:00:00+00:00,91.67
2026-03-24 08:00:00+00:00,91.71
2026-03-24 12:00:00+00:00,89.67
2026-03-24 16:00:00+00:00,88.46
2026-03-24 20:00:00+00:00,90.75
2026-03-25 00:00:00+00:00,91.66
2026-03-25 04:00:00+00:00,91.77
2026-03-25 08:00:00+00:00,92.94
2026-03-25 12:00:00+00:00,91.72
2026-03-25 16:00:00+00:00,91.72
2026-03-25 20:00:00+00:00,91.65
2026-03-26 00:00:00+00:00,91.01
2026-03-26 04:00:00+00:00,89.04
2026-03-26 08:00:00+00:00,87.51
2026-03-26 12:00:00+00:00,87.47
2026-03-26 16:00:00+00:00,85.41
2026-03-26 20:00:00+00:00,86.47
2026-03-27 00:00:00+00:00,86.36
2026-03-27 04:00:00+00:00,85.86
2026-03-27 08:00:00+00:00,83.3
2026-03-27 12:00:00+00:00,83.24
2026-03-27 16:00:00+00:00,82.73
2026-03-27 20:00:00+00:00,83.03
2026-03-28 00:00:00+00:00,82.54
2026-03-28 04:00:00+00:00,83.54
2026-03-28 08:00:00+00:00,82.89
2026-03-28 12:00:00+00:00,83.75
2026-03-28 16:00:00+00:00,83.22
2026-03-28 20:00:00+00:00,82.0
2026-03-29 00:00:00+00:00,82.93
2026-03-29 04:00:00+00:00,82.38
2026-03-29 08:00:00+00:00,82.52
2026-03-29 12:00:00+00:00,81.76
2026-03-29 16:00:00+00:00,81.56
2026-03-29 20:00:00+00:00,81.34
2026-03-30 00:00:00+00:00,83.24
2026-03-30 04:00:00+00:00,83.98
2026-03-30 08:00:00+00:00,84.21
2026-03-30 12:00:00+00:00,84.45
2026-03-30 16:00:00+00:00,82.32
2026-03-30 20:00:00+00:00,82.51
2026-03-31 00:00:00+00:00,83.57
2026-03-31 04:00:00+00:00,83.05
2026-03-31 08:00:00+00:00,80.78
2026-03-31 12:00:00+00:00,80.83
2026-03-31 16:00:00+00:00,82.67
2026-03-31 20:00:00+00:00,83.15
2026-04-01 00:00:00+00:00,83.39
2026-04-01 04:00:00+00:00,83.8
2026-04-01 08:00:00+00:00,83.31
2026-04-01 12:00:00+00:00,83.58
2026-04-01 16:00:00+00:00,83.79
2026-04-01 20:00:00+00:00,81.14
2026-04-02 00:00:00+00:00,78.94
2026-04-02 04:00:00+00:00,79.59
2026-04-02 08:00:00+00:00,78.27
2026-04-02 12:00:00+00:00,79.01
2026-04-02 16:00:00+00:00,78.95
2026-04-02 20:00:00+00:00,78.91
2026-04-03 00:00:00+00:00,78.97
2026-04-03 04:00:00+00:00,79.9
2026-04-03 08:00:00+00:00,80.13
2026-04-03 12:00:00+00:00,80.3
2026-04-03 16:00:00+00:00,80.16
2026-04-03 20:00:00+00:00,80.35
2026-04-04 00:00:00+00:00,80.13
2026-04-04 04:00:00+00:00,80.27
2026-04-04 08:00:00+00:00,80.14
2026-04-04 12:00:00+00:00,81.05
2026-04-04 16:00:00+00:00,80.8
2026-04-04 20:00:00+00:00,80.79
2026-04-05 00:00:00+00:00,80.51
2026-04-05 04:00:00+00:00,79.55
2026-04-05 08:00:00+00:00,79.86
2026-04-05 12:00:00+00:00,79.55
2026-04-05 16:00:00+00:00,79.77
2026-04-05 20:00:00+00:00,81.85
2026-04-06 00:00:00+00:00,82.07
2026-04-06 04:00:00+00:00,81.77
2026-04-06 08:00:00+00:00,82.39
2026-04-06 12:00:00+00:00,82.24
2026-04-06 16:00:00+00:00,81.86
2026-04-06 20:00:00+00:00,79.96
2026-04-07 00:00:00+00:00,79.73
2026-04-07 04:00:00+00:00,79.81
2026-04-07 08:00:00+00:00,79.17
2026-04-07 12:00:00+00:00,78.82
2026-04-07 16:00:00+00:00,81.58
2026-04-07 20:00:00+00:00,85.54
2026-04-08 00:00:00+00:00,84.53
2026-04-08 04:00:00+00:00,84.47
2026-04-08 08:00:00+00:00,84.42
2026-04-08 12:00:00+00:00,83.29
2026-04-08 16:00:00+00:00,83.15
2026-04-08 20:00:00+00:00,82.52
2026-04-09 00:00:00+00:00,81.97
2026-04-09 04:00:00+00:00,82.23
2026-04-09 08:00:00+00:00,82.14
2026-04-09 12:00:00+00:00,83.69
2026-04-09 16:00:00+00:00,84.12
2026-04-09 20:00:00+00:00,83.29
2026-04-10 00:00:00+00:00,82.84
2026-04-10 04:00:00+00:00,82.92
2026-04-10 08:00:00+00:00,83.48
2026-04-10 12:00:00+00:00,84.2
2026-04-10 16:00:00+00:00,85.41
2026-04-10 20:00:00+00:00,84.78
2026-04-11 00:00:00+00:00,84.35
2026-04-11 04:00:00+00:00,84.23
2026-04-11 08:00:00+00:00,84.18
2026-04-11 12:00:00+00:00,84.63
2026-04-11 16:00:00+00:00,85.99
2026-04-11 20:00:00+00:00,84.89
2026-04-12 00:00:00+00:00,82.27
2026-04-12 04:00:00+00:00,82.23
2026-04-12 08:00:00+00:00,82.15
2026-04-12 12:00:00+00:00,81.55
2026-04-12 16:00:00+00:00,81.93
2026-04-12 20:00:00+00:00,81.49
2026-04-13 00:00:00+00:00,81.86
2026-04-13 04:00:00+00:00,82.12
2026-04-13 08:00:00+00:00,81.82
2026-04-13 12:00:00+00:00,82.62
2026-04-13 16:00:00+00:00,84.07
2026-04-13 20:00:00+00:00,86.5
2026-04-14 00:00:00+00:00,86.03
2026-04-14 04:00:00+00:00,85.87
2026-04-14 08:00:00+00:00,85.75
2026-04-14 12:00:00+00:00,85.92
2026-04-14 16:00:00+00:00,83.91
2026-04-14 20:00:00+00:00,83.66
2026-04-15 00:00:00+00:00,83.4
2026-04-15 04:00:00+00:00,82.88
2026-04-15 08:00:00+00:00,83.54
2026-04-15 12:00:00+00:00,83.94
2026-04-15 16:00:00+00:00,85.48
2026-04-15 20:00:00+00:00,84.85
2026-04-16 00:00:00+00:00,85.26
2026-04-16 04:00:00+00:00,85.15
2026-04-16 08:00:00+00:00,85.02
2026-04-16 12:00:00+00:00,86.57
2026-04-16 16:00:00+00:00,90.07
2026-04-16 20:00:00+00:00,89.03
2026-04-17 00:00:00+00:00,87.67
2026-04-17 04:00:00+00:00,88.09
2026-04-17 08:00:00+00:00,88.15
2026-04-17 12:00:00+00:00,89.91
2026-04-17 16:00:00+00:00,89.18
2026-04-17 20:00:00+00:00,88.71
2026-04-18 00:00:00+00:00,88.27
2026-04-18 04:00:00+00:00,88.39
2026-04-18 08:00:00+00:00,86.49
2026-04-18 12:00:00+00:00,86.7
2026-04-18 16:00:00+00:00,86.07
2026-04-18 20:00:00+00:00,86.11
2026-04-19 00:00:00+00:00,85.55
2026-04-19 04:00:00+00:00,84.82
2026-04-19 08:00:00+00:00,85.54
2026-04-19 12:00:00+00:00,86.32
2026-04-19 16:00:00+00:00,85.28
2026-04-19 20:00:00+00:00,83.41
2026-04-20 00:00:00+00:00,84.53
2026-04-20 04:00:00+00:00,84.69
2026-04-20 08:00:00+00:00,85.0
2026-04-20 12:00:00+00:00,85.82
2026-04-20 16:00:00+00:00,85.75
2026-04-20 20:00:00+00:00,85.24
2026-04-21 00:00:00+00:00,85.14
2026-04-21 04:00:00+00:00,85.65
2026-04-21 08:00:00+00:00,85.79
2026-04-21 12:00:00+00:00,86.0
2026-04-21 16:00:00+00:00,84.53
2026-04-21 20:00:00+00:00,86.0
2026-04-22 00:00:00+00:00,87.21
2026-04-22 04:00:00+00:00,88.04
2026-04-22 08:00:00+00:00,88.29
2026-04-22 12:00:00+00:00,88.13
2026-04-22 16:00:00+00:00,87.34
2026-04-22 20:00:00+00:00,86.83
2026-04-23 00:00:00+00:00,85.72
2026-04-23 04:00:00+00:00,85.85
2026-04-23 08:00:00+00:00,85.76
2026-04-23 12:00:00+00:00,86.3
2026-04-23 16:00:00+00:00,85.24
2026-04-23 20:00:00+00:00,86.08
2026-04-24 00:00:00+00:00,85.63
2026-04-24 04:00:00+00:00,85.45
2026-04-24 08:00:00+00:00,86.14
2026-04-24 12:00:00+00:00,86.46
2026-04-24 16:00:00+00:00,86.29
2026-04-24 20:00:00+00:00,86.13
2026-04-25 00:00:00+00:00,86.42
2026-04-25 04:00:00+00:00,86.31
2026-04-25 08:00:00+00:00,86.3
2026-04-25 12:00:00+00:00,86.17
2026-04-25 16:00:00+00:00,85.62
2026-04-25 20:00:00+00:00,86.13
2026-04-26 00:00:00+00:00,85.94
2026-04-26 04:00:00+00:00,86.59
2026-04-26 08:00:00+00:00,86.46
2026-04-26 12:00:00+00:00,86.5
2026-04-26 16:00:00+00:00,86.84
2026-04-26 20:00:00+00:00,86.87
2026-04-27 00:00:00+00:00,87.69
2026-04-27 04:00:00+00:00,85.21
2026-04-27 08:00:00+00:00,85.19
2026-04-27 12:00:00+00:00,84.09
2026-04-27 16:00:00+00:00,84.12
2026-04-27 20:00:00+00:00,84.78
2026-04-28 00:00:00+00:00,84.12
2026-04-28 04:00:00+00:00,83.96
2026-04-28 08:00:00+00:00,83.36
2026-04-28 12:00:00+00:00,83.43
2026-04-28 16:00:00+00:00,83.85
2026-04-28 20:00:00+00:00,84.02
2026-04-29 00:00:00+00:00,84.55
2026-04-29 04:00:00+00:00,84.66
2026-04-29 08:00:00+00:00,84.87
2026-04-29 12:00:00+00:00,83.2
2026-04-29 16:00:00+00:00,82.13
2026-04-29 20:00:00+00:00,83.01
2026-04-30 00:00:00+00:00,83.02
2026-04-30 04:00:00+00:00,83.32
2026-04-30 08:00:00+00:00,82.98
2026-04-30 12:00:00+00:00,83.3
2026-04-30 16:00:00+00:00,82.99
2026-04-30 20:00:00+00:00,83.04
2026-05-01 00:00:00+00:00,83.85
2026-05-01 04:00:00+00:00,83.9
2026-05-01 08:00:00+00:00,83.98
2026-05-01 12:00:00+00:00,84.42
2026-05-01 16:00:00+00:00,83.86
2026-05-01 20:00:00+00:00,83.7
2026-05-02 00:00:00+00:00,83.76
2026-05-02 04:00:00+00:00,83.67
2026-05-02 08:00:00+00:00,83.64
2026-05-02 12:00:00+00:00,83.99
2026-05-02 16:00:00+00:00,84.19
2026-05-02 20:00:00+00:00,84.23
2026-05-03 00:00:00+00:00,83.61
2026-05-03 04:00:00+00:00,83.82
2026-05-03 08:00:00+00:00,83.9
2026-05-03 12:00:00+00:00,84.12
2026-05-03 16:00:00+00:00,84.34
2026-05-03 20:00:00+00:00,83.87
2026-05-04 00:00:00+00:00,85.38
2026-05-04 04:00:00+00:00,84.84
2026-05-04 08:00:00+00:00,83.9
2026-05-04 12:00:00+00:00,84.45
2026-05-04 16:00:00+00:00,84.43
2026-05-04 20:00:00+00:00,84.05
2026-05-05 00:00:00+00:00,84.73
2026-05-05 04:00:00+00:00,84.83
2026-05-05 08:00:00+00:00,84.93
2026-05-05 12:00:00+00:00,85.47
2026-05-05 16:00:00+00:00,86.47
2026-05-05 20:00:00+00:00,86.24
2026-05-06 00:00:00+00:00,87.29
2026-05-06 04:00:00+00:00,87.65
2026-05-06 08:00:00+00:00,89.83
2026-05-06 12:00:00+00:00,88.92
2026-05-06 16:00:00+00:00,89.21
2026-05-06 20:00:00+00:00,89.1
2026-05-07 00:00:00+00:00,87.72
2026-05-07 04:00:00+00:00,90.12
2026-05-07 08:00:00+00:00,89.5
2026-05-07 12:00:00+00:00,88.28
2026-05-07 16:00:00+00:00,88.41
2026-05-07 20:00:00+00:00,88.4
2026-05-08 00:00:00+00:00,88.17
2026-05-08 04:00:00+00:00,88.2
2026-05-08 08:00:00+00:00,88.59
2026-05-08 12:00:00+00:00,89.55
2026-05-08 16:00:00+00:00,92.56
2026-05-08 20:00:00+00:00,91.97
2026-05-09 00:00:00+00:00,93.59
2026-05-09 04:00:00+00:00,93.71
2026-05-09 08:00:00+00:00,93.56
2026-05-09 12:00:00+00:00,92.94
2026-05-09 16:00:00+00:00,93.45
2026-05-09 20:00:00+00:00,93.07
2026-05-10 00:00:00+00:00,93.37
2026-05-10 04:00:00+00:00,93.39
2026-05-10 08:00:00+00:00,93.48
2026-05-10 12:00:00+00:00,94.48
2026-05-10 16:00:00+00:00,96.45
2026-05-10 20:00:00+00:00,96.42
2026-05-11 00:00:00+00:00,94.72
2026-05-11 04:00:00+00:00,95.29
2026-05-11 08:00:00+00:00,95.21
2026-05-11 12:00:00+00:00,96.76
2026-05-11 16:00:00+00:00,98.13
2026-05-11 20:00:00+00:00,97.31
2026-05-12 00:00:00+00:00,96.09
2026-05-12 04:00:00+00:00,95.98
2026-05-12 08:00:00+00:00,94.92
2026-05-12 12:00:00+00:00,93.82
2026-05-12 16:00:00+00:00,94.88
2026-05-12 20:00:00+00:00,94.25
2026-05-13 00:00:00+00:00,95.52
2026-05-13 04:00:00+00:00,95.09
2026-05-13 08:00:00+00:00,94.27
2026-05-13 12:00:00+00:00,90.37
2026-05-13 16:00:00+00:00,90.9
2026-05-13 20:00:00+00:00,91.11
2026-05-14 00:00:00+00:00,89.89
2026-05-14 04:00:00+00:00,90.83
2026-05-14 08:00:00+00:00,90.58
2026-05-14 12:00:00+00:00,93.1
2026-05-14 16:00:00+00:00,92.85
2026-05-14 20:00:00+00:00,92.11
2026-05-15 00:00:00+00:00,92.0
2026-05-15 04:00:00+00:00,91.56
2026-05-15 08:00:00+00:00,91.21
2026-05-15 12:00:00+00:00,89.0
2026-05-15 16:00:00+00:00,89.36
2026-05-15 20:00:00+00:00,89.2
2026-05-16 00:00:00+00:00,89.01
2026-05-16 04:00:00+00:00,87.42
2026-05-16 08:00:00+00:00,86.04
2026-05-16 12:00:00+00:00,86.42
2026-05-16 16:00:00+00:00,86.65
2026-05-16 20:00:00+00:00,86.48
2026-05-17 00:00:00+00:00,86.46
2026-05-17 04:00:00+00:00,86.92
2026-05-17 08:00:00+00:00,86.84
2026-05-17 12:00:00+00:00,86.39
2026-05-17 16:00:00+00:00,86.74
2026-05-17 20:00:00+00:00,85.17
2026-05-18 00:00:00+00:00,84.79
2026-05-18 04:00:00+00:00,84.7
2026-05-18 08:00:00+00:00,84.93
2026-05-18 12:00:00+00:00,84.17
2026-05-18 16:00:00+00:00,84.95
2026-05-18 20:00:00+00:00,85.34
2026-05-19 00:00:00+00:00,85.03
2026-05-19 04:00:00+00:00,85.43
2026-05-19 08:00:00+00:00,84.32
2026-05-19 12:00:00+00:00,84.33
2026-05-19 16:00:00+00:00,84.3
2026-05-19 20:00:00+00:00,84.24
2026-05-20 00:00:00+00:00,84.05
2026-05-20 04:00:00+00:00,84.71
2026-05-20 08:00:00+00:00,84.65
2026-05-20 12:00:00+00:00,85.89
2026-05-20 16:00:00+00:00,86.13
2026-05-20 20:00:00+00:00,86.11
2026-05-21 00:00:00+00:00,86.8
2026-05-21 04:00:00+00:00,86.58
2026-05-21 08:00:00+00:00,85.54
2026-05-21 12:00:00+00:00,86.41
2026-05-21 16:00:00+00:00,87.8
2026-05-21 20:00:00+00:00,87.32
2026-05-22 00:00:00+00:00,86.98
2026-05-22 04:00:00+00:00,86.94
2026-05-22 08:00:00+00:00,87.29
2026-05-22 12:00:00+00:00,86.71
2026-05-22 16:00:00+00:00,84.51
2026-05-22 20:00:00+00:00,84.36
2026-05-23 00:00:00+00:00,84.64
2026-05-23 04:00:00+00:00,82.19
2026-05-23 08:00:00+00:00,82.2
2026-05-23 12:00:00+00:00,84.05
2026-05-23 16:00:00+00:00,84.91
2026-05-23 20:00:00+00:00,85.71
2026-05-24 00:00:00+00:00,85.76
2026-05-24 04:00:00+00:00,86.02
2026-05-24 08:00:00+00:00,86.61
2026-05-24 12:00:00+00:00,85.26
2026-05-24 16:00:00+00:00,85.32
2026-05-24 20:00:00+00:00,85.23
2026-05-25 00:00:00+00:00,84.88
2026-05-25 04:00:00+00:00,85.91
2026-05-25 08:00:00+00:00,85.74
2026-05-25 12:00:00+00:00,86.21
2026-05-25 16:00:00+00:00,85.6
2026-05-25 20:00:00+00:00,85.01
2026-05-26 00:00:00+00:00,84.16
2026-05-26 04:00:00+00:00,84.3
2026-05-26 08:00:00+00:00,85.19
2026-05-26 12:00:00+00:00,84.44
2026-05-26 16:00:00+00:00,83.73
2026-05-26 20:00:00+00:00,83.66
2026-05-27 00:00:00+00:00,83.57
2026-05-27 04:00:00+00:00,84.17
2026-05-27 08:00:00+00:00,83.89
2026-05-27 12:00:00+00:00,84.39
2026-05-27 16:00:00+00:00,83.89
2026-05-27 20:00:00+00:00,82.38
2026-05-28 00:00:00+00:00,80.66
2026-05-28 04:00:00+00:00,81.19
2026-05-28 08:00:00+00:00,80.83
2026-05-28 12:00:00+00:00,81.1
2026-05-28 16:00:00+00:00,82.14
2026-05-28 20:00:00+00:00,82.07
2026-05-29 00:00:00+00:00,81.59
2026-05-29 04:00:00+00:00,82.18
2026-05-29 08:00:00+00:00,81.73
2026-05-29 12:00:00+00:00,82.54
2026-05-29 16:00:00+00:00,82.03
2026-05-29 20:00:00+00:00,81.98
2026-05-30 00:00:00+00:00,82.64
2026-05-30 04:00:00+00:00,82.34
2026-05-30 08:00:00+00:00,82.28
2026-05-30 12:00:00+00:00,82.65
2026-05-30 16:00:00+00:00,82.94
2026-05-30 20:00:00+00:00,82.69
2026-05-31 00:00:00+00:00,83.18
2026-05-31 04:00:00+00:00,82.61
2026-05-31 08:00:00+00:00,82.71
2026-05-31 12:00:00+00:00,81.83
2026-05-31 16:00:00+00:00,81.54
2026-05-31 20:00:00+00:00,82.39
2026-06-01 00:00:00+00:00,82.59
2026-06-01 04:00:00+00:00,80.67
2026-06-01 08:00:00+00:00,80.78
2026-06-01 12:00:00+00:00,79.56
2026-06-01 16:00:00+00:00,81.16
2026-06-01 20:00:00+00:00,81.25
2026-06-02 00:00:00+00:00,80.88
2026-06-02 04:00:00+00:00,79.63
2026-06-02 08:00:00+00:00,78.89
2026-06-02 12:00:00+00:00,76.32
2026-06-02 16:00:00+00:00,75.47
2026-06-02 20:00:00+00:00,74.18
2026-06-03 00:00:00+00:00,72.66
2026-06-03 04:00:00+00:00,75.21
2026-06-03 08:00:00+00:00,75.09
2026-06-03 12:00:00+00:00,73.24
2026-06-03 16:00:00+00:00,71.94
2026-06-03 20:00:00+00:00,71.58
2026-06-04 00:00:00+00:00,71.42
2026-06-04 04:00:00+00:00,69.1
2026-06-04 08:00:00+00:00,68.63
2026-06-04 12:00:00+00:00,69.61
2026-06-04 16:00:00+00:00,69.05
2026-06-04 20:00:00+00:00,68.82
2026-06-05 00:00:00+00:00,67.05
2026-06-05 04:00:00+00:00,66.11
2026-06-05 08:00:00+00:00,66.04
2026-06-05 12:00:00+00:00,64.2
2026-06-05 16:00:00+00:00,63.38
2026-06-05 20:00:00+00:00,63.6
2026-06-06 00:00:00+00:00,62.79
2026-06-06 04:00:00+00:00,62.75
2026-06-06 08:00:00+00:00,62.4
2026-06-06 12:00:00+00:00,62.01
2026-06-06 16:00:00+00:00,61.59
2026-06-06 20:00:00+00:00,62.16
2026-06-07 00:00:00+00:00,63.77
2026-06-07 04:00:00+00:00,64.87
2026-06-07 08:00:00+00:00,64.97
2026-06-07 12:00:00+00:00,64.93
2026-06-07 16:00:00+00:00,63.89
2026-06-07 20:00:00+00:00,66.45
2026-06-08 00:00:00+00:00,66.3
2026-06-08 04:00:00+00:00,66.06
2026-06-08 08:00:00+00:00,66.65
2026-06-08 12:00:00+00:00,67.14
2026-06-08 16:00:00+00:00,67.44
2026-06-08 20:00:00+00:00,66.79
2026-06-09 00:00:00+00:00,65.97
2026-06-09 04:00:00+00:00,66.85
2026-06-09 08:00:00+00:00,66.07
2026-06-09 12:00:00+00:00,64.29
2026-06-09 16:00:00+00:00,65.38
2026-06-09 20:00:00+00:00,64.92
2026-06-10 00:00:00+00:00,64.48
2026-06-10 04:00:00+00:00,64.45
2026-06-10 08:00:00+00:00,63.47
2026-06-10 12:00:00+00:00,65.4
2026-06-10 16:00:00+00:00,63.52
2026-06-10 20:00:00+00:00,63.16
2026-06-11 00:00:00+00:00,65.23
2026-06-11 04:00:00+00:00,65.02
2026-06-11 08:00:00+00:00,65.85
2026-06-11 12:00:00+00:00,65.51
2026-06-11 16:00:00+00:00,66.88
2026-06-11 20:00:00+00:00,66.88
2026-06-12 00:00:00+00:00,66.99
2026-06-12 04:00:00+00:00,66.28
2026-06-12 08:00:00+00:00,66.89
2026-06-12 12:00:00+00:00,67.2
2026-06-12 16:00:00+00:00,66.74
2026-06-12 20:00:00+00:00,66.79
2026-06-13 00:00:00+00:00,66.84
2026-06-13 04:00:00+00:00,67.34
2026-06-13 08:00:00+00:00,67.87
2026-06-13 12:00:00+00:00,68.55
2026-06-13 16:00:00+00:00,68.19
2026-06-13 20:00:00+00:00,68.88
2026-06-14 00:00:00+00:00,68.9
2026-06-14 04:00:00+00:00,68.18
2026-06-14 08:00:00+00:00,68.06
2026-06-14 12:00:00+00:00,67.39
2026-06-14 16:00:00+00:00,67.52
2026-06-14 20:00:00+00:00,71.24
2026-06-15 00:00:00+00:00,71.19
2026-06-15 04:00:00+00:00,71.23
2026-06-15 08:00:00+00:00,72.56
2026-06-15 12:00:00+00:00,75.21
2026-06-15 16:00:00+00:00,75.24
2026-06-15 20:00:00+00:00,73.93
2026-06-16 00:00:00+00:00,73.7
2026-06-16 04:00:00+00:00,74.41
2026-06-16 08:00:00+00:00,74.63
2026-06-16 12:00:00+00:00,73.25
2026-06-16 16:00:00+00:00,73.8
2026-06-16 20:00:00+00:00,73.49
2026-06-17 00:00:00+00:00,73.64
2026-06-17 04:00:00+00:00,73.22
2026-06-17 08:00:00+00:00,71.98
2026-06-17 12:00:00+00:00,73.76
2026-06-17 16:00:00+00:00,71.61
2026-06-17 20:00:00+00:00,72.0
2026-06-18 00:00:00+00:00,71.61
2026-06-18 04:00:00+00:00,71.73
2026-06-18 08:00:00+00:00,70.9
2026-06-18 12:00:00+00:00,68.42
2026-06-18 16:00:00+00:00,69.34
2026-06-18 20:00:00+00:00,69.69
2026-06-19 00:00:00+00:00,69.02
2026-06-19 04:00:00+00:00,68.34
2026-06-19 08:00:00+00:00,68.21
2026-06-19 12:00:00+00:00,69.29
2026-06-19 16:00:00+00:00,68.92
2026-06-19 20:00:00+00:00,69.69
2026-06-20 00:00:00+00:00,69.97
2026-06-20 04:00:00+00:00,71.55
2026-06-20 08:00:00+00:00,71.74
2026-06-20 12:00:00+00:00,72.0
2026-06-20 16:00:00+00:00,71.81
2026-06-20 20:00:00+00:00,73.19
2026-06-21 00:00:00+00:00,73.57
2026-06-21 04:00:00+00:00,73.17
2026-06-21 08:00:00+00:00,73.16
2026-06-21 12:00:00+00:00,74.11
2026-06-21 16:00:00+00:00,74.38
2026-06-21 20:00:00+00:00,72.42
2026-06-22 00:00:00+00:00,73.47
2026-06-22 04:00:00+00:00,74.07
2026-06-22 08:00:00+00:00,74.15
2026-06-22 12:00:00+00:00,73.09
2026-06-22 16:00:00+00:00,72.66
2026-06-22 20:00:00+00:00,71.91
2026-06-23 00:00:00+00:00,71.94
2026-06-23 04:00:00+00:00,69.95
2026-06-23 08:00:00+00:00,69.26
2026-06-23 12:00:00+00:00,68.87
2026-06-23 16:00:00+00:00,68.8
2026-06-23 20:00:00+00:00,69.65
2026-06-24 00:00:00+00:00,69.53
2026-06-24 04:00:00+00:00,69.33
2026-06-24 08:00:00+00:00,69.78
2026-06-24 12:00:00+00:00,67.29
2026-06-24 16:00:00+00:00,66.09
2026-06-24 20:00:00+00:00,68.07
2026-06-25 00:00:00+00:00,67.64
2026-06-25 04:00:00+00:00,69.4
2026-06-25 08:00:00+00:00,68.13
2026-06-25 12:00:00+00:00,66.27
2026-06-25 16:00:00+00:00,66.17
2026-06-25 20:00:00+00:00,67.69
2026-06-26 00:00:00+00:00,68.17
2026-06-26 04:00:00+00:00,70.74
2026-06-26 08:00:00+00:00,68.58
2026-06-26 12:00:00+00:00,72.02
2026-06-26 16:00:00+00:00,72.98
2026-06-26 20:00:00+00:00,71.87
2026-06-27 00:00:00+00:00,72.21
2026-06-27 04:00:00+00:00,72.27
2026-06-27 08:00:00+00:00,71.76
2026-06-27 12:00:00+00:00,72.8
2026-06-27 16:00:00+00:00,71.07
2026-06-27 20:00:00+00:00,70.47
2026-06-28 00:00:00+00:00,70.82
2026-06-28 04:00:00+00:00,71.04
2026-06-28 08:00:00+00:00,71.88
2026-06-28 12:00:00+00:00,72.06
2026-06-28 16:00:00+00:00,70.69
2026-06-28 20:00:00+00:00,71.35
2026-06-29 00:00:00+00:00,72.64
2026-06-29 04:00:00+00:00,72.67
2026-06-29 08:00:00+00:00,72.5
2026-06-29 12:00:00+00:00,73.87
2026-06-29 16:00:00+00:00,75.95
2026-06-29 20:00:00+00:00,75.13
2026-06-30 00:00:00+00:00,74.16
2026-06-30 04:00:00+00:00,74.13
2026-06-30 08:00:00+00:00,73.36
2026-06-30 12:00:00+00:00,73.1
2026-06-30 16:00:00+00:00,73.72
2026-06-30 20:00:00+00:00,73.63
2026-07-01 00:00:00+00:00,75.44
2026-07-01 04:00:00+00:00,74.83
2026-07-01 08:00:00+00:00,74.8
2026-07-01 12:00:00+00:00,77.4
2026-07-01 16:00:00+00:00,76.97
2026-07-01 20:00:00+00:00,77.42
2026-07-02 00:00:00+00:00,78.67
2026-07-02 04:00:00+00:00,77.95
2026-07-02 08:00:00+00:00,82.36
2026-07-02 12:00:00+00:00,80.82
2026-07-02 16:00:00+00:00,80.8
2026-07-02 20:00:00+00:00,80.54
